domain,name,min,max,avg,total,count
OpenCVTrace,"void __cdecl cv::utils::logging::LogTagManager::assign(const class std::basic_string<char,struct std::char_traits<char>,class std::allocator<char> > &,struct cv::utils::logging::LogTag *)",13100,13100,13100.0,13100,1
OpenCVTrace,"struct cv::utils::logging::LogTag *__cdecl cv::utils::logging::LogTagManager::get(const class std::basic_string<char,struct std::char_traits<char>,class std::allocator<char> > &)",2000,2000,2000.0,2000,1
OpenCVTrace,"__cdecl cv::VideoCapture::VideoCapture(int,int)",540093300,540093300,540093300.0,540093300,1
OpenCVTrace,bool __cdecl cv::VideoCapture::read(const class cv::_OutputArray &),580500,113724700,1413462.1621621621,366086700,259
OpenCVTrace,__cdecl cv::VideoCapture::~VideoCapture(void),2200,503550400,251776300.0,503552600,2
OpenCVTrace,"void __cdecl cv::flip(const class cv::_InputArray &,const class cv::_OutputArray &,int)",281400,1425000,344134.496124031,88786700,258
OpenCVTrace,"void __cdecl cv::cvtColor(const class cv::_InputArray &,const class cv::_OutputArray &,int,int)",51900,6011900,373319.76744186046,577899000,1548
OpenCVTrace,"void __cdecl cv::resize(const class cv::_InputArray &,const class cv::_OutputArray &,class cv::Size_<int>,double,double,int)",142300,1045500,401231.7829457364,310553400,774
OpenCVTrace,"void __cdecl cv::Mat::convertTo(const class cv::_OutputArray &,int,double,double) const",4700,1510200,395864.4521138913,917613800,2318
OpenCVTrace,"void __cdecl cv::split(const class cv::_InputArray &,const class cv::_OutputArray &)",22100,967700,287739.7932816537,222710600,774
OpenCVTrace,void __cdecl cv::Mat::copyTo(const class cv::_OutputArray &) const,1100,1373300,380335.5481727575,686886000,1806
OpenCVTrace,"void __cdecl cv::min(const class cv::_InputArray &,const class cv::_InputArray &,const class cv::_OutputArray &)",37100,3720600,565849.513618677,581693300,1028
OpenCVTrace,"void __cdecl cv::max(const class cv::_InputArray &,const class cv::_InputArray &,const class cv::_OutputArray &)",32500,1427600,398777.72373540857,409943500,1028
OpenCVTrace,"double __cdecl cv::threshold(const class cv::_InputArray &,const class cv::_OutputArray &,double,double,int)",12700,1279900,355395.71428571426,273654700,770
OpenCVTrace,"void __cdecl cv::findContours(const class cv::_InputArray &,const class cv::_OutputArray &,const class cv::_OutputArray &,int,int,class cv::Point_<int>)",28300,760400,50613.95348837209,13058400,258
OpenCVTrace,"class cv::MatExpr __cdecl cv::Mat::zeros(class cv::Size_<int>,int)",500,13500,944.9612403100775,243800,258
OpenCVTrace,class cv::Mat &__cdecl cv::Mat::operator =(const class cv::Scalar_<double> &),600,7500,819.3798449612403,211400,258
OpenCVTrace,"double __cdecl cv::contourArea(const class cv::_InputArray &,bool)",100,54600,237.41554054054055,843300,3552
OpenCVTrace,"void __cdecl cv::drawContours(const class cv::_InputOutputArray &,const class cv::_InputArray &,int,const class cv::Scalar_<double> &,int,int,const class cv::_InputArray &,int,class cv::Point_<int>)",700,625500,7920.1769911504425,13424700,1695
OpenCVTrace,"void __cdecl cv::morphologyEx(const class cv::_InputArray &,const class cv::_OutputArray &,int,const class cv::_InputArray &,class cv::Point_<int>,int,int,const class cv::Scalar_<double> &)",58000,1677400,69739.92248062015,17992900,258
OpenCVTrace,"class cv::MatExpr __cdecl cv::Mat::mul(const class cv::_InputArray &,double) const",100,55800,689.1472868217054,355600,516
OpenCVTrace,"void __cdecl cv::multiply(const class cv::_InputArray &,const class cv::_InputArray &,const class cv::_OutputArray &,double,int)",149500,1185800,263633.3333333333,136034800,516
OpenCVTrace,"void __cdecl cv::MatOp_AddEx::multiply(const class cv::MatExpr &,double,class cv::MatExpr &) const",100,9400,272.09302325581393,70200,258
OpenCVTrace,"void __cdecl cv::sqrt(const class cv::_InputArray &,const class cv::_OutputArray &)",84400,902400,93380.23255813954,24092100,258
OpenCVTrace,"void __cdecl cv::max(const class cv::Mat &,const class cv::Mat &,class cv::Mat &)",210200,513300,266286.43410852714,137403800,516
OpenCVTrace,"void __cdecl cv::bitwise_and(const class cv::_InputArray &,const class cv::_InputArray &,const class cv::_OutputArray &,const class cv::_InputArray &)",41600,708500,57092.635658914725,14729900,258
OpenCVTrace,"void __cdecl cv::blur(const class cv::_InputArray &,const class cv::_OutputArray &,class cv::Size_<int>,class cv::Point_<int>,int)",1490500,2581200,1624776.7441860465,419192400,258
OpenCVTrace,"void __cdecl cv::inRange(const class cv::_InputArray &,const class cv::_InputArray &,const class cv::_InputArray &,const class cv::_OutputArray &)",169500,512600,278474.28940568474,215539100,774
OpenCVTrace,"void __cdecl cv::Mat::copyTo(const class cv::_OutputArray &,const class cv::_InputArray &) const",149500,445000,208833.59375,106922800,512
OpenCVTrace,"class cv::Mat &__cdecl cv::Mat::setTo(const class cv::_InputArray &,const class cv::_InputArray &)",14700,597300,130582.9457364341,101071200,774
OpenCVTrace,"void __cdecl cv::merge(const class cv::_InputArray &,const class cv::_OutputArray &)",110200,741500,137888.37209302327,35575200,258
OpenCVTrace,"void __cdecl cv::putText(const class cv::_InputOutputArray &,const class std::basic_string<char,struct std::char_traits<char>,class std::allocator<char> > &,class cv::Point_<int>,int,double,class cv::Scalar_<double>,int,int,bool)",77400,2989700,676929.8449612403,698591600,1032
OpenCVTrace,"void __cdecl cv::dilate(const class cv::_InputArray &,const class cv::_OutputArray &,const class cv::_InputArray &,class cv::Point_<int>,int,int,const class cv::Scalar_<double> &)",167200,1324200,250427.9527559055,63608700,254
OpenCVTrace,"void __cdecl cv::erode(const class cv::_InputArray &,const class cv::_OutputArray &,const class cv::_InputArray &,class cv::Point_<int>,int,int,const class cv::Scalar_<double> &)",154100,390100,251561.02362204724,63896500,254
OpenCVTrace,"void __cdecl cv::absdiff(const class cv::_InputArray &,const class cv::_InputArray &,const class cv::_OutputArray &)",57600,659000,182728.3464566929,46413000,254
OpenCVTrace,"void __cdecl cv::MatOp::add(const class cv::MatExpr &,const class cv::MatExpr &,class cv::MatExpr &) const",100,8300,345.86614173228344,175700,508
OpenCVTrace,"void __cdecl cv::addWeighted(const class cv::_InputArray &,double,const class cv::_InputArray &,double,double,const class cv::_OutputArray &,int)",699200,1477700,846577.1653543307,430061200,508
intel_gpu_plugin,Plugin::get_property,14700,378400,196550.0,393100,2
intel_gpu_plugin,TransformationsPipeline::apply::run_passes,3080300,3080300,3080300.0,3080300,1
intel_gpu_plugin,TransformationsPipeline::apply::activations_scaling,22462000,22462000,22462000.0,22462000,1
intel_gpu_plugin,TransformationsPipeline::apply,418246500,418246500,418246500.0,418246500,1
intel_gpu_plugin,Plugin::transform_model,418900100,418900100,418900100.0,418900100,1
intel_gpu_plugin,Plugin::clone_and_transform_model,439793400,439793400,439793400.0,439793400,1
intel_gpu_plugin,CustomLayer::LoadFromFile,200,123900,62050.0,124100,2
intel_gpu_plugin,ProgramBuilder::CreateSingleLayerPrimitive,100,305500,5758.241758241758,2096000,364
intel_gpu_plugin,Program::init_graph,240500,855300,547900.0,1095800,2
intel_gpu_plugin,pass::select_preferred_formats,6251300,6251300,6251300.0,6251300,1
intel_gpu_plugin,Program::pre_optimize_graph,226100,11701600,5963850.0,11927700,2
intel_gpu_plugin,KernelsCache::BuildAll::GetProgramSource,38900,983500,511200.0,1022400,2
intel_gpu_plugin,KernelsCache::build_batch,608500,3412900,2435366.6666666665,7306100,3
intel_gpu_plugin,KernelsCache::BuildAll,400,4578100,3047933.3333333335,9143800,3
intel_gpu_plugin,pass::CompileGraph,9966700,370025300,189996000.0,379992000,2
intel_gpu_plugin,Program::post_optimize_graph,118300,369880200,184999250.0,369998500,2
intel_gpu_plugin,pass::BasicMemoryDependencies,45600,102300,73950.0,147900,2
intel_gpu_plugin,pass::SkippedBranchMemoryDependencies,41000,267100,154050.0,308100,2
intel_gpu_plugin,pass::OooqMemoryDependencies,74700,355500,215100.0,430200,2
intel_gpu_plugin,pass::build_implementations,189700,5471100,2830400.0,5660800,2
intel_gpu_plugin,set_arguments: constant:sub_block1.conv3.weight,1500,1500,1500.0,1500,1
intel_gpu_plugin,set_arguments: constant:sub_block1.conv2.weight,1000,1000,1000.0,1000,1
intel_gpu_plugin,set_arguments: constant:sub_block1.conv1.weight,1000,1000,1000.0,1000,1
intel_gpu_plugin,set_arguments: constant:final_block3.conv4.weight,1100,1100,1100.0,1100,1
intel_gpu_plugin,set_arguments: constant:final_block3.conv3.weight,1000,1000,1000.0,1000,1
intel_gpu_plugin,set_arguments: constant:final_block3.conv2.weight,2200,2200,2200.0,2200,1
intel_gpu_plugin,set_arguments: constant:final_block3.conv1.weight,2400,2400,2400.0,2400,1
intel_gpu_plugin,set_arguments: constant:final_block2.conv4.weight,1500,1500,1500.0,1500,1
intel_gpu_plugin,set_arguments: constant:final_block2.conv3.weight,1800,1800,1800.0,1800,1
intel_gpu_plugin,set_arguments: constant:final_block2.conv2.weight,1400,1400,1400.0,1400,1
intel_gpu_plugin,set_arguments: constant:final_block2.conv1.weight,1200,1200,1200.0,1200,1
intel_gpu_plugin,set_arguments: constant:final_block1.conv4.weight,1500,1500,1500.0,1500,1
intel_gpu_plugin,set_arguments: constant:final_block1.conv3.weight,900,900,900.0,900,1
intel_gpu_plugin,set_arguments: constant:final_block1.conv2.weight,1100,1100,1100.0,1100,1
intel_gpu_plugin,set_arguments: constant:final_block1.conv1.weight,1400,1400,1400.0,1400,1
intel_gpu_plugin,set_arguments: constant:conv_transpose.weight,1400,1400,1400.0,1400,1
intel_gpu_plugin,set_arguments: constant:conv8.weight,1500,1500,1500.0,1500,1
intel_gpu_plugin,set_arguments: constant:conv7.weight,1400,1400,1400.0,1400,1
intel_gpu_plugin,set_arguments: constant:conv6_1.weight,2500,2500,2500.0,2500,1
intel_gpu_plugin,set_arguments: constant:conv5_3.weight,2000,2000,2000.0,2000,1
intel_gpu_plugin,set_arguments: constant:conv5_1.weight,1800,1800,1800.0,1800,1
intel_gpu_plugin,set_arguments: constant:conv4_3.weight,1200,1200,1200.0,1200,1
intel_gpu_plugin,set_arguments: constant:conv4_1.weight,1300,1300,1300.0,1300,1
intel_gpu_plugin,set_arguments: constant:conv3_3.weight,1300,1300,1300.0,1300,1
intel_gpu_plugin,set_arguments: constant:conv3_2.weight,1000,1000,1000.0,1000,1
intel_gpu_plugin,set_arguments: constant:conv3_1.weight,1000,1000,1000.0,1000,1
intel_gpu_plugin,set_arguments: constant:conv2_1.weight,1300,1300,1300.0,1300,1
intel_gpu_plugin,set_arguments: constant:conv1.weight,1800,1800,1800.0,1800,1
intel_gpu_plugin,set_arguments: constant:block4.sub_block.conv3.weight,1500,1500,1500.0,1500,1
intel_gpu_plugin,set_arguments: constant:block4.sub_block.conv2.weight,1300,1300,1300.0,1300,1
intel_gpu_plugin,set_arguments: constant:block4.sub_block.conv1.weight,1500,1500,1500.0,1500,1
intel_gpu_plugin,set_arguments: constant:block4.conv1.weight,2000,2000,2000.0,2000,1
intel_gpu_plugin,set_arguments: constant:block3.sub_block.conv3.weight,1100,1100,1100.0,1100,1
intel_gpu_plugin,set_arguments: constant:block3.sub_block.conv2.weight,1300,1300,1300.0,1300,1
intel_gpu_plugin,set_arguments: constant:block3.sub_block.conv1.weight,1200,1200,1200.0,1200,1
intel_gpu_plugin,set_arguments: constant:block3.conv1.weight,1300,1300,1300.0,1300,1
intel_gpu_plugin,set_arguments: constant:block2.sub_block.conv3.weight,1600,1600,1600.0,1600,1
intel_gpu_plugin,set_arguments: constant:block2.sub_block.conv2.weight,1900,1900,1900.0,1900,1
intel_gpu_plugin,set_arguments: constant:block2.sub_block.conv1.weight,1200,1200,1200.0,1200,1
intel_gpu_plugin,set_arguments: constant:block2.conv1.weight,2800,2800,2800.0,2800,1
intel_gpu_plugin,set_arguments: constant:block1.sub_block.conv3.weight,1800,1800,1800.0,1800,1
intel_gpu_plugin,set_arguments: constant:block1.sub_block.conv2.weight,1200,1200,1200.0,1200,1
intel_gpu_plugin,set_arguments: constant:block1.sub_block.conv1.weight,1000,1000,1000.0,1000,1
intel_gpu_plugin,set_arguments: constant:block1.conv1.weight,1100,1100,1100.0,1100,1
intel_gpu_plugin,set_arguments: constant:Reshape_873,1200,1200,1200.0,1200,1
intel_gpu_plugin,set_arguments: constant:Reshape_744,1600,1600,1600.0,1600,1
intel_gpu_plugin,set_arguments: constant:Reshape_615,1900,1900,1900.0,1900,1
intel_gpu_plugin,set_arguments: constant:Reshape_486,1400,1400,1400.0,1400,1
intel_gpu_plugin,set_arguments: constant:Reshape_43,12800,12800,12800.0,12800,1
intel_gpu_plugin,set_arguments: constant:Reshape_358,2700,2700,2700.0,2700,1
intel_gpu_plugin,set_arguments: constant:Reshape_264,2700,2700,2700.0,2700,1
intel_gpu_plugin,set_arguments: constant:Reshape_171,1300,1300,1300.0,1300,1
intel_gpu_plugin,set_arguments: constant:Reshape_1363,900,900,900.0,900,1
intel_gpu_plugin,set_arguments: constant:Reshape_1228,1300,1300,1300.0,1300,1
intel_gpu_plugin,set_arguments: constant:Reshape_1093,1700,1700,1700.0,1700,1
intel_gpu_plugin,set_arguments: constant:sub_block1.conv3.weight_weights_reorder_16,41200,96000,68600.0,137200,2
intel_gpu_plugin,set_arguments: constant:sub_block1.conv2.weight_weights_reorder_15,15200,26500,20850.0,41700,2
intel_gpu_plugin,set_arguments: constant:sub_block1.conv1.weight_weights_reorder_14,12100,28400,20250.0,40500,2
intel_gpu_plugin,set_arguments: constant:final_block3.conv4.weight_weights_reorder_52,11700,24000,17850.0,35700,2
intel_gpu_plugin,set_arguments: constant:final_block3.conv3.weight_weights_reorder_51,11500,24900,18200.0,36400,2
intel_gpu_plugin,set_arguments: constant:final_block3.conv2.weight_weights_reorder_50,12900,25500,19200.0,38400,2
intel_gpu_plugin,set_arguments: constant:final_block3.conv1.weight_weights_reorder_49,10900,28500,19700.0,39400,2
intel_gpu_plugin,set_arguments: constant:final_block2.conv4.weight_weights_reorder_47,10800,20300,15550.0,31100,2
intel_gpu_plugin,set_arguments: constant:final_block2.conv3.weight_weights_reorder_46,11200,20600,15900.0,31800,2
intel_gpu_plugin,set_arguments: constant:final_block2.conv2.weight_weights_reorder_45,10600,29100,19850.0,39700,2
intel_gpu_plugin,set_arguments: constant:final_block2.conv1.weight_weights_reorder_44,10900,25300,18100.0,36200,2
intel_gpu_plugin,set_arguments: constant:final_block1.conv4.weight_weights_reorder_42,10600,34400,22500.0,45000,2
intel_gpu_plugin,set_arguments: constant:final_block1.conv3.weight_weights_reorder_41,9800,28100,18950.0,37900,2
intel_gpu_plugin,set_arguments: constant:final_block1.conv2.weight_weights_reorder_40,20500,28500,24500.0,49000,2
intel_gpu_plugin,set_arguments: constant:final_block1.conv1.weight_weights_reorder_39,17100,30700,23900.0,47800,2
intel_gpu_plugin,set_arguments: constant:conv_transpose.weight_reorder_fmt,26000,28500,27250.0,54500,2
intel_gpu_plugin,set_arguments: constant:conv8.weight_weights_reorder_37,28900,31900,30400.0,60800,2
intel_gpu_plugin,set_arguments: constant:conv7.weight_weights_reorder_38,17200,25600,21400.0,42800,2
intel_gpu_plugin,set_arguments: constant:conv6_1.weight_weights_reorder_12,13700,26500,20100.0,40200,2
intel_gpu_plugin,set_arguments: constant:conv5_3.weight_weights_reorder_11,19100,23100,21100.0,42200,2
intel_gpu_plugin,set_arguments: constant:conv5_1.weight_weights_reorder_9,18800,24000,21400.0,42800,2
intel_gpu_plugin,set_arguments: constant:conv4_3.weight_weights_reorder_8,13100,22800,17950.0,35900,2
intel_gpu_plugin,set_arguments: constant:conv4_1.weight_weights_reorder_6,15600,27400,21500.0,43000,2
intel_gpu_plugin,set_arguments: constant:conv3_3.weight_weights_reorder_5,22300,27700,25000.0,50000,2
intel_gpu_plugin,set_arguments: constant:conv3_2.weight_weights_reorder_4,15900,29200,22550.0,45100,2
intel_gpu_plugin,set_arguments: constant:conv3_1.weight_weights_reorder_3,13100,29500,21300.0,42600,2
intel_gpu_plugin,set_arguments: constant:conv2_1.weight_weights_reorder_1,17200,28500,22850.0,45700,2
intel_gpu_plugin,set_arguments: constant:conv1.weight_weights_reorder_0,17900,23700,20800.0,41600,2
intel_gpu_plugin,set_arguments: constant:block4.sub_block.conv3.weight_weights_reorder_36,14600,22400,18500.0,37000,2
intel_gpu_plugin,set_arguments: constant:block4.sub_block.conv2.weight_weights_reorder_35,15100,20700,17900.0,35800,2
intel_gpu_plugin,set_arguments: constant:block4.sub_block.conv1.weight_weights_reorder_34,14300,22100,18200.0,36400,2
intel_gpu_plugin,set_arguments: constant:block4.conv1.weight_weights_reorder_32,11100,40000,25550.0,51100,2
intel_gpu_plugin,set_arguments: constant:block3.sub_block.conv3.weight_weights_reorder_31,23100,33300,28200.0,56400,2
intel_gpu_plugin,set_arguments: constant:block3.sub_block.conv2.weight_weights_reorder_30,16900,22700,19800.0,39600,2
intel_gpu_plugin,set_arguments: constant:block3.sub_block.conv1.weight_weights_reorder_29,11700,24600,18150.0,36300,2
intel_gpu_plugin,set_arguments: constant:block3.conv1.weight_weights_reorder_27,12000,21400,16700.0,33400,2
intel_gpu_plugin,set_arguments: constant:block2.sub_block.conv3.weight_weights_reorder_26,13800,21900,17850.0,35700,2
intel_gpu_plugin,set_arguments: constant:block2.sub_block.conv2.weight_weights_reorder_25,12100,28800,20450.0,40900,2
intel_gpu_plugin,set_arguments: constant:block2.sub_block.conv1.weight_weights_reorder_24,12000,27600,19800.0,39600,2
intel_gpu_plugin,set_arguments: constant:block2.conv1.weight_weights_reorder_22,14300,27600,20950.0,41900,2
intel_gpu_plugin,set_arguments: constant:block1.sub_block.conv3.weight_weights_reorder_21,12800,32200,22500.0,45000,2
intel_gpu_plugin,set_arguments: constant:block1.sub_block.conv2.weight_weights_reorder_20,11800,23600,17700.0,35400,2
intel_gpu_plugin,set_arguments: constant:block1.sub_block.conv1.weight_weights_reorder_19,14500,35400,24950.0,49900,2
intel_gpu_plugin,set_arguments: constant:block1.conv1.weight_weights_reorder_17,27700,36700,32200.0,64400,2
intel_gpu_plugin,set_arguments: constant:Reshape_873_weights_reorder_33,15100,30100,22600.0,45200,2
intel_gpu_plugin,set_arguments: constant:Reshape_744_weights_reorder_28,13200,27300,20250.0,40500,2
intel_gpu_plugin,set_arguments: constant:Reshape_615_weights_reorder_23,11300,26100,18700.0,37400,2
intel_gpu_plugin,set_arguments: constant:Reshape_486_weights_reorder_18,10900,29200,20050.0,40100,2
intel_gpu_plugin,set_arguments: constant:Reshape_43_weights_reorder_2,11200,28900,20050.0,40100,2
intel_gpu_plugin,set_arguments: constant:Reshape_358_weights_reorder_13,21800,25600,23700.0,47400,2
intel_gpu_plugin,set_arguments: constant:Reshape_264_weights_reorder_10,10500,31300,20900.0,41800,2
intel_gpu_plugin,set_arguments: constant:Reshape_171_weights_reorder_7,11300,26100,18700.0,37400,2
intel_gpu_plugin,set_arguments: constant:Reshape_1363_weights_reorder_53,11000,20600,15800.0,31600,2
intel_gpu_plugin,set_arguments: constant:Reshape_1228_weights_reorder_48,19600,20600,20100.0,40200,2
intel_gpu_plugin,set_arguments: constant:Reshape_1093_weights_reorder_43,20700,23900,22300.0,44600,2
intel_gpu_plugin,constant:sub_block1.conv3.weight::prepare,17400,17400,17400.0,17400,1
intel_gpu_plugin,constant:sub_block1.conv3.weight::execute,3500,3500,3500.0,3500,1
intel_gpu_plugin,constant:sub_block1.conv2.weight::prepare,10200,10200,10200.0,10200,1
intel_gpu_plugin,constant:sub_block1.conv2.weight::execute,2000,2000,2000.0,2000,1
intel_gpu_plugin,constant:sub_block1.conv1.weight::prepare,8900,8900,8900.0,8900,1
intel_gpu_plugin,constant:sub_block1.conv1.weight::execute,2000,2000,2000.0,2000,1
intel_gpu_plugin,constant:final_block3.conv4.weight::prepare,8800,8800,8800.0,8800,1
intel_gpu_plugin,constant:final_block3.conv4.weight::execute,2700,2700,2700.0,2700,1
intel_gpu_plugin,constant:final_block3.conv3.weight::prepare,10000,10000,10000.0,10000,1
intel_gpu_plugin,constant:final_block3.conv3.weight::execute,2300,2300,2300.0,2300,1
intel_gpu_plugin,constant:final_block3.conv2.weight::prepare,8300,8300,8300.0,8300,1
intel_gpu_plugin,constant:final_block3.conv2.weight::execute,2500,2500,2500.0,2500,1
intel_gpu_plugin,constant:final_block3.conv1.weight::prepare,7300,7300,7300.0,7300,1
intel_gpu_plugin,constant:final_block3.conv1.weight::execute,2100,2100,2100.0,2100,1
intel_gpu_plugin,constant:final_block2.conv4.weight::prepare,7800,7800,7800.0,7800,1
intel_gpu_plugin,constant:final_block2.conv4.weight::execute,2200,2200,2200.0,2200,1
intel_gpu_plugin,constant:final_block2.conv3.weight::prepare,7500,7500,7500.0,7500,1
intel_gpu_plugin,constant:final_block2.conv3.weight::execute,2000,2000,2000.0,2000,1
intel_gpu_plugin,constant:final_block2.conv2.weight::prepare,11600,11600,11600.0,11600,1
intel_gpu_plugin,constant:final_block2.conv2.weight::execute,3400,3400,3400.0,3400,1
intel_gpu_plugin,constant:final_block2.conv1.weight::prepare,11800,11800,11800.0,11800,1
intel_gpu_plugin,constant:final_block2.conv1.weight::execute,3100,3100,3100.0,3100,1
intel_gpu_plugin,constant:final_block1.conv4.weight::prepare,10700,10700,10700.0,10700,1
intel_gpu_plugin,constant:final_block1.conv4.weight::execute,2600,2600,2600.0,2600,1
intel_gpu_plugin,constant:final_block1.conv3.weight::prepare,11100,11100,11100.0,11100,1
intel_gpu_plugin,constant:final_block1.conv3.weight::execute,2700,2700,2700.0,2700,1
intel_gpu_plugin,constant:final_block1.conv2.weight::prepare,10100,10100,10100.0,10100,1
intel_gpu_plugin,constant:final_block1.conv2.weight::execute,2900,2900,2900.0,2900,1
intel_gpu_plugin,constant:final_block1.conv1.weight::prepare,11500,11500,11500.0,11500,1
intel_gpu_plugin,constant:final_block1.conv1.weight::execute,3700,3700,3700.0,3700,1
intel_gpu_plugin,constant:conv_transpose.weight::prepare,14100,14100,14100.0,14100,1
intel_gpu_plugin,constant:conv_transpose.weight::execute,3300,3300,3300.0,3300,1
intel_gpu_plugin,constant:conv8.weight::prepare,11300,11300,11300.0,11300,1
intel_gpu_plugin,constant:conv8.weight::execute,3100,3100,3100.0,3100,1
intel_gpu_plugin,constant:conv7.weight::prepare,10000,10000,10000.0,10000,1
intel_gpu_plugin,constant:conv7.weight::execute,3100,3100,3100.0,3100,1
intel_gpu_plugin,constant:conv6_1.weight::prepare,9000,9000,9000.0,9000,1
intel_gpu_plugin,constant:conv6_1.weight::execute,2200,2200,2200.0,2200,1
intel_gpu_plugin,constant:conv5_3.weight::prepare,13100,13100,13100.0,13100,1
intel_gpu_plugin,constant:conv5_3.weight::execute,2100,2100,2100.0,2100,1
intel_gpu_plugin,constant:conv5_1.weight::prepare,11700,11700,11700.0,11700,1
intel_gpu_plugin,constant:conv5_1.weight::execute,4800,4800,4800.0,4800,1
intel_gpu_plugin,constant:conv4_3.weight::prepare,12900,12900,12900.0,12900,1
intel_gpu_plugin,constant:conv4_3.weight::execute,2400,2400,2400.0,2400,1
intel_gpu_plugin,constant:conv4_1.weight::prepare,10600,10600,10600.0,10600,1
intel_gpu_plugin,constant:conv4_1.weight::execute,2300,2300,2300.0,2300,1
intel_gpu_plugin,constant:conv3_3.weight::prepare,8600,8600,8600.0,8600,1
intel_gpu_plugin,constant:conv3_3.weight::execute,2400,2400,2400.0,2400,1
intel_gpu_plugin,constant:conv3_2.weight::prepare,8300,8300,8300.0,8300,1
intel_gpu_plugin,constant:conv3_2.weight::execute,3000,3000,3000.0,3000,1
intel_gpu_plugin,constant:conv3_1.weight::prepare,8900,8900,8900.0,8900,1
intel_gpu_plugin,constant:conv3_1.weight::execute,3300,3300,3300.0,3300,1
intel_gpu_plugin,constant:conv2_1.weight::prepare,9200,9200,9200.0,9200,1
intel_gpu_plugin,constant:conv2_1.weight::execute,2400,2400,2400.0,2400,1
intel_gpu_plugin,constant:conv1.weight::prepare,7300,7300,7300.0,7300,1
intel_gpu_plugin,constant:conv1.weight::execute,2200,2200,2200.0,2200,1
intel_gpu_plugin,constant:block4.sub_block.conv3.weight::prepare,9500,9500,9500.0,9500,1
intel_gpu_plugin,constant:block4.sub_block.conv3.weight::execute,2800,2800,2800.0,2800,1
intel_gpu_plugin,constant:block4.sub_block.conv2.weight::prepare,9000,9000,9000.0,9000,1
intel_gpu_plugin,constant:block4.sub_block.conv2.weight::execute,2600,2600,2600.0,2600,1
intel_gpu_plugin,constant:block4.sub_block.conv1.weight::prepare,8300,8300,8300.0,8300,1
intel_gpu_plugin,constant:block4.sub_block.conv1.weight::execute,2600,2600,2600.0,2600,1
intel_gpu_plugin,constant:block4.conv1.weight::prepare,8300,8300,8300.0,8300,1
intel_gpu_plugin,constant:block4.conv1.weight::execute,2500,2500,2500.0,2500,1
intel_gpu_plugin,constant:block3.sub_block.conv3.weight::prepare,12500,12500,12500.0,12500,1
intel_gpu_plugin,constant:block3.sub_block.conv3.weight::execute,3400,3400,3400.0,3400,1
intel_gpu_plugin,constant:block3.sub_block.conv2.weight::prepare,8900,8900,8900.0,8900,1
intel_gpu_plugin,constant:block3.sub_block.conv2.weight::execute,2500,2500,2500.0,2500,1
intel_gpu_plugin,constant:block3.sub_block.conv1.weight::prepare,6700,6700,6700.0,6700,1
intel_gpu_plugin,constant:block3.sub_block.conv1.weight::execute,2300,2300,2300.0,2300,1
intel_gpu_plugin,constant:block3.conv1.weight::prepare,9700,9700,9700.0,9700,1
intel_gpu_plugin,constant:block3.conv1.weight::execute,2900,2900,2900.0,2900,1
intel_gpu_plugin,constant:block2.sub_block.conv3.weight::prepare,13300,13300,13300.0,13300,1
intel_gpu_plugin,constant:block2.sub_block.conv3.weight::execute,3900,3900,3900.0,3900,1
intel_gpu_plugin,constant:block2.sub_block.conv2.weight::prepare,10700,10700,10700.0,10700,1
intel_gpu_plugin,constant:block2.sub_block.conv2.weight::execute,2300,2300,2300.0,2300,1
intel_gpu_plugin,constant:block2.sub_block.conv1.weight::prepare,9700,9700,9700.0,9700,1
intel_gpu_plugin,constant:block2.sub_block.conv1.weight::execute,2900,2900,2900.0,2900,1
intel_gpu_plugin,constant:block2.conv1.weight::prepare,11600,11600,11600.0,11600,1
intel_gpu_plugin,constant:block2.conv1.weight::execute,4200,4200,4200.0,4200,1
intel_gpu_plugin,constant:block1.sub_block.conv3.weight::prepare,10800,10800,10800.0,10800,1
intel_gpu_plugin,constant:block1.sub_block.conv3.weight::execute,2600,2600,2600.0,2600,1
intel_gpu_plugin,constant:block1.sub_block.conv2.weight::prepare,9400,9400,9400.0,9400,1
intel_gpu_plugin,constant:block1.sub_block.conv2.weight::execute,2300,2300,2300.0,2300,1
intel_gpu_plugin,constant:block1.sub_block.conv1.weight::prepare,9700,9700,9700.0,9700,1
intel_gpu_plugin,constant:block1.sub_block.conv1.weight::execute,5400,5400,5400.0,5400,1
intel_gpu_plugin,constant:block1.conv1.weight::prepare,12200,12200,12200.0,12200,1
intel_gpu_plugin,constant:block1.conv1.weight::execute,2700,2700,2700.0,2700,1
intel_gpu_plugin,constant:Reshape_873::prepare,7300,7300,7300.0,7300,1
intel_gpu_plugin,constant:Reshape_873::execute,2100,2100,2100.0,2100,1
intel_gpu_plugin,constant:Reshape_744::prepare,11000,11000,11000.0,11000,1
intel_gpu_plugin,constant:Reshape_744::execute,2900,2900,2900.0,2900,1
intel_gpu_plugin,constant:Reshape_615::prepare,10700,10700,10700.0,10700,1
intel_gpu_plugin,constant:Reshape_615::execute,3100,3100,3100.0,3100,1
intel_gpu_plugin,constant:Reshape_486::prepare,9600,9600,9600.0,9600,1
intel_gpu_plugin,constant:Reshape_486::execute,3100,3100,3100.0,3100,1
intel_gpu_plugin,constant:Reshape_43::prepare,9900,9900,9900.0,9900,1
intel_gpu_plugin,constant:Reshape_43::execute,2700,2700,2700.0,2700,1
intel_gpu_plugin,constant:Reshape_358::prepare,14400,14400,14400.0,14400,1
intel_gpu_plugin,constant:Reshape_358::execute,3800,3800,3800.0,3800,1
intel_gpu_plugin,constant:Reshape_264::prepare,9900,9900,9900.0,9900,1
intel_gpu_plugin,constant:Reshape_264::execute,2800,2800,2800.0,2800,1
intel_gpu_plugin,constant:Reshape_171::prepare,10400,10400,10400.0,10400,1
intel_gpu_plugin,constant:Reshape_171::execute,2200,2200,2200.0,2200,1
intel_gpu_plugin,constant:Reshape_1363::prepare,11600,11600,11600.0,11600,1
intel_gpu_plugin,constant:Reshape_1363::execute,2900,2900,2900.0,2900,1
intel_gpu_plugin,constant:Reshape_1228::prepare,12700,12700,12700.0,12700,1
intel_gpu_plugin,constant:Reshape_1228::execute,4000,4000,4000.0,4000,1
intel_gpu_plugin,constant:Reshape_1093::prepare,12200,12200,12200.0,12200,1
intel_gpu_plugin,constant:Reshape_1093::execute,2600,2600,2600.0,2600,1
intel_gpu_plugin,constant:sub_block1.conv3.weight_weights_reorder_16::prepare,55900,55900,55900.0,55900,1
intel_gpu_plugin,constant:sub_block1.conv3.weight_weights_reorder_16::execute,302500,302500,302500.0,302500,1
intel_gpu_plugin,constant:sub_block1.conv2.weight_weights_reorder_15::prepare,38900,38900,38900.0,38900,1
intel_gpu_plugin,constant:sub_block1.conv2.weight_weights_reorder_15::execute,101500,101500,101500.0,101500,1
intel_gpu_plugin,constant:sub_block1.conv1.weight_weights_reorder_14::prepare,44500,44500,44500.0,44500,1
intel_gpu_plugin,constant:sub_block1.conv1.weight_weights_reorder_14::execute,116400,116400,116400.0,116400,1
intel_gpu_plugin,constant:final_block3.conv4.weight_weights_reorder_52::prepare,37100,37100,37100.0,37100,1
intel_gpu_plugin,constant:final_block3.conv4.weight_weights_reorder_52::execute,103500,103500,103500.0,103500,1
intel_gpu_plugin,constant:final_block3.conv3.weight_weights_reorder_51::prepare,36900,36900,36900.0,36900,1
intel_gpu_plugin,constant:final_block3.conv3.weight_weights_reorder_51::execute,93800,93800,93800.0,93800,1
intel_gpu_plugin,constant:final_block3.conv2.weight_weights_reorder_50::prepare,37200,37200,37200.0,37200,1
intel_gpu_plugin,constant:final_block3.conv2.weight_weights_reorder_50::execute,87400,87400,87400.0,87400,1
intel_gpu_plugin,constant:final_block3.conv1.weight_weights_reorder_49::prepare,42500,42500,42500.0,42500,1
intel_gpu_plugin,constant:final_block3.conv1.weight_weights_reorder_49::execute,92600,92600,92600.0,92600,1
intel_gpu_plugin,constant:final_block2.conv4.weight_weights_reorder_47::prepare,30800,30800,30800.0,30800,1
intel_gpu_plugin,constant:final_block2.conv4.weight_weights_reorder_47::execute,72600,72600,72600.0,72600,1
intel_gpu_plugin,constant:final_block2.conv3.weight_weights_reorder_46::prepare,32200,32200,32200.0,32200,1
intel_gpu_plugin,constant:final_block2.conv3.weight_weights_reorder_46::execute,76600,76600,76600.0,76600,1
intel_gpu_plugin,constant:final_block2.conv2.weight_weights_reorder_45::prepare,43900,43900,43900.0,43900,1
intel_gpu_plugin,constant:final_block2.conv2.weight_weights_reorder_45::execute,95200,95200,95200.0,95200,1
intel_gpu_plugin,constant:final_block2.conv1.weight_weights_reorder_44::prepare,36800,36800,36800.0,36800,1
intel_gpu_plugin,constant:final_block2.conv1.weight_weights_reorder_44::execute,291500,291500,291500.0,291500,1
intel_gpu_plugin,constant:final_block1.conv4.weight_weights_reorder_42::prepare,51600,51600,51600.0,51600,1
intel_gpu_plugin,constant:final_block1.conv4.weight_weights_reorder_42::execute,129900,129900,129900.0,129900,1
intel_gpu_plugin,constant:final_block1.conv3.weight_weights_reorder_41::prepare,41300,41300,41300.0,41300,1
intel_gpu_plugin,constant:final_block1.conv3.weight_weights_reorder_41::execute,91200,91200,91200.0,91200,1
intel_gpu_plugin,constant:final_block1.conv2.weight_weights_reorder_40::prepare,41800,41800,41800.0,41800,1
intel_gpu_plugin,constant:final_block1.conv2.weight_weights_reorder_40::execute,94700,94700,94700.0,94700,1
intel_gpu_plugin,constant:final_block1.conv1.weight_weights_reorder_39::prepare,45900,45900,45900.0,45900,1
intel_gpu_plugin,constant:final_block1.conv1.weight_weights_reorder_39::execute,121200,121200,121200.0,121200,1
intel_gpu_plugin,constant:conv_transpose.weight_reorder_fmt::prepare,38200,38200,38200.0,38200,1
intel_gpu_plugin,constant:conv_transpose.weight_reorder_fmt::execute,100000,100000,100000.0,100000,1
intel_gpu_plugin,constant:conv8.weight_weights_reorder_37::prepare,43100,43100,43100.0,43100,1
intel_gpu_plugin,constant:conv8.weight_weights_reorder_37::execute,113500,113500,113500.0,113500,1
intel_gpu_plugin,constant:conv7.weight_weights_reorder_38::prepare,38500,38500,38500.0,38500,1
intel_gpu_plugin,constant:conv7.weight_weights_reorder_38::execute,78100,78100,78100.0,78100,1
intel_gpu_plugin,constant:conv6_1.weight_weights_reorder_12::prepare,40400,40400,40400.0,40400,1
intel_gpu_plugin,constant:conv6_1.weight_weights_reorder_12::execute,80800,80800,80800.0,80800,1
intel_gpu_plugin,constant:conv5_3.weight_weights_reorder_11::prepare,36700,36700,36700.0,36700,1
intel_gpu_plugin,constant:conv5_3.weight_weights_reorder_11::execute,143400,143400,143400.0,143400,1
intel_gpu_plugin,constant:conv5_1.weight_weights_reorder_9::prepare,35800,35800,35800.0,35800,1
intel_gpu_plugin,constant:conv5_1.weight_weights_reorder_9::execute,104100,104100,104100.0,104100,1
intel_gpu_plugin,constant:conv4_3.weight_weights_reorder_8::prepare,34300,34300,34300.0,34300,1
intel_gpu_plugin,constant:conv4_3.weight_weights_reorder_8::execute,112300,112300,112300.0,112300,1
intel_gpu_plugin,constant:conv4_1.weight_weights_reorder_6::prepare,42100,42100,42100.0,42100,1
intel_gpu_plugin,constant:conv4_1.weight_weights_reorder_6::execute,124400,124400,124400.0,124400,1
intel_gpu_plugin,constant:conv3_3.weight_weights_reorder_5::prepare,42400,42400,42400.0,42400,1
intel_gpu_plugin,constant:conv3_3.weight_weights_reorder_5::execute,96600,96600,96600.0,96600,1
intel_gpu_plugin,constant:conv3_2.weight_weights_reorder_4::prepare,43600,43600,43600.0,43600,1
intel_gpu_plugin,constant:conv3_2.weight_weights_reorder_4::execute,142700,142700,142700.0,142700,1
intel_gpu_plugin,constant:conv3_1.weight_weights_reorder_3::prepare,43500,43500,43500.0,43500,1
intel_gpu_plugin,constant:conv3_1.weight_weights_reorder_3::execute,127900,127900,127900.0,127900,1
intel_gpu_plugin,constant:conv2_1.weight_weights_reorder_1::prepare,41700,41700,41700.0,41700,1
intel_gpu_plugin,constant:conv2_1.weight_weights_reorder_1::execute,88600,88600,88600.0,88600,1
intel_gpu_plugin,constant:conv1.weight_weights_reorder_0::prepare,35400,35400,35400.0,35400,1
intel_gpu_plugin,constant:conv1.weight_weights_reorder_0::execute,109200,109200,109200.0,109200,1
intel_gpu_plugin,constant:block4.sub_block.conv3.weight_weights_reorder_36::prepare,33700,33700,33700.0,33700,1
intel_gpu_plugin,constant:block4.sub_block.conv3.weight_weights_reorder_36::execute,76700,76700,76700.0,76700,1
intel_gpu_plugin,constant:block4.sub_block.conv2.weight_weights_reorder_35::prepare,31000,31000,31000.0,31000,1
intel_gpu_plugin,constant:block4.sub_block.conv2.weight_weights_reorder_35::execute,72900,72900,72900.0,72900,1
intel_gpu_plugin,constant:block4.sub_block.conv1.weight_weights_reorder_34::prepare,33800,33800,33800.0,33800,1
intel_gpu_plugin,constant:block4.sub_block.conv1.weight_weights_reorder_34::execute,82300,82300,82300.0,82300,1
intel_gpu_plugin,constant:block4.conv1.weight_weights_reorder_32::prepare,57900,57900,57900.0,57900,1
intel_gpu_plugin,constant:block4.conv1.weight_weights_reorder_32::execute,115100,115100,115100.0,115100,1
intel_gpu_plugin,constant:block3.sub_block.conv3.weight_weights_reorder_31::prepare,34800,34800,34800.0,34800,1
intel_gpu_plugin,constant:block3.sub_block.conv3.weight_weights_reorder_31::execute,74700,74700,74700.0,74700,1
intel_gpu_plugin,constant:block3.sub_block.conv2.weight_weights_reorder_30::prepare,35200,35200,35200.0,35200,1
intel_gpu_plugin,constant:block3.sub_block.conv2.weight_weights_reorder_30::execute,88900,88900,88900.0,88900,1
intel_gpu_plugin,constant:block3.sub_block.conv1.weight_weights_reorder_29::prepare,38800,38800,38800.0,38800,1
intel_gpu_plugin,constant:block3.sub_block.conv1.weight_weights_reorder_29::execute,83800,83800,83800.0,83800,1
intel_gpu_plugin,constant:block3.conv1.weight_weights_reorder_27::prepare,32000,32000,32000.0,32000,1
intel_gpu_plugin,constant:block3.conv1.weight_weights_reorder_27::execute,77200,77200,77200.0,77200,1
intel_gpu_plugin,constant:block2.sub_block.conv3.weight_weights_reorder_26::prepare,33300,33300,33300.0,33300,1
intel_gpu_plugin,constant:block2.sub_block.conv3.weight_weights_reorder_26::execute,155200,155200,155200.0,155200,1
intel_gpu_plugin,constant:block2.sub_block.conv2.weight_weights_reorder_25::prepare,42800,42800,42800.0,42800,1
intel_gpu_plugin,constant:block2.sub_block.conv2.weight_weights_reorder_25::execute,106200,106200,106200.0,106200,1
intel_gpu_plugin,constant:block2.sub_block.conv1.weight_weights_reorder_24::prepare,39900,39900,39900.0,39900,1
intel_gpu_plugin,constant:block2.sub_block.conv1.weight_weights_reorder_24::execute,86200,86200,86200.0,86200,1
intel_gpu_plugin,constant:block2.conv1.weight_weights_reorder_22::prepare,41000,41000,41000.0,41000,1
intel_gpu_plugin,constant:block2.conv1.weight_weights_reorder_22::execute,92800,92800,92800.0,92800,1
intel_gpu_plugin,constant:block1.sub_block.conv3.weight_weights_reorder_21::prepare,44300,44300,44300.0,44300,1
intel_gpu_plugin,constant:block1.sub_block.conv3.weight_weights_reorder_21::execute,85900,85900,85900.0,85900,1
intel_gpu_plugin,constant:block1.sub_block.conv2.weight_weights_reorder_20::prepare,34600,34600,34600.0,34600,1
intel_gpu_plugin,constant:block1.sub_block.conv2.weight_weights_reorder_20::execute,75800,75800,75800.0,75800,1
intel_gpu_plugin,constant:block1.sub_block.conv1.weight_weights_reorder_19::prepare,54800,54800,54800.0,54800,1
intel_gpu_plugin,constant:block1.sub_block.conv1.weight_weights_reorder_19::execute,84500,84500,84500.0,84500,1
intel_gpu_plugin,constant:block1.conv1.weight_weights_reorder_17::prepare,40300,40300,40300.0,40300,1
intel_gpu_plugin,constant:block1.conv1.weight_weights_reorder_17::execute,94100,94100,94100.0,94100,1
intel_gpu_plugin,constant:Reshape_873_weights_reorder_33::prepare,43400,43400,43400.0,43400,1
intel_gpu_plugin,constant:Reshape_873_weights_reorder_33::execute,121700,121700,121700.0,121700,1
intel_gpu_plugin,constant:Reshape_744_weights_reorder_28::prepare,40700,40700,40700.0,40700,1
intel_gpu_plugin,constant:Reshape_744_weights_reorder_28::execute,94200,94200,94200.0,94200,1
intel_gpu_plugin,constant:Reshape_615_weights_reorder_23::prepare,40100,40100,40100.0,40100,1
intel_gpu_plugin,constant:Reshape_615_weights_reorder_23::execute,126100,126100,126100.0,126100,1
intel_gpu_plugin,constant:Reshape_486_weights_reorder_18::prepare,41600,41600,41600.0,41600,1
intel_gpu_plugin,constant:Reshape_486_weights_reorder_18::execute,97000,97000,97000.0,97000,1
intel_gpu_plugin,constant:Reshape_43_weights_reorder_2::prepare,44000,44000,44000.0,44000,1
intel_gpu_plugin,constant:Reshape_43_weights_reorder_2::execute,118100,118100,118100.0,118100,1
intel_gpu_plugin,constant:Reshape_358_weights_reorder_13::prepare,37600,37600,37600.0,37600,1
intel_gpu_plugin,constant:Reshape_358_weights_reorder_13::execute,89700,89700,89700.0,89700,1
intel_gpu_plugin,constant:Reshape_264_weights_reorder_10::prepare,45300,45300,45300.0,45300,1
intel_gpu_plugin,constant:Reshape_264_weights_reorder_10::execute,112400,112400,112400.0,112400,1
intel_gpu_plugin,constant:Reshape_171_weights_reorder_7::prepare,38300,38300,38300.0,38300,1
intel_gpu_plugin,constant:Reshape_171_weights_reorder_7::execute,105100,105100,105100.0,105100,1
intel_gpu_plugin,constant:Reshape_1363_weights_reorder_53::prepare,31300,31300,31300.0,31300,1
intel_gpu_plugin,constant:Reshape_1363_weights_reorder_53::execute,74200,74200,74200.0,74200,1
intel_gpu_plugin,constant:Reshape_1228_weights_reorder_48::prepare,30400,30400,30400.0,30400,1
intel_gpu_plugin,constant:Reshape_1228_weights_reorder_48::execute,88900,88900,88900.0,88900,1
intel_gpu_plugin,constant:Reshape_1093_weights_reorder_43::prepare,35900,35900,35900.0,35900,1
intel_gpu_plugin,constant:Reshape_1093_weights_reorder_43::execute,111700,111700,111700.0,111700,1
intel_gpu_plugin,NetworkImpl::Execute,905600,341708900,7913252.2727272725,696366200,88
intel_gpu_plugin,pass::PropagateConstants,368193700,368193700,368193700.0,368193700,1
intel_gpu_plugin,Program::transfer_memory_to_device,1940000,1940000,1940000.0,1940000,1
intel_gpu_plugin,ProgramBuilder::CreateProgram,767856900,767856900,767856900.0,767856900,1
intel_gpu_plugin,ProgramBuilder::build,771581500,771581500,771581500.0,771581500,1
intel_gpu_plugin,NetworkImpl::TransferMemory,100,6000,392.72727272727275,43200,110
intel_gpu_plugin,Graph::build,7253300,7253300,7253300.0,7253300,1
intel_gpu_plugin,Plugin::compile_model::CreateCompiledModel,868865000,868865000,868865000.0,868865000,1
intel_gpu_plugin,Plugin::compile_model,1312963700,1312963700,1312963700.0,1312963700,1
intel_gpu_plugin,RemoteTensorImpl::Allocate,40100,175500,120466.66666666667,361400,3
intel_gpu_plugin,SyncInferRequest::create_host_tensor,183600,794500,489050.0,978100,2
intel_gpu_plugin,SyncInferRequest::allocate_inputs,3056000,3056000,3056000.0,3056000,1
intel_gpu_plugin,SyncInferRequest::allocate_outputs,954700,954700,954700.0,954700,1
intel_gpu_plugin,CompiledModel::create_sync_infer_request,5357300,5357300,5357300.0,5357300,1
intel_gpu_plugin,SyncInferRequest::set_tensor,18200,49600,22110.344827586207,1923600,87
intel_gpu_plugin,SyncInferRequest::prepare_input: parameter:pixel_values,191800,517600,233749.4252873563,20336200,87
intel_gpu_plugin,SyncInferRequest::prepare_output,20000,44900,25027.58620689655,2177400,87
intel_gpu_plugin,set_arguments: parameter:pixel_values,1800,1800,1800.0,1800,1
intel_gpu_plugin,set_arguments: convert:Convert_3581,1400,32200,2669.318181818182,234900,88
intel_gpu_plugin,set_arguments: convolution:/conv1/Conv/WithoutBiases,46600,49900,48250.0,96500,2
intel_gpu_plugin,set_arguments: convolution:/conv2_1/Conv/WithoutBiases,21800,39000,30400.0,60800,2
intel_gpu_plugin,set_arguments: convolution:/conv2_2/Conv/WithoutBiases,20500,34500,27500.0,55000,2
intel_gpu_plugin,set_arguments: reducemean:/ReduceMean,18900,23400,21150.0,42300,2
intel_gpu_plugin,set_arguments: convolution:/conv3_1/Conv/WithoutBiases,27100,45000,36050.0,72100,2
intel_gpu_plugin,set_arguments: convolution:/conv3_2/Conv/WithoutBiases,24600,30800,27700.0,55400,2
intel_gpu_plugin,set_arguments: multiply:/Mul,11500,27900,19700.0,39400,2
intel_gpu_plugin,set_arguments: convolution:/conv3_3/Conv/WithoutBiases,23400,33000,28200.0,56400,2
intel_gpu_plugin,set_arguments: convolution:/conv4_1/Conv/WithoutBiases,21200,33300,27250.0,54500,2
intel_gpu_plugin,set_arguments: convolution:/conv4_2/Conv/WithoutBiases,19300,37700,28500.0,57000,2
intel_gpu_plugin,set_arguments: convolution:/conv4_3/Conv/WithoutBiases,33700,36000,34850.0,69700,2
intel_gpu_plugin,set_arguments: convolution:/conv5_1/Conv/WithoutBiases,38100,42200,40150.0,80300,2
intel_gpu_plugin,set_arguments: convolution:/conv5_2/Conv/WithoutBiases,24500,35600,30050.0,60100,2
intel_gpu_plugin,set_arguments: convolution:/conv5_3/Conv/WithoutBiases,22900,32100,27500.0,55000,2
intel_gpu_plugin,set_arguments: convolution:/conv6_1/Conv/WithoutBiases,19400,34500,26950.0,53900,2
intel_gpu_plugin,set_arguments: convolution:/conv6_2/Conv/WithoutBiases,22400,39700,31050.0,62100,2
intel_gpu_plugin,set_arguments: reducemean:/sub_block1/ReduceMean,28200,30600,29400.0,58800,2
intel_gpu_plugin,set_arguments: convolution:/sub_block1/conv1/Conv/WithoutBiases,22000,31700,26850.0,53700,2
intel_gpu_plugin,set_arguments: convolution:/sub_block1/conv2/Conv/WithoutBiases,24000,31500,27750.0,55500,2
intel_gpu_plugin,set_arguments: multiply:/sub_block1/Mul,13600,33400,23500.0,47000,2
intel_gpu_plugin,set_arguments: convolution:/sub_block1/conv3/Conv/WithoutBiases,34000,35000,34500.0,69000,2
intel_gpu_plugin,set_arguments: convolution:/block1/conv1/Conv/WithoutBiases,23000,30100,26550.0,53100,2
intel_gpu_plugin,set_arguments: convolution:/block1/conv2/Conv/WithoutBiases,18900,34500,26700.0,53400,2
intel_gpu_plugin,set_arguments: reducemean:/block1/sub_block/ReduceMean,19700,26600,23150.0,46300,2
intel_gpu_plugin,set_arguments: convolution:/block1/sub_block/conv1/Conv/WithoutBiases,33200,73400,53300.0,106600,2
intel_gpu_plugin,set_arguments: convolution:/block1/sub_block/conv2/Conv/WithoutBiases,27600,30100,28850.0,57700,2
intel_gpu_plugin,set_arguments: multiply:/block1/sub_block/Mul,13800,41700,27750.0,55500,2
intel_gpu_plugin,set_arguments: convolution:/block1/sub_block/conv3/Conv/WithoutBiases,26600,42300,34450.0,68900,2
intel_gpu_plugin,set_arguments: convolution:/block2/conv1/Conv/WithoutBiases,19400,36500,27950.0,55900,2
intel_gpu_plugin,set_arguments: convolution:/block2/conv2/Conv/WithoutBiases,19000,40600,29800.0,59600,2
intel_gpu_plugin,set_arguments: reducemean:/block2/sub_block/ReduceMean,14300,29000,21650.0,43300,2
intel_gpu_plugin,set_arguments: convolution:/block2/sub_block/conv1/Conv/WithoutBiases,19400,31400,25400.0,50800,2
intel_gpu_plugin,set_arguments: convolution:/block2/sub_block/conv2/Conv/WithoutBiases,18500,26800,22650.0,45300,2
intel_gpu_plugin,set_arguments: multiply:/block2/sub_block/Mul,13300,29900,21600.0,43200,2
intel_gpu_plugin,set_arguments: convolution:/block2/sub_block/conv3/Conv/WithoutBiases,31600,41100,36350.0,72700,2
intel_gpu_plugin,set_arguments: convolution:/block3/conv1/Conv/WithoutBiases,27100,28600,27850.0,55700,2
intel_gpu_plugin,set_arguments: convolution:/block3/conv2/Conv/WithoutBiases,27200,31400,29300.0,58600,2
intel_gpu_plugin,set_arguments: reducemean:/block3/sub_block/ReduceMean,27100,32500,29800.0,59600,2
intel_gpu_plugin,set_arguments: convolution:/block3/sub_block/conv1/Conv/WithoutBiases,26400,29900,28150.0,56300,2
intel_gpu_plugin,set_arguments: convolution:/block3/sub_block/conv2/Conv/WithoutBiases,25400,27200,26300.0,52600,2
intel_gpu_plugin,set_arguments: multiply:/block3/sub_block/Mul,13000,34800,23900.0,47800,2
intel_gpu_plugin,set_arguments: convolution:/block3/sub_block/conv3/Conv/WithoutBiases,36600,42200,39400.0,78800,2
intel_gpu_plugin,set_arguments: convolution:/block4/conv1/Conv/WithoutBiases,21000,38900,29950.0,59900,2
intel_gpu_plugin,set_arguments: convolution:/block4/conv2/Conv/WithoutBiases,17200,35300,26250.0,52500,2
intel_gpu_plugin,set_arguments: reducemean:/block4/sub_block/ReduceMean,14900,34600,24750.0,49500,2
intel_gpu_plugin,set_arguments: convolution:/block4/sub_block/conv1/Conv/WithoutBiases,19800,42200,31000.0,62000,2
intel_gpu_plugin,set_arguments: convolution:/block4/sub_block/conv2/Conv/WithoutBiases,19700,35200,27450.0,54900,2
intel_gpu_plugin,set_arguments: multiply:/block4/sub_block/Mul,16100,28800,22450.0,44900,2
intel_gpu_plugin,set_arguments: convolution:/block4/sub_block/conv3/Conv/WithoutBiases,20200,39400,29800.0,59600,2
intel_gpu_plugin,set_arguments: reducemean:/ReduceMean_1,16100,26800,21450.0,42900,2
intel_gpu_plugin,set_arguments: convolution:/conv8/Conv/WithoutBiases,20400,31600,26000.0,52000,2
intel_gpu_plugin,set_arguments: convolution:/conv7/Conv/WithoutBiases,35100,38000,36550.0,73100,2
intel_gpu_plugin,set_arguments: interpolate:/final_block1/interp/Resize,10800,28900,19850.0,39700,2
intel_gpu_plugin,set_arguments: convolution:/final_block1/conv1/Conv/WithoutBiases,32800,36200,34500.0,69000,2
intel_gpu_plugin,set_arguments: add:/final_block1/Add,14100,22100,18100.0,36200,2
intel_gpu_plugin,set_arguments: reducemean:/final_block1/ReduceMean,22100,41500,31800.0,63600,2
intel_gpu_plugin,set_arguments: convolution:/final_block1/conv2/Conv/WithoutBiases,25000,38400,31700.0,63400,2
intel_gpu_plugin,set_arguments: convolution:/final_block1/conv3/Conv/WithoutBiases,21100,38400,29750.0,59500,2
intel_gpu_plugin,set_arguments: multiply:/final_block1/Mul,20800,25300,23050.0,46100,2
intel_gpu_plugin,set_arguments: convolution:/final_block1/conv4/Conv/WithoutBiases,22800,35000,28900.0,57800,2
intel_gpu_plugin,set_arguments: convolution:/final_block1/conv5/Conv/WithoutBiases,19300,39500,29400.0,58800,2
intel_gpu_plugin,set_arguments: interpolate:/final_block2/interp/Resize,11400,18900,15150.0,30300,2
intel_gpu_plugin,set_arguments: convolution:/final_block2/conv1/Conv/WithoutBiases,35900,80600,58250.0,116500,2
intel_gpu_plugin,set_arguments: add:/final_block2/Add,11500,24400,17950.0,35900,2
intel_gpu_plugin,set_arguments: reducemean:/final_block2/ReduceMean,23500,29700,26600.0,53200,2
intel_gpu_plugin,set_arguments: convolution:/final_block2/conv2/Conv/WithoutBiases,22100,37300,29700.0,59400,2
intel_gpu_plugin,set_arguments: convolution:/final_block2/conv3/Conv/WithoutBiases,24000,31100,27550.0,55100,2
intel_gpu_plugin,set_arguments: multiply:/final_block2/Mul,14100,27000,20550.0,41100,2
intel_gpu_plugin,set_arguments: convolution:/final_block2/conv4/Conv/WithoutBiases,30700,43100,36900.0,73800,2
intel_gpu_plugin,set_arguments: convolution:/final_block2/conv5/Conv/WithoutBiases,23900,43400,33650.0,67300,2
intel_gpu_plugin,set_arguments: interpolate:/final_block3/interp/Resize,11500,22100,16800.0,33600,2
intel_gpu_plugin,set_arguments: convolution:/final_block3/conv1/Conv/WithoutBiases,21800,38300,30050.0,60100,2
intel_gpu_plugin,set_arguments: add:/final_block3/Add,14100,17200,15650.0,31300,2
intel_gpu_plugin,set_arguments: reducemean:/final_block3/ReduceMean,23300,37600,30450.0,60900,2
intel_gpu_plugin,set_arguments: convolution:/final_block3/conv2/Conv/WithoutBiases,28600,37100,32850.0,65700,2
intel_gpu_plugin,set_arguments: convolution:/final_block3/conv3/Conv/WithoutBiases,22100,37600,29850.0,59700,2
intel_gpu_plugin,set_arguments: multiply:/final_block3/Mul,13600,28000,20800.0,41600,2
intel_gpu_plugin,set_arguments: convolution:/final_block3/conv4/Conv/WithoutBiases,37700,50300,44000.0,88000,2
intel_gpu_plugin,set_arguments: convolution:/final_block3/conv5/Conv/WithoutBiases,31500,37300,34400.0,68800,2
intel_gpu_plugin,set_arguments: convolutionbackpropdata:ConvolutionBackpropData_1419,39100,55100,47100.0,94200,2
intel_gpu_plugin,set_arguments: result:alphas/sink_port_0,800,36400,5691.954022988506,990400,174
intel_gpu_plugin,parameter:pixel_values::prepare,2200,12100,3006.896551724138,261600,87
intel_gpu_plugin,parameter:pixel_values::execute,600,2800,858.6206896551724,74700,87
intel_gpu_plugin,convert:Convert_3581::prepare,4100,27000,5290.80459770115,460300,87
intel_gpu_plugin,convert:Convert_3581::execute,12600,120500,16929.885057471263,1472900,87
intel_gpu_plugin,convolution:/conv1/Conv/WithoutBiases::prepare,1700,68800,3013.793103448276,262200,87
intel_gpu_plugin,convolution:/conv1/Conv/WithoutBiases::execute,43500,186200,50225.28735632184,4369600,87
intel_gpu_plugin,convolution:/conv2_1/Conv/WithoutBiases::prepare,1200,55500,2235.632183908046,194500,87
intel_gpu_plugin,convolution:/conv2_1/Conv/WithoutBiases::execute,10800,125100,14233.333333333334,1238300,87
intel_gpu_plugin,convolution:/conv2_2/Conv/WithoutBiases::prepare,1200,46500,2289.655172413793,199200,87
intel_gpu_plugin,convolution:/conv2_2/Conv/WithoutBiases::execute,9200,87900,11498.850574712644,1000400,87
intel_gpu_plugin,reducemean:/ReduceMean::prepare,1000,33700,2098.8505747126437,182600,87
intel_gpu_plugin,reducemean:/ReduceMean::execute,11300,164000,15054.022988505747,1309700,87
intel_gpu_plugin,convolution:/conv3_1/Conv/WithoutBiases::prepare,1300,59900,2428.735632183908,211300,87
intel_gpu_plugin,convolution:/conv3_1/Conv/WithoutBiases::execute,8500,84500,10822.988505747126,941600,87
intel_gpu_plugin,convolution:/conv3_2/Conv/WithoutBiases::prepare,1000,40900,1760.9195402298851,153200,87
intel_gpu_plugin,convolution:/conv3_2/Conv/WithoutBiases::execute,8300,82000,10287.356321839081,895000,87
intel_gpu_plugin,multiply:/Mul::prepare,1100,22300,1781.6091954022988,155000,87
intel_gpu_plugin,multiply:/Mul::execute,5300,56800,7291.954022988506,634400,87
intel_gpu_plugin,convolution:/conv3_3/Conv/WithoutBiases::prepare,800,42000,1606.896551724138,139800,87
intel_gpu_plugin,convolution:/conv3_3/Conv/WithoutBiases::execute,7700,88400,10425.28735632184,907000,87
intel_gpu_plugin,convolution:/conv4_1/Conv/WithoutBiases::prepare,1000,42100,1954.0229885057472,170000,87
intel_gpu_plugin,convolution:/conv4_1/Conv/WithoutBiases::execute,7700,104900,10232.183908045978,890200,87
intel_gpu_plugin,convolution:/conv4_2/Conv/WithoutBiases::prepare,1000,59700,2072.4137931034484,180300,87
intel_gpu_plugin,convolution:/conv4_2/Conv/WithoutBiases::execute,8100,97600,10440.229885057472,908300,87
intel_gpu_plugin,convolution:/conv4_3/Conv/WithoutBiases::prepare,800,56200,1819.5402298850574,158300,87
intel_gpu_plugin,convolution:/conv4_3/Conv/WithoutBiases::execute,8200,99700,10155.172413793103,883500,87
intel_gpu_plugin,convolution:/conv5_1/Conv/WithoutBiases::prepare,900,56100,2121.8390804597702,184600,87
intel_gpu_plugin,convolution:/conv5_1/Conv/WithoutBiases::execute,7500,117000,9795.402298850575,852200,87
intel_gpu_plugin,convolution:/conv5_2/Conv/WithoutBiases::prepare,900,48500,1762.0689655172414,153300,87
intel_gpu_plugin,convolution:/conv5_2/Conv/WithoutBiases::execute,8000,110300,10697.701149425287,930700,87
intel_gpu_plugin,convolution:/conv5_3/Conv/WithoutBiases::prepare,1200,44400,2059.770114942529,179200,87
intel_gpu_plugin,convolution:/conv5_3/Conv/WithoutBiases::execute,7500,92100,9387.356321839081,816700,87
intel_gpu_plugin,convolution:/conv6_1/Conv/WithoutBiases::prepare,1100,46800,2016.0919540229886,175400,87
intel_gpu_plugin,convolution:/conv6_1/Conv/WithoutBiases::execute,7600,92300,9604.597701149425,835600,87
intel_gpu_plugin,convolution:/conv6_2/Conv/WithoutBiases::prepare,1100,55200,2270.114942528736,197500,87
intel_gpu_plugin,convolution:/conv6_2/Conv/WithoutBiases::execute,7800,115000,9843.67816091954,856400,87
intel_gpu_plugin,reducemean:/sub_block1/ReduceMean::prepare,1200,41400,2040.2298850574712,177500,87
intel_gpu_plugin,reducemean:/sub_block1/ReduceMean::execute,10300,175800,13493.103448275862,1173900,87
intel_gpu_plugin,convolution:/sub_block1/conv1/Conv/WithoutBiases::prepare,1000,43200,1703.448275862069,148200,87
intel_gpu_plugin,convolution:/sub_block1/conv1/Conv/WithoutBiases::execute,7500,84200,9382.758620689656,816300,87
intel_gpu_plugin,convolution:/sub_block1/conv2/Conv/WithoutBiases::prepare,900,53000,1789.655172413793,155700,87
intel_gpu_plugin,convolution:/sub_block1/conv2/Conv/WithoutBiases::execute,7500,99700,9558.620689655172,831600,87
intel_gpu_plugin,multiply:/sub_block1/Mul::prepare,800,24700,1358.6206896551723,118200,87
intel_gpu_plugin,multiply:/sub_block1/Mul::execute,3900,63200,5385.057471264367,468500,87
intel_gpu_plugin,convolution:/sub_block1/conv3/Conv/WithoutBiases::prepare,1200,46400,2004.5977011494253,174400,87
intel_gpu_plugin,convolution:/sub_block1/conv3/Conv/WithoutBiases::execute,8400,98300,10367.816091954022,902000,87
intel_gpu_plugin,convolution:/block1/conv1/Conv/WithoutBiases::prepare,900,40600,1826.4367816091954,158900,87
intel_gpu_plugin,convolution:/block1/conv1/Conv/WithoutBiases::execute,7400,99600,9729.885057471265,846500,87
intel_gpu_plugin,convolution:/block1/conv2/Conv/WithoutBiases::prepare,1000,47700,2039.0804597701149,177400,87
intel_gpu_plugin,convolution:/block1/conv2/Conv/WithoutBiases::execute,7800,108900,10160.919540229885,884000,87
intel_gpu_plugin,reducemean:/block1/sub_block/ReduceMean::prepare,800,39600,1578.16091954023,137300,87
intel_gpu_plugin,reducemean:/block1/sub_block/ReduceMean::execute,5200,73100,6700.0,582900,87
intel_gpu_plugin,convolution:/block1/sub_block/conv1/Conv/WithoutBiases::prepare,800,45700,1712.6436781609195,149000,87
intel_gpu_plugin,convolution:/block1/sub_block/conv1/Conv/WithoutBiases::execute,7700,117200,10372.413793103447,902400,87
intel_gpu_plugin,convolution:/block1/sub_block/conv2/Conv/WithoutBiases::prepare,900,42400,1752.8735632183907,152500,87
intel_gpu_plugin,convolution:/block1/sub_block/conv2/Conv/WithoutBiases::execute,8100,86200,9935.632183908046,864400,87
intel_gpu_plugin,multiply:/block1/sub_block/Mul::prepare,900,25800,1525.287356321839,132700,87
intel_gpu_plugin,multiply:/block1/sub_block/Mul::execute,3700,105300,5542.528735632184,482200,87
intel_gpu_plugin,convolution:/block1/sub_block/conv3/Conv/WithoutBiases::prepare,1000,55100,1963.2183908045977,170800,87
intel_gpu_plugin,convolution:/block1/sub_block/conv3/Conv/WithoutBiases::execute,7200,179300,10202.298850574713,887600,87
intel_gpu_plugin,convolution:/block2/conv1/Conv/WithoutBiases::prepare,1000,50100,1927.5862068965516,167700,87
intel_gpu_plugin,convolution:/block2/conv1/Conv/WithoutBiases::execute,5200,83600,6673.563218390805,580600,87
intel_gpu_plugin,convolution:/block2/conv2/Conv/WithoutBiases::prepare,900,56000,1727.5862068965516,150300,87
intel_gpu_plugin,convolution:/block2/conv2/Conv/WithoutBiases::execute,4800,92800,6426.436781609195,559100,87
intel_gpu_plugin,reducemean:/block2/sub_block/ReduceMean::prepare,900,41400,1637.9310344827586,142500,87
intel_gpu_plugin,reducemean:/block2/sub_block/ReduceMean::execute,4100,80500,5409.19540229885,470600,87
intel_gpu_plugin,convolution:/block2/sub_block/conv1/Conv/WithoutBiases::prepare,1000,41900,1829.8850574712644,159200,87
intel_gpu_plugin,convolution:/block2/sub_block/conv1/Conv/WithoutBiases::execute,4900,68300,6125.287356321839,532900,87
intel_gpu_plugin,convolution:/block2/sub_block/conv2/Conv/WithoutBiases::prepare,800,36700,1616.0919540229886,140600,87
intel_gpu_plugin,convolution:/block2/sub_block/conv2/Conv/WithoutBiases::execute,4700,69700,6205.747126436781,539900,87
intel_gpu_plugin,multiply:/block2/sub_block/Mul::prepare,800,25200,1431.0344827586207,124500,87
intel_gpu_plugin,multiply:/block2/sub_block/Mul::execute,3500,62700,4618.390804597701,401800,87
intel_gpu_plugin,convolution:/block2/sub_block/conv3/Conv/WithoutBiases::prepare,1000,56000,2073.5632183908046,180400,87
intel_gpu_plugin,convolution:/block2/sub_block/conv3/Conv/WithoutBiases::execute,4600,90900,6233.333333333333,542300,87
intel_gpu_plugin,convolution:/block3/conv1/Conv/WithoutBiases::prepare,1000,38800,1808.0459770114942,157300,87
intel_gpu_plugin,convolution:/block3/conv1/Conv/WithoutBiases::execute,7400,97700,9562.068965517241,831900,87
intel_gpu_plugin,convolution:/block3/conv2/Conv/WithoutBiases::prepare,900,37300,1589.655172413793,138300,87
intel_gpu_plugin,convolution:/block3/conv2/Conv/WithoutBiases::execute,7600,103800,9979.310344827587,868200,87
intel_gpu_plugin,reducemean:/block3/sub_block/ReduceMean::prepare,900,38800,1535.632183908046,133600,87
intel_gpu_plugin,reducemean:/block3/sub_block/ReduceMean::execute,3800,71100,5195.402298850575,452000,87
intel_gpu_plugin,convolution:/block3/sub_block/conv1/Conv/WithoutBiases::prepare,900,35400,1745.9770114942528,151900,87
intel_gpu_plugin,convolution:/block3/sub_block/conv1/Conv/WithoutBiases::execute,4800,55300,6181.609195402299,537800,87
intel_gpu_plugin,convolution:/block3/sub_block/conv2/Conv/WithoutBiases::prepare,900,34500,1541.3793103448277,134100,87
intel_gpu_plugin,convolution:/block3/sub_block/conv2/Conv/WithoutBiases::execute,4500,63300,6002.298850574713,522200,87
intel_gpu_plugin,multiply:/block3/sub_block/Mul::prepare,800,23400,1483.9080459770114,129100,87
intel_gpu_plugin,multiply:/block3/sub_block/Mul::execute,3000,60500,4234.482758620689,368400,87
intel_gpu_plugin,convolution:/block3/sub_block/conv3/Conv/WithoutBiases::prepare,900,55500,1831.0344827586207,159300,87
intel_gpu_plugin,convolution:/block3/sub_block/conv3/Conv/WithoutBiases::execute,7000,139400,9577.011494252874,833200,87
intel_gpu_plugin,convolution:/block4/conv1/Conv/WithoutBiases::prepare,800,52900,1728.7356321839081,150400,87
intel_gpu_plugin,convolution:/block4/conv1/Conv/WithoutBiases::execute,4500,82600,5977.0114942528735,520000,87
intel_gpu_plugin,convolution:/block4/conv2/Conv/WithoutBiases::prepare,700,48100,1448.2758620689656,126000,87
intel_gpu_plugin,convolution:/block4/conv2/Conv/WithoutBiases::execute,4900,84600,6485.057471264367,564200,87
intel_gpu_plugin,reducemean:/block4/sub_block/ReduceMean::prepare,700,51100,1609.1954022988505,140000,87
intel_gpu_plugin,reducemean:/block4/sub_block/ReduceMean::execute,3800,88500,5775.862068965517,502500,87
intel_gpu_plugin,convolution:/block4/sub_block/conv1/Conv/WithoutBiases::prepare,800,55300,1835.632183908046,159700,87
intel_gpu_plugin,convolution:/block4/sub_block/conv1/Conv/WithoutBiases::execute,4700,83800,6194.252873563219,538900,87
intel_gpu_plugin,convolution:/block4/sub_block/conv2/Conv/WithoutBiases::prepare,700,48600,1552.8735632183907,135100,87
intel_gpu_plugin,convolution:/block4/sub_block/conv2/Conv/WithoutBiases::execute,4800,80300,6351.724137931034,552600,87
intel_gpu_plugin,multiply:/block4/sub_block/Mul::prepare,1000,43500,1729.8850574712644,150500,87
intel_gpu_plugin,multiply:/block4/sub_block/Mul::execute,3000,66600,4198.850574712644,365300,87
intel_gpu_plugin,convolution:/block4/sub_block/conv3/Conv/WithoutBiases::prepare,900,50600,1920.6896551724137,167100,87
intel_gpu_plugin,convolution:/block4/sub_block/conv3/Conv/WithoutBiases::execute,4700,84700,6226.436781609195,541700,87
intel_gpu_plugin,reducemean:/ReduceMean_1::prepare,700,38300,1513.7931034482758,131700,87
intel_gpu_plugin,reducemean:/ReduceMean_1::execute,5600,79900,7411.494252873563,644800,87
intel_gpu_plugin,convolution:/conv8/Conv/WithoutBiases::prepare,900,42400,1583.9080459770114,137800,87
intel_gpu_plugin,convolution:/conv8/Conv/WithoutBiases::execute,5000,74200,6551.724137931034,570000,87
intel_gpu_plugin,convolution:/conv7/Conv/WithoutBiases::prepare,800,46200,1801.1494252873563,156700,87
intel_gpu_plugin,convolution:/conv7/Conv/WithoutBiases::execute,8200,95200,10597.701149425287,922000,87
intel_gpu_plugin,interpolate:/final_block1/interp/Resize::prepare,1100,21000,1894.2528735632184,164800,87
intel_gpu_plugin,interpolate:/final_block1/interp/Resize::execute,4400,75500,6075.862068965517,528600,87
intel_gpu_plugin,convolution:/final_block1/conv1/Conv/WithoutBiases::prepare,900,47500,1758.6206896551723,153000,87
intel_gpu_plugin,convolution:/final_block1/conv1/Conv/WithoutBiases::execute,7700,97900,10360.919540229885,901400,87
intel_gpu_plugin,add:/final_block1/Add::prepare,900,125000,3000.0,261000,87
intel_gpu_plugin,add:/final_block1/Add::execute,3800,84800,6000.0,522000,87
intel_gpu_plugin,reducemean:/final_block1/ReduceMean::prepare,900,55600,2009.1954022988505,174800,87
intel_gpu_plugin,reducemean:/final_block1/ReduceMean::execute,6800,163400,9772.413793103447,850200,87
intel_gpu_plugin,convolution:/final_block1/conv2/Conv/WithoutBiases::prepare,700,51700,1698.8505747126437,147800,87
intel_gpu_plugin,convolution:/final_block1/conv2/Conv/WithoutBiases::execute,7400,112500,10512.643678160919,914600,87
intel_gpu_plugin,convolution:/final_block1/conv3/Conv/WithoutBiases::prepare,900,52300,1889.655172413793,164400,87
intel_gpu_plugin,convolution:/final_block1/conv3/Conv/WithoutBiases::execute,7200,106700,9675.862068965518,841800,87
intel_gpu_plugin,multiply:/final_block1/Mul::prepare,800,31500,1454.0229885057472,126500,87
intel_gpu_plugin,multiply:/final_block1/Mul::execute,3800,59300,5044.827586206897,438900,87
intel_gpu_plugin,convolution:/final_block1/conv4/Conv/WithoutBiases::prepare,800,44400,1642.528735632184,142900,87
intel_gpu_plugin,convolution:/final_block1/conv4/Conv/WithoutBiases::execute,7600,85800,9716.091954022988,845300,87
intel_gpu_plugin,convolution:/final_block1/conv5/Conv/WithoutBiases::prepare,800,55900,1708.0459770114942,148600,87
intel_gpu_plugin,convolution:/final_block1/conv5/Conv/WithoutBiases::execute,7600,131600,9800.0,852600,87
intel_gpu_plugin,interpolate:/final_block2/interp/Resize::prepare,800,23500,1340.2298850574712,116600,87
intel_gpu_plugin,interpolate:/final_block2/interp/Resize::execute,4200,118300,6120.689655172414,532500,87
intel_gpu_plugin,convolution:/final_block2/conv1/Conv/WithoutBiases::prepare,900,45500,1837.9310344827586,159900,87
intel_gpu_plugin,convolution:/final_block2/conv1/Conv/WithoutBiases::execute,7000,107100,9800.0,852600,87
intel_gpu_plugin,add:/final_block2/Add::prepare,800,22100,1310.344827586207,114000,87
intel_gpu_plugin,add:/final_block2/Add::execute,3100,56500,4521.83908045977,393400,87
intel_gpu_plugin,reducemean:/final_block2/ReduceMean::prepare,800,40300,1581.6091954022988,137600,87
intel_gpu_plugin,reducemean:/final_block2/ReduceMean::execute,4700,79700,6791.954022988506,590900,87
intel_gpu_plugin,convolution:/final_block2/conv2/Conv/WithoutBiases::prepare,800,51200,1705.7471264367816,148400,87
intel_gpu_plugin,convolution:/final_block2/conv2/Conv/WithoutBiases::execute,7800,111200,10288.505747126437,895100,87
intel_gpu_plugin,convolution:/final_block2/conv3/Conv/WithoutBiases::prepare,900,42100,1706.896551724138,148500,87
intel_gpu_plugin,convolution:/final_block2/conv3/Conv/WithoutBiases::execute,7300,105800,9688.505747126437,842900,87
intel_gpu_plugin,multiply:/final_block2/Mul::prepare,600,26300,1225.287356321839,106600,87
intel_gpu_plugin,multiply:/final_block2/Mul::execute,3700,68100,4924.137931034483,428400,87
intel_gpu_plugin,convolution:/final_block2/conv4/Conv/WithoutBiases::prepare,800,58400,1801.1494252873563,156700,87
intel_gpu_plugin,convolution:/final_block2/conv4/Conv/WithoutBiases::execute,8200,146600,10813.793103448275,940800,87
intel_gpu_plugin,convolution:/final_block2/conv5/Conv/WithoutBiases::prepare,900,58300,1888.5057471264367,164300,87
intel_gpu_plugin,convolution:/final_block2/conv5/Conv/WithoutBiases::execute,7400,117900,9725.28735632184,846100,87
intel_gpu_plugin,interpolate:/final_block3/interp/Resize::prepare,900,23400,1448.2758620689656,126000,87
intel_gpu_plugin,interpolate:/final_block3/interp/Resize::execute,3500,57700,4878.16091954023,424400,87
intel_gpu_plugin,convolution:/final_block3/conv1/Conv/WithoutBiases::prepare,1000,49200,2035.632183908046,177100,87
intel_gpu_plugin,convolution:/final_block3/conv1/Conv/WithoutBiases::execute,7100,103600,9360.919540229885,814400,87
intel_gpu_plugin,add:/final_block3/Add::prepare,700,26800,1381.6091954022988,120200,87
intel_gpu_plugin,add:/final_block3/Add::execute,3200,73500,4754.022988505747,413600,87
intel_gpu_plugin,reducemean:/final_block3/ReduceMean::prepare,800,51800,1597.7011494252874,139000,87
intel_gpu_plugin,reducemean:/final_block3/ReduceMean::execute,11900,279600,16409.19540229885,1427600,87
intel_gpu_plugin,convolution:/final_block3/conv2/Conv/WithoutBiases::prepare,700,50900,1605.7471264367816,139700,87
intel_gpu_plugin,convolution:/final_block3/conv2/Conv/WithoutBiases::execute,4900,88800,6375.862068965517,554700,87
intel_gpu_plugin,convolution:/final_block3/conv3/Conv/WithoutBiases::prepare,800,52300,1652.8735632183907,143800,87
intel_gpu_plugin,convolution:/final_block3/conv3/Conv/WithoutBiases::execute,4700,84400,6136.781609195402,533900,87
intel_gpu_plugin,multiply:/final_block3/Mul::prepare,700,26400,1406.896551724138,122400,87
intel_gpu_plugin,multiply:/final_block3/Mul::execute,3500,67600,5071.264367816092,441200,87
intel_gpu_plugin,convolution:/final_block3/conv4/Conv/WithoutBiases::prepare,700,63100,1831.0344827586207,159300,87
intel_gpu_plugin,convolution:/final_block3/conv4/Conv/WithoutBiases::execute,5200,82100,7481.609195402299,650900,87
intel_gpu_plugin,convolution:/final_block3/conv5/Conv/WithoutBiases::prepare,700,51200,1611.4942528735633,140200,87
intel_gpu_plugin,convolution:/final_block3/conv5/Conv/WithoutBiases::execute,7100,110500,10017.241379310344,871500,87
intel_gpu_plugin,convolutionbackpropdata:ConvolutionBackpropData_1419::prepare,800,53700,1763.2183908045977,153400,87
intel_gpu_plugin,convolutionbackpropdata:ConvolutionBackpropData_1419::execute,10800,118500,13668.965517241379,1189200,87
intel_gpu_plugin,result:alphas/sink_port_0::prepare,1500,26800,3256.32183908046,283300,87
intel_gpu_plugin,result:alphas/sink_port_0::execute,4500,77300,7232.183908045977,629200,87
intel_gpu_plugin,SyncInferRequest::wait::reinterpret_memory,1600,17700,3735.632183908046,325000,87
ov__LoadTime,CoreImpl::get_plugin,102146400,153193300,127669850.0,255339700,2
ov__LoadTime,Core::compile_model::Path,1105257700,1473715500,1289486600.0,2578973200,2
SIMPLE_ov_op_exec,v0_Parameter_validate_and_infer_types,100,483500,1561.883899233297,1426000,913
SIMPLE_ov_op_exec,v1_Convolution_validate_and_infer_types,500,25700,977.8741865509761,1803200,1844
SIMPLE_ov_op_exec,v3_ShapeOf_validate_and_infer_types,100,3500,202.28571428571428,212400,1050
SIMPLE_ov_op_exec,v0_util_BinaryElementwiseArithmetic_validate_and_infer_types,100,19400,708.0600750938673,2828700,3995
SIMPLE_ov_op_exec,evaluate_shape_of_i64,100,19700,170.85987261146497,107300,628
SIMPLE_ov_op_exec,v1_Subtract_evaluate,600,1546300,2085.956790123457,2703400,1296
SIMPLE_ov_op_exec,v3_Broadcast_validate_and_infer_types,600,3221600,21930.93525179856,6096800,278
SIMPLE_ov_op_exec,v0_Concat_validate_and_infer_types,600,90800,1242.8134556574923,406400,327
SIMPLE_ov_op_exec,util_BroadcastBase_evaluate_axes,200,15100,406.3636363636364,134100,330
SIMPLE_ov_op_exec,util_BroadcastBase_evaluate,900,752800,4126.969696969697,1361900,330
SIMPLE_ov_op_exec,v3_Broadcast_evaluate,1000,1792400,7397.575757575758,2441200,330
SIMPLE_ov_op_exec,v0_Concat_evaluate,700,14300,1002.3076923076923,390900,390
SIMPLE_ov_op_exec,v1_Reshape_validate_and_infer_types,1000,10589500,32424.089635854343,23150800,714
SIMPLE_ov_op_exec,util_UnaryElementwiseArithmetic_validate_and_infer_types,100,6600,195.19788918205805,369900,1895
SIMPLE_ov_op_exec,v1_VariadicSplit_validate_and_infer_types,1000,14800,2410.169491525424,142200,59
SIMPLE_ov_op_exec,v1_VariadicSplit_evaluate,1200,17800,2042.4242424242425,134800,66
SIMPLE_ov_op_exec,v1_Split_evaluate_lower,1700,554400,19063.636363636364,629100,33
SIMPLE_ov_op_exec,v1_Split_evaluate_upper,1400,9000,1812.121212121212,59800,33
SIMPLE_ov_op_exec,v0_util_BinaryElementwiseComparison_validate_and_infer_types,300,40100,864.7058823529412,117600,136
SIMPLE_ov_op_exec,v1_Equal_evaluate,600,770900,5578.787878787879,920500,165
SIMPLE_ov_op_exec,v0_util_BinaryElementwiseLogical_validate_and_infer_types,300,6100,622.0588235294117,42300,68
SIMPLE_ov_op_exec,v1_LogicalOr_evaluate,500,13300,943.939393939394,62300,66
SIMPLE_ov_op_exec,v1_Less_evaluate,600,1220400,10144.69696969697,1339100,132
SIMPLE_ov_op_exec,v1_LogicalAnd_evaluate,500,8100,772.7272727272727,51000,66
SIMPLE_ov_op_exec,v1_Select_evaluate,1100,593900,3430.909090909091,1132200,330
SIMPLE_ov_op_exec,v1_Divide_evaluate,700,603400,10103.030303030304,666800,66
SIMPLE_ov_op_exec,v1_GroupConvolution_validate_and_infer_types,500,11600,1056.687898089172,497700,471
SIMPLE_ov_op_exec,v0_util_ArithmeticReductionKeepDims_validate_and_infer_types,600,10700,1362.4434389140272,602200,442
SIMPLE_ov_op_exec,util_InterpolateBase_validate_and_infer_types,100,1600,186.0215053763441,17300,93
SIMPLE_ov_op_exec,v11_Interpolate_validate_and_infer_types,900,669200,14003.333333333334,840200,60
SIMPLE_ov_op_exec,v1_ConvolutionBackpropData_validate_and_infer_types,700,12300,2981.818181818182,131200,44
SIMPLE_ov_op_exec,v0_Result_validate_and_infer_types,100,18700,1485.4545454545455,163400,110
SIMPLE_ov_op_exec,v0_Parameter_clone_with_new_inputs,500,16500,1900.0,191900,101
SIMPLE_ov_op_exec,v0_Constant_clone_with_new_inputs,400,59600,966.0377358490566,512000,530
SIMPLE_ov_op_exec,v1_Convolution_clone_with_new_inputs,1400,21900,2870.9302325581393,246900,86
SIMPLE_ov_op_exec,v3_ShapeOf_clone_with_new_inputs,600,44400,1224.2774566473988,423600,346
SIMPLE_ov_op_exec,v1_Subtract_clone_with_new_inputs,1100,15800,1791.6666666666667,193500,108
SIMPLE_ov_op_exec,v3_Broadcast_clone_with_new_inputs,2900,46200,4723.148148148148,510100,108
SIMPLE_ov_op_exec,v0_Concat_clone_with_new_inputs,1200,12900,1803.8461538461538,234500,130
SIMPLE_ov_op_exec,v1_Reshape_clone_with_new_inputs,2000,33000,4106.565656565656,813100,198
SIMPLE_ov_op_exec,v1_Add_clone_with_new_inputs,1200,15500,2095.151515151515,345700,165
SIMPLE_ov_op_exec,v4_HSwish_clone_with_new_inputs,600,6700,1127.2727272727273,24800,22
SIMPLE_ov_op_exec,v0_Relu_clone_with_new_inputs,600,7600,1204.5454545454545,53000,44
SIMPLE_ov_op_exec,v1_VariadicSplit_clone_with_new_inputs,2000,21900,3981.818181818182,87600,22
SIMPLE_ov_op_exec,v1_Divide_clone_with_new_inputs,1100,25800,2686.3636363636365,59100,22
SIMPLE_ov_op_exec,v1_GroupConvolution_clone_with_new_inputs,1500,21600,3086.3636363636365,67900,22
SIMPLE_ov_op_exec,v1_ReduceMean_clone_with_new_inputs,1400,19000,3085.0,61700,20
SIMPLE_ov_op_exec,v0_Sigmoid_clone_with_new_inputs,700,7800,1322.7272727272727,29100,22
SIMPLE_ov_op_exec,v1_Multiply_clone_with_new_inputs,1200,33100,4090.566037735849,216800,53
SIMPLE_ov_op_exec,v11_Interpolate_clone_with_new_inputs,2100,19200,6400.0,38400,6
SIMPLE_ov_op_exec,v1_ConvolutionBackpropData_clone_with_new_inputs,3800,12200,8000.0,16000,2
SIMPLE_ov_op_exec,v0_Result_clone_with_new_inputs,3300,15900,7725.0,30900,4
SIMPLE_ov_op_exec,v0_Convert_validate_and_infer_types,100,3600,228.87700534759358,42800,187
SIMPLE_ov_op_exec,v3_ShapeOf_has_evaluate,100,2500,410.2564102564103,48000,117
SIMPLE_ov_op_exec,v1_Reshape_has_evaluate,100,4500,365.2173913043478,16800,46
SIMPLE_ov_op_exec,v1_Add_has_evaluate,100,7300,190.32258064516128,70800,372
SIMPLE_ov_op_exec,v4_HSwish_has_evaluate,100,3100,212.90322580645162,13200,62
SIMPLE_ov_op_exec,v0_Relu_has_evaluate,100,3300,148.71794871794873,17400,117
SIMPLE_ov_op_exec,v1_ReduceMean_has_evaluate,100,7400,224.6153846153846,14600,65
SIMPLE_ov_op_exec,v0_Sigmoid_has_evaluate,100,4300,238.33333333333334,14300,60
SIMPLE_ov_op_exec,v1_Multiply_has_evaluate,100,1000,114.70588235294117,7800,68
SIMPLE_ov_op_exec,v11_Interpolate_has_evaluate,100,2100,233.33333333333334,3500,15
SIMPLE_ov_op_exec,v0_Convert_evaluate,4500,1601900,27906.81818181818,3683700,132
SIMPLE_ov_op_exec,v0_Squeeze_validate_and_infer_types,600,12700,3216.6666666666665,19300,6
SIMPLE_ov_op_exec,v1_LogicalNot_validate_and_infer_types,100,2200,800.0,2400,3
SIMPLE_ov_op_exec,v3_NonZero_validate_and_infer_types,4800,20700,12750.0,25500,2
SIMPLE_ov_op_exec,v1_Transpose_validate_and_infer_types,2300,13600,7950.0,15900,2
SIMPLE_ov_op_exec,v1_Select_validate_and_infer_types,1200,5500,3350.0,6700,2
SIMPLE_ov_op_exec,util_ScatterElementsUpdateBase_validate_and_infer_types,700,9200,3050.0,12200,4
SIMPLE_ov_op_exec,v0_util_BinaryElementwiseArithmetic_visit_attributes,600,20400,913.540197461213,647700,709
SIMPLE_ov_op_exec,v3_ShapeOf_constant_fold,1400,21200,5508.333333333333,66100,12
SIMPLE_ov_op_exec,v4_Interpolate_validate_and_infer_types,1000,20600,3206.4102564102564,250100,78
SIMPLE_ov_op_exec,v4_SoftPlus_validate_and_infer_types,3100,3100,3100.0,3100,1
SIMPLE_ov_op_exec,v4_Interpolate_has_evaluate,100,1800,440.0,2200,5
SIMPLE_ov_op_exec,v0_MatMul_validate_and_infer_types,7800,7800,7800.0,7800,1
SIMPLE_ov_op_exec,v0_Parameter_visit_attributes,1500,152000,7000.0,245000,35
TYPE_LIST_ov_eval,v1_Subtract_evaluate$i64,100,435400,502.96712109061747,627200,1247
TYPE_LIST_ov_eval,v1_Equal_evaluate$i64,100,3100,149.68944099378882,24100,161
TYPE_LIST_ov_eval,v1_Less_evaluate$i64,100,4700,166.40625,21300,128
TYPE_LIST_ov_eval,v1_Select_evaluate$i64,100,3100,150.78864353312304,47800,317
TYPE_LIST_ov_eval,v1_Divide_evaluate$i64,100,2200,168.75,10800,64
TYPE_LIST_ov_eval,v0_Convert_in_et$f16,100,2300,151.5151515151515,10000,66
TYPE_LIST_ov_eval,Convert_out$f32,100,3100,251.72413793103448,7300,29
TYPE_LIST_ov_eval,v0_Convert_in_et$f32,100,2300,178.125,11400,64
TYPE_LIST_ov_eval,Convert_out$f16,100,1000,133.33333333333334,4400,33
ov__core,Model::get_ordered_ops,200,516900,12002.963671128107,12555100,1046
ov__core,Model::check_all_parameters_registered,300,61800,5900.0,259600,44
ov__core,Model::auto_detect_variables,100,26000,2209.5238095238096,46400,21
ov__core,Model::prerequirements,1900,2870500,135804.54545454544,5975400,44
ov__core,pass::GraphRewrite::apply_matcher_passes,400,52848600,421558.91891891893,233965200,555
ov__core,pass::Manager::run_passes,10400,347643000,16347535.802469136,1324150400,81
ov__core,MarkDequantization,9800,49800,14640.0,439200,30
ov__core,ConvertMOEToMOECompressed,400,33800,663.5650224215246,591900,892
ov__core,SoftmaxFusion,200,12700,268.06201550387595,172900,645
ov__core,MVNFusionWithoutConstants,400,14200,590.4325032765399,901000,1526
ov__core,MVNFusionWithConstantsInside,100,6800,426.34338138925295,650600,1526
ov__core,GroupNormalizationFusion,1700,13200,2762.31884057971,190600,69
ov__core,BroadcastElementwiseFusion,1100,11700,1723.841059602649,520600,302
ov__core,BroadcastTransition,400,31900,1025.6880733944954,1565200,1526
ov__core,KeepConstantsPrecisionAndAddConverts,600,20700,1295.8490566037735,343400,265
ov__core,KeepConstPrecision,9800,38400,13090.0,392700,30
ov__core,RMSFusion,400,17200,665.9645232815965,600700,902
ov__core,KeepDequantizationPrecision,9500,35700,13890.0,138900,10
ov__core,MarkFloatingPointRange,2100,9300,2586.3636363636365,170700,66
ov__core,MarkDivWithEps,500,49800,687.8923766816143,613600,892
ov__core,PropagateMarkUpReduceOpPath,700,21700,1893.5285053929122,1228900,649
ov__core,InitMarkReduceOpPath,600,9800,2450.0,24500,10
ov__core,PropagateDownDisableSensitivityForQuantized,1300,12800,2338.4615384615386,516800,221
ov__core,PropagateDownMarkToKeepInMixedPrecision,700,28700,1476.1760242792109,972800,659
ov__core,PropagateUpMarkToKeepInMixedPrecision,700,10400,1434.9013657056146,945600,659
ov__core,EnableDecompressionConvertConstantFolding,800,6700,3300.0,13200,4
ov__core,Node::can_constant_fold,100,29700,179.72639605292667,801400,4459
ov__core,Node::constant_fold,700,2167200,21848.10606060606,5767900,264
ov__core,Model::validate_nodes_and_infer_types,4200,763800,93953.60824742269,9113500,97
ov__core,DisableDecompressionConvertConstantFolding,1400,7100,4250.0,8500,2
ov__core,TransposeConvert,1200,9400,4566.666666666667,27400,6
ov__core,EliminateConvert,200,40200,258.2890070921986,1165400,4512
ov__core,RemoveFilteringBoxesBySize,2000,13400,7700.0,15400,2
ov__core,SubtractFusion,200,16900,1134.19689119171,875600,772
ov__core,ConvertQuantizeDequantize,5500,34000,8235.0,164700,20
ov__core,EliminatePad,200,14600,251.10864745011085,1132500,4510
ov__core,EliminateReduceReshape,200,14800,262.7937915742794,1185200,4510
ov__core,EliminateConvertNonZero,200,12800,232.26164079822615,1047500,4510
ov__core,EliminateConcat,200,29400,245.4988913525499,1107200,4510
ov__core,EliminateSplit,100,33600,236.0310421286031,1064500,4510
ov__core,EliminateTranspose,100,14900,225.23281596452327,1015800,4510
ov__core,EliminateEltwise,500,40100,1003.4368070953436,4525500,4510
ov__core,EliminateSplitConcat,100,19800,253.19290465631929,1141900,4510
ov__core,EliminateStridedSlice,100,14400,232.32815964523283,1047800,4510
ov__core,EliminateSlice,100,23500,239.20177383592016,1078800,4510
ov__core,EliminateConcatStridedSlice,200,16000,257.1618625277162,1159800,4510
ov__core,EliminateIdentity,100,21000,241.44124168514412,1088900,4510
ov__core,EliminateScatterUpdate,200,21500,294.30155210643017,1327300,4510
ov__core,EliminateReshape,100,35200,255.47671840354766,1152200,4510
ov__core,EliminateSqueeze,100,5500,223.4490010515247,425000,1902
ov__core,EliminateUnsqueeze,100,15200,231.23028391167193,439800,1902
ov__core,PrepareShapeOpsForEliminationAroundBE,200,4000,248.9729020979021,1139300,4576
ov__core,EliminateBroadcast,200,236300,317.7827050997783,1433200,4510
ov__core,EliminateNopBroadcast,200,44400,310.08869179600885,1398500,4510
ov__core,EliminateSliceBeforeGatherElements,100,34300,241.44124168514412,1088900,4510
ov__core,EliminateStridedSliceByShape,400,23900,545.7427937915743,2461300,4510
ov__core,EliminateGather,200,15900,278.7139689578714,1257000,4510
ov__core,PropagateNMSPath,3200,15000,9100.0,18200,2
ov__core,PullUnsqueezeThroughReduce,700,14000,2035.0,40700,20
ov__core,PullReshapeThroughReduce,700,9400,1510.0,30200,20
ov__core,LSTMCellFusionWithJointWeights,1100,17000,3105.0,62100,20
ov__core,LSTMCellFusionWithSplitWeights,1100,17500,2790.0,55800,20
ov__core,GRUCellFusion,900,20900,1732.608695652174,239100,138
ov__core,TransposeFQReduction,700,10800,1605.0,64200,40
ov__core,TransposeReduction,700,8500,1060.0,42400,40
ov__core,EliminateUnsqueezeGather,200,9200,278.0757097791798,176300,634
ov__core,SelectWithOneValueCondition,200,14700,309.93690851735016,196500,634
ov__core,ConvertScatterElementsToScatter,200,8900,303.7854889589905,192600,634
ov__core,SoftPlusFusion,200,4200,271.608832807571,172200,634
ov__core,SoftPlusToMishFusion,200,7200,331.38801261829656,210100,634
ov__core,SwishFusionWithSigmoid,200,14700,338.32807570977917,214500,634
ov__core,SwishFusionWithSigmoidWithBeta,200,4700,306.4668769716088,194300,634
ov__core,SwishFusionWithBeta,200,12600,312.77602523659306,198300,634
ov__core,SwishFusionWithoutBeta,200,6400,250.78864353312304,159000,634
ov__core,HSwishFusionWithReluDiv,200,12800,274.1324921135647,173800,634
ov__core,HSwishFusionWithReluMul,200,5100,281.54574132492115,178500,634
ov__core,HSwishFusionWithHSigmoid,200,5300,285.9621451104101,181300,634
ov__core,HSwishFusionWithClamp,200,5100,279.02208201892745,176900,634
ov__core,HSigmoidFusionWithReluDiv,200,16300,315.14195583596216,199800,634
ov__core,HSigmoidFusionWithReluMul,200,14700,293.05993690851733,185800,634
ov__core,HSigmoidFusionWithoutRelu,200,4800,227.602523659306,144300,634
ov__core,HSigmoidFusionWithClampMul,200,14000,292.90220820189273,185700,634
ov__core,HSigmoidFusionWithClampDiv,200,4600,226.49842271293375,143600,634
ov__core,NormalizeL2Fusion,500,13900,638.9589905362776,405100,634
ov__core,ClampFusion,500,9700,550.4731861198738,349000,634
ov__core,PadFusionAvgPool,200,8100,239.58990536277602,151900,634
ov__core,PadFusionConvolution,200,17200,396.0567823343849,251100,634
ov__core,PadFusionConvolutionBackpropData,200,4800,234.54258675078864,148700,634
ov__core,PadFusionGroupConvolution,200,5600,272.8706624605678,173000,634
ov__core,PadFusionGroupConvolutionBackpropData,200,12700,283.12302839116717,179500,634
ov__core,ReduceReshapeFusion,100,3900,225.39432176656152,142900,634
ov__core,DilatedConvolutionConverter,200,3900,226.49842271293375,143600,634
ov__core,GeluFusionWithErfOne,200,16000,367.82334384858046,233200,634
ov__core,GeluFusionWithErfTwo,200,5400,264.9842271293375,168000,634
ov__core,GeluFusionWithErfThree,200,13100,290.22082018927443,184000,634
ov__core,GeluFusionWithErfFour,200,11100,285.4889589905363,181000,634
ov__core,GeluFusionWithTanh,400,14200,654.8895899053628,415200,634
ov__core,GeluFusionWithTanhNoPower,200,5000,277.2870662460568,175800,634
ov__core,GeluFusionWithTanhNoPower2,600,18200,874.2902208201892,554300,634
ov__core,LeakyReluFusion,200,7600,229.33753943217667,145400,634
ov__core,RandomUniformFusion,200,33900,1085.0157728706624,687900,634
ov__core,ConvertTensorIteratorToLSTMSequence,200,10100,235.01577287066246,149000,634
ov__core,ConvertTensorIteratorToRNNSequence,200,6900,228.70662460567823,145000,634
ov__core,ConvertTensorIteratorToGRUSequence,200,9000,238.801261829653,151400,634
ov__core,ConvertLoopWithScatterUpdateToLSTMSequence,200,15100,280.2839116719243,177700,634
ov__core,ConvertLoopWithSlicedInputConcatOutputToLSTMSequence,200,4100,225.5520504731861,143000,634
ov__core,EliminateGatherWithRange,200,4300,224.13249211356467,142100,634
ov__core,FuseReverseLSTMSequence,200,12400,243.84858044164037,154600,634
ov__core,FuseLSTMSequencesToBidirectionalLSTMSequence,200,4000,222.71293375394322,141200,634
ov__core,SplitConcatPairToInterpolateFusion,200,4000,222.0820189274448,140800,634
ov__core,ConvolutionToGroupConvolutionFusion,100,4200,224.29022082018926,142200,634
ov__core,NearestNeighborUpsamplingFusion,200,5000,226.49842271293375,143600,634
ov__core,DivideFusion,200,14600,292.42902208201895,185400,634
ov__core,TransposeToReshape,200,4200,223.81703470031545,141900,634
ov__core,ReshapeSequenceFusion,200,12700,277.4447949526814,175900,634
ov__core,MatMulConstTransposesExtraction,200,3300,220.75471698113208,70200,318
ov__core,PReluFusionNegativeAdd,200,12900,434.0694006309148,275200,634
ov__core,PReluFusionNegativeSub,200,4100,223.65930599369085,141800,634
ov__core,PReluFusionMultiplyAdd,200,4100,406.782334384858,257900,634
ov__core,PReluFusionMultiplySub,200,4200,228.391167192429,144800,634
ov__core,PReluFusionAbsSubMulMulAdd,200,26100,510.5678233438486,323700,634
ov__core,PReluFusionNegReluMulAdd,200,7400,408.3596214511041,258900,634
ov__core,DepthToSpaceFusion,200,7300,231.0725552050473,146500,634
ov__core,ShuffleChannelsFusion,200,15400,249.3690851735016,158100,634
ov__core,NonZeroHorizontalFusion,200,4400,224.4479495268139,142300,634
ov__core,AdaptivePoolToReduce,200,5000,252.36593059936908,160000,634
ov__core,ConvertU4WeightsZeroPointToScalar,200,14300,278.5488958990536,176600,634
ov__core,MergeUnrolledSDPA,4700,21000,5948.550724637681,820900,138
ov__core,BinarizeWeights,600,9700,1225.5813953488373,105400,86
ov__core,ConvToBinaryConv,600,6000,854.6511627906976,73500,86
ov__core,BatchNormDecomposition,400,9200,570.4258675078864,723300,1268
ov__core,ConvertDivideWithConstant,200,4900,241.00946372239747,152800,634
ov__core,ConvertSubtractWithConstant,100,4600,231.86119873817034,147000,634
ov__core,ConvertNegative,100,17600,253.78548895899053,160900,634
ov__core,ConvertConvertPromoteTypes,100,3900,228.86435331230285,145100,634
ov__core,AddAddFusion,800,13100,1340.2173913043478,369900,276
ov__core,AddMultiplyFusion,1000,9700,1900.0,76000,40
ov__core,MultiplyMultiplyFusion,1000,10000,1457.5,58300,40
ov__core,MultiplyConvolutionFusion,600,30400,1788.953488372093,307700,172
ov__core,MultiplyGroupConvolutionFusion,700,8800,1488.6363636363637,65500,44
ov__core,ConvolutionMultiplyFusion,1000,43700,2660.0,106400,40
ov__core,GroupConvolutionMultiplyFusion,1000,14000,1840.0,73600,40
ov__core,ConvolutionBackpropDataMultiplyFusion,1500,12800,2102.5,84100,40
ov__core,GroupConvolutionBackpropDataMultiplyFusion,1500,12100,1967.5,78700,40
ov__core,MultiplyConvolutionBackpropDataFusion,2200,10400,4425.0,17700,4
ov__core,FakeQuantizeMulFusion,1100,15100,2895.0,115800,40
ov__core,AlignEltwiseInputRanks,600,10400,1684.8101265822784,266200,158
ov__core,NopBroadcast,500,38700,650.6553079947575,992900,1526
ov__core,SpaceToBatchFusion,400,9700,583.7539432176657,370100,634
ov__core,BatchToSpaceFusion,400,6500,559.7791798107255,354900,634
ov__core,InterpolateSequenceFusion,200,29900,298.5804416403785,189300,634
ov__core,SkipGatherBeforeTransposeAndReshape,200,21100,289.4321766561514,183500,634
ov__core,ReduceMerge,1400,15500,1717.5078864353313,1088900,634
ov__core,GroupQueryAttentionDecomposition,200,6900,276.02523659305996,175000,634
ov__core,ScaledDotProductAttentionDecomposition,200,5700,254.57413249211356,161400,634
ov__core,BidirectionalLSTMSequenceDecomposition,200,64300,338.48580441640377,214600,634
ov__core,BidirectionalGRUSequenceDecomposition,200,22300,288.9589905362776,183200,634
ov__core,BidirectionalRNNSequenceDecomposition,200,4100,239.2744479495268,151700,634
ov__core,ConvertBroadcastToTiles,200,15000,299.0566037735849,95100,318
ov__core,ConvertSubtract,200,5600,236.2776025236593,149800,634
ov__core,ConvertDivide,200,7000,252.0504731861199,159800,634
ov__core,ConvertDepthToSpace,200,11400,246.84542586750788,156500,634
ov__core,ConvertSpaceToDepth,100,20200,282.17665615141954,178900,634
ov__core,ConvertConvertLike,200,5000,236.59305993690853,150000,634
ov__core,MVN6Decomposition,200,1500,230.5993690851735,146200,634
ov__core,EinsumDecomposition,200,1700,241.3249211356467,153000,634
ov__core,SoftmaxDecomposition,200,3300,267.5078864353312,169600,634
ov__core,SoftSignDecomposition,200,10700,289.30817610062894,92000,318
ov__core,DropoutWithRandomUniformReplacer,200,9000,241.6403785488959,153200,634
ov__core,TransposeReshapeEliminationForMatmul,200,14800,271.4511041009464,172100,634
ov__core,UniqueDecomposition,200,5200,246.22641509433961,78300,318
ov__core,MatMulMultiplyFusion,1000,8000,1525.0,30500,20
ov__core,ConvertInterpolate11ToInterpolate4,30500,1537600,299150.0,1794900,6
ov__core,ConvStridesPropagation,200,27000,964.84375,617500,640
ov__core,SupportedNodesStridesPropagation,200,10400,789.5306859205776,437400,554
ov__core,UnsupportedNodesStridesPropagation,700,30900,1324.187725631769,733600,554
ov__core,KeepMOE3GemmConstPrecision,400,7500,544.8598130841121,174900,321
ov__core,WrapInterpolateIntoTransposes,700,5600,2250.0,13500,6
ov__core,ConvertReduceMeanToReshape,3400,27600,7020.0,70200,10
ov__core,DecomposeReduceForFalseKeepDims,3700,32300,7000.0,70000,10
ov__core,LoraSubgraphFusion,2800,41400,6863.768115942029,947200,138
ov__core,MoveEltwiseUpThroughDataMovScalar,800,24800,1958.1300813008131,481700,246
ov__core,RoPEFusionFlux,1900,25800,2394.2028985507245,330400,138
ov__core,RoPEFusionGPTNEOX,1900,15900,2176.086956521739,600600,276
ov__core,RoPEFusionPreprocess,400,6400,531.40625,340100,640
ov__core,RoPEFusionChatGLM,400,27900,561.09375,718200,1280
ov__core,RoPEFusionQwen,2100,25600,3010.8695652173915,415500,138
ov__core,RoPEFusionLtxVideo,900,6100,1218.840579710145,84100,69
ov__core,ConvertWeightCompressedConv1x1ToMatmul,400,6400,533.90625,341700,640
ov__core,SDPAScaleFusionPass,700,6300,821.4953271028037,263700,321
ov__core,FullyConnectedConvertFusion,6600,9600,8100.0,16200,2
ov__core,TransposeMatMulTransposeMatcher,200,32200,411.52647975077883,132100,321
ov__core,TransposeMatMulMatcher,200,5900,268.84735202492215,86300,321
ov__core,TransposeSDPAMatcher,600,9800,777.5700934579439,249600,321
ov__core,TransposeVLSDPAMatcher,200,5700,248.2866043613707,79700,321
ov__core,UnsqueezeBroadcastReshapeSDPAFusion,600,6900,695.3271028037383,223200,321
ov__core,GLUFusion,2300,13400,3870.0,38700,10
ov__core,IndirectGemmOpt,400,9300,560.1246105919004,179800,321
ov__core,IndirectSDPAOpt,600,7500,675.7009345794393,216900,321
ov__core,KVCacheCompressionMatcher,100,5400,155.17241379310346,22500,145
ov__core,AsymmetricConvolutionMatcher,2200,8900,2707.4074074074074,146200,54
ov__core,ConvolutionMatcher,13100,73600,17362.962962962964,937600,54
ov__core,MoveEltwiseUpThroughDataMovPerChannel,500,9500,2088.6075949367087,165000,79
ov__core,BroadcastAndPadZeroPointBuffers,700,9900,1496.2962962962963,80800,54
ov__core,DynamicQuantizeFullyConnected,400,14200,569.6,213600,375
ov__core,AUGRUCellFusion,1100,9800,1727.536231884058,119200,69
ov__core,LabelResolvingThroughSelect,600,3600,739.3939393939394,48800,66
ov__core,DeReshapeMatMul,200,5100,575.7575757575758,38000,66
ov__core,DeReshapeFullyConnected,2100,11200,2445.4545454545455,161400,66
ov__core,ReshapeOptimizations,1400,40900,12628.787878787878,833500,66
ov__core,EliminateGatherUnsqueeze,200,400,239.3939393939394,15800,66
ov__core,SimplifySecondInputOfReshape,800,2100,939.3939393939394,62000,66
ov__core,StatefulSDPAFusion,2100,27400,2386.8303571428573,1069300,448
ov__core,SDPAFuseTransposeReshape,1000,7500,1590.909090909091,105000,66
ov__core,LogSoftmaxDecomposition,200,6100,264.873417721519,83700,316
ov__core,GroupNormalizationDecomposition,200,5100,281.32911392405066,88900,316
ov__core,NormalizeL2Decomposition,200,3800,240.50632911392404,76000,316
ov__core,InsertConvertAfterExtension,200,56400,486.2068965517241,155100,319
ov__core,ConvertToInteraction,400,7800,554.2319749216301,176800,319
ov__core,PermuteSliceAndInterpolation,2200,9800,4800.0,14400,3
ov__core,ConvertFqRnnToQuantizedRnn,400,7500,569.5924764890282,181700,319
ov__core,snippets::pass::TokenizeGNSnippets,200,9500,447.9623824451411,142900,319
ov__core,snippets::pass::TokenizeSnippets,500,6441700,36580.87774294671,11669300,319
ov__core,snippets::pass::TransformConvertToConvertTruncation,200,6300,488.57142857142856,34200,70
ov__core,snippets::pass::CommonOptimizations,16300,2696300,189112.5,3025800,16
ov__core,FullyConnectedBiasFusion,1300,13300,2236.6666666666665,134200,60
ov__core,ConvertToPowerStatic,800,28900,1757.2784810126582,555300,316
ov__core,snippets::pass::ConvertConstantsToScalars,200,10300,588.5714285714286,82400,140
ov__core,snippets::pass::ConvertPowerToPowerStatic,200,5500,380.0,26600,70
ov__core,MulAddToFMA,2600,1323400,152888.88888888888,1376000,9
SIMPLE_ov_pass,GraphRewrite_run_on_model,1000,52883300,434003.8112522686,239136100,551
SIMPLE_ov_pass,ResolveNameCollisions_run_on_model,205000,828500,463500.0,2317500,5
SIMPLE_ov_pass,SDPAToVLSDPA_run_on_model,4500,4500,4500.0,4500,1
SIMPLE_ov_pass,InitNodeInfo_run_on_function,363000,987400,568625.0,2274500,4
SIMPLE_ov_pass,KeepConstantsPrecisionAndAddConverts,300,18200,879.2452830188679,233000,265
SIMPLE_ov_pass,MarkFloatingPointRange,1700,3800,2048.4848484848485,135200,66
SIMPLE_ov_pass,PropagateMarkUpReduceOpPath,300,19300,1233.4360554699538,800500,649
SIMPLE_ov_pass,InitMarkReduceOpPath,300,2200,690.0,6900,10
SIMPLE_ov_pass,BackwardGraphRewrite_run_on_model,910500,3642400,2326775.0,9307100,4
SIMPLE_ov_pass,PropagateDownDisableSensitivityForQuantized,600,9500,1685.972850678733,372600,221
SIMPLE_ov_pass,PropagateDownMarkToKeepInMixedPrecision,100,14000,850.834597875569,560700,659
SIMPLE_ov_pass,PropagateUpMarkToKeepInMixedPrecision,200,5300,860.2427921092565,566900,659
SIMPLE_ov_pass,MarkPrecisionSensitiveShapeOfSubgraphs_run_on_model,88400,521300,307800.0,1231200,4
SIMPLE_ov_pass,MarkSugraphsToKeepInMixedPrecision_run_on_model,17247900,17247900,17247900.0,17247900,1
SIMPLE_ov_pass,AlignMixedFP32FP16Types_run_on_model,490100,490100,490100.0,490100,1
SIMPLE_ov_pass,EnableDecompressionConvertConstantFolding,200,1400,625.0,2500,4
SIMPLE_ov_pass,ConstantFolding_run_on_model,8400,18996300,536705.7971014492,37032700,69
SIMPLE_ov_pass,Validate_run_on_model,900,1405700,139395.65217391305,6412200,46
SIMPLE_ov_pass,DisableDecompressionConvertConstantFolding,600,2100,1350.0,2700,2
SIMPLE_ov_pass,EliminateConvert,1100,7200,3200.0,38400,12
SIMPLE_ov_pass,RemoveMultiSubGraphOpDanglingParamsResults_run_on_model,18500,38100,28300.0,56600,2
SIMPLE_ov_pass,PushConstantToSubgraph_run_on_function,18200,26700,22450.0,44900,2
SIMPLE_ov_pass,SharedOpOptimization_run_on_function,86800,423500,197883.33333333334,2374600,12
SIMPLE_ov_pass,EliminateEltwise,200,17100,551.3821138211382,339100,615
SIMPLE_ov_pass,SimplifyShapeOfSubGraph_run_on_function,3264700,26350000,8219920.0,41099600,5
SIMPLE_ov_pass,PropagateNMSPath,2200,5900,4050.0,8100,2
SIMPLE_ov_pass,UselessSliceEraser_run_on_function,22300,94400,58350.0,116700,2
SIMPLE_ov_pass,GroupedStridedSliceOptimizer_run_on_function,17900,42400,30150.0,60300,2
SIMPLE_ov_pass,GroupedSliceToVSplitOptimization_run_on_function,17800,33500,25650.0,51300,2
SIMPLE_ov_pass,StridedSliceOptimization_run_on_function,227800,5322200,2775000.0,5550000,2
SIMPLE_ov_pass,PackMultiHeadAttention_run_on_model,838800,4733500,2786150.0,5572300,2
SIMPLE_ov_pass,SymbolicPropagation_run_on_model,375000,4667400,968809.0909090909,10656900,11
SIMPLE_ov_pass,ApplySymbolEquivalence_run_on_function,57000,330100,123290.90909090909,1356200,11
SIMPLE_ov_pass,SymbolicOptimizations_run_on_function,1741000,26735600,7750718.181818182,85257900,11
SIMPLE_ov_pass,SDPAFusion_run_on_model,8283400,8283400,8283400.0,8283400,1
SIMPLE_ov_pass,ReverseInputChannelsFusion_run_on_model,59700,142800,101250.0,202500,2
SIMPLE_ov_pass,AlignEltwiseInputRanks,200,5800,872.1518987341772,137800,158
SIMPLE_ov_pass,OptimizeSymbolsUsedAsValues_run_on_function,358500,1230900,740966.6666666666,2222900,3
SIMPLE_ov_pass,FuseMOE_run_on_model,605300,1994300,1299800.0,2599600,2
SIMPLE_ov_pass,MOCTransformations_run_on_function,35545000,182371500,108958250.0,217916500,2
SIMPLE_ov_pass,UnrollIf_run_on_function,19300,39300,29300.0,58600,2
SIMPLE_ov_pass,ConvertInterpolate11ToInterpolate4,29700,1529600,295150.0,1770900,6
SIMPLE_ov_pass,UnsupportedNodesStridesPropagation,300,11200,703.6101083032491,389800,554
SIMPLE_ov_pass,SupportedNodesStridesPropagation,300,3700,948.780487804878,233400,246
SIMPLE_ov_pass,ConvStridesPropagation,900,6300,1723.2558139534883,148200,86
SIMPLE_ov_pass,CommonOptimizations_run_on_function,55282000,236499400,145890700.0,291781400,2
SIMPLE_ov_pass,WrapInterpolateIntoTransposes,200,2600,1100.0,6600,6
SIMPLE_ov_pass,ConvertOpSet3ToOpSet2_run_on_function,1427300,1427300,1427300.0,1427300,1
SIMPLE_ov_pass,ConvertOpSet2ToOpSet1_run_on_function,93500,1846300,969900.0,1939800,2
SIMPLE_ov_pass,ConvertReduceMeanToReshape,400,4100,990.0,9900,10
SIMPLE_ov_pass,DecomposeReduceForFalseKeepDims,1200,17500,2910.0,29100,10
SIMPLE_ov_pass,UnrollTensorIterator_run_on_function,146600,146600,146600.0,146600,1
SIMPLE_ov_pass,MoveEltwiseUpThroughDataMovScalar,200,16500,974.390243902439,239700,246
SIMPLE_ov_pass,RoPEFusion_run_on_model,8945700,12651600,10798650.0,21597300,2
SIMPLE_ov_pass,SDPAScaleFusion_run_on_model,2453400,2453400,2453400.0,2453400,1
SIMPLE_ov_pass,ConvolutionMatcher,10300,64800,14618.518518518518,789400,54
SIMPLE_ov_pass,ConstantsReduce_run_on_function,348100,348100,348100.0,348100,1
SIMPLE_ov_pass,EliminateBroadcast,300,3900,696.2962962962963,37600,54
SIMPLE_ov_pass,EliminateNopBroadcast,1300,6100,1801.851851851852,97300,54
SIMPLE_ov_pass,EliminateConcat,100,800,221.53846153846155,14400,65
SIMPLE_ov_pass,EliminateSplitConcat,600,3700,980.0,63700,65
SIMPLE_ov_pass,EliminateConcatStridedSlice,400,1700,804.6153846153846,52300,65
SIMPLE_ov_pass,EliminateReshape,200,4000,659.0909090909091,87000,132
SIMPLE_ov_pass,ReshapeOptimizations,7700,35300,11127.692307692309,723300,65
SIMPLE_ov_pass,SDPASubgraphFusion_run_on_function,27575000,27575000,27575000.0,27575000,1
SIMPLE_ov_pass,CausalMaskPreprocessFusion_run_on_model,2280400,2280400,2280400.0,2280400,1
SIMPLE_ov_pass,SnippetsMarkSkipped_run_on_model,709200,709200,709200.0,709200,1
SIMPLE_ov_pass,TokenizeSnippets,30100,5478100,426694.7368421053,8107200,19
SIMPLE_ov_pass,CommonOptimizations,15900,2689500,187818.75,3005100,16
SIMPLE_ov_pass,SnippetsTokenization_run_on_function,24586600,24586600,24586600.0,24586600,1
SIMPLE_ov_pass,ConvertToPowerStatic,700,12600,1423.3333333333333,85400,60
SIMPLE_ov_pass,ConvertToCPUSpecificOpset_run_on_function,12667900,12667900,12667900.0,12667900,1
SIMPLE_ov_pass,Canonicalization_run_on_model,1200,642600,41675.0,666800,16
SIMPLE_ov_pass,AnalyzeBroadcastableInputs_run_on_model,3800,688800,48518.75,776300,16
SIMPLE_ov_pass,AlignElementTypes_run_on_model,300,719600,45443.75,727100,16
SIMPLE_ov_pass,BrgemmToBrgemmCPU_run_on_model,3700,768900,52318.75,837100,16
SIMPLE_ov_pass,PropagatePrecision_run_on_model,5700,923300,64437.5,1031000,16
SIMPLE_ov_pass,MulAddToFMA,10300,1317400,446266.6666666667,1338800,3
ov__pass,ov::frontend::pass::SequenceConcatReplacer,100300,2253100,1176700.0,2353400,2
ov__pass,ResolveNameCollisions,205700,1415600,583060.0,2915300,5
ov__pass,Model::check_all_variables_registered,400,373000,21200.0,487600,23
ov__pass,SDPAToVLSDPA,665600,665600,665600.0,665600,1
ov__pass,TransposeMatMul,30600,166900,66185.71428571429,463300,7
ov__pass,MarkDequantization,199500,268500,227933.33333333334,683800,3
ov__pass,FuseVectorizedMOE2GEMM,105900,105900,105900.0,105900,1
ov__pass,FuseVectorizedMOE3GEMM,131500,131500,131500.0,131500,1
ov__pass,ConvertMOEToMOECompressed,884900,884900,884900.0,884900,1
ov__pass,FuseMOE3GemmCompressed,129900,129900,129900.0,129900,1
ov__pass,InitNodeInfo,364100,2048700,836625.0,3346500,4
ov__pass,EinsumDecomposition,128000,128000,128000.0,128000,1
ov__pass,SoftmaxFusion,132700,132700,132700.0,132700,1
ov__pass,MVNFusion,2761100,2761100,2761100.0,2761100,1
ov__pass,GroupNormalizationFusion,327000,327000,327000.0,327000,1
ov__pass,MVN6Decomposition,102500,102500,102500.0,102500,1
ov__pass,BroadcastElementwiseFusion,141600,363100,242233.33333333334,726700,3
ov__pass,BroadcastTransition,404900,1029500,626600.0,1879800,3
ov__pass,KeepConstantsPrecisionAndAddConverts,475300,475300,475300.0,475300,1
ov__pass,KeepConstPrecision,166700,235200,191633.33333333334,574900,3
ov__pass,RMSFusion,82600,733600,408100.0,816200,2
ov__pass,DisableFP16CompForGemma3RMSPattern,98700,98700,98700.0,98700,1
ov__pass,DisableFP16ComForROPEPattern,92800,92800,92800.0,92800,1
ov__pass,DisableFP16ComSinGenPatternForHiFiGAN,99100,99100,99100.0,99100,1
ov__pass,KeepDequantizationPrecision,239500,239500,239500.0,239500,1
ov__pass,MarkFloatingPointRange,320800,320800,320800.0,320800,1
ov__pass,MarkDivWithEps,802700,802700,802700.0,802700,1
ov__pass,MarkExpInReduceOpPath,3542300,3542300,3542300.0,3542300,1
ov__pass,MarkRandomUniform,162900,162900,162900.0,162900,1
ov__pass,PropagateDownDisableSensitivityForQuantized,692800,692800,692800.0,692800,1
ov__pass,PropagateDownMarkToKeepInMixedPrecision,1173100,1173100,1173100.0,1173100,1
ov__pass,ov::pass::BackwardGraphRewrite,1793900,1793900,1793900.0,1793900,1
ov__pass,MarkPrecisionSensitiveShapeOfSubgraphs,1128000,1128000,1128000.0,1128000,1
ov__pass,MarkSugraphsToKeepInMixedPrecision,18042500,18042500,18042500.0,18042500,1
ov__pass,AlignMixedFP32FP16Types,1306400,1306400,1306400.0,1306400,1
ov__pass,EnableDecompressionConvertConstantFolding,35700,306300,144466.66666666666,433400,3
ov__pass,ConstantFolding,17700,19562700,1001867.5675675676,37069100,37
ov__pass,ov::pass::Validate,8200,2306600,214116.66666666666,6423500,30
ov__pass,ConvertPrecision,105700,50252200,13449375.0,53797500,4
ov__pass,DisableDecompressionConvertConstantFolding,80300,80300,80300.0,80300,1
ov__pass,SliceToStridedSlice,51200,51200,51200.0,51200,1
ov__pass,TransposeConvert,57100,79300,68200.0,136400,2
ov__pass,EliminateConvert,1500,80200,12440.0,248800,20
ov__pass,EliminateScatterUpdate,43700,46000,44850.0,89700,2
ov__pass,RemoveConcatZeroDimInput,40700,48000,44350.0,88700,2
ov__pass,EliminateLoopInputsOutputs,40800,49900,45350.0,90700,2
ov__pass,EliminateDuplicateTIInputs,40600,43800,42200.0,84400,2
ov__pass,RemoveMultiSubGraphOpDanglingParamsResults,19100,950300,484700.0,969400,2
ov__pass,FoldSubgraphEmptyInputs,41500,64800,53150.0,106300,2
ov__pass,DisableRandomUniformConstantFolding,40400,48200,44300.0,88600,2
ov__pass,PushConstantToSubgraph,18600,585100,301850.0,603700,2
ov__pass,FuseFilteringBoxesBySize,294600,1654200,974400.0,1948800,2
ov__pass,ConvertQuantizeDequantize,96100,175300,135700.0,271400,2
ov__pass,PrepareShapeOpsForEliminationAroundBE,30900,189900,74740.0,373700,5
ov__pass,AbsSinking,29900,59800,38780.0,193900,5
ov__pass,SharedOpOptimization,87100,1008600,255833.33333333334,3070000,12
ov__pass,EliminateGatherUnsqueeze,29800,66600,42000.0,210000,5
ov__pass,NopElimination,2582400,17672300,4965170.0,49651700,10
ov__pass,GroupedGatherElimination,36500,72200,47300.0,236500,5
ov__pass,GatherNopElimination,30900,48200,37300.0,186500,5
ov__pass,SimplifyGatherShapeOf,29700,48100,38050.0,228300,6
ov__pass,SimplifySecondInputOfReshape,29500,112300,49620.0,248100,5
ov__pass,SimplifyShapeOfSubGraph,3265300,26976300,8345800.0,41729000,5
ov__pass,ConvertNmsGatherPathToUnsigned,34000,635600,334800.0,669600,2
ov__pass,UselessSliceEraser,22600,970300,496450.0,992900,2
ov__pass,GroupedStridedSliceOptimizer,18300,622700,320500.0,641000,2
ov__pass,GroupedSliceToVSplitOptimization,18300,603700,311000.0,622000,2
ov__pass,SliceSequenceToSingleSlice,30200,61900,46050.0,92100,2
ov__pass,StridedSliceOptimization,228600,5943700,3086150.0,6172300,2
ov__pass,PullThroughReduce,52400,1673500,862950.0,1725900,2
ov__pass,LSTMCellFusion,80100,1333500,706800.0,1413600,2
ov__pass,GRUCellFusion,107200,552900,330050.0,660100,2
ov__pass,SequenceFusion,30400,51500,40950.0,81900,2
ov__pass,ConcatToBroadcast,30600,54600,42600.0,85200,2
ov__pass,ov::pass::GraphRewrite,30900,52885400,5317156.521739131,122294600,23
ov__pass,MergeUnrolledSDPA,401600,555300,478450.0,956900,2
ov__pass,MergeKVCaches,31400,47000,39200.0,78400,2
ov__pass,MergeUnrolledRoPE,29800,42300,36050.0,72100,2
ov__pass,MergeLinearProjections,29100,41400,35250.0,70500,2
ov__pass,MergeDQ,29400,44400,36900.0,73800,2
ov__pass,ConcatFusion,29700,44800,35175.0,140700,4
ov__pass,PackMultiHeadAttention,839700,5370500,3105100.0,6210200,2
ov__pass,SymbolicPropagation,375600,4668900,1034272.7272727273,11377000,11
ov__pass,ApplySymbolEquivalence,57400,995000,190963.63636363635,2100600,11
ov__pass,SDPAFusionMatcher,61700,61700,61700.0,61700,1
ov__pass,SDPAFusionMatcherSinks,46500,46500,46500.0,46500,1
ov__pass,SDPAReshapeFusion,43900,43900,43900.0,43900,1
ov__pass,SDPAFusion,8850800,8850800,8850800.0,8850800,1
ov__pass,BinarizeWeights,76000,119400,97700.0,195400,2
ov__pass,ConvToBinaryConv,66400,94300,80350.0,160700,2
ov__pass,LinOpSequenceFusion,144300,2064200,625575.0,2502300,4
ov__pass,ReverseInputChannelsFusion,60300,755900,408100.0,816200,2
ov__pass,AlignEltwiseInputRanks,125900,249100,187500.0,375000,2
ov__pass,ChainedMaximumOptimization,32600,100900,60933.333333333336,182800,3
ov__pass,NopBroadcast,233600,801900,433866.6666666667,1301600,3
ov__pass,OptimizeSymbolsUsedAsValues,358800,1256300,948900.0,2846700,3
ov__pass,LabelResolvingThroughSelect,32300,154900,79400.0,238200,3
ov__pass,DeReshapeMatMul,32700,131700,58200.0,291000,5
ov__pass,DeReshapeFullyConnected,29800,252400,77480.0,387400,5
ov__pass,ReshapeOptimizations,29500,938800,337800.0,1013400,3
ov__pass,SymbolicOptimizations,1741900,15036800,8148166.666666667,24444500,3
ov__pass,FuseMOEExperts,366300,1035000,700650.0,1401300,2
ov__pass,FuseMOE,605800,2638700,1622250.0,3244500,2
ov__pass,VectorizedMOE2GEMMTransposeWeights,31100,90700,60900.0,121800,2
ov__pass,MOCTransformations,35546400,183002000,109274200.0,218548400,2
ov__pass,MarkDividesInShapeSubgraphs,89300,159000,124150.0,248300,2
ov__pass,ConcatReduceFusion,35900,76700,56300.0,112600,2
ov__pass,ConvertInterpolate1ToInterpolate4,31300,58600,44950.0,89900,2
ov__pass,UnrollIf,19900,818400,419150.0,838300,2
ov__pass,ConvertDeformableConv8To1,32800,54500,43650.0,87300,2
ov__pass,ConvertMaxPool14ToMaxPool8,32600,46200,39400.0,78800,2
ov__pass,ConvertMaxPool8ToMaxPool1,31300,46800,39050.0,78100,2
ov__pass,ConvertDetectionOutput8ToDetectionOutput1,50700,50700,50700.0,50700,1
ov__pass,ConvertROIAlign9To3,52900,52900,52900.0,52900,1
ov__pass,ConvertMulticlassNms8ToMulticlassNms9,32700,46300,39500.0,79000,2
ov__pass,ConvertXorToLogicalXor,30600,44400,37500.0,75000,2
ov__pass,ConvertInterpolate11ToInterpolate4,219000,1699000,959000.0,1918000,2
ov__pass,ConvertScatterElementsUpdate12ToScatterElementsUpdate3,33100,237300,135200.0,270400,2
ov__pass,ConvertAvgPool14ToAvgPool1,31800,57100,44450.0,88900,2
ov__pass,ConvertEmbeddingBagOffsets15ToEmbeddingBagOffsetsSum3,31400,44500,37950.0,75900,2
ov__pass,ConvertEmbeddingBagPacked15ToEmbeddingBagPackedSum3,31100,47200,39150.0,78300,2
ov__pass,ConvertScatterNDUpdate15ToScatterNDUpdate3,47800,47800,47800.0,47800,1
ov__pass,ConvertSliceScatter,43600,43600,43600.0,43600,1
ov__pass,ConvertSqueeze15ToSqueeze0,38400,53500,45950.0,91900,2
ov__pass,ConvertOneHot16To1,31200,48200,39700.0,79400,2
ov__pass,ConvertBitwiseToLogical,38200,108100,73150.0,146300,2
ov__pass,StridesOptimization,911100,3645600,2278350.0,4556700,2
ov__pass,CommonOptimizations,55283500,237093100,146188300.0,292376600,2
ov__pass,KeepMOE3GemmConstPrecision,273900,273900,273900.0,273900,1
ov__pass,ConvertPagedAttnInputs,44800,46300,45550.0,91100,2
ov__pass,WrapInterpolateIntoTransposes,38100,54600,46350.0,92700,2
ov__pass,TransposeSinking,57400,85300,71350.0,142700,2
ov__pass,ConvertBinaryConvolutionToConvolution,45800,45800,45800.0,45800,1
ov__pass,ConvertSequenceToTensorIterator,37500,56800,47150.0,94300,2
ov__pass,ConvertTopK3,77700,77700,77700.0,77700,1
ov__pass,ConvertOpSet3ToOpSet2,2039800,2039800,2039800.0,2039800,1
ov__pass,ConvertSpaceToBatch,37600,65300,51450.0,102900,2
ov__pass,ConvertBatchToSpace,31000,59300,45150.0,90300,2
ov__pass,ConvertOpSet2ToOpSet1,93900,2438100,1266000.0,2532000,2
ov__pass,LSTMCellDecomposition,33100,58900,46000.0,92000,2
ov__pass,GRUCellDecomposition,30900,62700,46800.0,93600,2
ov__pass,RNNCellDecomposition,30900,52200,41550.0,83100,2
ov__pass,BidirectionalLSTMSequenceDecomposition,42300,42300,42300.0,42300,1
ov__pass,BidirectionalGRUSequenceDecomposition,32600,32600,32600.0,32600,1
ov__pass,BidirectionalRNNSequenceDecomposition,31900,31900,31900.0,31900,1
ov__pass,ConvertShapeOf1To3,52000,52000,52000.0,52000,1
ov__pass,ConvertNMS1ToNMS9,31500,43800,37650.0,75300,2
ov__pass,ConvertNMS3ToNMS9,31300,43000,37150.0,74300,2
ov__pass,ConvertNMS4ToNMS9,30700,43900,37300.0,74600,2
ov__pass,ConvertNMS5ToNMS9,31300,50200,40750.0,81500,2
ov__pass,ConvertNMS9ToNMSIEInternal,50000,50000,50000.0,50000,1
ov__pass,ConvertNMSRotatedToNMSIEInternal,56200,56200,56200.0,56200,1
ov__pass,ConvertGP9ToGPIEInternal,57600,57600,57600.0,57600,1
ov__pass,ConvertMatrixNmsToMatrixNmsIE,44200,44200,44200.0,44200,1
ov__pass,ConvertGather0D,46100,46100,46100.0,46100,1
ov__pass,ConvertMulticlassNmsToMulticlassNmsIE,43900,43900,43900.0,43900,1
ov__pass,DecomposeReduceForScalarOutput,45900,45900,45900.0,45900,1
ov__pass,ConvertReduceToReshape,1051900,1051900,1051900.0,1051900,1
ov__pass,ConvertAvgPoolingToReduce,64100,64100,64100.0,64100,1
ov__pass,DecomposeReduceForFalseKeepDims,125400,125400,125400.0,125400,1
ov__pass,NormalizeL2DecompositionGPU,56900,56900,56900.0,56900,1
ov__pass,LoraSubgraphFusion,532100,573800,552950.0,1105900,2
ov__pass,UnrollTensorIterator,783100,783100,783100.0,783100,1
ov__pass,MoveEltwiseUpThroughDataMovScalar,311300,311300,311300.0,311300,1
ov__pass,RoPEFusionFlux,186300,258100,222200.0,444400,2
ov__pass,RoPEFusionGPTNEOX,182800,232100,203350.0,813400,4
ov__pass,RoPEFusionGPTOSS,31900,46200,39050.0,78100,2
ov__pass,RoPEFusionCosSinPreprocess,30900,61900,46400.0,92800,2
ov__pass,RoPEFusionPreprocess,232500,246400,239450.0,478900,2
ov__pass,RoPEFusionChatGLM,222700,257100,244150.0,976600,4
ov__pass,RoPEFusionChatGLMHF,32200,44100,38150.0,76300,2
ov__pass,RoPEFusionQwen,241900,269400,255650.0,511300,2
ov__pass,RoPEFusionLtxVideo,134300,134300,134300.0,134300,1
ov__pass,RoPEFusion,8946600,13412000,11179300.0,22358600,2
ov__pass,IncreasePositionIdsPrecisionBase,53400,53400,53400.0,53400,1
ov__pass,IncreasePositionIdsPrecisionForQwen25VL,56500,56500,56500.0,56500,1
ov__pass,IncreasePositionIdsPrecisionForQwen3VL,66800,66800,66800.0,66800,1
ov__pass,IncreasePositionIdsPrecisionForLtxVideo,42800,42800,42800.0,42800,1
ov__pass,IncreasePositionIdsPrecisionForGPTOSS,43000,43000,43000.0,43000,1
ov__pass,IncreasePositionIdsPrecision,5363500,5363500,5363500.0,5363500,1
ov__pass,SwiGluFusionWithClamp,55600,55600,55600.0,55600,1
ov__pass,ConvertWeightCompressedConv1x1ToMatmul,230700,263100,246900.0,493800,2
ov__pass,IncreasePrecisionForQwenVLMerger,54600,54600,54600.0,54600,1
ov__pass,IncreaseRMSInputPrecision,2506200,2506200,2506200.0,2506200,1
ov__pass,ov::intel_gpu::ClampFP16Output,49800,49800,49800.0,49800,1
ov__pass,ConvertMatMulToFullyConnected,52200,52200,52200.0,52200,1
ov__pass,MoveFCReshapeToWeights,32100,43100,37600.0,75200,2
ov__pass,ConvertFullyConnectedToFullyConnectedCompressed,33300,47700,40500.0,81000,2
ov__pass,FullyConnectedHorizontalFusion,49300,49300,49300.0,49300,1
ov__pass,LoRASubgraphHorizontalFusion,48500,48500,48500.0,48500,1
ov__pass,LoRAHorizontalFusion,54600,54600,54600.0,54600,1
ov__pass,SDPAScaleFusionPass,357600,357600,357600.0,357600,1
ov__pass,SDPAScaleFusion,3140300,3140300,3140300.0,3140300,1
ov__pass,ConvertGatherToGatherCompressed,47000,47000,47000.0,47000,1
ov__pass,KVCacheFusion,43800,43800,43800.0,43800,1
ov__pass,FullyConnectedConvertFusion,66600,66600,66600.0,66600,1
ov__pass,TransposeFusion,3851000,3851000,3851000.0,3851000,1
ov__pass,UnsqueezeBroadcastReshapeSDPAFusion,319400,319400,319400.0,319400,1
ov__pass,GLUFusion,98500,98500,98500.0,98500,1
ov__pass,IndirectKVCache,1863400,1863400,1863400.0,1863400,1
ov__pass,KVCacheCompression,684700,684700,684700.0,684700,1
ov__pass,AsymmetricConvolutionMatcher,208000,208000,208000.0,208000,1
ov__pass,ConvolutionMatcher,1067300,1067300,1067300.0,1067300,1
ov__pass,ConvertConvolutionToInternal,2558500,2558500,2558500.0,2558500,1
ov__pass,MoveEltwiseUpThroughDataMovPerChannel,443100,443100,443100.0,443100,1
ov__pass,ConvertStridedSlicesToVariadicSplit,59800,59800,59800.0,59800,1
ov__pass,BroadcastAndPadZeroPointBuffers,140500,140500,140500.0,140500,1
ov__pass,OptimizeSubsequentReshapes,55800,55800,55800.0,55800,1
ov__pass,SinkReshapeIfNeeded,51200,51200,51200.0,51200,1
ov__pass,DynamicQuantizeFullyConnected,305400,305400,305400.0,305400,1
ov__pass,EliminatePad,41000,41000,41000.0,41000,1
ov__pass,ConstantsReduce,933600,933600,933600.0,933600,1
ov__pass,CompressedGatherTransformation,132700,132700,132700.0,132700,1
ov__pass,MarkShapeOfSubgraphs,468900,468900,468900.0,468900,1
ov__pass,KeepConstAndDecompression,31300,138600,84950.0,169900,2
ov__pass,AUGRUCellFusion,237300,237300,237300.0,237300,1
ov__pass,TSShapeOfForward,63200,63200,63200.0,63200,1
ov__pass,StatefulSDPAFusion,1172800,1172800,1172800.0,1172800,1
ov__pass,SDPAFuseTransposeReshape,181600,181600,181600.0,181600,1
ov__pass,SDPASubgraphFusion,28390800,28390800,28390800.0,28390800,1
ov__pass,ConvertGather1ToGather7,60600,60600,60600.0,60600,1
ov__pass,ConvertSoftMax8ToSoftMax1,44900,44900,44900.0,44900,1
ov__pass,ConvertPriorBox8To0,47200,47200,47200.0,47200,1
ov__pass,ConvertDetectionOutput1ToDetectionOutput8,45900,45900,45900.0,45900,1
ov__pass,ConvertROIAlign3To9,43200,43200,43200.0,43200,1
ov__pass,ConvertPad12ToPad1,226200,226200,226200.0,226200,1
ov__pass,ConvertShapeOf3,57400,57400,57400.0,57400,1
ov__pass,InsertConvertAfterExtension,242100,242100,242100.0,242100,1
ov__pass,EliminateIdentityConvert,47400,47400,47400.0,47400,1
ov__pass,SwapConvertTranspose,42300,42300,42300.0,42300,1
ov__pass,ConvertToInteraction,254600,254600,254600.0,254600,1
ov__pass,ConvertInteractionInt8,44000,44000,44000.0,44000,1
ov__pass,PermuteSliceAndInterpolation,177800,177800,177800.0,177800,1
ov__pass,ConvertBroadcast3,57500,57500,57500.0,57500,1
ov__pass,ReshapePRelu,45200,45200,45200.0,45200,1
ov__pass,MoveEltwiseUpThroughDataMov,318000,318000,318000.0,318000,1
ov__pass,FuseFQtoInteraction,48600,48600,48600.0,48600,1
ov__pass,ConvertFqRnnToQuantizedRnn,258500,258500,258500.0,258500,1
ov__pass,RoPEFusionGPTJ,49100,49100,49100.0,49100,1
ov__pass,RoPEFusionIOSlicing,56000,56000,56000.0,56000,1
ov__pass,RoPEShareCosSin,43600,43600,43600.0,43600,1
ov__pass,CausalMaskPreprocess,49300,49300,49300.0,49300,1
ov__pass,CausalMaskPreprocessFusion,3052600,3052600,3052600.0,3052600,1
ov__pass,DecomposeRMSNorm,46700,46700,46700.0,46700,1
ov__pass,NgramFusion,49100,49100,49100.0,49100,1
ov__pass,SnippetsMarkSkipped,1329500,1329500,1329500.0,1329500,1
ov__pass,snippets::pass::EnumerateNodes,2633100,2633100,2633100.0,2633100,1
ov__pass,ExtractReshapesFromMHA,91900,91900,91900.0,91900,1
ov__pass,snippets::pass::TokenizeMHASnippets,72300,72300,72300.0,72300,1
ov__pass,snippets::pass::TokenizeMLPSeqSnippets,46500,46500,46500.0,46500,1
ov__pass,snippets::pass::TransformConvertToConvertTruncation,5600,36500,9468.75,151500,16
ov__pass,snippets::pass::CommonOptimizations,3388300,3388300,3388300.0,3388300,1
ov__pass,snippets::pass::SnippetsTokenization,25410400,25410400,25410400.0,25410400,1
ov__pass,FakeQuantizeDecomposition,118400,118400,118400.0,118400,1
ov__pass,FakeConvertDecomposition,80700,80700,80700.0,80700,1
ov__pass,MoEMatMulsFusion,71300,71300,71300.0,71300,1
ov__pass,ConvertBatchGatherMatmulToBatchGatherMatmulCompressed,53400,53400,53400.0,53400,1
ov__pass,ConvertMatMulToFC,47200,47200,47200.0,47200,1
ov__pass,FullyConnectedBiasFusion,187400,187400,187400.0,187400,1
ov__pass,ConvertFCToFCQuantizedLegacy,44400,44400,44400.0,44400,1
ov__pass,AlignMatMulInputRanks,43800,43800,43800.0,43800,1
ov__pass,ConvertTileToSeqTiles,54500,54500,54500.0,54500,1
ov__pass,ConvertToPowerStatic,632100,632100,632100.0,632100,1
ov__pass,ConvertToLeakyRelu,44400,44400,44400.0,44400,1
ov__pass,ConvertToSwishCPU,9000,476400,42394.117647058825,720700,17
ov__pass,OptimizeSequenceTransposes,47400,47400,47400.0,47400,1
ov__pass,ReshapeSequenceFusion,36200,36200,36200.0,36200,1
ov__pass,MoveReadValueInputsToSubgraph,49500,49500,49500.0,49500,1
ov__pass,snippets::pass::Canonicalization,1500,1314200,84225.0,1347600,16
ov__pass,snippets::pass::AnalyzeBroadcastableInputs,4100,1379800,92200.0,1475200,16
ov__pass,snippets::pass::AlignElementTypes,500,1556800,98037.5,1568600,16
ov__pass,snippets::pass::BroadcastToMoveBroadcast,1700,21700,3287.5,52600,16
ov__pass,snippets::pass::ReduceToSnippetsReduce,1600,23800,3668.75,58700,16
ov__pass,snippets::pass::ConvertConstantsToScalars,2800,30700,5396.875,172700,32
ov__pass,snippets::pass::ConvertPowerToPowerStatic,2800,30300,5562.5,89000,16
ov__pass,BrgemmToBrgemmCPU,4000,1471300,96575.0,1545200,16
ov__pass,snippets::pass::PropagatePrecision,5900,1545400,103537.5,1656600,16
ov__pass,RemoveConverts,1400,11600,2293.75,36700,16
ov__pass,MulAddToFMA,1500,1335000,89456.25,1431300,16
ov__ReadTime,CoreImpl::read_model from file,11145800,54070700,32608250.0,65216500,2
ov__op__gpu,constant:sub_block1.conv3.weight,2192100,2192100,2192100.0,2192100,1
ov__op__gpu,constant:sub_block1.conv2.weight,1248000,1248000,1248000.0,1248000,1
ov__op__gpu,constant:sub_block1.conv1.weight,1460200,1460200,1460200.0,1460200,1
ov__op__gpu,constant:final_block3.conv4.weight,1302200,1302200,1302200.0,1302200,1
ov__op__gpu,constant:final_block3.conv3.weight,1665000,1665000,1665000.0,1665000,1
ov__op__gpu,constant:final_block3.conv2.weight,1210400,1210400,1210400.0,1210400,1
ov__op__gpu,constant:final_block3.conv1.weight,1257200,1257200,1257200.0,1257200,1
ov__op__gpu,constant:final_block2.conv4.weight,1396100,1396100,1396100.0,1396100,1
ov__op__gpu,constant:final_block2.conv3.weight,1193100,1193100,1193100.0,1193100,1
ov__op__gpu,constant:final_block2.conv2.weight,1820100,1820100,1820100.0,1820100,1
ov__op__gpu,constant:final_block2.conv1.weight,1825900,1825900,1825900.0,1825900,1
ov__op__gpu,constant:final_block1.conv4.weight,1271400,1271400,1271400.0,1271400,1
ov__op__gpu,constant:final_block1.conv3.weight,1322100,1322100,1322100.0,1322100,1
ov__op__gpu,constant:final_block1.conv2.weight,1338200,1338200,1338200.0,1338200,1
ov__op__gpu,constant:final_block1.conv1.weight,1923100,1923100,1923100.0,1923100,1
ov__op__gpu,constant:conv_transpose.weight,1468300,1468300,1468300.0,1468300,1
ov__op__gpu,constant:conv8.weight,1427900,1427900,1427900.0,1427900,1
ov__op__gpu,constant:conv7.weight,1359500,1359500,1359500.0,1359500,1
ov__op__gpu,constant:conv6_1.weight,1243600,1243600,1243600.0,1243600,1
ov__op__gpu,constant:conv5_3.weight,1154600,1154600,1154600.0,1154600,1
ov__op__gpu,constant:conv5_1.weight,2081400,2081400,2081400.0,2081400,1
ov__op__gpu,constant:conv4_3.weight,1321100,1321100,1321100.0,1321100,1
ov__op__gpu,constant:conv4_1.weight,1298600,1298600,1298600.0,1298600,1
ov__op__gpu,constant:conv3_3.weight,1237500,1237500,1237500.0,1237500,1
ov__op__gpu,constant:conv3_2.weight,1433800,1433800,1433800.0,1433800,1
ov__op__gpu,constant:conv3_1.weight,1417000,1417000,1417000.0,1417000,1
ov__op__gpu,constant:conv2_1.weight,1257600,1257600,1257600.0,1257600,1
ov__op__gpu,constant:conv1.weight,1176500,1176500,1176500.0,1176500,1
ov__op__gpu,constant:block4.sub_block.conv3.weight,1479400,1479400,1479400.0,1479400,1
ov__op__gpu,constant:block4.sub_block.conv2.weight,1245800,1245800,1245800.0,1245800,1
ov__op__gpu,constant:block4.sub_block.conv1.weight,1193900,1193900,1193900.0,1193900,1
ov__op__gpu,constant:block4.conv1.weight,1317300,1317300,1317300.0,1317300,1
ov__op__gpu,constant:block3.sub_block.conv3.weight,1851800,1851800,1851800.0,1851800,1
ov__op__gpu,constant:block3.sub_block.conv2.weight,1345400,1345400,1345400.0,1345400,1
ov__op__gpu,constant:block3.sub_block.conv1.weight,1309900,1309900,1309900.0,1309900,1
ov__op__gpu,constant:block3.conv1.weight,1535700,1535700,1535700.0,1535700,1
ov__op__gpu,constant:block2.sub_block.conv3.weight,1976200,1976200,1976200.0,1976200,1
ov__op__gpu,constant:block2.sub_block.conv2.weight,1333900,1333900,1333900.0,1333900,1
ov__op__gpu,constant:block2.sub_block.conv1.weight,1401800,1401800,1401800.0,1401800,1
ov__op__gpu,constant:block2.conv1.weight,2461400,2461400,2461400.0,2461400,1
ov__op__gpu,constant:block1.sub_block.conv3.weight,1268400,1268400,1268400.0,1268400,1
ov__op__gpu,constant:block1.sub_block.conv2.weight,1209000,1209000,1209000.0,1209000,1
ov__op__gpu,constant:block1.sub_block.conv1.weight,3566400,3566400,3566400.0,3566400,1
ov__op__gpu,constant:block1.conv1.weight,1378300,1378300,1378300.0,1378300,1
ov__op__gpu,constant:Reshape_873,1175100,1175100,1175100.0,1175100,1
ov__op__gpu,constant:Reshape_744,1562900,1562900,1562900.0,1562900,1
ov__op__gpu,constant:Reshape_615,1468200,1468200,1468200.0,1468200,1
ov__op__gpu,constant:Reshape_486,1438300,1438300,1438300.0,1438300,1
ov__op__gpu,constant:Reshape_43,1378900,1378900,1378900.0,1378900,1
ov__op__gpu,constant:Reshape_358,1625000,1625000,1625000.0,1625000,1
ov__op__gpu,constant:Reshape_264,1322800,1322800,1322800.0,1322800,1
ov__op__gpu,constant:Reshape_171,1254800,1254800,1254800.0,1254800,1
ov__op__gpu,constant:Reshape_1363,1607700,1607700,1607700.0,1607700,1
ov__op__gpu,constant:Reshape_1228,1692000,1692000,1692000.0,1692000,1
ov__op__gpu,constant:Reshape_1093,1638300,1638300,1638300.0,1638300,1
ov__op__gpu,constant:sub_block1.conv3.weight_weights_reorder_16,2056800,2056800,2056800.0,2056800,1
ov__op__gpu,constant:sub_block1.conv2.weight_weights_reorder_15,1481100,1481100,1481100.0,1481100,1
ov__op__gpu,constant:sub_block1.conv1.weight_weights_reorder_14,1842400,1842400,1842400.0,1842400,1
ov__op__gpu,constant:final_block3.conv4.weight_weights_reorder_52,1580900,1580900,1580900.0,1580900,1
ov__op__gpu,constant:final_block3.conv3.weight_weights_reorder_51,1726600,1726600,1726600.0,1726600,1
ov__op__gpu,constant:final_block3.conv2.weight_weights_reorder_50,1569000,1569000,1569000.0,1569000,1
ov__op__gpu,constant:final_block3.conv1.weight_weights_reorder_49,1787000,1787000,1787000.0,1787000,1
ov__op__gpu,constant:final_block2.conv4.weight_weights_reorder_47,1354400,1354400,1354400.0,1354400,1
ov__op__gpu,constant:final_block2.conv3.weight_weights_reorder_46,1496600,1496600,1496600.0,1496600,1
ov__op__gpu,constant:final_block2.conv2.weight_weights_reorder_45,1939600,1939600,1939600.0,1939600,1
ov__op__gpu,constant:final_block2.conv1.weight_weights_reorder_44,2348800,2348800,2348800.0,2348800,1
ov__op__gpu,constant:final_block1.conv4.weight_weights_reorder_42,2095300,2095300,2095300.0,2095300,1
ov__op__gpu,constant:final_block1.conv3.weight_weights_reorder_41,1728100,1728100,1728100.0,1728100,1
ov__op__gpu,constant:final_block1.conv2.weight_weights_reorder_40,1658600,1658600,1658600.0,1658600,1
ov__op__gpu,constant:final_block1.conv1.weight_weights_reorder_39,2036000,2036000,2036000.0,2036000,1
ov__op__gpu,constant:conv_transpose.weight_reorder_fmt,1541400,1541400,1541400.0,1541400,1
ov__op__gpu,constant:conv8.weight_weights_reorder_37,2021400,2021400,2021400.0,2021400,1
ov__op__gpu,constant:conv7.weight_weights_reorder_38,1417000,1417000,1417000.0,1417000,1
ov__op__gpu,constant:conv6_1.weight_weights_reorder_12,1688000,1688000,1688000.0,1688000,1
ov__op__gpu,constant:conv5_3.weight_weights_reorder_11,1493400,1493400,1493400.0,1493400,1
ov__op__gpu,constant:conv5_1.weight_weights_reorder_9,1636100,1636100,1636100.0,1636100,1
ov__op__gpu,constant:conv4_3.weight_weights_reorder_8,1868200,1868200,1868200.0,1868200,1
ov__op__gpu,constant:conv4_1.weight_weights_reorder_6,1896700,1896700,1896700.0,1896700,1
ov__op__gpu,constant:conv3_3.weight_weights_reorder_5,1832500,1832500,1832500.0,1832500,1
ov__op__gpu,constant:conv3_2.weight_weights_reorder_4,1777400,1777400,1777400.0,1777400,1
ov__op__gpu,constant:conv3_1.weight_weights_reorder_3,1947600,1947600,1947600.0,1947600,1
ov__op__gpu,constant:conv2_1.weight_weights_reorder_1,1977600,1977600,1977600.0,1977600,1
ov__op__gpu,constant:conv1.weight_weights_reorder_0,1414600,1414600,1414600.0,1414600,1
ov__op__gpu,constant:block4.sub_block.conv3.weight_weights_reorder_36,1493600,1493600,1493600.0,1493600,1
ov__op__gpu,constant:block4.sub_block.conv2.weight_weights_reorder_35,1405000,1405000,1405000.0,1405000,1
ov__op__gpu,constant:block4.sub_block.conv1.weight_weights_reorder_34,1727600,1727600,1727600.0,1727600,1
ov__op__gpu,constant:block4.conv1.weight_weights_reorder_32,2270900,2270900,2270900.0,2270900,1
ov__op__gpu,constant:block3.sub_block.conv3.weight_weights_reorder_31,1382900,1382900,1382900.0,1382900,1
ov__op__gpu,constant:block3.sub_block.conv2.weight_weights_reorder_30,1567700,1567700,1567700.0,1567700,1
ov__op__gpu,constant:block3.sub_block.conv1.weight_weights_reorder_29,1638100,1638100,1638100.0,1638100,1
ov__op__gpu,constant:block3.conv1.weight_weights_reorder_27,1460300,1460300,1460300.0,1460300,1
ov__op__gpu,constant:block2.sub_block.conv3.weight_weights_reorder_26,1719000,1719000,1719000.0,1719000,1
ov__op__gpu,constant:block2.sub_block.conv2.weight_weights_reorder_25,2279400,2279400,2279400.0,2279400,1
ov__op__gpu,constant:block2.sub_block.conv1.weight_weights_reorder_24,1515600,1515600,1515600.0,1515600,1
ov__op__gpu,constant:block2.conv1.weight_weights_reorder_22,1903300,1903300,1903300.0,1903300,1
ov__op__gpu,constant:block1.sub_block.conv3.weight_weights_reorder_21,1471000,1471000,1471000.0,1471000,1
ov__op__gpu,constant:block1.sub_block.conv2.weight_weights_reorder_20,1356000,1356000,1356000.0,1356000,1
ov__op__gpu,constant:block1.sub_block.conv1.weight_weights_reorder_19,1912500,1912500,1912500.0,1912500,1
ov__op__gpu,constant:block1.conv1.weight_weights_reorder_17,1700400,1700400,1700400.0,1700400,1
ov__op__gpu,constant:Reshape_873_weights_reorder_33,1944900,1944900,1944900.0,1944900,1
ov__op__gpu,constant:Reshape_744_weights_reorder_28,1640800,1640800,1640800.0,1640800,1
ov__op__gpu,constant:Reshape_615_weights_reorder_23,1655100,1655100,1655100.0,1655100,1
ov__op__gpu,constant:Reshape_486_weights_reorder_18,1641700,1641700,1641700.0,1641700,1
ov__op__gpu,constant:Reshape_43_weights_reorder_2,1986500,1986500,1986500.0,1986500,1
ov__op__gpu,constant:Reshape_358_weights_reorder_13,1644500,1644500,1644500.0,1644500,1
ov__op__gpu,constant:Reshape_264_weights_reorder_10,1536500,1536500,1536500.0,1536500,1
ov__op__gpu,constant:Reshape_171_weights_reorder_7,1458500,1458500,1458500.0,1458500,1
ov__op__gpu,constant:Reshape_1363_weights_reorder_53,1358100,1358100,1358100.0,1358100,1
ov__op__gpu,constant:Reshape_1228_weights_reorder_48,1790800,1790800,1790800.0,1790800,1
ov__op__gpu,constant:Reshape_1093_weights_reorder_43,1543500,1543500,1543500.0,1543500,1
ov__op__gpu,parameter:pixel_values,10000,1385300,29735.632183908045,2587000,87
ov__op__gpu,convert:Convert_3581,18700,3135200,58787.35632183908,5114500,87
ov__op__gpu,convolution:/conv1/Conv/WithoutBiases,47600,1740700,72350.57471264368,6294500,87
ov__op__gpu,convolution:/conv2_1/Conv/WithoutBiases,14000,2115500,40693.10344827586,3540300,87
ov__op__gpu,convolution:/conv2_2/Conv/WithoutBiases,12500,1324800,29516.091954022988,2567900,87
ov__op__gpu,reducemean:/ReduceMean,14800,1532500,34626.4367816092,3012500,87
ov__op__gpu,convolution:/conv3_1/Conv/WithoutBiases,11800,1574200,32568.96551724138,2833500,87
ov__op__gpu,convolution:/conv3_2/Conv/WithoutBiases,11000,1557700,30129.885057471263,2621300,87
ov__op__gpu,multiply:/Mul,8100,1440300,26526.436781609194,2307800,87
ov__op__gpu,convolution:/conv3_3/Conv/WithoutBiases,9900,1453300,28548.275862068964,2483700,87
ov__op__gpu,convolution:/conv4_1/Conv/WithoutBiases,10600,1670800,31464.367816091955,2737400,87
ov__op__gpu,convolution:/conv4_2/Conv/WithoutBiases,11100,1754100,32672.41379310345,2842500,87
ov__op__gpu,convolution:/conv4_3/Conv/WithoutBiases,10400,1633600,30605.74712643678,2662700,87
ov__op__gpu,convolution:/conv5_1/Conv/WithoutBiases,10100,2020800,34665.51724137931,3015900,87
ov__op__gpu,convolution:/conv5_2/Conv/WithoutBiases,10900,1716100,32467.816091954024,2824700,87
ov__op__gpu,convolution:/conv5_3/Conv/WithoutBiases,9900,1605200,29802.298850574713,2592800,87
ov__op__gpu,convolution:/conv6_1/Conv/WithoutBiases,10200,1544100,29403.44827586207,2558100,87
ov__op__gpu,convolution:/conv6_2/Conv/WithoutBiases,10100,1701600,30816.091954022988,2681000,87
ov__op__gpu,reducemean:/sub_block1/ReduceMean,12900,1827500,35435.63218390805,3082900,87
ov__op__gpu,convolution:/sub_block1/conv1/Conv/WithoutBiases,10000,1524400,28782.758620689656,2504100,87
ov__op__gpu,convolution:/sub_block1/conv2/Conv/WithoutBiases,10200,1512600,28452.873563218393,2475400,87
ov__op__gpu,multiply:/sub_block1/Mul,6700,1455000,24258.620689655174,2110500,87
ov__op__gpu,convolution:/sub_block1/conv3/Conv/WithoutBiases,11100,1611800,30709.19540229885,2671700,87
ov__op__gpu,convolution:/block1/conv1/Conv/WithoutBiases,9400,1838400,31939.080459770114,2778700,87
ov__op__gpu,convolution:/block1/conv2/Conv/WithoutBiases,10500,2259300,37800.0,3288600,87
ov__op__gpu,reducemean:/block1/sub_block/ReduceMean,7500,1524300,26608.045977011494,2314900,87
ov__op__gpu,convolution:/block1/sub_block/conv1/Conv/WithoutBiases,9800,1530100,28936.7816091954,2517500,87
ov__op__gpu,convolution:/block1/sub_block/conv2/Conv/WithoutBiases,10400,1582200,29867.816091954024,2598500,87
ov__op__gpu,multiply:/block1/sub_block/Mul,6400,1494800,24631.03448275862,2142900,87
ov__op__gpu,convolution:/block1/sub_block/conv3/Conv/WithoutBiases,9800,1989900,33908.0459770115,2950000,87
ov__op__gpu,convolution:/block2/conv1/Conv/WithoutBiases,7000,1554600,25891.954022988506,2252600,87
ov__op__gpu,convolution:/block2/conv2/Conv/WithoutBiases,6500,2186800,32433.333333333332,2821700,87
ov__op__gpu,reducemean:/block2/sub_block/ReduceMean,6400,1685600,26517.241379310344,2307000,87
ov__op__gpu,convolution:/block2/sub_block/conv1/Conv/WithoutBiases,7300,1422500,24441.379310344826,2126400,87
ov__op__gpu,convolution:/block2/sub_block/conv2/Conv/WithoutBiases,6500,1492500,24673.563218390806,2146600,87
ov__op__gpu,multiply:/block2/sub_block/Mul,5800,1537200,24360.919540229886,2119400,87
ov__op__gpu,convolution:/block2/sub_block/conv3/Conv/WithoutBiases,7000,1994500,30833.333333333332,2682500,87
ov__op__gpu,convolution:/block3/conv1/Conv/WithoutBiases,9700,1508300,28379.310344827587,2469000,87
ov__op__gpu,convolution:/block3/conv2/Conv/WithoutBiases,10300,1834500,32785.057471264365,2852300,87
ov__op__gpu,reducemean:/block3/sub_block/ReduceMean,6000,1455300,23440.22988505747,2039300,87
ov__op__gpu,convolution:/block3/sub_block/conv1/Conv/WithoutBiases,7200,1413100,24624.137931034482,2142300,87
ov__op__gpu,convolution:/block3/sub_block/conv2/Conv/WithoutBiases,6400,1545800,25225.287356321838,2194600,87
ov__op__gpu,multiply:/block3/sub_block/Mul,5300,1506400,23506.896551724138,2045100,87
ov__op__gpu,convolution:/block3/sub_block/conv3/Conv/WithoutBiases,9400,1556600,28471.264367816093,2477000,87
ov__op__gpu,convolution:/block4/conv1/Conv/WithoutBiases,6900,1784500,28279.310344827587,2460300,87
ov__op__gpu,convolution:/block4/conv2/Conv/WithoutBiases,7000,1546800,25678.16091954023,2234000,87
ov__op__gpu,reducemean:/block4/sub_block/ReduceMean,5900,1796700,27795.402298850575,2418200,87
ov__op__gpu,convolution:/block4/sub_block/conv1/Conv/WithoutBiases,6600,1662000,26689.655172413793,2322000,87
ov__op__gpu,convolution:/block4/sub_block/conv2/Conv/WithoutBiases,6500,1616700,25964.367816091955,2258900,87
ov__op__gpu,multiply:/block4/sub_block/Mul,5400,1871300,27724.137931034482,2412000,87
ov__op__gpu,convolution:/block4/sub_block/conv3/Conv/WithoutBiases,7100,1641300,26801.149425287356,2331700,87
ov__op__gpu,reducemean:/ReduceMean_1,7500,1505800,25837.931034482757,2247900,87
ov__op__gpu,convolution:/conv8/Conv/WithoutBiases,6600,1612500,26133.333333333332,2273600,87
ov__op__gpu,convolution:/conv7/Conv/WithoutBiases,9900,1622300,30198.850574712644,2627300,87
ov__op__gpu,interpolate:/final_block1/interp/Resize,6800,1520200,25702.298850574713,2236100,87
ov__op__gpu,convolution:/final_block1/conv1/Conv/WithoutBiases,9500,1423400,27563.2183908046,2398000,87
ov__op__gpu,add:/final_block1/Add,5700,2073500,33497.70114942529,2914300,87
ov__op__gpu,reducemean:/final_block1/ReduceMean,8700,1756600,30629.885057471263,2664800,87
ov__op__gpu,convolution:/final_block1/conv2/Conv/WithoutBiases,9800,1700900,31351.724137931036,2727600,87
ov__op__gpu,convolution:/final_block1/conv3/Conv/WithoutBiases,9600,1965600,33770.11494252874,2938000,87
ov__op__gpu,multiply:/final_block1/Mul,5900,1559300,24889.655172413793,2165400,87
ov__op__gpu,convolution:/final_block1/conv4/Conv/WithoutBiases,9700,1454900,27831.03448275862,2421300,87
ov__op__gpu,convolution:/final_block1/conv5/Conv/WithoutBiases,9300,2241300,36189.65517241379,3148500,87
ov__op__gpu,interpolate:/final_block2/interp/Resize,6200,1800800,27708.045977011494,2410600,87
ov__op__gpu,convolution:/final_block2/conv1/Conv/WithoutBiases,8900,2124700,35364.36781609195,3076700,87
ov__op__gpu,add:/final_block2/Add,5100,1340900,21658.620689655174,1884300,87
ov__op__gpu,reducemean:/final_block2/ReduceMean,6700,1719300,27970.114942528737,2433400,87
ov__op__gpu,convolution:/final_block2/conv2/Conv/WithoutBiases,9900,1800000,31842.528735632182,2770300,87
ov__op__gpu,convolution:/final_block2/conv3/Conv/WithoutBiases,9700,1688600,30557.471264367818,2658500,87
ov__op__gpu,multiply:/final_block2/Mul,5800,1487100,23773.563218390806,2068300,87
ov__op__gpu,convolution:/final_block2/conv4/Conv/WithoutBiases,10400,1890200,33394.252873563215,2905300,87
ov__op__gpu,convolution:/final_block2/conv5/Conv/WithoutBiases,9700,1784900,31250.57471264368,2718800,87
ov__op__gpu,interpolate:/final_block3/interp/Resize,5700,1474800,24520.689655172413,2133300,87
ov__op__gpu,convolution:/final_block3/conv1/Conv/WithoutBiases,9200,1467600,27683.908045977012,2408500,87
ov__op__gpu,add:/final_block3/Add,5200,1618400,24668.96551724138,2146200,87
ov__op__gpu,reducemean:/final_block3/ReduceMean,13700,2062700,38764.36781609195,3372500,87
ov__op__gpu,convolution:/final_block3/conv2/Conv/WithoutBiases,6600,2016000,30567.816091954024,2659400,87
ov__op__gpu,convolution:/final_block3/conv3/Conv/WithoutBiases,6400,2352200,34082.75862068965,2965200,87
ov__op__gpu,multiply:/final_block3/Mul,5800,1559400,24600.0,2140200,87
ov__op__gpu,convolution:/final_block3/conv4/Conv/WithoutBiases,7400,1489000,26183.908045977012,2278000,87
ov__op__gpu,convolution:/final_block3/conv5/Conv/WithoutBiases,8500,1902100,32404.597701149425,2819200,87
ov__op__gpu,convolutionbackpropdata:ConvolutionBackpropData_1419,12700,1814300,35367.816091954024,3077000,87
ov__op__gpu,result:alphas/sink_port_0,9400,1667400,32539.080459770114,2830900,87
Plugin,set_tensor,300,393100,9588.57142857143,1678000,175
Plugin,get_tensor,800,9800,2993.0232558139537,257400,86
Plugin,get_tensors,400,6500,1018.2352941176471,173100,170
ov__phases__gpu__inference,SyncInferenceGPU::wait,92700,3171200,841368.9655172414,73199100,87
ov__phases__gpu__inference,SyncInferenceGPU::infer::onnx_Frontend_IR,1401600,275666900,5224963.218390805,454571800,87
SnippetsTransform,Snippets::SetTopologicalOrder,300,43900,1187.1473354231975,378700,319
SnippetsTransform,Snippets::EnumerateNodes,1599400,1599400,1599400.0,1599400,1
SnippetsTransform,Snippets::GetSnippetsNodeType,100,5200,627.8996865203761,200300,319
SnippetsTransform,Snippets::is_supported_op,400,391800,4174.149659863946,613600,147
SnippetsTransform,Snippets::validate_and_infer_types,7200,423100,26976.315789473683,1025100,38
SnippetsTransform,Snippets::wrap_node_as_subgraph,22200,1615200,135050.0,2160800,16
SnippetsTransform,Snippets::CreateSubgraph_callback,29900,4378100,368315.7894736842,6998000,19
SnippetsTransform,Snippets::GetSnippetsSubgraphType,100,2800,1033.3333333333333,3100,3
SnippetsTransform,Snippets::op::Validate,800,60400,4668.75,74700,16
SnippetsTransform,Snippets::CommonOptimizations,15700,1820700,133012.5,2128200,16
SnippetsTransform,Snippets::Canonicalization,1000,4500,1612.5,25800,16
SnippetsTransform,Snippets::AnalyzeBroadcastableInputs,3600,33100,7325.0,117200,16
SnippetsTransform,Snippets::AlignElementTypes,200,10500,1006.25,16100,16
SnippetsTransform,ov::intel_cpu::pass::BrgemmToBrgemmCPU,3500,34000,6168.75,98700,16
SnippetsTransform,Snippets::op::PropagatePrecision,5500,39000,8943.75,143100,16
SnippetsTransform,Snippets::op::data_flow_transformations,139100,17545900,1354056.25,21664900,16
SnippetsTransform,Snippets::op::control_flow_transformations_::convert_body_to_linear_ir,15400,839100,72375.0,1158000,16
SnippetsTransform,Snippets::OptimizeDomain,1700,15700,3781.25,60500,16
SnippetsTransform,Snippets::MarkLoops,5900,56700,13875.0,222000,16
SnippetsTransform,Snippets::BrgemmBlocking,200,2900,418.75,6700,16
SnippetsTransform,Snippets::ParallelizeGatedMlpNLoops,200,4300,668.75,10700,16
SnippetsTransform,Snippets::ReduceMaxDecompositionLowered,200,2400,462.5,7400,16
SnippetsTransform,Snippets::FuseLoops,1600,20400,3587.5,57400,16
SnippetsTransform,Snippets::SplitLoops,400,9000,1212.5,19400,16
SnippetsTransform,Snippets::MoveResultOutOfLoop,400,7200,968.75,15500,16
SnippetsTransform,Snippets::InsertBrgemmCopyBuffers,200,2300,412.5,6600,16
SnippetsTransform,Snippets::InsertBuffers,1500,14900,3175.0,50800,16
SnippetsTransform,Snippets::InsertLoadStore,22600,127100,38262.5,612200,16
SnippetsTransform,Snippets::MoveScalarToConsumer,300,4100,762.5,12200,16
SnippetsTransform,Snippets::InsertBroadcastMove,1200,9700,1925.0,30800,16
SnippetsTransform,Snippets::LoadMoveBroadcastToBroadcastLoad,300,2400,581.25,9300,16
SnippetsTransform,Snippets::ExtractLoopInvariants,1400,18800,3312.5,53000,16
SnippetsTransform,Snippets::ValidateShapes,400,4500,775.0,12400,16
SnippetsTransform,Snippets::ValidateUnifiedLoops,2900,19400,5518.75,88300,16
SnippetsTransform,Snippets::InitLoops,1500,43000,5012.5,80200,16
SnippetsTransform,Snippets::AdjustBrgemmCopyBLoopPorts,300,6200,731.25,11700,16
SnippetsTransform,Snippets::SetDynamicWAToOuterMostLoop,100,2200,377.77777777777777,3400,9
SnippetsTransform,Snippets::InsertLoops,9700,134900,25512.5,408200,16
SnippetsTransform,Snippets::FuseLoadStoreConvert,300,6900,825.0,13200,16
SnippetsTransform,Snippets::ComputeBufferAllocationSize,100,1000,200.0,1800,9
SnippetsTransform,Snippets::MarkInvariantShapePath,2600,30000,5225.0,83600,16
SnippetsTransform,Snippets::SetBufferRegGroup,2000,26800,4362.5,69800,16
SnippetsTransform,Snippets::DefineBufferClusters,2400,20600,4525.0,72400,16
SnippetsTransform,Snippets::SolveBufferMemory,100,1500,306.25,4900,16
SnippetsTransform,Snippets::NormalizeBufferRegisterGroups,100,1700,206.66666666666666,3100,15
SnippetsTransform,Snippets::PropagateBufferOffset,100,700,166.66666666666666,1500,9
SnippetsTransform,Snippets::AllocateBuffers,10300,5189100,337218.75,5395500,16
SnippetsTransform,Snippets::CleanRepeatedDataPointerShifts,1100,14500,2956.25,47300,16
SnippetsTransform,Snippets::ValidateBuffers,300,2700,512.5,8200,16
SnippetsTransform,Snippets::Validate,3100,32800,6168.75,98700,16
SnippetsTransform,Snippets::op::control_flow_transformations_::control_flow_transformations,81200,26177200,1749750.0,27996000,16
SnippetsTransform,Snippets::op::control_flow_transformations_::init_shape_infer_linear_ir,41300,2436800,263406.25,4214500,16
SnippetsTransform,Snippets::InsertSpecificIterations,5000,40500,10437.5,167000,16
SnippetsTransform,Snippets::InitLiveRanges,10200,46600,15787.5,252600,16
SnippetsTransform,Snippets::AssignRegisters::LinearScanOptimized,700,8600,1809.375,57900,32
SnippetsTransform,Snippets::AssignRegisters,16900,991700,81368.75,1301900,16
SnippetsTransform,Snippets::InsertRegSpills,500,6000,893.75,14300,16
SnippetsTransform,Snippets::InitRegisters,29400,3355400,243918.75,3902700,16
SnippetsTransform,Snippets::NormalizeLoopIDs,1900,14700,3406.25,54500,16
SnippetsTransform,Snippets::ValidateExpandedLoops,2100,17500,3718.75,59500,16
SnippetsTransform,Snippets::CleanupLoopOffsets,600,9900,1762.5,28200,16
SnippetsTransform,Snippets::OptimizeLoopSingleEvaluation,400,5500,912.5,14600,16
SnippetsTransform,Snippets::op::control_flow_transformations_::pre_generation_pipeline,43800,8278300,570868.75,9133900,16
SnippetsTransform,Snippets::op::control_flow_transformations,183400,38499600,2705218.75,43283500,16
SnippetsTransform,Snippets::Generator_::InitEmitters,12900,774100,100933.33333333333,908400,9
SnippetsTransform,Snippets::Generator_::EmitCode,40500,800800,134544.44444444444,1210900,9
SnippetsTransform,Snippets::Generator_::EmitData,1500,841500,95866.66666666667,862800,9
SnippetsTransform,Snippets::Generator_::GetSnippet,75000,125900,87422.22222222222,786800,9
SnippetsTransform,Snippets::Generator::generate,136400,3256300,499877.77777777775,4498900,9
SnippetsTransform,Snippets::op::generate,190900,4256700,675722.2222222222,6081500,9
SnippetsTransform,Snippets::op::MulAddToFMA_callback,9700,30400,16866.666666666668,50600,3
SIMPLE_internal_op,snippets_Result_validate_and_infer_types,100,4000,504.4117647058824,68600,136
SIMPLE_internal_op,Subgraph,7400,39124800,829821.052631579,78833000,95
SIMPLE_internal_op,snippet_Result_clone_with_new_inputs,1700,543700,16722.727272727272,735800,44
SIMPLE_internal_op,Store_clone_with_new_inputs,1000,10700,1984.0,49600,25
SIMPLE_internal_op,Load,800,10200,1633.9285714285713,91500,56
SIMPLE_internal_op,FusedMulAdd,2100,14100,4583.333333333333,27500,6
FACTORY_intel_cpu,REG$NodesFactory$77$CumSum,694200,694200,694200.0,694200,1
FACTORY_intel_cpu,REG$NodesFactory$6$Convolution,3000,3000,3000.0,3000,1
FACTORY_intel_cpu,REG$NodesFactory$38$BinaryConvolution,16200,16200,16200.0,16200,1
FACTORY_intel_cpu,REG$NodesFactory$29$SpaceToBatch,2700,2700,2700.0,2700,1
FACTORY_intel_cpu,REG$NodesFactory$8$Lrn,1700,1700,1700.0,1700,1
FACTORY_intel_cpu,REG$NodesFactory$25$BatchToSpace,2300,2300,2300.0,2300,1
FACTORY_intel_cpu,REG$NodesFactory$26$DepthToSpace,3900,3900,3900.0,3900,1
FACTORY_intel_cpu,REG$NodesFactory$30$SpaceToDepth,4500,4500,4500.0,4500,1
FACTORY_intel_cpu,REG$NodesFactory$31$SparseFillEmptyRows,15200,15200,15200.0,15200,1
FACTORY_intel_cpu,REG$NodesFactory$1$If,2700,2700,2700.0,2700,1
FACTORY_intel_cpu,REG$NodesFactory$53$Broadcast,2000,2000,2000.0,2000,1
FACTORY_intel_cpu,REG$NodesFactory$88$ExperimentalDetectronTopKROIs,1700,1700,1700.0,1700,1
FACTORY_intel_cpu,REG$NodesFactory$2$Reorder,2400,2400,2400.0,2400,1
FACTORY_intel_cpu,REG$NodesFactory$97$MatrixNms,1900,1900,1900.0,1900,1
FACTORY_intel_cpu,REG$NodesFactory$10$AdaptivePooling,2100,2100,2100.0,2100,1
FACTORY_intel_cpu,REG$NodesFactory$9$Pooling,2000,2000,2000.0,2000,1
FACTORY_intel_cpu,REG$NodesFactory$15$Eltwise,2300,2300,2300.0,2300,1
FACTORY_intel_cpu,REG$NodesFactory$12$SoftMax,2300,2300,2300.0,2300,1
FACTORY_intel_cpu,REG$NodesFactory$57$EmbeddingBagPacked,2200,2200,2200.0,2200,1
FACTORY_intel_cpu,REG$NodesFactory$54$EmbeddingBagPacked,1600,1600,1600.0,1600,1
FACTORY_intel_cpu,REG$NodesFactory$3$Input,2100,2100,2100.0,2100,1
FACTORY_intel_cpu,REG$NodesFactory$4$Input,2600,2600,2600.0,2600,1
FACTORY_intel_cpu,REG$NodesFactory$34$MemoryInput,4200,4200,4200.0,4200,1
FACTORY_intel_cpu,REG$NodesFactory$33$MemoryOutput,2300,2300,2300.0,2300,1
FACTORY_intel_cpu,REG$NodesFactory$20$Tile,2400,2400,2400.0,2400,1
FACTORY_intel_cpu,REG$NodesFactory$82$GatherTree,3700,3700,3700.0,3700,1
FACTORY_intel_cpu,REG$NodesFactory$11$FullyConnected,2000,2000,2000.0,2000,1
FACTORY_intel_cpu,REG$NodesFactory$75$CTCGreedyDecoder,1800,1800,1800.0,1800,1
FACTORY_intel_cpu,REG$NodesFactory$28$Transpose,2800,2800,2800.0,2800,1
FACTORY_intel_cpu,REG$NodesFactory$86$ReorgYolo,2400,2400,2400.0,2400,1
FACTORY_intel_cpu,REG$NodesFactory$56$EmbeddingSegmentsSum,1900,1900,1900.0,1900,1
FACTORY_intel_cpu,REG$NodesFactory$18$ShapeOf,2000,2000,2000.0,2000,1
FACTORY_intel_cpu,REG$NodesFactory$91$ExperimentalDetectronGenerateProposalsSingleImage,2000,2000,2000.0,2000,1
FACTORY_intel_cpu,REG$NodesFactory$93$GenerateProposals,1600,1600,1600.0,1600,1
FACTORY_intel_cpu,REG$NodesFactory$87$ReverseSequence,2300,2300,2300.0,2300,1
FACTORY_intel_cpu,REG$NodesFactory$90$ExperimentalDetectronPriorGridGenerator,8400,8400,8400.0,8400,1
FACTORY_intel_cpu,REG$NodesFactory$61$GatherND,2400,2400,2400.0,2400,1
FACTORY_intel_cpu,REG$NodesFactory$80$LogSoftmax,1900,1900,1900.0,1900,1
FACTORY_intel_cpu,REG$NodesFactory$24$PSROIPooling,2300,2300,2300.0,2300,1
FACTORY_intel_cpu,REG$NodesFactory$35$RNN,2000,2000,2000.0,2000,1
FACTORY_intel_cpu,REG$NodesFactory$36$RNN,2300,2300,2300.0,2300,1
FACTORY_intel_cpu,REG$NodesFactory$73$CTCLoss,2500,2500,2500.0,2500,1
FACTORY_intel_cpu,REG$NodesFactory$13$Split,3800,3800,3800.0,3800,1
FACTORY_intel_cpu,REG$NodesFactory$78$DetectionOutput,3300,3300,3300.0,3300,1
FACTORY_intel_cpu,REG$NodesFactory$60$GatherElements,3600,3600,3600.0,3600,1
FACTORY_intel_cpu,REG$NodesFactory$76$CTCGreedyDecoderSeqLen,2100,2100,2100.0,2100,1
FACTORY_intel_cpu,REG$NodesFactory$74$Bucketize,3000,3000,3000.0,3000,1
FACTORY_intel_cpu,REG$NodesFactory$89$ExperimentalDetectronROIFeatureExtractor,1700,1700,1700.0,1700,1
FACTORY_intel_cpu,REG$NodesFactory$72$Math,1800,1800,1800.0,1800,1
FACTORY_intel_cpu,REG$NodesFactory$98$MultiClassNms,1700,1700,1700.0,1700,1
FACTORY_intel_cpu,REG$NodesFactory$41$Convert,1700,1700,1700.0,1700,1
FACTORY_intel_cpu,REG$NodesFactory$43$Col2Im,1800,1800,1800.0,1800,1
FACTORY_intel_cpu,REG$NodesFactory$42$ColorConvert,1700,1700,1700.0,1700,1
FACTORY_intel_cpu,REG$NodesFactory$58$EmbeddingBagOffset,1800,1800,1800.0,1800,1
FACTORY_intel_cpu,REG$NodesFactory$55$EmbeddingBagOffset,1600,1600,1600.0,1600,1
FACTORY_intel_cpu,REG$NodesFactory$65$Roll,1900,1900,1900.0,1900,1
FACTORY_intel_cpu,REG$NodesFactory$27$Pad,2300,2300,2300.0,2300,1
FACTORY_intel_cpu,REG$NodesFactory$17$Reshape,1800,1800,1800.0,1800,1
FACTORY_intel_cpu,REG$NodesFactory$44$MVN,2200,2200,2200.0,2200,1
FACTORY_intel_cpu,REG$NodesFactory$16$MatMul,2800,2800,2800.0,2800,1
FACTORY_intel_cpu,REG$NodesFactory$99$Multinomial,2600,2600,2600.0,2600,1
FACTORY_intel_cpu,REG$NodesFactory$46$ScatterUpdate,2100,2100,2100.0,2100,1
FACTORY_intel_cpu,REG$NodesFactory$47$ScatterUpdate,5000,5000,5000.0,5000,1
FACTORY_intel_cpu,REG$NodesFactory$48$ScatterUpdate,1800,1800,1800.0,1800,1
FACTORY_intel_cpu,REG$NodesFactory$49$StringTensorPack,9300,9300,9300.0,9300,1
FACTORY_intel_cpu,REG$NodesFactory$50$StringTensorUnpack,1800,1800,1800.0,1800,1
FACTORY_intel_cpu,REG$NodesFactory$67$ShuffleChannels,1700,1700,1700.0,1700,1
FACTORY_intel_cpu,REG$NodesFactory$40$TensorIterator,1700,1700,1700.0,1700,1
FACTORY_intel_cpu,REG$NodesFactory$14$Concat,1900,1900,1900.0,1900,1
FACTORY_intel_cpu,REG$NodesFactory$63$OneHot,2100,2100,2100.0,2100,1
FACTORY_intel_cpu,REG$NodesFactory$79$ExperimentalDetectronDetectionOutput,2700,2700,2700.0,2700,1
FACTORY_intel_cpu,REG$NodesFactory$7$Deconvolution,2500,2500,2500.0,2500,1
FACTORY_intel_cpu,REG$NodesFactory$39$DeformableConvolution,3700,3700,3700.0,3700,1
FACTORY_intel_cpu,REG$NodesFactory$84$Range,2100,2100,2100.0,2100,1
FACTORY_intel_cpu,REG$NodesFactory$32$StridedSlice,2000,2000,2000.0,2000,1
FACTORY_intel_cpu,REG$NodesFactory$83$GRN,2300,2300,2300.0,2300,1
FACTORY_intel_cpu,REG$NodesFactory$19$NonZero,1800,1800,1800.0,1800,1
FACTORY_intel_cpu,REG$NodesFactory$45$NormalizeL2,1600,1600,1600.0,1600,1
FACTORY_intel_cpu,REG$NodesFactory$102$PriorBox,2000,2000,2000.0,2000,1
FACTORY_intel_cpu,REG$NodesFactory$103$PriorBoxClustered,2300,2300,2300.0,2300,1
FACTORY_intel_cpu,REG$NodesFactory$5$Eye,4700,4700,4700.0,4700,1
FACTORY_intel_cpu,REG$NodesFactory$106$Unique,2700,2700,2700.0,2700,1
FACTORY_intel_cpu,REG$NodesFactory$107$Ngram,3600,3600,3600.0,3600,1
FACTORY_intel_cpu,REG$NodesFactory$110$RoPE,2000,2000,2000.0,2000,1
FACTORY_intel_cpu,REG$NodesFactory$111$CausalMaskPreprocess,1700,1700,1700.0,1700,1
FACTORY_intel_cpu,REG$NodesFactory$94$Identity,2000,2000,2000.0,2000,1
FACTORY_intel_cpu,REG$NodesFactory$51$Interpolate,2300,2300,2300.0,2300,1
FACTORY_intel_cpu,REG$NodesFactory$95$Inverse,1700,1700,1700.0,1700,1
FACTORY_intel_cpu,REG$NodesFactory$105$RandomUniform,2300,2300,2300.0,2300,1
FACTORY_intel_cpu,REG$NodesFactory$52$Reduce,1200,1200,1200.0,1200,1
FACTORY_intel_cpu,REG$NodesFactory$59$Gather,3100,3100,3100.0,3100,1
FACTORY_intel_cpu,REG$NodesFactory$96$NonMaxSuppression,11100,11100,11100.0,11100,1
FACTORY_intel_cpu,REG$NodesFactory$23$ROIPooling,2100,2100,2100.0,2100,1
FACTORY_intel_cpu,REG$NodesFactory$21$ROIAlign,2000,2000,2000.0,2000,1
FACTORY_intel_cpu,REG$NodesFactory$22$ROIAlignRotated,1900,1900,1900.0,1900,1
FACTORY_intel_cpu,REG$NodesFactory$81$TopK,1700,1700,1700.0,1700,1
FACTORY_intel_cpu,REG$NodesFactory$85$Proposal,1800,1800,1800.0,1800,1
FACTORY_intel_cpu,REG$NodesFactory$64$RegionYolo,2300,2300,2300.0,2300,1
FACTORY_intel_cpu,REG$NodesFactory$68$DFT,33600,33600,33600.0,33600,1
FACTORY_intel_cpu,REG$NodesFactory$69$RDFT,2600,2600,2600.0,2600,1
FACTORY_intel_cpu,REG$NodesFactory$70$STFT,2800,2800,2800.0,2800,1
FACTORY_intel_cpu,REG$NodesFactory$71$ISTFT,2800,2800,2800.0,2800,1
FACTORY_intel_cpu,REG$NodesFactory$92$ExtractImagePatches,2600,2600,2600.0,2600,1
FACTORY_intel_cpu,REG$NodesFactory$100$Subgraph,1900,1900,1900.0,1900,1
FACTORY_intel_cpu,REG$NodesFactory$101$Composite,1700,1700,1700.0,1700,1
FACTORY_intel_cpu,REG$NodesFactory$108$ScaledDotProductAttention,1800,1800,1800.0,1800,1
FACTORY_intel_cpu,REG$NodesFactory$115$SearchSorted,1700,1700,1700.0,1700,1
FACTORY_intel_cpu,REG$NodesFactory$116$SegmentMax,2000,2000,2000.0,2000,1
FACTORY_intel_cpu,REG$NodesFactory$117$LoRA,1900,1900,1900.0,1900,1
FACTORY_intel_cpu,REG$NodesFactory$118$GatherMatmul,1900,1900,1900.0,1900,1
FACTORY_intel_cpu,REG$NodesFactory$37$FakeQuantize,1800,1800,1800.0,1800,1
FACTORY_intel_cpu,REG$NodesFactory$62$GridSample,1900,1900,1900.0,1900,1
FACTORY_intel_cpu,REG$NodesFactory$104$Interaction,8600,8600,8600.0,8600,1
FACTORY_intel_cpu,REG$NodesFactory$112$LLMMLP,2000,2000,2000.0,2000,1
FACTORY_intel_cpu,REG$NodesFactory$113$QKVProjection,2300,2300,2300.0,2300,1
FACTORY_intel_cpu,REG$NodesFactory$109$PagedAttention,2000,2000,2000.0,2000,1
FACTORY_intel_cpu,REG$NodesFactory$114$RMSNorm,3100,3100,3100.0,3100,1
FACTORY_intel_cpu,CREATE$NodesFactory$3,3100,162207900,1311913.492063492,165301100,126
FACTORY_intel_cpu,CREATE$NodesFactory$6,3100,5232500,105453.70370370371,5694500,54
FACTORY_intel_cpu,CREATE$NodesFactory$15,2800,5453200,61531.730769230766,6399300,104
FACTORY_intel_cpu,CREATE$NodesFactory$52,5800,5199100,531440.0,5314400,10
FACTORY_intel_cpu,CREATE$NodesFactory$100,79400,8940800,706931.25,11310900,16
FACTORY_intel_cpu,CREATE$NodesFactory$51,5300,4833500,1616633.3333333333,4849900,3
FACTORY_intel_cpu,CREATE$NodesFactory$7,5955900,5955900,5955900.0,5955900,1
tbb,tbb_parallel_for,400,5369000,30213.179699637494,1983616100,65654
ov__intel_cpu__lt,Graph::Replicate_ov::Model,325650700,325650700,325650700.0,325650700,1
ov__intel_cpu__lt,Graph::SortTopologically,43500,178100,78628.57142857143,550400,7
ov__intel_cpu__lt,Graph::InitNodes,9500,9500,9500.0,9500,1
ov__intel_cpu__lt,ApplyCommonGraphOptimizations_FuseConvolutionAndZeroPoints,2229100,2229100,2229100.0,2229100,1
ov__intel_cpu__lt,ApplyCommonGraphOptimizations_FuseConvMatmulFCDeconvAndDQScales,691400,691400,691400.0,691400,1
ov__intel_cpu__lt,ApplyCommonGraphOptimizations_FuseConvolutionAndBias,3563900,3563900,3563900.0,3563900,1
ov__intel_cpu__lt,ApplyCommonGraphOptimizations_FuseMultiplyAndAdd,637600,637600,637600.0,637600,1
ov__intel_cpu__lt,ApplyCommonGraphOptimizations_MergeConvertAndEltwise,1302300,1302300,1302300.0,1302300,1
ov__intel_cpu__lt,ApplyCommonGraphOptimizations_FuseFCAndConvertOnWeights,624800,624800,624800.0,624800,1
ov__intel_cpu__lt,ApplyCommonGraphOptimizations_FuseFCAndTransposeOnWeights,742500,742500,742500.0,742500,1
ov__intel_cpu__lt,ApplyCommonGraphOptimizations_FuseDeconvolutionAndSimpleOperation,1690400,1690400,1690400.0,1690400,1
ov__intel_cpu__lt,ApplyCommonGraphOptimizations_FuseClampAndFakeQuantize,719200,719200,719200.0,719200,1
ov__intel_cpu__lt,ApplyCommonGraphOptimizations_FusePerformedAsScaleShiftAndFakeQuantize,646600,646600,646600.0,646600,1
ov__intel_cpu__lt,ApplyCommonGraphOptimizations_FuseConvolutionAndSimpleOperationThroughMaxPool,1257300,1257300,1257300.0,1257300,1
ov__intel_cpu__lt,ApplyCommonGraphOptimizations_FuseConvolutionAndSimpleOperation,1223000,1630900,1426950.0,2853900,2
ov__intel_cpu__lt,ApplyCommonGraphOptimizations_RemoveDroppedEdges,32800,847500,556500.0,1669500,3
ov__intel_cpu__lt,ApplyCommonGraphOptimizations_FusePoolingAndFakeQuantize,9200,9200,9200.0,9200,1
ov__intel_cpu__lt,ApplyCommonGraphOptimizations_FuseConvolutionAndDWConvolution,2414700,2414700,2414700.0,2414700,1
ov__intel_cpu__lt,ApplyCommonGraphOptimizations_FuseConvolutionSumAndConvolutionSumActivation,171600,171600,171600.0,171600,1
ov__intel_cpu__lt,ApplyCommonGraphOptimizations_FuseFullyConnectedAndSimpleOperation,718900,718900,718900.0,718900,1
ov__intel_cpu__lt,ApplyCommonGraphOptimizations_FuseMatMulAndSimpleOperation,715800,715800,715800.0,715800,1
ov__intel_cpu__lt,ApplyCommonGraphOptimizations_FuseMVNAndSimpleOperation,666000,666000,666000.0,666000,1
ov__intel_cpu__lt,ApplyCommonGraphOptimizations_FuseInterpolateAndSimpleOperation,1391900,1391900,1391900.0,1391900,1
ov__intel_cpu__lt,ApplyCommonGraphOptimizations_FuseNormalizeL2AndSimpleOperation,679400,679400,679400.0,679400,1
ov__intel_cpu__lt,ApplyCommonGraphOptimizations_FuseReduceAndSimpleOperation,1640300,1640300,1640300.0,1640300,1
ov__intel_cpu__lt,ApplyCommonGraphOptimizations_FuseGatherAndConvert,644800,644800,644800.0,644800,1
ov__intel_cpu__lt,ApplyCommonGraphOptimizations_FuseEltwiseAndSimple,1279900,1279900,1279900.0,1279900,1
ov__intel_cpu__lt,ApplyCommonGraphOptimizations_MergeEltwiseAndConvert,697600,697600,697600.0,697600,1
ov__intel_cpu__lt,ApplyCommonGraphOptimizations_reshapeRnnSeq,839300,839300,839300.0,839300,1
ov__intel_cpu__lt,ApplyCommonGraphOptimizations_RemoveSameConvert,795200,795200,795200.0,795200,1
ov__intel_cpu__lt,ApplyCommonGraphOptimizations_RemoveMemoryInputConvert,686200,686200,686200.0,686200,1
ov__intel_cpu__lt,ApplyCommonGraphOptimizations_RemoveConvertMemoryOutput,773800,773800,773800.0,773800,1
ov__intel_cpu__lt,ApplyCommonGraphOptimizations_MatchSdpaKvCache,661500,661500,661500.0,661500,1
ov__intel_cpu__lt,ApplyCommonGraphOptimizations_DropRedundantMemoryOutput,34200,34200,34200.0,34200,1
ov__intel_cpu__lt,InitDescriptors_Prepare,900,900,900.0,900,1
ov__intel_cpu__lt,Node::getSupportedDescriptors,100,1300,164.28571428571428,11500,70
ov__intel_cpu__lt,Node::initSupportedPrimitiveDescriptors,600,28500,2058.035714285714,230500,112
ov__intel_cpu__lt,Node::filterSupportedPrimitiveDescriptors,100,1300,179.01234567901236,14500,81
ov__intel_cpu__lt,Input::getSupportedDescriptors,100,5000,197.4025974025974,15200,77
ov__intel_cpu__lt,Input::initSupportedPrimitiveDescriptors,600,11800,1265.079365079365,159400,126
ov__intel_cpu__lt,Input::filterSupportedPrimitiveDescriptors,100,300,143.02325581395348,12300,86
ov__intel_cpu__lt,Convolution::getSupportedDescriptors,100,500,141.1764705882353,4800,34
ov__intel_cpu__lt,Convolution::initSupportedPrimitiveDescriptors,9800,74200,18033.333333333332,973800,54
ov__intel_cpu__lt,Convolution::filterSupportedPrimitiveDescriptors,100,400,164.86486486486487,6100,37
ov__intel_cpu__lt,Reduce::getSupportedDescriptors,100,1200,430.0,4300,10
ov__intel_cpu__lt,Reduce::initSupportedPrimitiveDescriptors,4700,19800,8170.0,81700,10
ov__intel_cpu__lt,Reduce::filterSupportedPrimitiveDescriptors,100,200,150.0,600,4
ov__intel_cpu__lt,Subgraph::getSupportedDescriptors,100,300,153.84615384615384,2000,13
ov__intel_cpu__lt,Subgraph::initSupportedPrimitiveDescriptors,3900,27800,9281.25,148500,16
ov__intel_cpu__lt,Subgraph::filterSupportedPrimitiveDescriptors,100,200,127.27272727272727,1400,11
ov__intel_cpu__lt,Interpolate::getSupportedDescriptors,300,2700,1133.3333333333333,3400,3
ov__intel_cpu__lt,Interpolate::initSupportedPrimitiveDescriptors,6300,11600,8066.666666666667,24200,3
ov__intel_cpu__lt,Interpolate::filterSupportedPrimitiveDescriptors,100,200,133.33333333333334,400,3
ov__intel_cpu__lt,Deconvolution::getSupportedDescriptors,105388500,105388500,105388500.0,105388500,1
ov__intel_cpu__lt,Deconvolution::initSupportedPrimitiveDescriptors,46300,46300,46300.0,46300,1
ov__intel_cpu__lt,Deconvolution::filterSupportedPrimitiveDescriptors,800,800,800.0,800,1
ov__intel_cpu__lt,Eltwise::getSupportedDescriptors,1100,1100,1100.0,1100,1
ov__intel_cpu__lt,Eltwise::initSupportedPrimitiveDescriptors,44500,44500,44500.0,44500,1
ov__intel_cpu__lt,Eltwise::filterSupportedPrimitiveDescriptors,500,500,500.0,500,1
ov__intel_cpu__lt,Node::selectOptimalPrimitiveDescriptor,100,5600,826.7857142857143,92600,112
ov__intel_cpu__lt,Input::selectOptimalPrimitiveDescriptor,100,2000,344.0,43000,125
ov__intel_cpu__lt,Convolution::selectOptimalPrimitiveDescriptor,100,3400,462.962962962963,25000,54
ov__intel_cpu__lt,Reduce::selectOptimalPrimitiveDescriptor,1700,3300,2410.0,24100,10
ov__intel_cpu__lt,Subgraph::selectOptimalPrimitiveDescriptor,2100,12700,3887.5,62200,16
ov__intel_cpu__lt,Interpolate::selectOptimalPrimitiveDescriptor,1800,2700,2233.3333333333335,6700,3
ov__intel_cpu__lt,Deconvolution::selectOptimalPrimitiveDescriptor,2300,2300,2300.0,2300,1
ov__intel_cpu__lt,Eltwise::selectOptimalPrimitiveDescriptor,900,900,900.0,900,1
ov__intel_cpu__lt,Node::initOptimalPrimitiveDescriptor,600,9600,1758.9285714285713,197000,112
ov__intel_cpu__lt,Input::initOptimalPrimitiveDescriptor,600,2900,1116.6666666666667,140700,126
ov__intel_cpu__lt,Convolution::initOptimalPrimitiveDescriptor,2400,13200,3451.8518518518517,186400,54
ov__intel_cpu__lt,Reduce::initOptimalPrimitiveDescriptor,2200,3400,2590.0,25900,10
ov__intel_cpu__lt,Subgraph::initOptimalPrimitiveDescriptor,2400,6900,3206.25,51300,16
ov__intel_cpu__lt,Interpolate::initOptimalPrimitiveDescriptor,3200,3900,3500.0,10500,3
ov__intel_cpu__lt,Deconvolution::initOptimalPrimitiveDescriptor,673900,673900,673900.0,673900,1
ov__intel_cpu__lt,Eltwise::initOptimalPrimitiveDescriptor,2800,2800,2800.0,2800,1
ov__intel_cpu__lt,Graph::ResolveEdgeConflicts,296600,296600,296600.0,296600,1
ov__intel_cpu__lt,Graph::ResolveComplexInplaceConflicts,61300,78200,69750.0,139500,2
ov__intel_cpu__lt,GraphOptimizer::ApplyImplSpecificGraphOptimizations,778700,778700,778700.0,778700,1
ov__intel_cpu__lt,Graph::ProcessDynNodes,3300,3300,3300.0,3300,1
ov__intel_cpu__lt,Graph::ExtractExecutableNodesAndSyncPoints,177700,177700,177700.0,177700,1
ov__intel_cpu__lt,Node::createPrimitive,200,132956600,1167100.8771929825,133049500,114
ov__intel_cpu__lt,Input::createPrimitive,200,2400,719.8412698412699,90700,126
ov__intel_cpu__lt,Convolution::createPrimitive,60000,22887600,1142161.111111111,61676700,54
ov__intel_cpu__lt,Reduce::createPrimitive,79200,210800,122240.0,1222400,10
ov__intel_cpu__lt,Subgraph::createPrimitive,383200,63134100,4692937.5,75087000,16
ov__intel_cpu__lt,Interpolate::createPrimitive,97300,157900,119466.66666666667,358400,3
ov__intel_cpu__lt,Deconvolution::createPrimitive,3652900,3652900,3652900.0,3652900,1
ov__intel_cpu__lt,Eltwise::createPrimitive,2394200,2394200,2394200.0,2394200,1
ov__intel_cpu__lt,Graph::CreatePrimitivesAndExecConstants,277650400,277650400,277650400.0,277650400,1
SIMPLE_intel_cpu,FuseConvolutionAndZeroPoints_ConvNode,400,390500,7929.62962962963,428200,54
SIMPLE_intel_cpu,FuseConvolutionMatMulDeconvAndBias_ChildNode,10500,203100,21678.18181818182,1192300,55
SIMPLE_intel_cpu,FuseConvolutionMatMulDeconvAndBias_ParentNode,11200,850200,34236.36363636364,1883000,55
SIMPLE_intel_cpu,MergeConvertAndEltwise,100,5600,167.87003610108303,46500,277
SIMPLE_intel_cpu,FuseDeconvolutionAndSimpleOperation_ParentNode,7200,7200,7200.0,7200,1
SIMPLE_intel_cpu,FuseConvolutionAndSimpleOperationThroughMaxPool_ParentNode,100,2700,209.30232558139534,9000,43
SIMPLE_intel_cpu,FuseConvolutionAndSimpleOperation_ParentNode,100,57000,2881.6326530612246,282400,98
SIMPLE_intel_cpu,FuseConvolutionAndDWConvolution_ParentConv,500,799400,48176.470588235294,819000,17
SIMPLE_intel_cpu,FuseConvolutionAndDWConvolution_ChildConv,5300,5300,5300.0,5300,1
SIMPLE_intel_cpu,FuseInterpolateAndSimpleOperation_ParentNode,900,14900,5633.333333333333,16900,3
SIMPLE_intel_cpu,FuseReduceAndSimpleOperation_ParentNode,200,15100,1910.0,19100,10
SIMPLE_intel_cpu,FuseEltwiseAndSimple_ParentNode,9400,9400,9400.0,9400,1
SIMPLE_intel_cpu,MergeTransposeAndReorder_ParentNode,3500,6900,5200.0,10400,2
FACTORY_DNNL,REG$CPUEngine$struct dnnl::impl::cpu::x64::brgemm_deconvolution_fwd_t<524274>::pd_t$brgemm_deconvolution_fwd_t_avx10_2_512_amx_2,432400,432400,432400.0,432400,1
FACTORY_DNNL,REG$CPUEngine$struct dnnl::impl::cpu::x64::brgemm_deconvolution_fwd_t<260081>::pd_t$brgemm_deconvolution_fwd_t_avx512_core_amx_fp16,1500,1500,1500.0,1500,1
FACTORY_DNNL,REG$CPUEngine$struct dnnl::impl::cpu::x64::brgemm_deconvolution_fwd_t<129009>::pd_t$brgemm_deconvolution_fwd_t_avx512_core_amx,1100,1100,1100.0,1100,1
FACTORY_DNNL,REG$CPUEngine$struct dnnl::impl::cpu::x64::jit_avx512_core_amx_deconvolution_fwd_t::pd_t$jit_avx512_core_amx_deconvolution_fwd_t,900,900,900.0,900,1
FACTORY_DNNL,REG$CPUEngine$struct dnnl::impl::cpu::x64::brgemm_deconvolution_fwd_t<32626>::pd_t$brgemm_deconvolution_fwd_t_avx10_2_512,900,900,900.0,900,1
FACTORY_DNNL,REG$CPUEngine$struct dnnl::impl::cpu::x64::brgemm_deconvolution_fwd_t<30577>::pd_t$brgemm_deconvolution_fwd_t_avx512_core_fp16,1900,1900,1900.0,1900,1
FACTORY_DNNL,REG$CPUEngine$struct dnnl::impl::cpu::x64::brgemm_deconvolution_fwd_t<13168>::pd_t$brgemm_deconvolution_fwd_t_avx512_core_bf16,900,900,900.0,900,1
FACTORY_DNNL,REG$CPUEngine$struct dnnl::impl::cpu::x64::brgemm_deconvolution_fwd_t<4976>::pd_t$brgemm_deconvolution_fwd_t_avx512_core_vnni,800,800,800.0,800,1
FACTORY_DNNL,REG$CPUEngine$struct dnnl::impl::cpu::x64::brgemm_deconvolution_fwd_t<880>::pd_t$brgemm_deconvolution_fwd_t_avx512_core,900,900,900.0,900,1
FACTORY_DNNL,REG$CPUEngine$struct dnnl::impl::cpu::x64::jit_avx512_core_x8s8s32x_1x1_deconvolution_fwd_t::pd_t$jit_avx512_core_x8s8s32x_1x1_deconvolution_fwd_t,900,900,900.0,900,1
FACTORY_DNNL,REG$CPUEngine$struct dnnl::impl::cpu::x64::jit_avx512_core_x8s8s32x_deconvolution_fwd_t::pd_t$jit_avx512_core_x8s8s32x_deconvolution_fwd_t,900,900,900.0,900,1
FACTORY_DNNL,REG$CPUEngine$struct dnnl::impl::cpu::x64::brgemm_deconvolution_fwd_t<3632>::pd_t$brgemm_deconvolution_fwd_t_avx2_vnni_2,1000,1000,1000.0,1000,1
FACTORY_DNNL,REG$CPUEngine$struct dnnl::impl::cpu::x64::brgemm_deconvolution_fwd_t<1584>::pd_t$brgemm_deconvolution_fwd_t_avx2_vnni,1000,1000,1000.0,1000,1
FACTORY_DNNL,REG$CPUEngine$struct dnnl::impl::cpu::x64::brgemm_deconvolution_fwd_t<560>::pd_t$brgemm_deconvolution_fwd_t_avx2,1300,1300,1300.0,1300,1
FACTORY_DNNL,REG$CPUEngine$struct dnnl::impl::cpu::x64::jit_uni_x8s8s32x_1x1_deconvolution_fwd_t<560>::pd_t$jit_uni_x8s8s32x_1x1_deconvolution_fwd_t_avx2,1600,1600,1600.0,1600,1
FACTORY_DNNL,REG$CPUEngine$struct dnnl::impl::cpu::x64::jit_uni_x8s8s32x_deconvolution_fwd_t<560>::pd_t$jit_uni_x8s8s32x_deconvolution_fwd_t_avx2,1300,1300,1300.0,1300,1
FACTORY_DNNL,REG$CPUEngine$struct dnnl::impl::cpu::x64::jit_uni_x8s8s32x_1x1_deconvolution_fwd_t<16>::pd_t$jit_uni_x8s8s32x_1x1_deconvolution_fwd_t_sse41,3100,3100,3100.0,3100,1
FACTORY_DNNL,REG$CPUEngine$struct dnnl::impl::cpu::x64::jit_uni_x8s8s32x_deconvolution_fwd_t<16>::pd_t$jit_uni_x8s8s32x_deconvolution_fwd_t_sse41,1300,1300,1300.0,1300,1
FACTORY_DNNL,REG$CPUEngine$struct dnnl::impl::cpu::ref_deconvolution_fwd_t::pd_t$ref_deconvolution_fwd_t,1100,1100,1100.0,1100,1
FACTORY_DNNL,REG$CPUEngine$struct dnnl::impl::cpu::x64::brdgmm_dw_convolution_fwd_t::pd_t$brdgmm_dw_convolution_fwd_t,100,1200,184.6153846153846,2400,13
FACTORY_DNNL,REG$CPUEngine$struct dnnl::impl::cpu::x64::ip_convolution_fwd_t::pd_t$ip_convolution_fwd_t,100,1100,190.9090909090909,2100,11
FACTORY_DNNL,REG$CPUEngine$struct dnnl::impl::cpu::x64::brgemm_1x1_convolution_fwd_t<524274>::pd_t$brgemm_1x1_convolution_fwd_t_avx10_2_512_amx_2,100,1100,152.6315789473684,2900,19
FACTORY_DNNL,REG$CPUEngine$struct dnnl::impl::cpu::x64::brgemm_convolution_fwd_t<524274>::pd_t$brgemm_convolution_fwd_t_avx10_2_512_amx_2,100,800,150.0,2100,14
FACTORY_DNNL,REG$CPUEngine$struct dnnl::impl::cpu::x64::brgemm_1x1_convolution_fwd_t<129009>::pd_t$brgemm_1x1_convolution_fwd_t_avx512_core_amx,100,1000,212.5,1700,8
FACTORY_DNNL,REG$CPUEngine$struct dnnl::impl::cpu::x64::brgemm_convolution_fwd_t<129009>::pd_t$brgemm_convolution_fwd_t_avx512_core_amx,100,5100,755.5555555555555,6800,9
FACTORY_DNNL,REG$CPUEngine$struct dnnl::impl::cpu::x64::_jit_uni_planar_convolution_fwd_t<880>::pd_t$jit_avx512_common_planar_convolution_fwd_t,900,900,900.0,900,1
FACTORY_DNNL,REG$CPUEngine$struct dnnl::impl::cpu::x64::brgemm_1x1_convolution_fwd_t<880>::pd_t$brgemm_1x1_convolution_fwd_t_avx512_core,100,1000,183.33333333333334,2200,12
FACTORY_DNNL,REG$CPUEngine$struct dnnl::impl::cpu::x64::brgemm_convolution_fwd_t<880>::pd_t$brgemm_convolution_fwd_t_avx512_core,100,800,177.77777777777777,1600,9
FACTORY_DNNL,"REG$CPUEngine$struct dnnl::impl::cpu::x64::jit_uni_dw_convolution_fwd_t<880,3,3>::pd_t$jit_avx512_common_dw_convolution_fwd_t",1200,1200,1200.0,1200,1
FACTORY_DNNL,"REG$CPUEngine$struct dnnl::impl::cpu::x64::jit_uni_fork_dw_convolution_fwd_t<880,3,3>::pd_t$jit_avx512_common_fork_dw_convolution_fwd_t",1000,1000,1000.0,1000,1
FACTORY_DNNL,"REG$CPUEngine$struct dnnl::impl::cpu::x64::jit_avx512_common_1x1_convolution_fwd_t<3,3,3>::pd_t$jit_avx512_common_1x1_convolution_fwd_f32_t",800,800,800.0,800,1
FACTORY_DNNL,"REG$CPUEngine$struct dnnl::impl::cpu::x64::jit_avx512_common_convolution_fwd_t<3,3,3>::pd_t$jit_avx512_common_convolution_fwd_t_f32",2100,2100,2100.0,2100,1
FACTORY_DNNL,REG$CPUEngine$struct dnnl::impl::cpu::x64::_jit_uni_planar_convolution_fwd_t<560>::pd_t$jit_avx2_planar_convolution_fwd_t,2100,2100,2100.0,2100,1
FACTORY_DNNL,"REG$CPUEngine$struct dnnl::impl::cpu::x64::jit_uni_dw_convolution_fwd_t<560,3,3>::pd_t$jit_avx2_dw_convolution_fwd_t",1400,1400,1400.0,1400,1
FACTORY_DNNL,REG$CPUEngine$struct dnnl::impl::cpu::x64::brgemm_1x1_convolution_fwd_t<560>::pd_t$brgemm_1x1_convolution_fwd_t_avx2,100,1100,433.3333333333333,1300,3
FACTORY_DNNL,REG$CPUEngine$struct dnnl::impl::cpu::x64::brgemm_convolution_fwd_t<560>::pd_t$brgemm_convolution_fwd_t_avx2,100,800,450.0,900,2
FACTORY_DNNL,"REG$CPUEngine$struct dnnl::impl::cpu::x64::jit_uni_fork_dw_convolution_fwd_t<560,3,3>::pd_t$jit_avx2_fork_dw_convolution_fwd_t",1000,1000,1000.0,1000,1
FACTORY_DNNL,REG$CPUEngine$struct dnnl::impl::cpu::x64::jit_avx2_1x1_convolution_with_dw_conv_fwd_t::pd_t$jit_avx2_1x1_convolution_with_dw_conv_fwd_t,900,900,900.0,900,1
FACTORY_DNNL,REG$CPUEngine$struct dnnl::impl::cpu::x64::jit_avx2_1x1_convolution_fwd_t::pd_t$jit_avx2_1x1_convolution_fwd_t,800,800,800.0,800,1
FACTORY_DNNL,"REG$CPUEngine$struct dnnl::impl::cpu::x64::jit_uni_dw_convolution_fwd_t<16,3,3>::pd_t$jit_sse41_dw_convolution_fwd_t",900,900,900.0,900,1
FACTORY_DNNL,"REG$CPUEngine$struct dnnl::impl::cpu::x64::jit_uni_fork_dw_convolution_fwd_t<16,3,3>::pd_t$jit_sse41_fork_dw_convolution_fwd_t",1000,1000,1000.0,1000,1
FACTORY_DNNL,REG$CPUEngine$struct dnnl::impl::cpu::x64::jit_sse41_1x1_convolution_fwd_t::pd_t$jit_sse41_1x1_convolution_fwd_t,1200,1200,1200.0,1200,1
FACTORY_DNNL,REG$CPUEngine$struct dnnl::impl::cpu::x64::jit_avx2_convolution_fwd_t::pd_t$jit_avx2_convolution_fwd_t,900,900,900.0,900,1
FACTORY_DNNL,REG$CPUEngine$struct dnnl::impl::cpu::x64::jit_sse41_convolution_fwd_t::pd_t$jit_sse41_convolution_fwd_t,900,900,900.0,900,1
FACTORY_DNNL,REG$CPUEngine$struct dnnl::impl::cpu::gemm_convolution_fwd_t::pd_t$gemm_convolution_fwd_t,1000,1000,1000.0,1000,1
FACTORY_DNNL,REG$CPUEngine$struct dnnl::impl::cpu::ref_convolution_fwd_t::pd_t$ref_convolution_fwd_t,100,1000,150.0,2700,18
FACTORY_DNNL,REG$CPUEngine$struct dnnl::impl::cpu::ref_fused_convolution_fwd_t::pd_t$ref_fused_convolution_fwd_t,100,1400,425.0,1700,4
FACTORY_DNNL,REG$CPUEngine$struct dnnl::impl::cpu::x64::jit_avx512_core_amx_1x1_convolution_fwd_t::pd_t$jit_avx512_core_amx_1x1_convolution_fwd_t,100,1000,190.0,1900,10
FACTORY_DNNL,REG$CPUEngine$struct dnnl::impl::cpu::x64::jit_avx512_core_amx_convolution_fwd_t::pd_t$jit_avx512_core_amx_convolution_fwd_t,100,1100,322.22222222222223,2900,9
FACTORY_DNNL,REG$CPUEngine$struct dnnl::impl::cpu::x64::brgemm_1x1_convolution_fwd_t<13168>::pd_t$brgemm_1x1_convolution_fwd_t_avx512_core_bf16,2100,2100,2100.0,2100,1
FACTORY_DNNL,REG$CPUEngine$struct dnnl::impl::cpu::x64::brgemm_convolution_fwd_t<13168>::pd_t$brgemm_convolution_fwd_t_avx512_core_bf16,1000,1000,1000.0,1000,1
FACTORY_DNNL,"REG$CPUEngine$struct dnnl::impl::cpu::x64::jit_uni_dw_convolution_fwd_t<880,2,3>::pd_t$jit_uni_dw_convolution_fwd_t_avx512_core_bf16_f32",1000,1000,1000.0,1000,1
FACTORY_DNNL,"REG$CPUEngine$struct dnnl::impl::cpu::x64::jit_uni_fork_dw_convolution_fwd_t<880,2,3>::pd_t$jit_uni_fork_dw_convolution_fwd_t_avx512_core_bf16_f32",1200,1200,1200.0,1200,1
FACTORY_DNNL,REG$CPUEngine$struct dnnl::impl::cpu::x64::jit_avx512_core_bf16_1x1_convolution_fwd_t<3>::pd_t$jit_avx512_core_bf16_1x1_convolution_fwd_t_f32,1500,1500,1500.0,1500,1
FACTORY_DNNL,REG$CPUEngine$struct dnnl::impl::cpu::x64::jit_avx512_core_bf16_convolution_fwd_t::pd_t$jit_avx512_core_bf16_convolution_fwd_t,100,1700,900.0,1800,2
FACTORY_DNNL,REG$CPUEngine$struct dnnl::impl::cpu::x64::gemm_bf16_convolution_fwd_t<3>::pd_t$gemm_bf16_convolution_fwd_t_f32,1200,1200,1200.0,1200,1
FACTORY_DNNL,REG$CPUEngine$struct dnnl::impl::cpu::x64::brgemm_1x1_convolution_fwd_t<3632>::pd_t$brgemm_1x1_convolution_fwd_t_avx2_vnni_2,100,1500,300.0,3900,13
FACTORY_DNNL,REG$CPUEngine$struct dnnl::impl::cpu::x64::brgemm_convolution_fwd_t<3632>::pd_t$brgemm_convolution_fwd_t_avx2_vnni_2,100,1000,212.5,1700,8
FACTORY_DNNL,"REG$CPUEngine$struct dnnl::impl::cpu::x64::jit_uni_dw_convolution_fwd_t<880,2,2>::pd_t$jit_uni_dw_convolution_fwd_t_avx512_core_bf16_bf16",1100,1100,1100.0,1100,1
FACTORY_DNNL,"REG$CPUEngine$struct dnnl::impl::cpu::x64::jit_uni_fork_dw_convolution_fwd_t<880,2,2>::pd_t$jit_uni_fork_dw_convolution_fwd_t_avx512_core_bf16_bf16",1300,1300,1300.0,1300,1
FACTORY_DNNL,REG$CPUEngine$struct dnnl::impl::cpu::x64::jit_avx512_core_bf16_1x1_convolution_fwd_t<2>::pd_t$jit_avx512_core_bf16_1x1_convolution_fwd_t_bf16,1300,1300,1300.0,1300,1
FACTORY_DNNL,REG$CPUEngine$struct dnnl::impl::cpu::x64::gemm_bf16_convolution_fwd_t<2>::pd_t$gemm_bf16_convolution_fwd_t_bf16,1300,1300,1300.0,1300,1
FACTORY_DNNL,"REG$CPUEngine$struct dnnl::impl::cpu::x64::jit_uni_dw_convolution_fwd_t<30577,1,3>::pd_t$jit_uni_dw_convolution_fwd_t_avx512_core_fp16_f16_f32",3600,3600,3600.0,3600,1
FACTORY_DNNL,REG$CPUEngine$struct dnnl::impl::cpu::x64::brgemm_1x1_convolution_fwd_t<260081>::pd_t$brgemm_1x1_convolution_fwd_t_avx512_core_amx_fp16,300,1500,900.0,1800,2
FACTORY_DNNL,REG$CPUEngine$struct dnnl::impl::cpu::x64::brgemm_convolution_fwd_t<260081>::pd_t$brgemm_convolution_fwd_t_avx512_core_amx_fp16,100,1100,600.0,1200,2
FACTORY_DNNL,REG$CPUEngine$struct dnnl::impl::cpu::x64::brgemm_1x1_convolution_fwd_t<32626>::pd_t$brgemm_1x1_convolution_fwd_t_avx10_2_512,100,4700,464.70588235294116,7900,17
FACTORY_DNNL,REG$CPUEngine$struct dnnl::impl::cpu::x64::brgemm_convolution_fwd_t<32626>::pd_t$brgemm_convolution_fwd_t_avx10_2_512,100,1800,221.42857142857142,3100,14
FACTORY_DNNL,REG$CPUEngine$struct dnnl::impl::cpu::x64::brgemm_1x1_convolution_fwd_t<30577>::pd_t$brgemm_1x1_convolution_fwd_t_avx512_core_fp16,100,1600,850.0,1700,2
FACTORY_DNNL,REG$CPUEngine$struct dnnl::impl::cpu::x64::brgemm_convolution_fwd_t<30577>::pd_t$brgemm_convolution_fwd_t_avx512_core_fp16,100,1600,850.0,1700,2
FACTORY_DNNL,"REG$CPUEngine$struct dnnl::impl::cpu::x64::jit_uni_dw_convolution_fwd_t<30577,1,1>::pd_t$jit_uni_dw_convolution_fwd_t_avx512_core_fp16_f16_f16",1200,1200,1200.0,1200,1
FACTORY_DNNL,REG$CPUEngine$struct dnnl::impl::cpu::x64::brgemm_1x1_convolution_fwd_t<260081>::pd_t$brgemm_1x1_convolution_fwd_t_avx10_1_512_amx_fp16,100,1100,166.66666666666666,2500,15
FACTORY_DNNL,REG$CPUEngine$struct dnnl::impl::cpu::x64::brgemm_convolution_fwd_t<260081>::pd_t$brgemm_convolution_fwd_t_avx10_1_512_amx_fp16,100,900,172.72727272727272,1900,11
FACTORY_DNNL,REG$CPUEngine$struct dnnl::impl::cpu::x64::ip_convolution_bwd_data_t::pd_t$ip_convolution_bwd_data_t,100,900,366.6666666666667,1100,3
FACTORY_DNNL,REG$CPUEngine$struct dnnl::impl::cpu::x64::brgemm_convolution_bwd_t<524274>::pd_t$brgemm_convolution_bwd_t_avx10_2_512_amx_2,100,1200,200.0,2200,11
FACTORY_DNNL,REG$CPUEngine$struct dnnl::impl::cpu::x64::brgemm_convolution_bwd_t<129009>::pd_t$brgemm_convolution_bwd_t_avx512_core_amx,100,1000,400.0,1200,3
FACTORY_DNNL,REG$CPUEngine$struct dnnl::impl::cpu::x64::brgemm_convolution_bwd_strided_t<524274>::pd_t$brgemm_convolution_bwd_strided_t_avx10_2_512_amx_2,100,1200,191.66666666666666,2300,12
FACTORY_DNNL,REG$CPUEngine$struct dnnl::impl::cpu::x64::brgemm_convolution_bwd_t<880>::pd_t$brgemm_convolution_bwd_t_avx512_core,100,1100,600.0,1200,2
FACTORY_DNNL,REG$CPUEngine$struct dnnl::impl::cpu::x64::brgemm_convolution_bwd_strided_t<880>::pd_t$brgemm_convolution_bwd_strided_t_avx512_core,100,900,190.0,1900,10
FACTORY_DNNL,"REG$CPUEngine$struct dnnl::impl::cpu::x64::jit_uni_dw_convolution_bwd_data_t<880,3,3>::pd_t$jit_avx512_common_dw_convolution_bwd_data_t",900,900,900.0,900,1
FACTORY_DNNL,"REG$CPUEngine$struct dnnl::impl::cpu::x64::jit_uni_fork_dw_convolution_bwd_data_t<880,3,3>::pd_t$jit_avx512_common_fork_dw_convolution_bwd_data_t",1100,1100,1100.0,1100,1
FACTORY_DNNL,"REG$CPUEngine$struct dnnl::impl::cpu::x64::jit_avx512_common_1x1_convolution_bwd_data_t<3,3,3>::pd_t$jit_avx512_common_1x1_convolution_bwd_data_f32_t",1600,1600,1600.0,1600,1
FACTORY_DNNL,"REG$CPUEngine$struct dnnl::impl::cpu::x64::jit_avx512_common_convolution_bwd_data_t<3,3,3>::pd_t$jit_avx512_common_convolution_bwd_data_t_f32",1700,1700,1700.0,1700,1
FACTORY_DNNL,REG$CPUEngine$struct dnnl::impl::cpu::x64::brgemm_convolution_bwd_t<560>::pd_t$brgemm_convolution_bwd_t_avx2,100,1700,633.3333333333334,1900,3
FACTORY_DNNL,REG$CPUEngine$struct dnnl::impl::cpu::x64::brgemm_convolution_bwd_strided_t<560>::pd_t$brgemm_convolution_bwd_strided_t_avx2,100,1100,600.0,1200,2
FACTORY_DNNL,"REG$CPUEngine$struct dnnl::impl::cpu::x64::jit_uni_dw_convolution_bwd_data_t<560,3,3>::pd_t$jit_avx2_dw_convolution_bwd_data_t",900,900,900.0,900,1
FACTORY_DNNL,"REG$CPUEngine$struct dnnl::impl::cpu::x64::jit_uni_fork_dw_convolution_bwd_data_t<560,3,3>::pd_t$jit_avx2_fork_dw_convolution_bwd_data_t",1200,1200,1200.0,1200,1
FACTORY_DNNL,REG$CPUEngine$struct dnnl::impl::cpu::x64::jit_avx2_1x1_convolution_bwd_data_t::pd_t$jit_avx2_1x1_convolution_bwd_data_t,1100,1100,1100.0,1100,1
FACTORY_DNNL,"REG$CPUEngine$struct dnnl::impl::cpu::x64::jit_uni_fork_dw_convolution_bwd_data_t<16,3,3>::pd_t$jit_sse41_fork_dw_convolution_bwd_data_t",1200,1200,1200.0,1200,1
FACTORY_DNNL,REG$CPUEngine$struct dnnl::impl::cpu::x64::jit_avx2_convolution_bwd_data_t::pd_t$jit_avx2_convolution_bwd_data_t,900,900,900.0,900,1
FACTORY_DNNL,REG$CPUEngine$struct dnnl::impl::cpu::gemm_convolution_bwd_data_t::pd_t$gemm_convolution_bwd_data_t,1000,1000,1000.0,1000,1
FACTORY_DNNL,REG$CPUEngine$struct dnnl::impl::cpu::ref_convolution_bwd_data_t::pd_t$ref_convolution_bwd_data_t,100,1000,176.47058823529412,3000,17
FACTORY_DNNL,REG$CPUEngine$struct dnnl::impl::cpu::x64::brgemm_convolution_bwd_strided_t<129009>::pd_t$brgemm_convolution_bwd_strided_t_avx512_core_amx,100,9100,1385.7142857142858,9700,7
FACTORY_DNNL,REG$CPUEngine$struct dnnl::impl::cpu::x64::jit_avx512_core_amx_convolution_bwd_data_t::pd_t$jit_avx512_core_amx_convolution_bwd_data_t,100,900,500.0,1000,2
FACTORY_DNNL,REG$CPUEngine$struct dnnl::impl::cpu::x64::brgemm_convolution_bwd_t<13168>::pd_t$brgemm_convolution_bwd_t_avx512_core_bf16,1600,1600,1600.0,1600,1
FACTORY_DNNL,REG$CPUEngine$struct dnnl::impl::cpu::x64::brgemm_convolution_bwd_strided_t<13168>::pd_t$brgemm_convolution_bwd_strided_t_avx512_core_bf16,1100,1100,1100.0,1100,1
FACTORY_DNNL,"REG$CPUEngine$struct dnnl::impl::cpu::x64::jit_uni_dw_convolution_bwd_data_t<880,2,3>::pd_t$jit_uni_dw_convolution_bwd_data_t_avx512_core_bf16_f32",1000,1000,1000.0,1000,1
FACTORY_DNNL,"REG$CPUEngine$struct dnnl::impl::cpu::x64::jit_uni_fork_dw_convolution_bwd_data_t<880,2,3>::pd_t$jit_uni_fork_dw_convolution_bwd_data_t_avx512_core_bf16_f32",1400,1400,1400.0,1400,1
FACTORY_DNNL,REG$CPUEngine$struct dnnl::impl::cpu::x64::jit_avx512_core_bf16_1x1_convolution_bwd_data_t<3>::pd_t$jit_avx512_core_bf16_1x1_convolution_bwd_data_t_f32,1500,1500,1500.0,1500,1
FACTORY_DNNL,REG$CPUEngine$struct dnnl::impl::cpu::x64::jit_avx512_core_bf16_convolution_bwd_data_t::pd_t$jit_avx512_core_bf16_convolution_bwd_data_t,100,1100,600.0,1200,2
FACTORY_DNNL,REG$CPUEngine$struct dnnl::impl::cpu::x64::gemm_bf16_convolution_bwd_data_t<3>::pd_t$gemm_bf16_convolution_bwd_data_t_f32,1200,1200,1200.0,1200,1
FACTORY_DNNL,REG$CPUEngine$struct dnnl::impl::cpu::x64::brgemm_convolution_bwd_t<3632>::pd_t$brgemm_convolution_bwd_t_avx2_vnni_2,100,1100,600.0,1200,2
FACTORY_DNNL,REG$CPUEngine$struct dnnl::impl::cpu::x64::brgemm_convolution_bwd_strided_t<3632>::pd_t$brgemm_convolution_bwd_strided_t_avx2_vnni_2,100,1500,255.55555555555554,2300,9
FACTORY_DNNL,"REG$CPUEngine$struct dnnl::impl::cpu::x64::jit_uni_dw_convolution_bwd_data_t<880,2,2>::pd_t$jit_uni_dw_convolution_bwd_data_t_avx512_core_bf16_bf16",2300,2300,2300.0,2300,1
FACTORY_DNNL,"REG$CPUEngine$struct dnnl::impl::cpu::x64::jit_uni_fork_dw_convolution_bwd_data_t<880,2,2>::pd_t$jit_uni_fork_dw_convolution_bwd_data_t_avx512_core_bf16_bf16",4200,4200,4200.0,4200,1
FACTORY_DNNL,REG$CPUEngine$struct dnnl::impl::cpu::x64::jit_avx512_core_bf16_1x1_convolution_bwd_data_t<2>::pd_t$jit_avx512_core_bf16_1x1_convolution_bwd_data_t_bf16,1800,1800,1800.0,1800,1
FACTORY_DNNL,REG$CPUEngine$struct dnnl::impl::cpu::x64::gemm_bf16_convolution_bwd_data_t<2>::pd_t$gemm_bf16_convolution_bwd_data_t_bf16,3000,3000,3000.0,3000,1
FACTORY_DNNL,REG$CPUEngine$struct dnnl::impl::cpu::x64::brgemm_convolution_bwd_t<260081>::pd_t$brgemm_convolution_bwd_t_avx512_core_amx_fp16,100,1000,550.0,1100,2
FACTORY_DNNL,REG$CPUEngine$struct dnnl::impl::cpu::x64::brgemm_convolution_bwd_strided_t<260081>::pd_t$brgemm_convolution_bwd_strided_t_avx512_core_amx_fp16,100,1100,600.0,1200,2
FACTORY_DNNL,REG$CPUEngine$struct dnnl::impl::cpu::x64::brgemm_convolution_bwd_t<32626>::pd_t$brgemm_convolution_bwd_t_avx10_2_512,100,1000,156.25,2500,16
FACTORY_DNNL,REG$CPUEngine$struct dnnl::impl::cpu::x64::brgemm_convolution_bwd_strided_t<32626>::pd_t$brgemm_convolution_bwd_strided_t_avx10_2_512,100,1100,171.42857142857142,2400,14
FACTORY_DNNL,REG$CPUEngine$struct dnnl::impl::cpu::x64::brgemm_convolution_bwd_t<30577>::pd_t$brgemm_convolution_bwd_t_avx512_core_fp16,900,900,900.0,900,1
FACTORY_DNNL,REG$CPUEngine$struct dnnl::impl::cpu::x64::brgemm_convolution_bwd_strided_t<30577>::pd_t$brgemm_convolution_bwd_strided_t_avx512_core_fp16,100,1600,850.0,1700,2
FACTORY_DNNL,REG$CPUEngine$struct dnnl::impl::cpu::x64::brgemm_convolution_bwd_t<260081>::pd_t$brgemm_convolution_bwd_t_avx10_1_512_amx_fp16,100,1200,175.0,2800,16
FACTORY_DNNL,REG$CPUEngine$struct dnnl::impl::cpu::x64::brgemm_convolution_bwd_strided_t<260081>::pd_t$brgemm_convolution_bwd_strided_t_avx10_1_512_amx_fp16,100,1900,228.57142857142858,3200,14
FACTORY_DNNL,REG$CPUEngine$struct dnnl::impl::cpu::x64::brgemm_1x1_convolution_fwd_t<4976>::pd_t$brgemm_1x1_convolution_fwd_t_avx512_core_vnni,100,900,214.28571428571428,1500,7
FACTORY_DNNL,REG$CPUEngine$struct dnnl::impl::cpu::x64::brgemm_convolution_fwd_t<4976>::pd_t$brgemm_convolution_fwd_t_avx512_core_vnni,100,800,177.77777777777777,1600,9
FACTORY_DNNL,REG$CPUEngine$struct dnnl::impl::cpu::x64::jit_avx512_core_x8s8s32x_1x1_convolution_fwd_t::pd_t$jit_avx512_core_x8s8s32x_1x1_convolution_fwd_t,100,1000,200.0,1800,9
FACTORY_DNNL,REG$CPUEngine$struct dnnl::impl::cpu::x64::jit_avx512_core_x8s8s32x_convolution_fwd_t::pd_t$jit_avx512_core_x8s8s32x_convolution_fwd_t,100,900,200.0,1600,8
FACTORY_DNNL,REG$CPUEngine$struct dnnl::impl::cpu::x64::brgemm_1x1_convolution_fwd_t<1584>::pd_t$brgemm_1x1_convolution_fwd_t_avx2_vnni,100,1300,400.0,1600,4
FACTORY_DNNL,REG$CPUEngine$struct dnnl::impl::cpu::x64::brgemm_convolution_fwd_t<1584>::pd_t$brgemm_convolution_fwd_t_avx2_vnni,100,800,275.0,1100,4
FACTORY_DNNL,REG$CPUEngine$struct dnnl::impl::cpu::x64::jit_uni_x8s8s32x_1x1_convolution_fwd_t<560>::pd_t$jit_uni_x8s8s32x_1x1_convolution_fwd_t_avx2,100,1300,400.0,1600,4
FACTORY_DNNL,REG$CPUEngine$struct dnnl::impl::cpu::x64::jit_uni_x8s8s32x_convolution_fwd_t<560>::pd_t$jit_uni_x8s8s32x_convolution_fwd_t_avx2,100,900,260.0,1300,5
FACTORY_DNNL,REG$CPUEngine$struct dnnl::impl::cpu::x64::jit_uni_x8s8s32x_1x1_convolution_fwd_t<16>::pd_t$jit_uni_x8s8s32x_1x1_convolution_fwd_t_sse41,100,2000,575.0,2300,4
FACTORY_DNNL,REG$CPUEngine$struct dnnl::impl::cpu::x64::jit_uni_x8s8s32x_convolution_fwd_t<16>::pd_t$jit_uni_x8s8s32x_convolution_fwd_t_sse41,100,1300,300.0,1800,6
FACTORY_DNNL,REG$CPUEngine$struct dnnl::impl::cpu::gemm_x8s8s32x_convolution_fwd_t::pd_t$gemm_x8s8s32x_convolution_fwd_t,100,1100,366.6666666666667,2200,6
FACTORY_DNNL,REG$CPUEngine$struct dnnl::impl::cpu::ref_convolution_int8_fwd_t::pd_t$ref_convolution_int8_fwd_t,100,1200,283.3333333333333,1700,6
FACTORY_DNNL,REG$CPUEngine$struct dnnl::impl::cpu::x64::brgemm_convolution_bwd_strided_t<4976>::pd_t$brgemm_convolution_bwd_strided_t_avx512_core_vnni,100,1100,225.0,1800,8
FACTORY_DNNL,REG$CPUEngine$struct dnnl::impl::cpu::x64::brgemm_convolution_bwd_strided_t<1584>::pd_t$brgemm_convolution_bwd_strided_t_avx2_vnni,100,1200,283.3333333333333,1700,6
FACTORY_DNNL,REG$CPUEngine$struct dnnl::impl::cpu::gemm_x8s8s32x_convolution_bwd_data_t::pd_t$gemm_x8s8s32x_convolution_bwd_data_t,100,1100,242.85714285714286,1700,7
FACTORY_DNNL,REG$CPUEngine$struct dnnl::impl::cpu::ref_convolution_int8_bwd_data_t::pd_t$ref_convolution_int8_bwd_data_t,100,1000,250.0,1500,6
FACTORY_DNNL,"REG$CPUEngine$struct dnnl::impl::cpu::simple_reorder_t<3,1,14,1,1,struct dnnl::impl::cpu::spec::reference>::pd_t$simple_reorder_t_f32_any_f4_e2m1_any_fmt_order::any_spec::reference",3000,3000,3000.0,3000,1
FACTORY_DNNL,"REG$CPUEngine$struct dnnl::impl::cpu::simple_reorder_t<14,1,3,1,1,struct dnnl::impl::cpu::spec::reference>::pd_t$simple_reorder_t_f4_e2m1_any_f32_any_fmt_order::any_spec::reference",1000,1000,1000.0,1000,1
FACTORY_DNNL,"REG$CPUEngine$struct dnnl::impl::cpu::simple_reorder_t<14,1,14,722,1,void>::pd_t$simple_reorder_t_f4_e2m1_any_f4_e2m1_OI8i8o2i_fmt_order_keep",1200,1200,1200.0,1200,1
FACTORY_DNNL,"REG$CPUEngine$struct dnnl::impl::cpu::simple_reorder_t<14,1,14,243,1,void>::pd_t$simple_reorder_t_f4_e2m1_any_f4_e2m1_OI8i16o2i_fmt_order_keep",900,900,900.0,900,1
FACTORY_DNNL,"REG$CPUEngine$struct dnnl::impl::cpu::simple_reorder_t<14,1,14,718,1,void>::pd_t$simple_reorder_t_f4_e2m1_any_f4_e2m1_OI8i24o2i_fmt_order_keep",1500,1500,1500.0,1500,1
FACTORY_DNNL,"REG$CPUEngine$struct dnnl::impl::cpu::simple_reorder_t<14,1,14,244,1,void>::pd_t$simple_reorder_t_f4_e2m1_any_f4_e2m1_OI8i32o2i_fmt_order_keep",1300,1300,1300.0,1300,1
FACTORY_DNNL,"REG$CPUEngine$struct dnnl::impl::cpu::simple_reorder_t<14,1,14,245,1,void>::pd_t$simple_reorder_t_f4_e2m1_any_f4_e2m1_OI8i64o2i_fmt_order_keep",1000,1000,1000.0,1000,1
FACTORY_DNNL,"REG$CPUEngine$struct dnnl::impl::cpu::simple_reorder_t<14,1,14,348,1,void>::pd_t$simple_reorder_t_f4_e2m1_any_f4_e2m1_OI16i16o2i_fmt_order_keep",1100,1100,1100.0,1100,1
FACTORY_DNNL,"REG$CPUEngine$struct dnnl::impl::cpu::simple_reorder_t<14,1,14,349,1,void>::pd_t$simple_reorder_t_f4_e2m1_any_f4_e2m1_OI16i32o2i_fmt_order_keep",1100,1100,1100.0,1100,1
FACTORY_DNNL,"REG$CPUEngine$struct dnnl::impl::cpu::simple_reorder_t<14,1,14,350,1,void>::pd_t$simple_reorder_t_f4_e2m1_any_f4_e2m1_OI16i48o2i_fmt_order_keep",1200,1200,1200.0,1200,1
FACTORY_DNNL,"REG$CPUEngine$struct dnnl::impl::cpu::simple_reorder_t<14,1,14,351,1,void>::pd_t$simple_reorder_t_f4_e2m1_any_f4_e2m1_OI16i64o2i_fmt_order_keep",1000,1000,1000.0,1000,1
FACTORY_DNNL,"REG$CPUEngine$struct dnnl::impl::cpu::simple_reorder_t<3,1,15,1,1,struct dnnl::impl::cpu::spec::reference>::pd_t$simple_reorder_t_f32_any_f4_e3m0_any_fmt_order::any_spec::reference",900,900,900.0,900,1
FACTORY_DNNL,"REG$CPUEngine$struct dnnl::impl::cpu::simple_reorder_t<15,1,3,1,1,struct dnnl::impl::cpu::spec::reference>::pd_t$simple_reorder_t_f4_e3m0_any_f32_any_fmt_order::any_spec::reference",900,900,900.0,900,1
FACTORY_DNNL,"REG$CPUEngine$struct dnnl::impl::cpu::simple_reorder_t<3,1,13,1,1,struct dnnl::impl::cpu::spec::reference>::pd_t$simple_reorder_t_f32_any_e8m0_any_fmt_order::any_spec::reference",1200,1200,1200.0,1200,1
FACTORY_DNNL,REG$CPUEngine$struct dnnl::impl::cpu::x64::jit_uni_reorder_direct_copy_t::pd_t$x64::jit_uni_reorder_direct_copy_t,100,1000,280.0,2800,10
FACTORY_DNNL,REG$CPUEngine$struct dnnl::impl::cpu::x64::jit_blk_reorder_t::pd_t$x64::jit_blk_reorder_t,100,900,300.0,1200,4
FACTORY_DNNL,REG$CPUEngine$struct dnnl::impl::cpu::x64::jit_uni_reorder_t::pd_t$x64::jit_uni_reorder_t,100,7000,3550.0,7100,2
FACTORY_DNNL,"REG$CPUEngine$struct dnnl::impl::cpu::simple_reorder_t<3,1,9,1,1,struct dnnl::impl::cpu::spec::reference>::pd_t$simple_reorder_t_f32_any_f8_e5m2_any_fmt_order::any_spec::reference",1500,1500,1500.0,1500,1
FACTORY_DNNL,"REG$CPUEngine$struct dnnl::impl::cpu::simple_reorder_t<3,1,10,1,1,struct dnnl::impl::cpu::spec::reference>::pd_t$simple_reorder_t_f32_any_f8_e4m3_any_fmt_order::any_spec::reference",1400,1400,1400.0,1400,1
FACTORY_DNNL,"REG$CPUEngine$struct dnnl::impl::cpu::rnn_weights_reorder_t<3,2>::pd_t$rnn_weights_reorder_t_f32_bf16",1600,1600,1600.0,1600,1
FACTORY_DNNL,REG$CPUEngine$struct dnnl::impl::cpu::x64::jit_blk_reorder_t::pd_t$x64_jit_blk_reorder_t,100,1200,333.3333333333333,2000,6
FACTORY_DNNL,REG$CPUEngine$struct dnnl::impl::cpu::x64::jit_uni_reorder_t::pd_t$x64_jit_uni_reorder_t,100,800,190.0,1900,10
FACTORY_DNNL,"REG$CPUEngine$struct dnnl::impl::cpu::simple_reorder_t<3,1,2,1,1,struct dnnl::impl::cpu::spec::reference>::pd_t$simple_reorder_t_f32_any_bf16_any_fmt_order_any_spec_reference",900,900,900.0,900,1
FACTORY_DNNL,"REG$CPUEngine$struct dnnl::impl::cpu::simple_reorder_t<3,1,1,1,1,struct dnnl::impl::cpu::spec::reference>::pd_t$simple_reorder_t_f32_any_f16_any_fmt_order::any_spec::reference",1100,1100,1100.0,1100,1
FACTORY_DNNL,REG$CPUEngine$struct dnnl::impl::cpu::x64::brgemm_matmul_copy_reorder_t::pd_t$x64_brgemm_matmul_copy_reorder_t,100,1300,285.7142857142857,2000,7
FACTORY_DNNL,REG$CPUEngine$struct dnnl::impl::cpu::x64::jit_uni_reorder_direct_copy_t::pd_t$x64_jit_uni_reorder_direct_copy_t,100,3500,950.0,3800,4
FACTORY_DNNL,"REG$CPUEngine$struct dnnl::impl::cpu::simple_reorder_t<3,1,3,1,1,struct dnnl::impl::cpu::spec::reference>::pd_t$simple_reorder_t_f32_any_f32_any_fmt_order_any_spec::reference",1800,1800,1800.0,1800,1
FACTORY_DNNL,"REG$CPUEngine$struct dnnl::impl::cpu::simple_reorder_t<3,1,3,1,1,struct dnnl::impl::cpu::spec::reference>::pd_t$simple_reorder_t_f32_any_f32_any_fmt_order_any_spec_reference",100,1400,533.3333333333334,1600,3
FACTORY_DNNL,"REG$CPUEngine$struct dnnl::impl::cpu::rnn_weights_reorder_t<3,3>::pd_t$rnn_weights_reorder_t_f32_f32",900,900,900.0,900,1
FACTORY_DNNL,"REG$CPUEngine$struct dnnl::impl::cpu::simple_reorder_t<3,1,4,1,1,struct dnnl::impl::cpu::spec::reference>::pd_t$simple_reorder_t_f32_any_s32_any_fmt_order_any_spec_reference",1100,1100,1100.0,1100,1
FACTORY_DNNL,"REG$CPUEngine$struct dnnl::impl::cpu::rnn_data_reorder_t<3,5>::pd_t$rnn_data_reorder_t_f32_s8",1000,1000,1000.0,1000,1
FACTORY_DNNL,REG$CPUEngine$struct dnnl::impl::cpu::rnn_weights_reorder_s8_t<3>::pd_t$rnn_weights_reorder_s8_t_f32,1400,1400,1400.0,1400,1
FACTORY_DNNL,"REG$CPUEngine$struct dnnl::impl::cpu::rnn_brgemm_weights_reorder_s8_t<3,5>::pd_t$rnn_brgemm_weights_reorder_s8_t_f32_s8",1500,1500,1500.0,1500,1
FACTORY_DNNL,"REG$CPUEngine$struct dnnl::impl::cpu::simple_reorder_t<3,1,5,1,1,struct dnnl::impl::cpu::spec::reference>::pd_t$simple_reorder_t_f32_any_s8_any_fmt_order_any_spec_reference",14600,14600,14600.0,14600,1
FACTORY_DNNL,"REG$CPUEngine$struct dnnl::impl::cpu::simple_sparse_reorder_v0_t<3,3,5,347,1,struct dnnl::impl::cpu::sparse_spec::reference>::pd_t$simple_sparse_reorder_v0_t_f32_format_tag::oi_s8_OI16i64o4i_sparse_inputs_order::keep_sparse_spec::reference",2500,2500,2500.0,2500,1
FACTORY_DNNL,"REG$CPUEngine$struct dnnl::impl::cpu::simple_sparse_reorder_v0_t<3,14,5,347,1,struct dnnl::impl::cpu::sparse_spec::reference>::pd_t$simple_sparse_reorder_v0_t_f32_format_tag::io_s8_OI16i64o4i_sparse_inputs_order::keep_sparse_spec::reference",1400,1400,1400.0,1400,1
FACTORY_DNNL,"REG$CPUEngine$struct dnnl::impl::cpu::simple_sparse_reorder_t<3,enum dnnl_format_tag_t,1,5,enum dnnl_format_tag_t,1,void>::pd_t$simple_sparse_reorder_t_f32_impl::format_tag_t_any_s8_impl::format_tag_t_any",1400,1400,1400.0,1400,1
FACTORY_DNNL,"REG$CPUEngine$struct dnnl::impl::cpu::rnn_data_reorder_t<3,6>::pd_t$rnn_data_reorder_t_f32_u8",1200,1200,1200.0,1200,1
FACTORY_DNNL,"REG$CPUEngine$struct dnnl::impl::cpu::simple_reorder_t<3,1,6,1,1,struct dnnl::impl::cpu::spec::reference>::pd_t$simple_reorder_t_f32_any_u8_any_fmt_order_any_spec_reference",1200,1200,1200.0,1200,1
FACTORY_DNNL,"REG$CPUEngine$struct dnnl::impl::cpu::simple_reorder_t<9,1,9,1,1,struct dnnl::impl::cpu::spec::reference>::pd_t$simple_reorder_t_f8_e5m2_any_f8_e5m2_any_fmt_order::any_spec::reference",1300,1300,1300.0,1300,1
FACTORY_DNNL,"REG$CPUEngine$struct dnnl::impl::cpu::simple_reorder_t<9,1,1,1,1,struct dnnl::impl::cpu::spec::reference>::pd_t$simple_reorder_t_f8_e5m2_any_f16_any_fmt_order::any_spec::reference",1000,1000,1000.0,1000,1
FACTORY_DNNL,"REG$CPUEngine$struct dnnl::impl::cpu::simple_reorder_t<9,1,2,1,1,struct dnnl::impl::cpu::spec::reference>::pd_t$simple_reorder_t_f8_e5m2_any_bf16_any_fmt_order::any_spec::reference",1000,1000,1000.0,1000,1
FACTORY_DNNL,"REG$CPUEngine$struct dnnl::impl::cpu::simple_reorder_t<9,1,3,1,1,struct dnnl::impl::cpu::spec::reference>::pd_t$simple_reorder_t_f8_e5m2_any_f32_any_fmt_order::any_spec::reference",1200,1200,1200.0,1200,1
FACTORY_DNNL,"REG$CPUEngine$struct dnnl::impl::cpu::simple_reorder_t<10,1,10,1,1,struct dnnl::impl::cpu::spec::reference>::pd_t$simple_reorder_t_f8_e4m3_any_f8_e4m3_any_fmt_order::any_spec::reference",2400,2400,2400.0,2400,1
FACTORY_DNNL,"REG$CPUEngine$struct dnnl::impl::cpu::simple_reorder_t<10,1,1,1,1,struct dnnl::impl::cpu::spec::reference>::pd_t$simple_reorder_t_f8_e4m3_any_f16_any_fmt_order::any_spec::reference",1700,1700,1700.0,1700,1
FACTORY_DNNL,"REG$CPUEngine$struct dnnl::impl::cpu::simple_reorder_t<10,1,2,1,1,struct dnnl::impl::cpu::spec::reference>::pd_t$simple_reorder_t_f8_e4m3_any_bf16_any_fmt_order::any_spec::reference",1700,1700,1700.0,1700,1
FACTORY_DNNL,"REG$CPUEngine$struct dnnl::impl::cpu::simple_reorder_t<10,1,3,1,1,struct dnnl::impl::cpu::spec::reference>::pd_t$simple_reorder_t_f8_e4m3_any_f32_any_fmt_order::any_spec::reference",1300,1300,1300.0,1300,1
FACTORY_DNNL,"REG$CPUEngine$struct dnnl::impl::cpu::simple_reorder_t<13,1,13,1,1,struct dnnl::impl::cpu::spec::reference>::pd_t$simple_reorder_t_e8m0_any_e8m0_any_fmt_order::any_spec::reference",1100,1100,1100.0,1100,1
FACTORY_DNNL,"REG$CPUEngine$struct dnnl::impl::cpu::simple_reorder_t<3,5,17,22,1,void>::pd_t$simple_reorder_t_f32_nchw_bin_nhwc_fmt_order_keep",1000,1000,1000.0,1000,1
FACTORY_DNNL,"REG$CPUEngine$struct dnnl::impl::cpu::simple_reorder_t<3,5,17,22,0,void>::pd_t$simple_reorder_t_f32_nchw_bin_nhwc_fmt_order_reverse",800,800,800.0,800,1
FACTORY_DNNL,"REG$CPUEngine$struct dnnl::impl::cpu::simple_reorder_t<3,22,17,22,1,void>::pd_t$simple_reorder_t_f32_nhwc_bin_nhwc_fmt_order_keep",900,900,900.0,900,1
FACTORY_DNNL,"REG$CPUEngine$struct dnnl::impl::cpu::simple_reorder_t<3,22,17,22,0,void>::pd_t$simple_reorder_t_f32_nhwc_bin_nhwc_fmt_order_reverse",1100,1100,1100.0,1100,1
FACTORY_DNNL,"REG$CPUEngine$struct dnnl::impl::cpu::rnn_weights_reorder_t<2,2>::pd_t$rnn_weights_reorder_t_bf16_bf16",1400,1400,1400.0,1400,1
FACTORY_DNNL,"REG$CPUEngine$struct dnnl::impl::cpu::simple_reorder_t<2,1,2,1,1,struct dnnl::impl::cpu::spec::reference>::pd_t$simple_reorder_t_bf16_any_bf16_any_fmt_order_any_spec_reference",1700,1700,1700.0,1700,1
FACTORY_DNNL,"REG$CPUEngine$struct dnnl::impl::cpu::simple_reorder_t<2,1,3,1,1,struct dnnl::impl::cpu::spec::reference>::pd_t$simple_reorder_t_bf16_any_f32_any_fmt_order_any_spec_reference",5100,5100,5100.0,5100,1
FACTORY_DNNL,"REG$CPUEngine$struct dnnl::impl::cpu::simple_reorder_t<2,1,5,1,1,struct dnnl::impl::cpu::spec::reference>::pd_t$simple_reorder_t_bf16_any_s8_any_fmt_order_any_spec_reference",1600,1600,1600.0,1600,1
FACTORY_DNNL,"REG$CPUEngine$struct dnnl::impl::cpu::simple_reorder_t<2,1,6,1,1,struct dnnl::impl::cpu::spec::reference>::pd_t$simple_reorder_t_bf16_any_u8_any_fmt_order_any_spec_reference",1900,1900,1900.0,1900,1
FACTORY_DNNL,"REG$CPUEngine$struct dnnl::impl::cpu::simple_reorder_t<2,1,9,1,1,struct dnnl::impl::cpu::spec::reference>::pd_t$simple_reorder_t_bf16_any_f8_e5m2_any_fmt_order_any_spec_reference",1000,1000,1000.0,1000,1
FACTORY_DNNL,"REG$CPUEngine$struct dnnl::impl::cpu::simple_reorder_t<2,1,10,1,1,struct dnnl::impl::cpu::spec::reference>::pd_t$simple_reorder_t_bf16_any_f8_e4m3_any_fmt_order_any_spec_reference",800,800,800.0,800,1
FACTORY_DNNL,"REG$CPUEngine$struct dnnl::impl::cpu::simple_reorder_t<1,1,9,1,1,struct dnnl::impl::cpu::spec::reference>::pd_t$simple_reorder_t_f16_any_f8_e5m2_any_fmt_order_any_spec_reference",900,900,900.0,900,1
FACTORY_DNNL,"REG$CPUEngine$struct dnnl::impl::cpu::simple_reorder_t<1,1,10,1,1,struct dnnl::impl::cpu::spec::reference>::pd_t$simple_reorder_t_f16_any_f8_e4m3_any_fmt_order_any_spec_reference",900,900,900.0,900,1
FACTORY_DNNL,"REG$CPUEngine$struct dnnl::impl::cpu::simple_reorder_t<1,1,1,1,1,struct dnnl::impl::cpu::spec::reference>::pd_t$simple_reorder_t_f16_any_f16_any_fmt_order_any_spec_reference",900,900,900.0,900,1
FACTORY_DNNL,"REG$CPUEngine$struct dnnl::impl::cpu::simple_reorder_t<1,1,3,1,1,struct dnnl::impl::cpu::spec::reference>::pd_t$simple_reorder_t_f16_any_f32_any_fmt_order_any_spec_reference",1300,1300,1300.0,1300,1
FACTORY_DNNL,"REG$CPUEngine$struct dnnl::impl::cpu::simple_reorder_t<1,1,5,1,1,struct dnnl::impl::cpu::spec::reference>::pd_t$simple_reorder_t_f16_any_s8_any_fmt_order_any_spec_reference",1100,1100,1100.0,1100,1
FACTORY_DNNL,"REG$CPUEngine$struct dnnl::impl::cpu::simple_reorder_t<1,1,6,1,1,struct dnnl::impl::cpu::spec::reference>::pd_t$simple_reorder_t_f16_any_u8_any_fmt_order_any_spec_reference",900,900,900.0,900,1
FACTORY_DNNL,"REG$CPUEngine$struct dnnl::impl::cpu::simple_reorder_t<4,1,3,1,1,struct dnnl::impl::cpu::spec::reference>::pd_t$simple_reorder_t_s32_any_f32_any_fmt_order_any_spec_reference",1100,1100,1100.0,1100,1
FACTORY_DNNL,"REG$CPUEngine$struct dnnl::impl::cpu::simple_reorder_t<4,1,4,1,1,struct dnnl::impl::cpu::spec::reference>::pd_t$simple_reorder_t_s32_any_s32_any_fmt_order_any_spec_reference",1000,1000,1000.0,1000,1
FACTORY_DNNL,"REG$CPUEngine$struct dnnl::impl::cpu::simple_reorder_t<4,1,5,1,1,struct dnnl::impl::cpu::spec::reference>::pd_t$simple_reorder_t_s32_any_s8_any_fmt_order_any_spec_reference",1100,1100,1100.0,1100,1
FACTORY_DNNL,"REG$CPUEngine$struct dnnl::impl::cpu::simple_reorder_t<4,1,6,1,1,struct dnnl::impl::cpu::spec::reference>::pd_t$simple_reorder_t_s32_any_u8_any_fmt_order_any_spec_reference",1200,1200,1200.0,1200,1
FACTORY_DNNL,REG$CPUEngine$struct dnnl::impl::cpu::rnn_weights_reorder_s8_t<5>::pd_t$rnn_weights_reorder_s8_t_s8,900,900,900.0,900,1
FACTORY_DNNL,"REG$CPUEngine$struct dnnl::impl::cpu::rnn_brgemm_weights_reorder_s8_t<5,5>::pd_t$rnn_brgemm_weights_reorder_s8_t_s8_s8",7400,7400,7400.0,7400,1
FACTORY_DNNL,"REG$CPUEngine$struct dnnl::impl::cpu::simple_reorder_t<5,1,3,1,1,struct dnnl::impl::cpu::spec::reference>::pd_t$simple_reorder_t_s8_any_f32_any_fmt_order_any_spec_reference",1100,1100,1100.0,1100,1
FACTORY_DNNL,"REG$CPUEngine$struct dnnl::impl::cpu::simple_reorder_t<5,1,4,1,1,struct dnnl::impl::cpu::spec::reference>::pd_t$simple_reorder_t_s8_any_s32_any_fmt_order_any_spec_reference",900,900,900.0,900,1
FACTORY_DNNL,"REG$CPUEngine$struct dnnl::impl::cpu::simple_reorder_t<5,1,2,1,1,struct dnnl::impl::cpu::spec::reference>::pd_t$simple_reorder_t_s8_any_bf16_any_fmt_order_any_spec_reference",1500,1500,1500.0,1500,1
FACTORY_DNNL,"REG$CPUEngine$struct dnnl::impl::cpu::simple_reorder_t<5,1,1,1,1,struct dnnl::impl::cpu::spec::reference>::pd_t$simple_reorder_t_s8_any_f16_any_fmt_order_any_spec_reference",1000,1000,1000.0,1000,1
FACTORY_DNNL,"REG$CPUEngine$struct dnnl::impl::cpu::simple_reorder_t<5,1,5,1,1,struct dnnl::impl::cpu::spec::reference>::pd_t$simple_reorder_t_s8_any_s8_any_fmt_order_any_spec_reference",1500,1500,1500.0,1500,1
FACTORY_DNNL,"REG$CPUEngine$struct dnnl::impl::cpu::simple_reorder_t<5,1,6,1,1,struct dnnl::impl::cpu::spec::reference>::pd_t$simple_reorder_t_s8_any_u8_any_fmt_order_any_spec_reference",1200,1200,1200.0,1200,1
FACTORY_DNNL,"REG$CPUEngine$struct dnnl::impl::cpu::simple_sparse_reorder_v0_t<5,3,5,347,1,struct dnnl::impl::cpu::sparse_spec::reference>::pd_t$simple_sparse_reorder_v0_t_s8_format_tag::oi_s8_OI16i64o4i_sparse_inputs_order::keep_sparse_spec::reference",1100,1100,1100.0,1100,1
FACTORY_DNNL,"REG$CPUEngine$struct dnnl::impl::cpu::simple_sparse_reorder_v0_t<5,14,5,347,1,struct dnnl::impl::cpu::sparse_spec::reference>::pd_t$simple_sparse_reorder_v0_t_s8_format_tag::io_s8_OI16i64o4i_sparse_inputs_order::keep_sparse_spec::reference",1500,1500,1500.0,1500,1
FACTORY_DNNL,"REG$CPUEngine$struct dnnl::impl::cpu::simple_sparse_reorder_t<5,enum dnnl_format_tag_t,1,5,enum dnnl_format_tag_t,1,void>::pd_t$simple_sparse_reorder_t_s8_impl::format_tag_t_any_s8_impl::format_tag_t_any",1000,1000,1000.0,1000,1
FACTORY_DNNL,"REG$CPUEngine$struct dnnl::impl::cpu::simple_reorder_t<6,1,3,1,1,struct dnnl::impl::cpu::spec::reference>::pd_t$simple_reorder_t_u8_any_f32_any_fmt_order_any_spec_reference",1200,1200,1200.0,1200,1
FACTORY_DNNL,"REG$CPUEngine$struct dnnl::impl::cpu::simple_reorder_t<6,1,4,1,1,struct dnnl::impl::cpu::spec::reference>::pd_t$simple_reorder_t_u8_any_s32_any_fmt_order_any_spec_reference",1300,1300,1300.0,1300,1
FACTORY_DNNL,"REG$CPUEngine$struct dnnl::impl::cpu::simple_reorder_t<6,1,2,1,1,struct dnnl::impl::cpu::spec::reference>::pd_t$simple_reorder_t_u8_any_bf16_any_fmt_order_any_spec_reference",1100,1100,1100.0,1100,1
FACTORY_DNNL,"REG$CPUEngine$struct dnnl::impl::cpu::simple_reorder_t<6,1,6,1,1,struct dnnl::impl::cpu::spec::reference>::pd_t$simple_reorder_t_u8_any_u8_any_fmt_order_any_spec_reference",1000,1000,1000.0,1000,1
FACTORY_DNNL,"REG$CPUEngine$struct dnnl::impl::cpu::simple_reorder_t<6,1,5,1,1,struct dnnl::impl::cpu::spec::reference>::pd_t$simple_reorder_t_u8_any_s8_any_fmt_order_any_spec_reference",1100,1100,1100.0,1100,1
FACTORY_DNNL,"REG$CPUEngine$struct dnnl::impl::cpu::simple_reorder_t<3,1,11,1,1,struct dnnl::impl::cpu::spec::reference>::pd_t$simple_reorder_t_f32_any_s4_any_fmt_order::any_spec::reference",900,900,900.0,900,1
FACTORY_DNNL,"REG$CPUEngine$struct dnnl::impl::cpu::simple_reorder_t<11,1,11,722,1,void>::pd_t$simple_reorder_t_s4_any_s4_OI8i8o2i_fmt_order_keep",1600,1600,1600.0,1600,1
FACTORY_DNNL,"REG$CPUEngine$struct dnnl::impl::cpu::simple_reorder_t<11,1,11,243,1,void>::pd_t$simple_reorder_t_s4_any_s4_OI8i16o2i_fmt_order_keep",2400,2400,2400.0,2400,1
FACTORY_DNNL,"REG$CPUEngine$struct dnnl::impl::cpu::simple_reorder_t<11,1,11,718,1,void>::pd_t$simple_reorder_t_s4_any_s4_OI8i24o2i_fmt_order_keep",1400,1400,1400.0,1400,1
FACTORY_DNNL,"REG$CPUEngine$struct dnnl::impl::cpu::simple_reorder_t<11,1,11,244,1,void>::pd_t$simple_reorder_t_s4_any_s4_OI8i32o2i_fmt_order_keep",1000,1000,1000.0,1000,1
FACTORY_DNNL,"REG$CPUEngine$struct dnnl::impl::cpu::simple_reorder_t<11,1,11,245,1,void>::pd_t$simple_reorder_t_s4_any_s4_OI8i64o2i_fmt_order_keep",1200,1200,1200.0,1200,1
FACTORY_DNNL,"REG$CPUEngine$struct dnnl::impl::cpu::simple_reorder_t<11,1,11,348,1,void>::pd_t$simple_reorder_t_s4_any_s4_OI16i16o2i_fmt_order_keep",1300,1300,1300.0,1300,1
FACTORY_DNNL,"REG$CPUEngine$struct dnnl::impl::cpu::simple_reorder_t<11,1,11,349,1,void>::pd_t$simple_reorder_t_s4_any_s4_OI16i32o2i_fmt_order_keep",1000,1000,1000.0,1000,1
FACTORY_DNNL,"REG$CPUEngine$struct dnnl::impl::cpu::simple_reorder_t<11,1,11,350,1,void>::pd_t$simple_reorder_t_s4_any_s4_OI16i48o2i_fmt_order_keep",1500,1500,1500.0,1500,1
FACTORY_DNNL,"REG$CPUEngine$struct dnnl::impl::cpu::simple_reorder_t<11,1,11,351,1,void>::pd_t$simple_reorder_t_s4_any_s4_OI16i64o2i_fmt_order_keep",1600,1600,1600.0,1600,1
FACTORY_DNNL,"REG$CPUEngine$struct dnnl::impl::cpu::simple_reorder_t<11,1,11,528,1,void>::pd_t$simple_reorder_t_s4_any_s4_aBC8c8b2c_fmt_order_keep",1400,1400,1400.0,1400,1
FACTORY_DNNL,"REG$CPUEngine$struct dnnl::impl::cpu::simple_reorder_t<11,1,11,529,1,void>::pd_t$simple_reorder_t_s4_any_s4_aBC8c16b2c_fmt_order_keep",1500,1500,1500.0,1500,1
FACTORY_DNNL,"REG$CPUEngine$struct dnnl::impl::cpu::simple_reorder_t<11,1,11,530,1,void>::pd_t$simple_reorder_t_s4_any_s4_aBC8c24b2c_fmt_order_keep",2100,2100,2100.0,2100,1
FACTORY_DNNL,"REG$CPUEngine$struct dnnl::impl::cpu::simple_reorder_t<11,1,11,531,1,void>::pd_t$simple_reorder_t_s4_any_s4_aBC8c32b2c_fmt_order_keep",1100,1100,1100.0,1100,1
FACTORY_DNNL,"REG$CPUEngine$struct dnnl::impl::cpu::simple_reorder_t<11,1,11,532,1,void>::pd_t$simple_reorder_t_s4_any_s4_aBC8c64b2c_fmt_order_keep",1200,1200,1200.0,1200,1
FACTORY_DNNL,"REG$CPUEngine$struct dnnl::impl::cpu::simple_reorder_t<11,1,11,533,1,void>::pd_t$simple_reorder_t_s4_any_s4_aBC16c16b2c_fmt_order_keep",900,900,900.0,900,1
FACTORY_DNNL,"REG$CPUEngine$struct dnnl::impl::cpu::simple_reorder_t<11,1,11,534,1,void>::pd_t$simple_reorder_t_s4_any_s4_aBC16c32b2c_fmt_order_keep",1300,1300,1300.0,1300,1
FACTORY_DNNL,"REG$CPUEngine$struct dnnl::impl::cpu::simple_reorder_t<11,1,11,535,1,void>::pd_t$simple_reorder_t_s4_any_s4_aBC16c48b2c_fmt_order_keep",1300,1300,1300.0,1300,1
FACTORY_DNNL,"REG$CPUEngine$struct dnnl::impl::cpu::simple_reorder_t<11,1,11,536,1,void>::pd_t$simple_reorder_t_s4_any_s4_aBC16c64b2c_fmt_order_keep",900,900,900.0,900,1
FACTORY_DNNL,"REG$CPUEngine$struct dnnl::impl::cpu::simple_reorder_t<11,1,11,537,1,void>::pd_t$simple_reorder_t_s4_any_s4_aBC16c16b4c_fmt_order_keep",1400,1400,1400.0,1400,1
FACTORY_DNNL,"REG$CPUEngine$struct dnnl::impl::cpu::simple_reorder_t<11,1,11,538,1,void>::pd_t$simple_reorder_t_s4_any_s4_aBC16c32b4c_fmt_order_keep",1000,1000,1000.0,1000,1
FACTORY_DNNL,"REG$CPUEngine$struct dnnl::impl::cpu::simple_reorder_t<11,1,11,539,1,void>::pd_t$simple_reorder_t_s4_any_s4_aBC16c48b4c_fmt_order_keep",1000,1000,1000.0,1000,1
FACTORY_DNNL,"REG$CPUEngine$struct dnnl::impl::cpu::simple_reorder_t<11,1,11,540,1,void>::pd_t$simple_reorder_t_s4_any_s4_aBC16c64b4c_fmt_order_keep",900,900,900.0,900,1
FACTORY_DNNL,"REG$CPUEngine$struct dnnl::impl::cpu::simple_reorder_t<11,1,6,1,1,struct dnnl::impl::cpu::spec::reference>::pd_t$simple_reorder_t_s4_any_u8_any_fmt_order_keep_spec::reference",1000,1000,1000.0,1000,1
FACTORY_DNNL,"REG$CPUEngine$struct dnnl::impl::cpu::simple_reorder_t<11,1,3,1,1,struct dnnl::impl::cpu::spec::reference>::pd_t$simple_reorder_t_s4_any_f32_any_fmt_order_keep_spec::reference",900,900,900.0,900,1
FACTORY_DNNL,"REG$CPUEngine$struct dnnl::impl::cpu::simple_reorder_t<11,1,3,1,1,struct dnnl::impl::cpu::spec::reference>::pd_t$simple_reorder_t_s4_any_f32_any_fmt_order::any_spec::reference",100,1100,600.0,1200,2
FACTORY_DNNL,"REG$CPUEngine$struct dnnl::impl::cpu::simple_reorder_t<11,1,2,1,1,struct dnnl::impl::cpu::spec::reference>::pd_t$simple_reorder_t_s4_any_bf16_any_fmt_order::any_spec::reference",1200,1200,1200.0,1200,1
FACTORY_DNNL,"REG$CPUEngine$struct dnnl::impl::cpu::simple_reorder_t<11,1,1,1,1,struct dnnl::impl::cpu::spec::reference>::pd_t$simple_reorder_t_s4_any_f16_any_fmt_order::any_spec::reference",1100,1100,1100.0,1100,1
FACTORY_DNNL,"REG$CPUEngine$struct dnnl::impl::cpu::simple_reorder_t<3,1,12,1,1,struct dnnl::impl::cpu::spec::reference>::pd_t$simple_reorder_t_f32_any_u4_any_fmt_order::any_spec::reference",1000,1000,1000.0,1000,1
FACTORY_DNNL,"REG$CPUEngine$struct dnnl::impl::cpu::simple_reorder_t<12,1,12,722,1,void>::pd_t$simple_reorder_t_u4_any_u4_OI8i8o2i_fmt_order_keep",900,900,900.0,900,1
FACTORY_DNNL,"REG$CPUEngine$struct dnnl::impl::cpu::simple_reorder_t<12,1,12,243,1,void>::pd_t$simple_reorder_t_u4_any_u4_OI8i16o2i_fmt_order_keep",1100,1100,1100.0,1100,1
FACTORY_DNNL,"REG$CPUEngine$struct dnnl::impl::cpu::simple_reorder_t<12,1,12,718,1,void>::pd_t$simple_reorder_t_u4_any_u4_OI8i24o2i_fmt_order_keep",1000,1000,1000.0,1000,1
FACTORY_DNNL,"REG$CPUEngine$struct dnnl::impl::cpu::simple_reorder_t<12,1,12,244,1,void>::pd_t$simple_reorder_t_u4_any_u4_OI8i32o2i_fmt_order_keep",1200,1200,1200.0,1200,1
FACTORY_DNNL,"REG$CPUEngine$struct dnnl::impl::cpu::simple_reorder_t<12,1,12,245,1,void>::pd_t$simple_reorder_t_u4_any_u4_OI8i64o2i_fmt_order_keep",1000,1000,1000.0,1000,1
FACTORY_DNNL,"REG$CPUEngine$struct dnnl::impl::cpu::simple_reorder_t<12,1,12,348,1,void>::pd_t$simple_reorder_t_u4_any_u4_OI16i16o2i_fmt_order_keep",1000,1000,1000.0,1000,1
FACTORY_DNNL,"REG$CPUEngine$struct dnnl::impl::cpu::simple_reorder_t<12,1,12,349,1,void>::pd_t$simple_reorder_t_u4_any_u4_OI16i32o2i_fmt_order_keep",1100,1100,1100.0,1100,1
FACTORY_DNNL,"REG$CPUEngine$struct dnnl::impl::cpu::simple_reorder_t<12,1,12,350,1,void>::pd_t$simple_reorder_t_u4_any_u4_OI16i48o2i_fmt_order_keep",1000,1000,1000.0,1000,1
FACTORY_DNNL,"REG$CPUEngine$struct dnnl::impl::cpu::simple_reorder_t<12,1,12,351,1,void>::pd_t$simple_reorder_t_u4_any_u4_OI16i64o2i_fmt_order_keep",1200,1200,1200.0,1200,1
FACTORY_DNNL,"REG$CPUEngine$struct dnnl::impl::cpu::simple_reorder_t<12,1,12,249,1,void>::pd_t$simple_reorder_t_u4_any_u4_OI16i16o4i_fmt_order_keep",1200,1200,1200.0,1200,1
FACTORY_DNNL,"REG$CPUEngine$struct dnnl::impl::cpu::simple_reorder_t<12,1,12,345,1,void>::pd_t$simple_reorder_t_u4_any_u4_OI16i32o4i_fmt_order_keep",1100,1100,1100.0,1100,1
FACTORY_DNNL,"REG$CPUEngine$struct dnnl::impl::cpu::simple_reorder_t<12,1,12,346,1,void>::pd_t$simple_reorder_t_u4_any_u4_OI16i48o4i_fmt_order_keep",1100,1100,1100.0,1100,1
FACTORY_DNNL,"REG$CPUEngine$struct dnnl::impl::cpu::simple_reorder_t<12,1,12,347,1,void>::pd_t$simple_reorder_t_u4_any_u4_OI16i64o4i_fmt_order_keep",800,800,800.0,800,1
FACTORY_DNNL,"REG$CPUEngine$struct dnnl::impl::cpu::simple_reorder_t<12,1,12,528,1,void>::pd_t$simple_reorder_t_u4_any_u4_aBC8c8b2c_fmt_order_keep",1200,1200,1200.0,1200,1
FACTORY_DNNL,"REG$CPUEngine$struct dnnl::impl::cpu::simple_reorder_t<12,1,12,529,1,void>::pd_t$simple_reorder_t_u4_any_u4_aBC8c16b2c_fmt_order_keep",69700,69700,69700.0,69700,1
FACTORY_DNNL,"REG$CPUEngine$struct dnnl::impl::cpu::simple_reorder_t<12,1,12,530,1,void>::pd_t$simple_reorder_t_u4_any_u4_aBC8c24b2c_fmt_order_keep",2300,2300,2300.0,2300,1
FACTORY_DNNL,"REG$CPUEngine$struct dnnl::impl::cpu::simple_reorder_t<12,1,12,531,1,void>::pd_t$simple_reorder_t_u4_any_u4_aBC8c32b2c_fmt_order_keep",1400,1400,1400.0,1400,1
FACTORY_DNNL,"REG$CPUEngine$struct dnnl::impl::cpu::simple_reorder_t<12,1,12,532,1,void>::pd_t$simple_reorder_t_u4_any_u4_aBC8c64b2c_fmt_order_keep",1400,1400,1400.0,1400,1
FACTORY_DNNL,"REG$CPUEngine$struct dnnl::impl::cpu::simple_reorder_t<12,1,12,533,1,void>::pd_t$simple_reorder_t_u4_any_u4_aBC16c16b2c_fmt_order_keep",1100,1100,1100.0,1100,1
FACTORY_DNNL,"REG$CPUEngine$struct dnnl::impl::cpu::simple_reorder_t<12,1,12,534,1,void>::pd_t$simple_reorder_t_u4_any_u4_aBC16c32b2c_fmt_order_keep",1000,1000,1000.0,1000,1
FACTORY_DNNL,"REG$CPUEngine$struct dnnl::impl::cpu::simple_reorder_t<12,1,12,535,1,void>::pd_t$simple_reorder_t_u4_any_u4_aBC16c48b2c_fmt_order_keep",1000,1000,1000.0,1000,1
FACTORY_DNNL,"REG$CPUEngine$struct dnnl::impl::cpu::simple_reorder_t<12,1,12,536,1,void>::pd_t$simple_reorder_t_u4_any_u4_aBC16c64b2c_fmt_order_keep",1100,1100,1100.0,1100,1
FACTORY_DNNL,"REG$CPUEngine$struct dnnl::impl::cpu::simple_reorder_t<12,1,12,537,1,void>::pd_t$simple_reorder_t_u4_any_u4_aBC16c16b4c_fmt_order_keep",1600,1600,1600.0,1600,1
FACTORY_DNNL,"REG$CPUEngine$struct dnnl::impl::cpu::simple_reorder_t<12,1,12,538,1,void>::pd_t$simple_reorder_t_u4_any_u4_aBC16c32b4c_fmt_order_keep",900,900,900.0,900,1
FACTORY_DNNL,"REG$CPUEngine$struct dnnl::impl::cpu::simple_reorder_t<12,1,12,539,1,void>::pd_t$simple_reorder_t_u4_any_u4_aBC16c48b4c_fmt_order_keep",2100,2100,2100.0,2100,1
FACTORY_DNNL,"REG$CPUEngine$struct dnnl::impl::cpu::simple_reorder_t<12,1,12,540,1,void>::pd_t$simple_reorder_t_u4_any_u4_aBC16c64b4c_fmt_order_keep",1000,1000,1000.0,1000,1
FACTORY_DNNL,"REG$CPUEngine$struct dnnl::impl::cpu::simple_reorder_t<12,1,6,1,1,struct dnnl::impl::cpu::spec::reference>::pd_t$simple_reorder_t_u4_any_u8_any_fmt_order_keep_spec::reference",900,900,900.0,900,1
FACTORY_DNNL,"REG$CPUEngine$struct dnnl::impl::cpu::simple_reorder_t<12,1,3,1,1,struct dnnl::impl::cpu::spec::reference>::pd_t$simple_reorder_t_u4_any_f32_any_fmt_order_keep_spec::reference",1200,1200,1200.0,1200,1
FACTORY_DNNL,"REG$CPUEngine$struct dnnl::impl::cpu::simple_reorder_t<12,1,3,1,1,struct dnnl::impl::cpu::spec::reference>::pd_t$simple_reorder_t_u4_any_f32_any_fmt_order::any_spec::reference",2000,2000,2000.0,2000,1
FACTORY_DNNL,"REG$CPUEngine$struct dnnl::impl::cpu::simple_reorder_t<12,1,2,1,1,struct dnnl::impl::cpu::spec::reference>::pd_t$simple_reorder_t_u4_any_bf16_any_fmt_order::any_spec::reference",2200,2200,2200.0,2200,1
FACTORY_DNNL,"REG$CPUEngine$struct dnnl::impl::cpu::simple_reorder_t<12,1,1,1,1,struct dnnl::impl::cpu::spec::reference>::pd_t$simple_reorder_t_u4_any_f16_any_fmt_order::any_spec::reference",1400,1400,1400.0,1400,1
FACTORY_DNNL,"REG$CPUEngine$struct dnnl::impl::cpu::simple_reorder_t<18,1,18,348,1,void>::pd_t$simple_reorder_t_u2_any_u2_OI16i16o2i_fmt_order_keep",1500,1500,1500.0,1500,1
FACTORY_DNNL,"REG$CPUEngine$struct dnnl::impl::cpu::simple_reorder_t<18,1,18,349,1,void>::pd_t$simple_reorder_t_u2_any_u2_OI16i32o2i_fmt_order_keep",800,800,800.0,800,1
FACTORY_DNNL,"REG$CPUEngine$struct dnnl::impl::cpu::simple_reorder_t<18,1,18,350,1,void>::pd_t$simple_reorder_t_u2_any_u2_OI16i48o2i_fmt_order_keep",1000,1000,1000.0,1000,1
FACTORY_DNNL,"REG$CPUEngine$struct dnnl::impl::cpu::simple_reorder_t<18,1,18,351,1,void>::pd_t$simple_reorder_t_u2_any_u2_OI16i64o2i_fmt_order_keep",900,900,900.0,900,1
FACTORY_DNNL,"REG$CPUEngine$struct dnnl::impl::cpu::simple_reorder_t<18,1,18,710,1,void>::pd_t$simple_reorder_t_u2_any_u2_OI4i8o4i_fmt_order_keep",900,900,900.0,900,1
FACTORY_DNNL,"REG$CPUEngine$struct dnnl::impl::cpu::simple_reorder_t<18,1,18,246,1,void>::pd_t$simple_reorder_t_u2_any_u2_OI4i16o4i_fmt_order_keep",1200,1200,1200.0,1200,1
FACTORY_DNNL,"REG$CPUEngine$struct dnnl::impl::cpu::simple_reorder_t<18,1,18,711,1,void>::pd_t$simple_reorder_t_u2_any_u2_OI4i24o4i_fmt_order_keep",1000,1000,1000.0,1000,1
FACTORY_DNNL,"REG$CPUEngine$struct dnnl::impl::cpu::simple_reorder_t<18,1,18,247,1,void>::pd_t$simple_reorder_t_u2_any_u2_OI4i32o4i_fmt_order_keep",12800,12800,12800.0,12800,1
FACTORY_DNNL,"REG$CPUEngine$struct dnnl::impl::cpu::simple_reorder_t<18,1,18,249,1,void>::pd_t$simple_reorder_t_u2_any_u2_OI16i16o4i_fmt_order_keep",2200,2200,2200.0,2200,1
FACTORY_DNNL,"REG$CPUEngine$struct dnnl::impl::cpu::simple_reorder_t<18,1,18,345,1,void>::pd_t$simple_reorder_t_u2_any_u2_OI16i32o4i_fmt_order_keep",1900,1900,1900.0,1900,1
FACTORY_DNNL,"REG$CPUEngine$struct dnnl::impl::cpu::simple_reorder_t<18,1,18,346,1,void>::pd_t$simple_reorder_t_u2_any_u2_OI16i48o4i_fmt_order_keep",1400,1400,1400.0,1400,1
FACTORY_DNNL,"REG$CPUEngine$struct dnnl::impl::cpu::simple_reorder_t<18,1,18,347,1,void>::pd_t$simple_reorder_t_u2_any_u2_OI16i64o4i_fmt_order_keep",2300,2300,2300.0,2300,1
FACTORY_DNNL,"REG$CPUEngine$struct dnnl::impl::cpu::simple_reorder_t<17,1,17,1,1,struct dnnl::impl::cpu::spec::direct_copy>::pd_t$simple_reorder_t_bin_any_bin_any_fmt_order_any_spec_direct_copy",1700,1700,1700.0,1700,1
FACTORY_DNNL,"REG$CPUEngine$struct dnnl::impl::cpu::simple_reorder_t<17,1,17,1,1,struct dnnl::impl::cpu::spec::direct_copy_except_dim_0>::pd_t$simple_reorder_t_bin_any_bin_any_fmt_order_any_spec_direct_copy_except_dim_0",900,900,900.0,900,1
FACTORY_DNNL,"REG$CPUEngine$struct dnnl::impl::cpu::simple_reorder_t<17,1,17,101,1,void>::pd_t$simple_reorder_t_bin_any_bin_OIhw8o32i_fmt_order_keep",1200,1200,1200.0,1200,1
FACTORY_DNNL,"REG$CPUEngine$struct dnnl::impl::cpu::simple_reorder_t<17,1,17,554,1,void>::pd_t$simple_reorder_t_bin_any_bin_OIhw16o32i_fmt_order_keep",1100,1100,1100.0,1100,1
FACTORY_DNNL,"REG$CPUEngine$struct dnnl::impl::cpu::simple_reorder_t<6,1,6,103,1,void>::pd_t$simple_reorder_t_u8_any_u8_nChw8c_fmt_order_keep",900,900,900.0,900,1
FACTORY_DNNL,"REG$CPUEngine$struct dnnl::impl::cpu::simple_reorder_t<6,1,6,103,0,void>::pd_t$simple_reorder_t_u8_any_u8_nChw8c_fmt_order_reverse",1000,1000,1000.0,1000,1
FACTORY_DNNL,"REG$CPUEngine$struct dnnl::impl::cpu::simple_reorder_t<16,1,16,722,1,void>::pd_t$simple_reorder_t_nf4_any_nf4_OI8i8o2i_fmt_order_keep",1200,1200,1200.0,1200,1
FACTORY_DNNL,"REG$CPUEngine$struct dnnl::impl::cpu::simple_reorder_t<16,1,16,243,1,void>::pd_t$simple_reorder_t_nf4_any_nf4_OI8i16o2i_fmt_order_keep",1000,1000,1000.0,1000,1
FACTORY_DNNL,"REG$CPUEngine$struct dnnl::impl::cpu::simple_reorder_t<16,1,16,718,1,void>::pd_t$simple_reorder_t_nf4_any_nf4_OI8i24o2i_fmt_order_keep",1100,1100,1100.0,1100,1
FACTORY_DNNL,"REG$CPUEngine$struct dnnl::impl::cpu::simple_reorder_t<16,1,16,244,1,void>::pd_t$simple_reorder_t_nf4_any_nf4_OI8i32o2i_fmt_order_keep",900,900,900.0,900,1
FACTORY_DNNL,"REG$CPUEngine$struct dnnl::impl::cpu::simple_reorder_t<16,1,16,245,1,void>::pd_t$simple_reorder_t_nf4_any_nf4_OI8i64o2i_fmt_order_keep",1000,1000,1000.0,1000,1
FACTORY_DNNL,"REG$CPUEngine$struct dnnl::impl::cpu::simple_reorder_t<16,1,16,348,1,void>::pd_t$simple_reorder_t_nf4_any_nf4_OI16i16o2i_fmt_order_keep",900,900,900.0,900,1
FACTORY_DNNL,"REG$CPUEngine$struct dnnl::impl::cpu::simple_reorder_t<16,1,16,349,1,void>::pd_t$simple_reorder_t_nf4_any_nf4_OI16i32o2i_fmt_order_keep",1100,1100,1100.0,1100,1
FACTORY_DNNL,"REG$CPUEngine$struct dnnl::impl::cpu::simple_reorder_t<16,1,16,350,1,void>::pd_t$simple_reorder_t_nf4_any_nf4_OI16i48o2i_fmt_order_keep",1100,1100,1100.0,1100,1
FACTORY_DNNL,"REG$CPUEngine$struct dnnl::impl::cpu::simple_reorder_t<16,1,16,351,1,void>::pd_t$simple_reorder_t_nf4_any_nf4_OI16i64o2i_fmt_order_keep",1800,1800,1800.0,1800,1
FACTORY_DNNL,"REG$CPUEngine$struct dnnl::impl::cpu::simple_reorder_t<16,1,3,1,1,struct dnnl::impl::cpu::spec::reference>::pd_t$simple_reorder_t_nf4_any_f32_any_fmt_order_keep_spec::reference",1500,1500,1500.0,1500,1
FACTORY_DNNL,CREATE$CPUEngine$struct dnnl::impl::cpu::x64::jit_uni_reorder_t::pd_t,62300,377200,91127.77777777778,1640300,18
FACTORY_DNNL,CREATE$CPUEngine$struct dnnl::impl::cpu::x64::brgemm_convolution_fwd_t<560>::pd_t,554300,554300,554300.0,554300,1
FACTORY_DNNL,CREATE$CPUEngine$struct dnnl::impl::cpu::x64::brgemm_1x1_convolution_fwd_t<560>::pd_t,80700,502600,171457.14285714287,4800800,28
FACTORY_DNNL,CREATE$CPUEngine$struct dnnl::impl::cpu::x64::jit_blk_reorder_t::pd_t,56700,89000,69600.0,835200,12
FACTORY_DNNL,CREATE$CPUEngine$struct dnnl::impl::cpu::x64::brdgmm_dw_convolution_fwd_t::pd_t,354600,663200,509777.77777777775,4588000,9
FACTORY_DNNL,CREATE$CPUEngine$struct dnnl::impl::cpu::x64::brgemm_convolution_bwd_strided_t<560>::pd_t,488600,488600,488600.0,488600,1
FACTORY_DNNL,CREATE$CPUEngine$struct dnnl::impl::cpu::x64::brgemm_deconvolution_fwd_t<560>::pd_t,1390400,1390400,1390400.0,1390400,1
ov__intel_cpu,Graph::ResolveInplaceDirections,700800,700800,700800.0,700800,1
ov__intel_cpu,Graph::InitOptimalPrimitiveDescriptors,1329000,1329000,1329000.0,1329000,1
ov__intel_cpu,Plugin::compile_model,939244500,939244500,939244500.0,939244500,1
ov__intel_cpu,init_tensor,12100,44500,28300.0,56600,2
ov__intel_cpu,set_tensor,30900,67200,35874.698795180724,2977600,83
dnnl__primitive__execute,reorder,100,5374800,75066.4705882353,51045200,680
dnnl__primitive__execute,convolution,100,1275900,5461.816159187555,304403400,55733
dnnl__primitive__execute,deconvolution,15200,198200,39666.787658802175,43712800,1102
SWITCH_intel_cpu,"SupportedPrecisions$OV_CASE ( Algorithm::EltwiseSigmoid, jit_dnnl_aux_emitter )",383500,383500,383500.0,383500,1
SWITCH_intel_cpu,"EltwiseEmitter$OV_CASE ( Algorithm::EltwiseSigmoid, jit_dnnl_aux_emitter )",7800,7800,7800.0,7800,1
ov__op__cpu__details,pixel_values_abcd_acdb_/conv1/Conv/WithoutBiases,3700,2707800,25082.684225273184,179040200,7138
ov__op__cpu__exec,Node::execute,93500,4409500,202433.73493975904,16802000,83
ov__op__cpu__exec,Convolution::execute,5700,1288400,24676.171352074965,110598600,4482
ov__op__cpu__exec,Reduce::execute,8300,442300,20578.192771084337,17079900,830
ov__op__cpu__exec,Subgraph::execute,3900,386400,15008.810240963856,19931700,1328
ov__op__cpu__exec,Interpolate::execute,10800,141700,31193.574297188756,7767200,249
ov__op__cpu__exec,Deconvolution::execute,58000,203100,107766.26506024097,8944600,83
ov__op__cpu__exec,Eltwise::execute,13800,293300,37369.87951807229,3101700,83
ov__phases__cpu__inference,SyncInferenceCPU::infer::Model5,1502200,8604100,2283250.6024096385,189509800,83
