domain,name,min,max,avg,total,count
OpenCVTrace,"void __cdecl cv::utils::logging::LogTagManager::assign(const class std::basic_string<char,struct std::char_traits<char>,class std::allocator<char> > &,struct cv::utils::logging::LogTag *)",12501,12501,12501.0,12501,1
OpenCVTrace,"struct cv::utils::logging::LogTag *__cdecl cv::utils::logging::LogTagManager::get(const class std::basic_string<char,struct std::char_traits<char>,class std::allocator<char> > &)",1199,1199,1199.0,1199,1
OpenCVTrace,"__cdecl cv::VideoCapture::VideoCapture(int,int)",473752800,473752800,473752800.0,473752800,1
OpenCVTrace,bool __cdecl cv::VideoCapture::read(const class cv::_OutputArray &),654700,113968201,3001269.934640523,918388600,306
OpenCVTrace,__cdecl cv::VideoCapture::~VideoCapture(void),1900,495741100,247871500.0,495743000,2
OpenCVTrace,"void __cdecl cv::flip(const class cv::_InputArray &,const class cv::_OutputArray &,int)",279000,1280900,328871.2,100305716,305
OpenCVTrace,"void __cdecl cv::cvtColor(const class cv::_InputArray &,const class cv::_OutputArray &,int,int)",58499,6235300,376496.8327586207,655104489,1740
OpenCVTrace,"void __cdecl cv::resize(const class cv::_InputArray &,const class cv::_OutputArray &,class cv::Size_<int>,double,double,int)",77600,982499,343783.74322732625,291872398,849
OpenCVTrace,"void __cdecl cv::Mat::convertTo(const class cv::_OutputArray &,int,double,double) const",2801,2851199,383458.33019271947,895375201,2335
OpenCVTrace,"void __cdecl cv::split(const class cv::_InputArray &,const class cv::_OutputArray &)",12900,995901,272446.72068965517,237028647,870
OpenCVTrace,"void __cdecl cv::exp(const class cv::_InputArray &,const class cv::_OutputArray &)",51500,1334101,65418.471153846156,34017605,520
OpenCVTrace,"void __cdecl cv::MatOp::divide(const class cv::MatExpr &,const class cv::MatExpr &,class cv::MatExpr &,double) const",11699,1283300,29518.015384615384,7674684,260
OpenCVTrace,"void __cdecl cv::divide(const class cv::_InputArray &,const class cv::_InputArray &,const class cv::_OutputArray &,double,int)",8700,1309600,22441.957692307693,5834909,260
OpenCVTrace,"void __cdecl cv::subtract(const class cv::_InputArray &,const class cv::_InputArray &,const class cv::_OutputArray &,const class cv::_InputArray &,int)",22000,2698300,34501.88076923077,8970489,260
OpenCVTrace,"void __cdecl cv::min(const class cv::_InputArray &,const class cv::_InputArray &,const class cv::_OutputArray &)",18999,1302600,546730.5236714976,565866092,1035
OpenCVTrace,"void __cdecl cv::max(const class cv::_InputArray &,const class cv::_InputArray &,const class cv::_OutputArray &)",18299,976899,387052.0695652174,400598892,1035
OpenCVTrace,void __cdecl cv::Mat::copyTo(const class cv::_OutputArray &) const,1699,1223200,428105.46131471783,735913288,1719
OpenCVTrace,"double __cdecl cv::threshold(const class cv::_InputArray &,const class cv::_OutputArray &,double,double,int)",10700,1301800,359680.24516129034,278752190,775
OpenCVTrace,"void __cdecl cv::findContours(const class cv::_InputArray &,const class cv::_OutputArray &,const class cv::_OutputArray &,int,int,class cv::Point_<int>)",22100,590800,38458.442307692305,9999195,260
OpenCVTrace,"class cv::MatExpr __cdecl cv::Mat::zeros(class cv::Size_<int>,int)",199,6301,522.2807692307692,135793,260
OpenCVTrace,class cv::Mat &__cdecl cv::Mat::operator =(const class cv::Scalar_<double> &),399,1700,493.07307692307694,128199,260
OpenCVTrace,"double __cdecl cv::contourArea(const class cv::_InputArray &,bool)",99,10000,224.96038691847076,488389,2171
OpenCVTrace,"void __cdecl cv::drawContours(const class cv::_InputOutputArray &,const class cv::_InputArray &,int,const class cv::Scalar_<double> &,int,int,const class cv::_InputArray &,int,class cv::Point_<int>)",699,650700,9370.145965548503,10335271,1103
OpenCVTrace,"void __cdecl cv::morphologyEx(const class cv::_InputArray &,const class cv::_OutputArray &,int,const class cv::_InputArray &,class cv::Point_<int>,int,int,const class cv::Scalar_<double> &)",39300,1384001,47343.14615384615,12309218,260
OpenCVTrace,"class cv::MatExpr __cdecl cv::Mat::mul(const class cv::_InputArray &,double) const",100,9799,512.7192307692308,266614,520
OpenCVTrace,"void __cdecl cv::multiply(const class cv::_InputArray &,const class cv::_InputArray &,const class cv::_OutputArray &,double,int)",157401,962700,263864.5903846154,137209587,520
OpenCVTrace,"void __cdecl cv::MatOp_AddEx::multiply(const class cv::MatExpr &,double,class cv::MatExpr &) const",99,12699,469.2692307692308,122010,260
OpenCVTrace,"void __cdecl cv::sqrt(const class cv::_InputArray &,const class cv::_OutputArray &)",84300,770299,90970.35384615384,23652292,260
OpenCVTrace,"void __cdecl cv::max(const class cv::Mat &,const class cv::Mat &,class cv::Mat &)",218500,458900,267629.6307692308,139167408,520
OpenCVTrace,"void __cdecl cv::bitwise_and(const class cv::_InputArray &,const class cv::_InputArray &,const class cv::_OutputArray &,const class cv::_InputArray &)",40000,797100,54932.33076923077,14282406,260
OpenCVTrace,"void __cdecl cv::blur(const class cv::_InputArray &,const class cv::_OutputArray &,class cv::Size_<int>,class cv::Point_<int>,int)",1484099,2383800,1642567.3461538462,427067510,260
OpenCVTrace,"void __cdecl cv::inRange(const class cv::_InputArray &,const class cv::_InputArray &,const class cv::_InputArray &,const class cv::_OutputArray &)",168801,497001,260192.6846153846,202950294,780
OpenCVTrace,"void __cdecl cv::Mat::copyTo(const class cv::_OutputArray &,const class cv::_InputArray &) const",153700,431299,224010.26601941747,115365287,515
OpenCVTrace,"class cv::Mat &__cdecl cv::Mat::setTo(const class cv::_InputArray &,const class cv::_InputArray &)",14600,823400,126343.12363636364,104233077,825
OpenCVTrace,"void __cdecl cv::merge(const class cv::_InputArray &,const class cv::_OutputArray &)",114100,774301,143124.29836065572,43652911,305
OpenCVTrace,"void __cdecl cv::putText(const class cv::_InputOutputArray &,const class std::basic_string<char,struct std::char_traits<char>,class std::allocator<char> > &,class cv::Point_<int>,int,double,class cv::Scalar_<double>,int,int,bool)",73900,3509101,669743.7754098361,817087406,1220
OpenCVTrace,"void __cdecl cv::dilate(const class cv::_InputArray &,const class cv::_OutputArray &,const class cv::_InputArray &,class cv::Point_<int>,int,int,const class cv::Scalar_<double> &)",165399,1358101,249029.02352941176,63502401,255
OpenCVTrace,"void __cdecl cv::erode(const class cv::_InputArray &,const class cv::_OutputArray &,const class cv::_InputArray &,class cv::Point_<int>,int,int,const class cv::Scalar_<double> &)",150901,588400,220498.83529411766,56227203,255
OpenCVTrace,"void __cdecl cv::absdiff(const class cv::_InputArray &,const class cv::_InputArray &,const class cv::_OutputArray &)",4800,733900,118889.1640866873,38401200,323
OpenCVTrace,"void __cdecl cv::MatOp::add(const class cv::MatExpr &,const class cv::MatExpr &,class cv::MatExpr &) const",99,7500,305.5078431372549,155809,510
OpenCVTrace,"void __cdecl cv::addWeighted(const class cv::_InputArray &,double,const class cv::_InputArray &,double,double,const class cv::_OutputArray &,int)",700099,1620600,854468.2352941176,435778800,510
OpenCVTrace,"class cv::Scalar_<double> __cdecl cv::mean(const class cv::_InputArray &,const class cv::_InputArray &)",1999,2298300,20799.301470588234,2828705,136
intel_gpu_plugin,Plugin::get_property,15900,382801,199350.5,398701,2
intel_gpu_plugin,TransformationsPipeline::apply::run_passes,4721199,4721199,4721199.0,4721199,1
intel_gpu_plugin,TransformationsPipeline::apply::activations_scaling,27745700,27745700,27745700.0,27745700,1
intel_gpu_plugin,TransformationsPipeline::apply,460196600,460196600,460196600.0,460196600,1
intel_gpu_plugin,Plugin::transform_model,461084200,461084200,461084200.0,461084200,1
intel_gpu_plugin,Plugin::clone_and_transform_model,484585200,484585200,484585200.0,484585200,1
intel_gpu_plugin,CustomLayer::LoadFromFile,500,221700,111100.0,222200,2
intel_gpu_plugin,ProgramBuilder::CreateSingleLayerPrimitive,99,470500,6365.109263657957,2679711,421
intel_gpu_plugin,Program::init_graph,286400,928099,607249.5,1214499,2
intel_gpu_plugin,pass::select_preferred_formats,6337299,6337299,6337299.0,6337299,1
intel_gpu_plugin,Program::pre_optimize_graph,231200,12473299,6352249.5,12704499,2
intel_gpu_plugin,KernelsCache::BuildAll::GetProgramSource,45999,2136200,948733.3333333334,2846200,3
intel_gpu_plugin,KernelsCache::build_batch,619101,3833400,2550320.2,12751601,5
intel_gpu_plugin,KernelsCache::BuildAll,3379400,6139200,4336466.666666667,13009400,3
intel_gpu_plugin,pass::CompileGraph,15427999,319546999,167487499.0,334974998,2
intel_gpu_plugin,Program::post_optimize_graph,137900,422562701,211350300.5,422700601,2
intel_gpu_plugin,pass::BasicMemoryDependencies,54000,89601,71800.5,143601,2
intel_gpu_plugin,pass::SkippedBranchMemoryDependencies,56699,325000,190849.5,381699,2
intel_gpu_plugin,pass::OooqMemoryDependencies,121300,672300,396800.0,793600,2
intel_gpu_plugin,pass::build_implementations,3889000,7403000,5646000.0,11292000,2
intel_gpu_plugin,set_arguments: constant:dense_9/Tensordot/ReadVariableOp:0_postponed_compression,2199,2199,2199.0,2199,1
intel_gpu_plugin,set_arguments: constant:dense_8/Tensordot/ReadVariableOp:0_postponed_compression,1199,1199,1199.0,1199,1
intel_gpu_plugin,set_arguments: constant:dense_7/Tensordot/ReadVariableOp:0_postponed_compression,1201,1201,1201.0,1201,1
intel_gpu_plugin,set_arguments: constant:dense_6/Tensordot/ReadVariableOp:0_postponed_compression,1200,1200,1200.0,1200,1
intel_gpu_plugin,set_arguments: constant:dense_5/Tensordot/ReadVariableOp:0_postponed_compression,2000,2000,2000.0,2000,1
intel_gpu_plugin,set_arguments: constant:dense_4/Tensordot/ReadVariableOp:0_postponed_compression,2599,2599,2599.0,2599,1
intel_gpu_plugin,set_arguments: constant:dense_3/Tensordot/ReadVariableOp:0_postponed_compression,3001,3001,3001.0,3001,1
intel_gpu_plugin,set_arguments: constant:dense_2/Tensordot/ReadVariableOp:0_postponed_compression,2101,2101,2101.0,2101,1
intel_gpu_plugin,set_arguments: constant:dense_11/Tensordot/ReadVariableOp:0_postponed_compression,1100,1100,1100.0,1100,1
intel_gpu_plugin,set_arguments: constant:dense_10/Tensordot/ReadVariableOp:0_postponed_compression,1000,1000,1000.0,1000,1
intel_gpu_plugin,set_arguments: constant:dense_1/Tensordot/ReadVariableOp:0_postponed_compression,2800,2800,2800.0,2800,1
intel_gpu_plugin,set_arguments: constant:dense/Tensordot/ReadVariableOp:0_postponed_compression,1500,1500,1500.0,1500,1
intel_gpu_plugin,set_arguments: constant:conv2d_transpose/filter:0,1500,1500,1500.0,1500,1
intel_gpu_plugin,set_arguments: constant:conv2d_9/conv2d/filter:0,1499,1499,1499.0,1499,1
intel_gpu_plugin,set_arguments: constant:conv2d_8/conv2d/filter:0,1600,1600,1600.0,1600,1
intel_gpu_plugin,set_arguments: constant:conv2d_7/conv2d/filter:0,1799,1799,1799.0,1799,1
intel_gpu_plugin,set_arguments: constant:conv2d_6/conv2d/filter:0,1400,1400,1400.0,1400,1
intel_gpu_plugin,set_arguments: constant:conv2d_5/conv2d/filter:0,5300,5300,5300.0,5300,1
intel_gpu_plugin,set_arguments: constant:conv2d_4/conv2d/filter:0,2201,2201,2201.0,2201,1
intel_gpu_plugin,set_arguments: constant:conv2d_30/conv2d/filter:0,1900,1900,1900.0,1900,1
intel_gpu_plugin,set_arguments: constant:conv2d_3/conv2d/filter:0,1900,1900,1900.0,1900,1
intel_gpu_plugin,set_arguments: constant:conv2d_29/conv2d/filter:0,1999,1999,1999.0,1999,1
intel_gpu_plugin,set_arguments: constant:conv2d_28/conv2d/filter:0,1500,1500,1500.0,1500,1
intel_gpu_plugin,set_arguments: constant:conv2d_27/conv2d/filter:0,2201,2201,2201.0,2201,1
intel_gpu_plugin,set_arguments: constant:conv2d_26/conv2d/filter:0,3900,3900,3900.0,3900,1
intel_gpu_plugin,set_arguments: constant:conv2d_25/conv2d/filter:0,2300,2300,2300.0,2300,1
intel_gpu_plugin,set_arguments: constant:conv2d_24/conv2d/filter:0,1699,1699,1699.0,1699,1
intel_gpu_plugin,set_arguments: constant:conv2d_23/conv2d/filter:0,2300,2300,2300.0,2300,1
intel_gpu_plugin,set_arguments: constant:conv2d_22/conv2d/filter:0,1500,1500,1500.0,1500,1
intel_gpu_plugin,set_arguments: constant:conv2d_21/conv2d/filter:0,2099,2099,2099.0,2099,1
intel_gpu_plugin,set_arguments: constant:conv2d_20/conv2d/filter:0,1999,1999,1999.0,1999,1
intel_gpu_plugin,set_arguments: constant:conv2d_2/conv2d/filter:0,1900,1900,1900.0,1900,1
intel_gpu_plugin,set_arguments: constant:conv2d_19/conv2d/filter:0,1599,1599,1599.0,1599,1
intel_gpu_plugin,set_arguments: constant:conv2d_18/conv2d/filter:0,1400,1400,1400.0,1400,1
intel_gpu_plugin,set_arguments: constant:conv2d_17/conv2d/filter:0,2800,2800,2800.0,2800,1
intel_gpu_plugin,set_arguments: constant:conv2d_16/conv2d/filter:0,3601,3601,3601.0,3601,1
intel_gpu_plugin,set_arguments: constant:conv2d_15/conv2d/filter:0,2900,2900,2900.0,2900,1
intel_gpu_plugin,set_arguments: constant:conv2d_14/conv2d/filter:0,3000,3000,3000.0,3000,1
intel_gpu_plugin,set_arguments: constant:conv2d_13/conv2d/filter:0,3601,3601,3601.0,3601,1
intel_gpu_plugin,set_arguments: constant:conv2d_12/conv2d/filter:0,3600,3600,3600.0,3600,1
intel_gpu_plugin,set_arguments: constant:conv2d_11/conv2d/filter:0,2800,2800,2800.0,2800,1
intel_gpu_plugin,set_arguments: constant:conv2d_10/conv2d/filter:0,2000,2000,2000.0,2000,1
intel_gpu_plugin,set_arguments: constant:conv2d_1/conv2d/filter:0,1701,1701,1701.0,1701,1
intel_gpu_plugin,set_arguments: constant:conv2d/conv2d/filter:0,1601,1601,1601.0,1601,1
intel_gpu_plugin,set_arguments: constant:Reshape_856,2700,2700,2700.0,2700,1
intel_gpu_plugin,set_arguments: constant:Reshape_734,2301,2301,2301.0,2301,1
intel_gpu_plugin,set_arguments: constant:Reshape_612,2100,2100,2100.0,2100,1
intel_gpu_plugin,set_arguments: constant:Reshape_54,1601,1601,1601.0,1601,1
intel_gpu_plugin,set_arguments: constant:Reshape_488,2100,2100,2100.0,2100,1
intel_gpu_plugin,set_arguments: constant:Reshape_365,2101,2101,2101.0,2101,1
intel_gpu_plugin,set_arguments: constant:Reshape_266,2800,2800,2800.0,2800,1
intel_gpu_plugin,set_arguments: constant:Reshape_171,2300,2300,2300.0,2300,1
intel_gpu_plugin,set_arguments: constant:Reshape_1327,2000,2000,2000.0,2000,1
intel_gpu_plugin,set_arguments: constant:Reshape_1195,4500,4500,4500.0,4500,1
intel_gpu_plugin,set_arguments: constant:Reshape_1063,1999,1999,1999.0,1999,1
intel_gpu_plugin,set_arguments: constant:Constant_8132,1400,1400,1400.0,1400,1
intel_gpu_plugin,set_arguments: convert:dense_9/Tensordot/ReadVariableOp:0,17000,142600,79800.0,159600,2
intel_gpu_plugin,set_arguments: convert:dense_8/Tensordot/ReadVariableOp:0,12800,18800,15800.0,31600,2
intel_gpu_plugin,set_arguments: convert:dense_7/Tensordot/ReadVariableOp:0,14501,16600,15550.5,31101,2
intel_gpu_plugin,set_arguments: convert:dense_6/Tensordot/ReadVariableOp:0,11500,12300,11900.0,23800,2
intel_gpu_plugin,set_arguments: convert:dense_5/Tensordot/ReadVariableOp:0,12800,12900,12850.0,25700,2
intel_gpu_plugin,set_arguments: convert:dense_4/Tensordot/ReadVariableOp:0,11300,16300,13800.0,27600,2
intel_gpu_plugin,set_arguments: convert:dense_3/Tensordot/ReadVariableOp:0,12100,12201,12150.5,24301,2
intel_gpu_plugin,set_arguments: convert:dense_2/Tensordot/ReadVariableOp:0,13399,13400,13399.5,26799,2
intel_gpu_plugin,set_arguments: convert:dense_11/Tensordot/ReadVariableOp:0,11700,13200,12450.0,24900,2
intel_gpu_plugin,set_arguments: convert:dense_10/Tensordot/ReadVariableOp:0,11699,13800,12749.5,25499,2
intel_gpu_plugin,set_arguments: convert:dense_1/Tensordot/ReadVariableOp:0,11801,11900,11850.5,23701,2
intel_gpu_plugin,set_arguments: convert:dense/Tensordot/ReadVariableOp:0,14100,15400,14750.0,29500,2
intel_gpu_plugin,set_arguments: constant:conv2d_transpose/filter:0_reorder_fmt,68499,139900,104199.5,208399,2
intel_gpu_plugin,set_arguments: constant:conv2d_9/conv2d/filter:0_weights_reorder_13,30199,36701,33450.0,66900,2
intel_gpu_plugin,set_arguments: constant:conv2d_8/conv2d/filter:0_weights_reorder_12,23501,26799,25150.0,50300,2
intel_gpu_plugin,set_arguments: constant:conv2d_7/conv2d/filter:0_weights_reorder_10,11900,32800,22350.0,44700,2
intel_gpu_plugin,set_arguments: constant:conv2d_6/conv2d/filter:0_weights_reorder_9,19100,27200,23150.0,46300,2
intel_gpu_plugin,set_arguments: constant:conv2d_5/conv2d/filter:0_weights_reorder_7,26100,30700,28400.0,56800,2
intel_gpu_plugin,set_arguments: constant:conv2d_4/conv2d/filter:0_weights_reorder_6,31399,36300,33849.5,67699,2
intel_gpu_plugin,set_arguments: constant:conv2d_30/conv2d/filter:0_weights_reorder_40,25700,31200,28450.0,56900,2
intel_gpu_plugin,set_arguments: constant:conv2d_3/conv2d/filter:0_weights_reorder_4,23299,32000,27649.5,55299,2
intel_gpu_plugin,set_arguments: constant:conv2d_29/conv2d/filter:0_weights_reorder_39,13500,49700,31600.0,63200,2
intel_gpu_plugin,set_arguments: constant:conv2d_28/conv2d/filter:0_weights_reorder_38,13300,26700,20000.0,40000,2
intel_gpu_plugin,set_arguments: constant:conv2d_27/conv2d/filter:0_weights_reorder_37,12200,29000,20600.0,41200,2
intel_gpu_plugin,set_arguments: constant:conv2d_26/conv2d/filter:0_weights_reorder_35,25000,30100,27550.0,55100,2
intel_gpu_plugin,set_arguments: constant:conv2d_25/conv2d/filter:0_weights_reorder_34,16500,31300,23900.0,47800,2
intel_gpu_plugin,set_arguments: constant:conv2d_24/conv2d/filter:0_weights_reorder_33,17400,29299,23349.5,46699,2
intel_gpu_plugin,set_arguments: constant:conv2d_23/conv2d/filter:0_weights_reorder_32,17900,27499,22699.5,45399,2
intel_gpu_plugin,set_arguments: constant:conv2d_22/conv2d/filter:0_weights_reorder_30,23201,32599,27900.0,55800,2
intel_gpu_plugin,set_arguments: constant:conv2d_21/conv2d/filter:0_weights_reorder_29,23100,29001,26050.5,52101,2
intel_gpu_plugin,set_arguments: constant:conv2d_20/conv2d/filter:0_weights_reorder_28,30800,30900,30850.0,61700,2
intel_gpu_plugin,set_arguments: constant:conv2d_2/conv2d/filter:0_weights_reorder_3,16200,27100,21650.0,43300,2
intel_gpu_plugin,set_arguments: constant:conv2d_19/conv2d/filter:0_weights_reorder_27,28701,39200,33950.5,67901,2
intel_gpu_plugin,set_arguments: constant:conv2d_18/conv2d/filter:0_weights_reorder_25,30400,49400,39900.0,79800,2
intel_gpu_plugin,set_arguments: constant:conv2d_17/conv2d/filter:0_weights_reorder_26,16000,29399,22699.5,45399,2
intel_gpu_plugin,set_arguments: constant:conv2d_16/conv2d/filter:0_weights_reorder_24,24800,36400,30600.0,61200,2
intel_gpu_plugin,set_arguments: constant:conv2d_15/conv2d/filter:0_weights_reorder_22,30401,35000,32700.5,65401,2
intel_gpu_plugin,set_arguments: constant:conv2d_14/conv2d/filter:0_weights_reorder_21,25100,29601,27350.5,54701,2
intel_gpu_plugin,set_arguments: constant:conv2d_13/conv2d/filter:0_weights_reorder_19,15800,29800,22800.0,45600,2
intel_gpu_plugin,set_arguments: constant:conv2d_12/conv2d/filter:0_weights_reorder_18,14500,25800,20150.0,40300,2
intel_gpu_plugin,set_arguments: constant:conv2d_11/conv2d/filter:0_weights_reorder_16,15499,28700,22099.5,44199,2
intel_gpu_plugin,set_arguments: constant:conv2d_10/conv2d/filter:0_weights_reorder_15,12199,29600,20899.5,41799,2
intel_gpu_plugin,set_arguments: constant:conv2d_1/conv2d/filter:0_weights_reorder_1,12900,25400,19150.0,38300,2
intel_gpu_plugin,set_arguments: constant:conv2d/conv2d/filter:0_weights_reorder_0,13099,22501,17800.0,35600,2
intel_gpu_plugin,set_arguments: constant:Reshape_856_weights_reorder_23,15800,30000,22900.0,45800,2
intel_gpu_plugin,set_arguments: constant:Reshape_734_weights_reorder_20,24701,26800,25750.5,51501,2
intel_gpu_plugin,set_arguments: constant:Reshape_612_weights_reorder_17,19600,31300,25450.0,50900,2
intel_gpu_plugin,set_arguments: constant:Reshape_54_weights_reorder_2,12600,35999,24299.5,48599,2
intel_gpu_plugin,set_arguments: constant:Reshape_488_weights_reorder_14,28000,34100,31050.0,62100,2
intel_gpu_plugin,set_arguments: constant:Reshape_365_weights_reorder_11,18801,31100,24950.5,49901,2
intel_gpu_plugin,set_arguments: constant:Reshape_266_weights_reorder_8,15899,30400,23149.5,46299,2
intel_gpu_plugin,set_arguments: constant:Reshape_171_weights_reorder_5,13300,29100,21200.0,42400,2
intel_gpu_plugin,set_arguments: constant:Reshape_1327_weights_reorder_41,14900,25800,20350.0,40700,2
intel_gpu_plugin,set_arguments: constant:Reshape_1195_weights_reorder_36,11699,26500,19099.5,38199,2
intel_gpu_plugin,set_arguments: constant:Reshape_1063_weights_reorder_31,15200,26401,20800.5,41601,2
intel_gpu_plugin,set_arguments: constant:Constant_8132_reorder_transpose:conv2d_transpose__206,15000,24300,19650.0,39300,2
intel_gpu_plugin,constant:dense_9/Tensordot/ReadVariableOp:0_postponed_compression::prepare,43000,43000,43000.0,43000,1
intel_gpu_plugin,constant:dense_9/Tensordot/ReadVariableOp:0_postponed_compression::execute,3300,3300,3300.0,3300,1
intel_gpu_plugin,constant:dense_8/Tensordot/ReadVariableOp:0_postponed_compression::prepare,13900,13900,13900.0,13900,1
intel_gpu_plugin,constant:dense_8/Tensordot/ReadVariableOp:0_postponed_compression::execute,2700,2700,2700.0,2700,1
intel_gpu_plugin,constant:dense_7/Tensordot/ReadVariableOp:0_postponed_compression::prepare,10800,10800,10800.0,10800,1
intel_gpu_plugin,constant:dense_7/Tensordot/ReadVariableOp:0_postponed_compression::execute,3300,3300,3300.0,3300,1
intel_gpu_plugin,constant:dense_6/Tensordot/ReadVariableOp:0_postponed_compression::prepare,14499,14499,14499.0,14499,1
intel_gpu_plugin,constant:dense_6/Tensordot/ReadVariableOp:0_postponed_compression::execute,2600,2600,2600.0,2600,1
intel_gpu_plugin,constant:dense_5/Tensordot/ReadVariableOp:0_postponed_compression::prepare,9100,9100,9100.0,9100,1
intel_gpu_plugin,constant:dense_5/Tensordot/ReadVariableOp:0_postponed_compression::execute,2999,2999,2999.0,2999,1
intel_gpu_plugin,constant:dense_4/Tensordot/ReadVariableOp:0_postponed_compression::prepare,10900,10900,10900.0,10900,1
intel_gpu_plugin,constant:dense_4/Tensordot/ReadVariableOp:0_postponed_compression::execute,3101,3101,3101.0,3101,1
intel_gpu_plugin,constant:dense_3/Tensordot/ReadVariableOp:0_postponed_compression::prepare,13799,13799,13799.0,13799,1
intel_gpu_plugin,constant:dense_3/Tensordot/ReadVariableOp:0_postponed_compression::execute,3100,3100,3100.0,3100,1
intel_gpu_plugin,constant:dense_2/Tensordot/ReadVariableOp:0_postponed_compression::prepare,10601,10601,10601.0,10601,1
intel_gpu_plugin,constant:dense_2/Tensordot/ReadVariableOp:0_postponed_compression::execute,2000,2000,2000.0,2000,1
intel_gpu_plugin,constant:dense_11/Tensordot/ReadVariableOp:0_postponed_compression::prepare,11699,11699,11699.0,11699,1
intel_gpu_plugin,constant:dense_11/Tensordot/ReadVariableOp:0_postponed_compression::execute,5200,5200,5200.0,5200,1
intel_gpu_plugin,constant:dense_10/Tensordot/ReadVariableOp:0_postponed_compression::prepare,11799,11799,11799.0,11799,1
intel_gpu_plugin,constant:dense_10/Tensordot/ReadVariableOp:0_postponed_compression::execute,2800,2800,2800.0,2800,1
intel_gpu_plugin,constant:dense_1/Tensordot/ReadVariableOp:0_postponed_compression::prepare,9400,9400,9400.0,9400,1
intel_gpu_plugin,constant:dense_1/Tensordot/ReadVariableOp:0_postponed_compression::execute,3101,3101,3101.0,3101,1
intel_gpu_plugin,constant:dense/Tensordot/ReadVariableOp:0_postponed_compression::prepare,12199,12199,12199.0,12199,1
intel_gpu_plugin,constant:dense/Tensordot/ReadVariableOp:0_postponed_compression::execute,3300,3300,3300.0,3300,1
intel_gpu_plugin,constant:conv2d_transpose/filter:0::prepare,10700,10700,10700.0,10700,1
intel_gpu_plugin,constant:conv2d_transpose/filter:0::execute,3199,3199,3199.0,3199,1
intel_gpu_plugin,constant:conv2d_9/conv2d/filter:0::prepare,13000,13000,13000.0,13000,1
intel_gpu_plugin,constant:conv2d_9/conv2d/filter:0::execute,4700,4700,4700.0,4700,1
intel_gpu_plugin,constant:conv2d_8/conv2d/filter:0::prepare,13200,13200,13200.0,13200,1
intel_gpu_plugin,constant:conv2d_8/conv2d/filter:0::execute,3200,3200,3200.0,3200,1
intel_gpu_plugin,constant:conv2d_7/conv2d/filter:0::prepare,10100,10100,10100.0,10100,1
intel_gpu_plugin,constant:conv2d_7/conv2d/filter:0::execute,3600,3600,3600.0,3600,1
intel_gpu_plugin,constant:conv2d_6/conv2d/filter:0::prepare,11000,11000,11000.0,11000,1
intel_gpu_plugin,constant:conv2d_6/conv2d/filter:0::execute,3500,3500,3500.0,3500,1
intel_gpu_plugin,constant:conv2d_5/conv2d/filter:0::prepare,11801,11801,11801.0,11801,1
intel_gpu_plugin,constant:conv2d_5/conv2d/filter:0::execute,4101,4101,4101.0,4101,1
intel_gpu_plugin,constant:conv2d_4/conv2d/filter:0::prepare,12601,12601,12601.0,12601,1
intel_gpu_plugin,constant:conv2d_4/conv2d/filter:0::execute,3900,3900,3900.0,3900,1
intel_gpu_plugin,constant:conv2d_30/conv2d/filter:0::prepare,16200,16200,16200.0,16200,1
intel_gpu_plugin,constant:conv2d_30/conv2d/filter:0::execute,4800,4800,4800.0,4800,1
intel_gpu_plugin,constant:conv2d_3/conv2d/filter:0::prepare,12601,12601,12601.0,12601,1
intel_gpu_plugin,constant:conv2d_3/conv2d/filter:0::execute,2900,2900,2900.0,2900,1
intel_gpu_plugin,constant:conv2d_29/conv2d/filter:0::prepare,10600,10600,10600.0,10600,1
intel_gpu_plugin,constant:conv2d_29/conv2d/filter:0::execute,2600,2600,2600.0,2600,1
intel_gpu_plugin,constant:conv2d_28/conv2d/filter:0::prepare,13800,13800,13800.0,13800,1
intel_gpu_plugin,constant:conv2d_28/conv2d/filter:0::execute,3600,3600,3600.0,3600,1
intel_gpu_plugin,constant:conv2d_27/conv2d/filter:0::prepare,10300,10300,10300.0,10300,1
intel_gpu_plugin,constant:conv2d_27/conv2d/filter:0::execute,2900,2900,2900.0,2900,1
intel_gpu_plugin,constant:conv2d_26/conv2d/filter:0::prepare,11700,11700,11700.0,11700,1
intel_gpu_plugin,constant:conv2d_26/conv2d/filter:0::execute,2400,2400,2400.0,2400,1
intel_gpu_plugin,constant:conv2d_25/conv2d/filter:0::prepare,13800,13800,13800.0,13800,1
intel_gpu_plugin,constant:conv2d_25/conv2d/filter:0::execute,3201,3201,3201.0,3201,1
intel_gpu_plugin,constant:conv2d_24/conv2d/filter:0::prepare,10100,10100,10100.0,10100,1
intel_gpu_plugin,constant:conv2d_24/conv2d/filter:0::execute,2800,2800,2800.0,2800,1
intel_gpu_plugin,constant:conv2d_23/conv2d/filter:0::prepare,10000,10000,10000.0,10000,1
intel_gpu_plugin,constant:conv2d_23/conv2d/filter:0::execute,4700,4700,4700.0,4700,1
intel_gpu_plugin,constant:conv2d_22/conv2d/filter:0::prepare,11700,11700,11700.0,11700,1
intel_gpu_plugin,constant:conv2d_22/conv2d/filter:0::execute,3000,3000,3000.0,3000,1
intel_gpu_plugin,constant:conv2d_21/conv2d/filter:0::prepare,9400,9400,9400.0,9400,1
intel_gpu_plugin,constant:conv2d_21/conv2d/filter:0::execute,2800,2800,2800.0,2800,1
intel_gpu_plugin,constant:conv2d_20/conv2d/filter:0::prepare,9301,9301,9301.0,9301,1
intel_gpu_plugin,constant:conv2d_20/conv2d/filter:0::execute,3501,3501,3501.0,3501,1
intel_gpu_plugin,constant:conv2d_2/conv2d/filter:0::prepare,12601,12601,12601.0,12601,1
intel_gpu_plugin,constant:conv2d_2/conv2d/filter:0::execute,4199,4199,4199.0,4199,1
intel_gpu_plugin,constant:conv2d_19/conv2d/filter:0::prepare,15401,15401,15401.0,15401,1
intel_gpu_plugin,constant:conv2d_19/conv2d/filter:0::execute,3900,3900,3900.0,3900,1
intel_gpu_plugin,constant:conv2d_18/conv2d/filter:0::prepare,10700,10700,10700.0,10700,1
intel_gpu_plugin,constant:conv2d_18/conv2d/filter:0::execute,3501,3501,3501.0,3501,1
intel_gpu_plugin,constant:conv2d_17/conv2d/filter:0::prepare,11500,11500,11500.0,11500,1
intel_gpu_plugin,constant:conv2d_17/conv2d/filter:0::execute,3899,3899,3899.0,3899,1
intel_gpu_plugin,constant:conv2d_16/conv2d/filter:0::prepare,13600,13600,13600.0,13600,1
intel_gpu_plugin,constant:conv2d_16/conv2d/filter:0::execute,4000,4000,4000.0,4000,1
intel_gpu_plugin,constant:conv2d_15/conv2d/filter:0::prepare,12701,12701,12701.0,12701,1
intel_gpu_plugin,constant:conv2d_15/conv2d/filter:0::execute,3701,3701,3701.0,3701,1
intel_gpu_plugin,constant:conv2d_14/conv2d/filter:0::prepare,12500,12500,12500.0,12500,1
intel_gpu_plugin,constant:conv2d_14/conv2d/filter:0::execute,2700,2700,2700.0,2700,1
intel_gpu_plugin,constant:conv2d_13/conv2d/filter:0::prepare,11601,11601,11601.0,11601,1
intel_gpu_plugin,constant:conv2d_13/conv2d/filter:0::execute,2499,2499,2499.0,2499,1
intel_gpu_plugin,constant:conv2d_12/conv2d/filter:0::prepare,12199,12199,12199.0,12199,1
intel_gpu_plugin,constant:conv2d_12/conv2d/filter:0::execute,2400,2400,2400.0,2400,1
intel_gpu_plugin,constant:conv2d_11/conv2d/filter:0::prepare,11301,11301,11301.0,11301,1
intel_gpu_plugin,constant:conv2d_11/conv2d/filter:0::execute,3800,3800,3800.0,3800,1
intel_gpu_plugin,constant:conv2d_10/conv2d/filter:0::prepare,12700,12700,12700.0,12700,1
intel_gpu_plugin,constant:conv2d_10/conv2d/filter:0::execute,2800,2800,2800.0,2800,1
intel_gpu_plugin,constant:conv2d_1/conv2d/filter:0::prepare,10899,10899,10899.0,10899,1
intel_gpu_plugin,constant:conv2d_1/conv2d/filter:0::execute,3600,3600,3600.0,3600,1
intel_gpu_plugin,constant:conv2d/conv2d/filter:0::prepare,15500,15500,15500.0,15500,1
intel_gpu_plugin,constant:conv2d/conv2d/filter:0::execute,6700,6700,6700.0,6700,1
intel_gpu_plugin,constant:Reshape_856::prepare,13600,13600,13600.0,13600,1
intel_gpu_plugin,constant:Reshape_856::execute,3800,3800,3800.0,3800,1
intel_gpu_plugin,constant:Reshape_734::prepare,11799,11799,11799.0,11799,1
intel_gpu_plugin,constant:Reshape_734::execute,3800,3800,3800.0,3800,1
intel_gpu_plugin,constant:Reshape_612::prepare,13099,13099,13099.0,13099,1
intel_gpu_plugin,constant:Reshape_612::execute,3900,3900,3900.0,3900,1
intel_gpu_plugin,constant:Reshape_54::prepare,11600,11600,11600.0,11600,1
intel_gpu_plugin,constant:Reshape_54::execute,2699,2699,2699.0,2699,1
intel_gpu_plugin,constant:Reshape_488::prepare,13100,13100,13100.0,13100,1
intel_gpu_plugin,constant:Reshape_488::execute,4800,4800,4800.0,4800,1
intel_gpu_plugin,constant:Reshape_365::prepare,12799,12799,12799.0,12799,1
intel_gpu_plugin,constant:Reshape_365::execute,2801,2801,2801.0,2801,1
intel_gpu_plugin,constant:Reshape_266::prepare,10500,10500,10500.0,10500,1
intel_gpu_plugin,constant:Reshape_266::execute,2900,2900,2900.0,2900,1
intel_gpu_plugin,constant:Reshape_171::prepare,10500,10500,10500.0,10500,1
intel_gpu_plugin,constant:Reshape_171::execute,3800,3800,3800.0,3800,1
intel_gpu_plugin,constant:Reshape_1327::prepare,13500,13500,13500.0,13500,1
intel_gpu_plugin,constant:Reshape_1327::execute,3600,3600,3600.0,3600,1
intel_gpu_plugin,constant:Reshape_1195::prepare,9600,9600,9600.0,9600,1
intel_gpu_plugin,constant:Reshape_1195::execute,3000,3000,3000.0,3000,1
intel_gpu_plugin,constant:Reshape_1063::prepare,10300,10300,10300.0,10300,1
intel_gpu_plugin,constant:Reshape_1063::execute,4001,4001,4001.0,4001,1
intel_gpu_plugin,constant:Constant_8132::prepare,11900,11900,11900.0,11900,1
intel_gpu_plugin,constant:Constant_8132::execute,5300,5300,5300.0,5300,1
intel_gpu_plugin,convert:dense_9/Tensordot/ReadVariableOp:0::prepare,40700,40700,40700.0,40700,1
intel_gpu_plugin,convert:dense_9/Tensordot/ReadVariableOp:0::execute,154300,154300,154300.0,154300,1
intel_gpu_plugin,convert:dense_8/Tensordot/ReadVariableOp:0::prepare,28700,28700,28700.0,28700,1
intel_gpu_plugin,convert:dense_8/Tensordot/ReadVariableOp:0::execute,82301,82301,82301.0,82301,1
intel_gpu_plugin,convert:dense_7/Tensordot/ReadVariableOp:0::prepare,27399,27399,27399.0,27399,1
intel_gpu_plugin,convert:dense_7/Tensordot/ReadVariableOp:0::execute,87301,87301,87301.0,87301,1
intel_gpu_plugin,convert:dense_6/Tensordot/ReadVariableOp:0::prepare,23101,23101,23101.0,23101,1
intel_gpu_plugin,convert:dense_6/Tensordot/ReadVariableOp:0::execute,64701,64701,64701.0,64701,1
intel_gpu_plugin,convert:dense_5/Tensordot/ReadVariableOp:0::prepare,25900,25900,25900.0,25900,1
intel_gpu_plugin,convert:dense_5/Tensordot/ReadVariableOp:0::execute,67700,67700,67700.0,67700,1
intel_gpu_plugin,convert:dense_4/Tensordot/ReadVariableOp:0::prepare,25201,25201,25201.0,25201,1
intel_gpu_plugin,convert:dense_4/Tensordot/ReadVariableOp:0::execute,103099,103099,103099.0,103099,1
intel_gpu_plugin,convert:dense_3/Tensordot/ReadVariableOp:0::prepare,25800,25800,25800.0,25800,1
intel_gpu_plugin,convert:dense_3/Tensordot/ReadVariableOp:0::execute,64301,64301,64301.0,64301,1
intel_gpu_plugin,convert:dense_2/Tensordot/ReadVariableOp:0::prepare,27700,27700,27700.0,27700,1
intel_gpu_plugin,convert:dense_2/Tensordot/ReadVariableOp:0::execute,64101,64101,64101.0,64101,1
intel_gpu_plugin,convert:dense_11/Tensordot/ReadVariableOp:0::prepare,24000,24000,24000.0,24000,1
intel_gpu_plugin,convert:dense_11/Tensordot/ReadVariableOp:0::execute,84701,84701,84701.0,84701,1
intel_gpu_plugin,convert:dense_10/Tensordot/ReadVariableOp:0::prepare,27700,27700,27700.0,27700,1
intel_gpu_plugin,convert:dense_10/Tensordot/ReadVariableOp:0::execute,71600,71600,71600.0,71600,1
intel_gpu_plugin,convert:dense_1/Tensordot/ReadVariableOp:0::prepare,24300,24300,24300.0,24300,1
intel_gpu_plugin,convert:dense_1/Tensordot/ReadVariableOp:0::execute,76399,76399,76399.0,76399,1
intel_gpu_plugin,convert:dense/Tensordot/ReadVariableOp:0::prepare,29200,29200,29200.0,29200,1
intel_gpu_plugin,convert:dense/Tensordot/ReadVariableOp:0::execute,67400,67400,67400.0,67400,1
intel_gpu_plugin,constant:conv2d_transpose/filter:0_reorder_fmt::prepare,84699,84699,84699.0,84699,1
intel_gpu_plugin,constant:conv2d_transpose/filter:0_reorder_fmt::execute,332201,332201,332201.0,332201,1
intel_gpu_plugin,constant:conv2d_9/conv2d/filter:0_weights_reorder_13::prepare,52899,52899,52899.0,52899,1
intel_gpu_plugin,constant:conv2d_9/conv2d/filter:0_weights_reorder_13::execute,123200,123200,123200.0,123200,1
intel_gpu_plugin,constant:conv2d_8/conv2d/filter:0_weights_reorder_12::prepare,38501,38501,38501.0,38501,1
intel_gpu_plugin,constant:conv2d_8/conv2d/filter:0_weights_reorder_12::execute,103799,103799,103799.0,103799,1
intel_gpu_plugin,constant:conv2d_7/conv2d/filter:0_weights_reorder_10::prepare,47601,47601,47601.0,47601,1
intel_gpu_plugin,constant:conv2d_7/conv2d/filter:0_weights_reorder_10::execute,123100,123100,123100.0,123100,1
intel_gpu_plugin,constant:conv2d_6/conv2d/filter:0_weights_reorder_9::prepare,39100,39100,39100.0,39100,1
intel_gpu_plugin,constant:conv2d_6/conv2d/filter:0_weights_reorder_9::execute,258799,258799,258799.0,258799,1
intel_gpu_plugin,constant:conv2d_5/conv2d/filter:0_weights_reorder_7::prepare,44100,44100,44100.0,44100,1
intel_gpu_plugin,constant:conv2d_5/conv2d/filter:0_weights_reorder_7::execute,122300,122300,122300.0,122300,1
intel_gpu_plugin,constant:conv2d_4/conv2d/filter:0_weights_reorder_6::prepare,43801,43801,43801.0,43801,1
intel_gpu_plugin,constant:conv2d_4/conv2d/filter:0_weights_reorder_6::execute,96399,96399,96399.0,96399,1
intel_gpu_plugin,constant:conv2d_30/conv2d/filter:0_weights_reorder_40::prepare,44801,44801,44801.0,44801,1
intel_gpu_plugin,constant:conv2d_30/conv2d/filter:0_weights_reorder_40::execute,136200,136200,136200.0,136200,1
intel_gpu_plugin,constant:conv2d_3/conv2d/filter:0_weights_reorder_4::prepare,45199,45199,45199.0,45199,1
intel_gpu_plugin,constant:conv2d_3/conv2d/filter:0_weights_reorder_4::execute,123400,123400,123400.0,123400,1
intel_gpu_plugin,constant:conv2d_29/conv2d/filter:0_weights_reorder_39::prepare,76700,76700,76700.0,76700,1
intel_gpu_plugin,constant:conv2d_29/conv2d/filter:0_weights_reorder_39::execute,91399,91399,91399.0,91399,1
intel_gpu_plugin,constant:conv2d_28/conv2d/filter:0_weights_reorder_38::prepare,39100,39100,39100.0,39100,1
intel_gpu_plugin,constant:conv2d_28/conv2d/filter:0_weights_reorder_38::execute,123099,123099,123099.0,123099,1
intel_gpu_plugin,constant:conv2d_27/conv2d/filter:0_weights_reorder_37::prepare,43000,43000,43000.0,43000,1
intel_gpu_plugin,constant:conv2d_27/conv2d/filter:0_weights_reorder_37::execute,84100,84100,84100.0,84100,1
intel_gpu_plugin,constant:conv2d_26/conv2d/filter:0_weights_reorder_35::prepare,45900,45900,45900.0,45900,1
intel_gpu_plugin,constant:conv2d_26/conv2d/filter:0_weights_reorder_35::execute,104399,104399,104399.0,104399,1
intel_gpu_plugin,constant:conv2d_25/conv2d/filter:0_weights_reorder_34::prepare,44799,44799,44799.0,44799,1
intel_gpu_plugin,constant:conv2d_25/conv2d/filter:0_weights_reorder_34::execute,126100,126100,126100.0,126100,1
intel_gpu_plugin,constant:conv2d_24/conv2d/filter:0_weights_reorder_33::prepare,42500,42500,42500.0,42500,1
intel_gpu_plugin,constant:conv2d_24/conv2d/filter:0_weights_reorder_33::execute,82501,82501,82501.0,82501,1
intel_gpu_plugin,constant:conv2d_23/conv2d/filter:0_weights_reorder_32::prepare,39200,39200,39200.0,39200,1
intel_gpu_plugin,constant:conv2d_23/conv2d/filter:0_weights_reorder_32::execute,117499,117499,117499.0,117499,1
intel_gpu_plugin,constant:conv2d_22/conv2d/filter:0_weights_reorder_30::prepare,47500,47500,47500.0,47500,1
intel_gpu_plugin,constant:conv2d_22/conv2d/filter:0_weights_reorder_30::execute,117401,117401,117401.0,117401,1
intel_gpu_plugin,constant:conv2d_21/conv2d/filter:0_weights_reorder_29::prepare,42899,42899,42899.0,42899,1
intel_gpu_plugin,constant:conv2d_21/conv2d/filter:0_weights_reorder_29::execute,89699,89699,89699.0,89699,1
intel_gpu_plugin,constant:conv2d_20/conv2d/filter:0_weights_reorder_28::prepare,44900,44900,44900.0,44900,1
intel_gpu_plugin,constant:conv2d_20/conv2d/filter:0_weights_reorder_28::execute,125899,125899,125899.0,125899,1
intel_gpu_plugin,constant:conv2d_2/conv2d/filter:0_weights_reorder_3::prepare,40000,40000,40000.0,40000,1
intel_gpu_plugin,constant:conv2d_2/conv2d/filter:0_weights_reorder_3::execute,111600,111600,111600.0,111600,1
intel_gpu_plugin,constant:conv2d_19/conv2d/filter:0_weights_reorder_27::prepare,41500,41500,41500.0,41500,1
intel_gpu_plugin,constant:conv2d_19/conv2d/filter:0_weights_reorder_27::execute,110400,110400,110400.0,110400,1
intel_gpu_plugin,constant:conv2d_18/conv2d/filter:0_weights_reorder_25::prepare,45300,45300,45300.0,45300,1
intel_gpu_plugin,constant:conv2d_18/conv2d/filter:0_weights_reorder_25::execute,131500,131500,131500.0,131500,1
intel_gpu_plugin,constant:conv2d_17/conv2d/filter:0_weights_reorder_26::prepare,44500,44500,44500.0,44500,1
intel_gpu_plugin,constant:conv2d_17/conv2d/filter:0_weights_reorder_26::execute,93000,93000,93000.0,93000,1
intel_gpu_plugin,constant:conv2d_16/conv2d/filter:0_weights_reorder_24::prepare,35900,35900,35900.0,35900,1
intel_gpu_plugin,constant:conv2d_16/conv2d/filter:0_weights_reorder_24::execute,92099,92099,92099.0,92099,1
intel_gpu_plugin,constant:conv2d_15/conv2d/filter:0_weights_reorder_22::prepare,46000,46000,46000.0,46000,1
intel_gpu_plugin,constant:conv2d_15/conv2d/filter:0_weights_reorder_22::execute,118800,118800,118800.0,118800,1
intel_gpu_plugin,constant:conv2d_14/conv2d/filter:0_weights_reorder_21::prepare,43900,43900,43900.0,43900,1
intel_gpu_plugin,constant:conv2d_14/conv2d/filter:0_weights_reorder_21::execute,90101,90101,90101.0,90101,1
intel_gpu_plugin,constant:conv2d_13/conv2d/filter:0_weights_reorder_19::prepare,44300,44300,44300.0,44300,1
intel_gpu_plugin,constant:conv2d_13/conv2d/filter:0_weights_reorder_19::execute,127800,127800,127800.0,127800,1
intel_gpu_plugin,constant:conv2d_12/conv2d/filter:0_weights_reorder_18::prepare,38200,38200,38200.0,38200,1
intel_gpu_plugin,constant:conv2d_12/conv2d/filter:0_weights_reorder_18::execute,107801,107801,107801.0,107801,1
intel_gpu_plugin,constant:conv2d_11/conv2d/filter:0_weights_reorder_16::prepare,42300,42300,42300.0,42300,1
intel_gpu_plugin,constant:conv2d_11/conv2d/filter:0_weights_reorder_16::execute,96000,96000,96000.0,96000,1
intel_gpu_plugin,constant:conv2d_10/conv2d/filter:0_weights_reorder_15::prepare,43699,43699,43699.0,43699,1
intel_gpu_plugin,constant:conv2d_10/conv2d/filter:0_weights_reorder_15::execute,138399,138399,138399.0,138399,1
intel_gpu_plugin,constant:conv2d_1/conv2d/filter:0_weights_reorder_1::prepare,37099,37099,37099.0,37099,1
intel_gpu_plugin,constant:conv2d_1/conv2d/filter:0_weights_reorder_1::execute,85200,85200,85200.0,85200,1
intel_gpu_plugin,constant:conv2d/conv2d/filter:0_weights_reorder_0::prepare,33701,33701,33701.0,33701,1
intel_gpu_plugin,constant:conv2d/conv2d/filter:0_weights_reorder_0::execute,109400,109400,109400.0,109400,1
intel_gpu_plugin,constant:Reshape_856_weights_reorder_23::prepare,44300,44300,44300.0,44300,1
intel_gpu_plugin,constant:Reshape_856_weights_reorder_23::execute,137901,137901,137901.0,137901,1
intel_gpu_plugin,constant:Reshape_734_weights_reorder_20::prepare,38600,38600,38600.0,38600,1
intel_gpu_plugin,constant:Reshape_734_weights_reorder_20::execute,100200,100200,100200.0,100200,1
intel_gpu_plugin,constant:Reshape_612_weights_reorder_17::prepare,47800,47800,47800.0,47800,1
intel_gpu_plugin,constant:Reshape_612_weights_reorder_17::execute,127500,127500,127500.0,127500,1
intel_gpu_plugin,constant:Reshape_54_weights_reorder_2::prepare,51901,51901,51901.0,51901,1
intel_gpu_plugin,constant:Reshape_54_weights_reorder_2::execute,116899,116899,116899.0,116899,1
intel_gpu_plugin,constant:Reshape_488_weights_reorder_14::prepare,40200,40200,40200.0,40200,1
intel_gpu_plugin,constant:Reshape_488_weights_reorder_14::execute,88099,88099,88099.0,88099,1
intel_gpu_plugin,constant:Reshape_365_weights_reorder_11::prepare,45199,45199,45199.0,45199,1
intel_gpu_plugin,constant:Reshape_365_weights_reorder_11::execute,123900,123900,123900.0,123900,1
intel_gpu_plugin,constant:Reshape_266_weights_reorder_8::prepare,44599,44599,44599.0,44599,1
intel_gpu_plugin,constant:Reshape_266_weights_reorder_8::execute,123199,123199,123199.0,123199,1
intel_gpu_plugin,constant:Reshape_171_weights_reorder_5::prepare,42000,42000,42000.0,42000,1
intel_gpu_plugin,constant:Reshape_171_weights_reorder_5::execute,115200,115200,115200.0,115200,1
intel_gpu_plugin,constant:Reshape_1327_weights_reorder_41::prepare,36200,36200,36200.0,36200,1
intel_gpu_plugin,constant:Reshape_1327_weights_reorder_41::execute,109400,109400,109400.0,109400,1
intel_gpu_plugin,constant:Reshape_1195_weights_reorder_36::prepare,39499,39499,39499.0,39499,1
intel_gpu_plugin,constant:Reshape_1195_weights_reorder_36::execute,80700,80700,80700.0,80700,1
intel_gpu_plugin,constant:Reshape_1063_weights_reorder_31::prepare,39700,39700,39700.0,39700,1
intel_gpu_plugin,constant:Reshape_1063_weights_reorder_31::execute,139100,139100,139100.0,139100,1
intel_gpu_plugin,constant:Constant_8132_reorder_transpose:conv2d_transpose__206::prepare,35800,35800,35800.0,35800,1
intel_gpu_plugin,constant:Constant_8132_reorder_transpose:conv2d_transpose__206::execute,1374800,1374800,1374800.0,1374800,1
intel_gpu_plugin,NetworkImpl::Execute,1184400,406305101,17062777.82,853138891,50
intel_gpu_plugin,pass::PropagateConstants,420603200,420603200,420603200.0,420603200,1
intel_gpu_plugin,Program::transfer_memory_to_device,1531899,1531899,1531899.0,1531899,1
intel_gpu_plugin,ProgramBuilder::CreateProgram,773017701,773017701,773017701.0,773017701,1
intel_gpu_plugin,ProgramBuilder::build,780344600,780344600,780344600.0,780344600,1
intel_gpu_plugin,NetworkImpl::TransferMemory,100,6500,473.6454545454545,52101,110
intel_gpu_plugin,Graph::build,7956800,7956800,7956800.0,7956800,1
intel_gpu_plugin,Plugin::compile_model::CreateCompiledModel,930686201,930686201,930686201.0,930686201,1
intel_gpu_plugin,Plugin::compile_model,1420050599,1420050599,1420050599.0,1420050599,1
intel_gpu_plugin,RemoteTensorImpl::Allocate,25800,161500,74700.0,224100,3
intel_gpu_plugin,SyncInferRequest::create_host_tensor,33099,811601,422350.0,844700,2
intel_gpu_plugin,SyncInferRequest::allocate_inputs,2823200,2823200,2823200.0,2823200,1
intel_gpu_plugin,SyncInferRequest::allocate_outputs,798299,798299,798299.0,798299,1
intel_gpu_plugin,CompiledModel::create_sync_infer_request,5083500,5083500,5083500.0,5083500,1
intel_gpu_plugin,SyncInferRequest::set_tensor,16899,57200,23218.34693877551,1137699,49
intel_gpu_plugin,SyncInferRequest::prepare_input: parameter:input_1:0,170699,566700,217155.08163265305,10640599,49
intel_gpu_plugin,SyncInferRequest::prepare_output,18299,114501,25812.14285714286,1264795,49
intel_gpu_plugin,set_arguments: parameter:input_1:0,1900,1900,1900.0,1900,1
intel_gpu_plugin,set_arguments: convert:Convert_4148,1499,23500,3388.1,169405,50
intel_gpu_plugin,set_arguments: transpose:conv2d/conv2d__5,2699,3000,2849.5,5699,2
intel_gpu_plugin,set_arguments: convolution:Conv__207/WithoutBiases,40199,57400,48799.5,97599,2
intel_gpu_plugin,set_arguments: convolution:Conv__210/WithoutBiases,24800,42699,33749.5,67499,2
intel_gpu_plugin,set_arguments: convolution:Conv__211/WithoutBiases,25800,43400,34600.0,69200,2
intel_gpu_plugin,set_arguments: reducemean:average_pooling2d/AvgPool,29000,33699,31349.5,62699,2
intel_gpu_plugin,set_arguments: reducemean:average_pooling2d/AvgPool_0_reorder_1,1501,3199,2350.0,4700,2
intel_gpu_plugin,set_arguments: fullyconnected:dense/Tensordot/MatMul,29800,42000,35900.0,71800,2
intel_gpu_plugin,set_arguments: reshape:dense/Tensordot,2300,2799,2549.5,5099,2
intel_gpu_plugin,set_arguments: add:dense/BiasAdd,16700,30100,23400.0,46800,2
intel_gpu_plugin,set_arguments: fullyconnected:dense_1/Tensordot/MatMul,42701,49099,45900.0,91800,2
intel_gpu_plugin,set_arguments: fullyconnected:dense_1/Tensordot/MatMul_0_reorder_2,24000,27101,25550.5,51101,2
intel_gpu_plugin,set_arguments: transpose:Transpose__212,13799,32500,23149.5,46299,2
intel_gpu_plugin,set_arguments: transpose:conv2d_2/conv2d__23,12801,13500,13150.5,26301,2
intel_gpu_plugin,set_arguments: convolution:Conv__214/WithoutBiases,33800,43900,38850.0,77700,2
intel_gpu_plugin,set_arguments: convolution:Conv__218/WithoutBiases,28501,41399,34950.0,69900,2
intel_gpu_plugin,set_arguments: convolution:Conv__219/WithoutBiases,23900,39501,31700.5,63401,2
intel_gpu_plugin,set_arguments: convolution:Conv__220/WithoutBiases,19701,38700,29200.5,58401,2
intel_gpu_plugin,set_arguments: convolution:Conv__223/WithoutBiases,21401,41601,31501.0,63002,2
intel_gpu_plugin,set_arguments: convolution:Conv__224/WithoutBiases,28099,40000,34049.5,68099,2
intel_gpu_plugin,set_arguments: convolution:Conv__225/WithoutBiases,31600,41900,36750.0,73500,2
intel_gpu_plugin,set_arguments: convolution:Conv__230/WithoutBiases,23800,34600,29200.0,58400,2
intel_gpu_plugin,set_arguments: convolution:Conv__233/WithoutBiases,21700,39200,30450.0,60900,2
intel_gpu_plugin,set_arguments: reducemean:average_pooling2d_1/AvgPool,18500,30301,24400.5,48801,2
intel_gpu_plugin,set_arguments: reducemean:average_pooling2d_1/AvgPool_0_reorder_3,2000,3200,2600.0,5200,2
intel_gpu_plugin,set_arguments: fullyconnected:dense_2/Tensordot/MatMul,30399,66100,48249.5,96499,2
intel_gpu_plugin,set_arguments: reshape:dense_2/Tensordot,1900,2501,2200.5,4401,2
intel_gpu_plugin,set_arguments: add:dense_2/BiasAdd,15800,31200,23500.0,47000,2
intel_gpu_plugin,set_arguments: fullyconnected:dense_3/Tensordot/MatMul,34000,91300,62650.0,125300,2
intel_gpu_plugin,set_arguments: fullyconnected:dense_3/Tensordot/MatMul_0_reorder_4,19400,44401,31900.5,63801,2
intel_gpu_plugin,set_arguments: transpose:Transpose__406,13500,31201,22350.5,44701,2
intel_gpu_plugin,set_arguments: transpose:conv2d_8/conv2d__59,11700,17801,14750.5,29501,2
intel_gpu_plugin,set_arguments: convolution:Conv__236/WithoutBiases,39999,42600,41299.5,82599,2
intel_gpu_plugin,set_arguments: convolution:Conv__239/WithoutBiases,29899,39901,34900.0,69800,2
intel_gpu_plugin,set_arguments: convolution:Conv__242/WithoutBiases,34100,37999,36049.5,72099,2
intel_gpu_plugin,set_arguments: reducemean:average_pooling2d_2/AvgPool,19399,28299,23849.0,47698,2
intel_gpu_plugin,set_arguments: reducemean:average_pooling2d_2/AvgPool_0_reorder_5,1501,2900,2200.5,4401,2
intel_gpu_plugin,set_arguments: fullyconnected:dense_4/Tensordot/MatMul,27900,44700,36300.0,72600,2
intel_gpu_plugin,set_arguments: reshape:dense_4/Tensordot,1801,3400,2600.5,5201,2
intel_gpu_plugin,set_arguments: add:dense_4/BiasAdd,16400,33400,24900.0,49800,2
intel_gpu_plugin,set_arguments: fullyconnected:dense_5/Tensordot/MatMul,40900,45000,42950.0,85900,2
intel_gpu_plugin,set_arguments: fullyconnected:dense_5/Tensordot/MatMul_0_reorder_6,16599,29200,22899.5,45799,2
intel_gpu_plugin,set_arguments: transpose:Transpose__407,13400,27900,20650.0,41300,2
intel_gpu_plugin,set_arguments: transpose:conv2d_10/conv2d__75,11900,12800,12350.0,24700,2
intel_gpu_plugin,set_arguments: convolution:Conv__245/WithoutBiases,38200,46499,42349.5,84699,2
intel_gpu_plugin,set_arguments: convolution:Conv__248/WithoutBiases,21999,39799,30899.0,61798,2
intel_gpu_plugin,set_arguments: convolution:Conv__251/WithoutBiases,34301,79800,57050.5,114101,2
intel_gpu_plugin,set_arguments: reducemean:average_pooling2d_3/AvgPool,31200,34900,33050.0,66100,2
intel_gpu_plugin,set_arguments: reducemean:average_pooling2d_3/AvgPool_0_reorder_7,1900,3200,2550.0,5100,2
intel_gpu_plugin,set_arguments: fullyconnected:dense_6/Tensordot/MatMul,43700,66800,55250.0,110500,2
intel_gpu_plugin,set_arguments: reshape:dense_6/Tensordot,2300,12699,7499.5,14999,2
intel_gpu_plugin,set_arguments: add:dense_6/BiasAdd,16501,36600,26550.5,53101,2
intel_gpu_plugin,set_arguments: fullyconnected:dense_7/Tensordot/MatMul,48200,53000,50600.0,101200,2
intel_gpu_plugin,set_arguments: fullyconnected:dense_7/Tensordot/MatMul_0_reorder_8,27300,32800,30050.0,60100,2
intel_gpu_plugin,set_arguments: transpose:Transpose__409,13701,31600,22650.5,45301,2
intel_gpu_plugin,set_arguments: transpose:conv2d_12/conv2d__91,12199,13000,12599.5,25199,2
intel_gpu_plugin,set_arguments: convolution:Conv__254/WithoutBiases,44400,49800,47100.0,94200,2
intel_gpu_plugin,set_arguments: convolution:Conv__257/WithoutBiases,27501,35001,31251.0,62502,2
intel_gpu_plugin,set_arguments: convolution:Conv__260/WithoutBiases,21199,32500,26849.5,53699,2
intel_gpu_plugin,set_arguments: reducemean:average_pooling2d_4/AvgPool,19299,30500,24899.5,49799,2
intel_gpu_plugin,set_arguments: reducemean:average_pooling2d_4/AvgPool_0_reorder_9,1801,3600,2700.5,5401,2
intel_gpu_plugin,set_arguments: fullyconnected:dense_8/Tensordot/MatMul,34701,48100,41400.5,82801,2
intel_gpu_plugin,set_arguments: reshape:dense_8/Tensordot,1801,3100,2450.5,4901,2
intel_gpu_plugin,set_arguments: add:dense_8/BiasAdd,16001,33701,24851.0,49702,2
intel_gpu_plugin,set_arguments: fullyconnected:dense_9/Tensordot/MatMul,43099,45100,44099.5,88199,2
intel_gpu_plugin,set_arguments: fullyconnected:dense_9/Tensordot/MatMul_0_reorder_10,17799,27400,22599.5,45199,2
intel_gpu_plugin,set_arguments: transpose:Transpose__412,12100,63200,37650.0,75300,2
intel_gpu_plugin,set_arguments: transpose:conv2d_14/conv2d__107,10100,13200,11650.0,23300,2
intel_gpu_plugin,set_arguments: convolution:Conv__263/WithoutBiases,47901,48701,48301.0,96602,2
intel_gpu_plugin,set_arguments: convolution:Conv__264/WithoutBiases,24900,37300,31100.0,62200,2
intel_gpu_plugin,set_arguments: convolution:Conv__267/WithoutBiases,25201,62500,43850.5,87701,2
intel_gpu_plugin,set_arguments: reducemean:average_pooling2d_5/AvgPool,28099,31400,29749.5,59499,2
intel_gpu_plugin,set_arguments: reducemean:average_pooling2d_5/AvgPool_0_reorder_11,26600,27099,26849.5,53699,2
intel_gpu_plugin,set_arguments: fullyconnected:dense_10/Tensordot/MatMul,31900,39700,35800.0,71600,2
intel_gpu_plugin,set_arguments: reshape:dense_10/Tensordot,2100,2999,2549.5,5099,2
intel_gpu_plugin,set_arguments: add:dense_10/BiasAdd,14699,31100,22899.5,45799,2
intel_gpu_plugin,set_arguments: fullyconnected:dense_11/Tensordot/MatMul,38200,44000,41100.0,82200,2
intel_gpu_plugin,set_arguments: fullyconnected:dense_11/Tensordot/MatMul_0_reorder_12,15500,24000,19750.0,39500,2
intel_gpu_plugin,set_arguments: transpose:Transpose__414,14299,24300,19299.5,38599,2
intel_gpu_plugin,set_arguments: transpose:conv2d_16/conv2d__123,10200,14800,12500.0,25000,2
intel_gpu_plugin,set_arguments: convolution:Conv__270/WithoutBiases,34799,39700,37249.5,74499,2
intel_gpu_plugin,set_arguments: reducemean:average_pooling2d_6/AvgPool,29899,34601,32250.0,64500,2
intel_gpu_plugin,set_arguments: convolution:Conv__274/WithoutBiases,39700,57000,48350.0,96700,2
intel_gpu_plugin,set_arguments: convolution:Conv__273/WithoutBiases,39900,46001,42950.5,85901,2
intel_gpu_plugin,set_arguments: interpolate:Resize__142,13100,30500,21800.0,43600,2
intel_gpu_plugin,set_arguments: convolution:Conv__275/WithoutBiases,36600,41600,39100.0,78200,2
intel_gpu_plugin,set_arguments: concat:concatenate,31701,34200,32950.5,65901,2
intel_gpu_plugin,set_arguments: reducemean:average_pooling2d_7/AvgPool,32000,32601,32300.5,64601,2
intel_gpu_plugin,set_arguments: convolution:Conv__288/WithoutBiases,35101,39001,37051.0,74102,2
intel_gpu_plugin,set_arguments: convolution:Conv__289/WithoutBiases,41100,47500,44300.0,88600,2
intel_gpu_plugin,set_arguments: multiply:multiply_7,16300,39999,28149.5,56299,2
intel_gpu_plugin,set_arguments: convolution:Conv__290/WithoutBiases,39099,42200,40649.5,81299,2
intel_gpu_plugin,set_arguments: convolution:Conv__293/WithoutBiases,26800,38800,32800.0,65600,2
intel_gpu_plugin,set_arguments: interpolate:Resize__166,12500,32401,22450.5,44901,2
intel_gpu_plugin,set_arguments: convolution:Conv__294/WithoutBiases,38999,39000,38999.5,77999,2
intel_gpu_plugin,set_arguments: concat:concatenate_1,27200,27900,27550.0,55100,2
intel_gpu_plugin,set_arguments: reducemean:average_pooling2d_8/AvgPool,20001,39799,29900.0,59800,2
intel_gpu_plugin,set_arguments: convolution:Conv__307/WithoutBiases,23900,38899,31399.5,62799,2
intel_gpu_plugin,set_arguments: convolution:Conv__308/WithoutBiases,21800,41100,31450.0,62900,2
intel_gpu_plugin,set_arguments: multiply:multiply_8,14900,31500,23200.0,46400,2
intel_gpu_plugin,set_arguments: convolution:Conv__309/WithoutBiases,28000,41301,34650.5,69301,2
intel_gpu_plugin,set_arguments: convolution:Conv__312/WithoutBiases,21800,48001,34900.5,69801,2
intel_gpu_plugin,set_arguments: interpolate:Resize__190,11900,28901,20400.5,40801,2
intel_gpu_plugin,set_arguments: convolution:Conv__313/WithoutBiases,31600,41500,36550.0,73100,2
intel_gpu_plugin,set_arguments: concat:concatenate_2,18600,36800,27700.0,55400,2
intel_gpu_plugin,set_arguments: reducemean:average_pooling2d_9/AvgPool,18601,37600,28100.5,56201,2
intel_gpu_plugin,set_arguments: convolution:Conv__326/WithoutBiases,22700,42900,32800.0,65600,2
intel_gpu_plugin,set_arguments: convolution:Conv__327/WithoutBiases,27200,36600,31900.0,63800,2
intel_gpu_plugin,set_arguments: multiply:multiply_9,16400,33400,24900.0,49800,2
intel_gpu_plugin,set_arguments: convolution:Conv__328/WithoutBiases,37900,42001,39950.5,79901,2
intel_gpu_plugin,set_arguments: convolution:Conv__331/WithoutBiases,22900,33900,28400.0,56800,2
intel_gpu_plugin,set_arguments: convolutionbackpropdata:conv2d_transpose,23899,42300,33099.5,66199,2
intel_gpu_plugin,set_arguments: transpose:conv2d_transpose__206,13300,30201,21750.5,43501,2
intel_gpu_plugin,set_arguments: result:segment:0/sink_port_0,1000,97699,6752.132653061224,661709,98
intel_gpu_plugin,parameter:input_1:0::prepare,2300,10300,3303.9591836734694,161894,49
intel_gpu_plugin,parameter:input_1:0::execute,601,3300,957.0816326530612,46897,49
intel_gpu_plugin,convert:Convert_4148::prepare,3400,31800,5932.65306122449,290700,49
intel_gpu_plugin,convert:Convert_4148::execute,11400,111100,19518.30612244898,956397,49
intel_gpu_plugin,transpose:conv2d/conv2d__5::prepare,1400,18801,2469.3673469387754,120999,49
intel_gpu_plugin,transpose:conv2d/conv2d__5::execute,500,5099,897.8571428571429,43995,49
intel_gpu_plugin,convolution:Conv__207/WithoutBiases::prepare,1599,75500,3563.2448979591836,174599,49
intel_gpu_plugin,convolution:Conv__207/WithoutBiases::execute,44301,286201,54759.183673469386,2683200,49
intel_gpu_plugin,convolution:Conv__210/WithoutBiases::prepare,1400,57800,2806.0204081632655,137495,49
intel_gpu_plugin,convolution:Conv__210/WithoutBiases::execute,9800,160400,14428.69387755102,707006,49
intel_gpu_plugin,convolution:Conv__211/WithoutBiases::prepare,1299,61600,2787.673469387755,136596,49
intel_gpu_plugin,convolution:Conv__211/WithoutBiases::execute,8199,126900,11779.510204081633,577196,49
intel_gpu_plugin,reducemean:average_pooling2d/AvgPool::prepare,900,48500,2328.6326530612246,114103,49
intel_gpu_plugin,reducemean:average_pooling2d/AvgPool::execute,11000,223501,17255.0,845495,49
intel_gpu_plugin,reducemean:average_pooling2d/AvgPool_0_reorder_1::prepare,1400,15500,2189.7755102040815,107299,49
intel_gpu_plugin,reducemean:average_pooling2d/AvgPool_0_reorder_1::execute,101,10200,559.1224489795918,27397,49
intel_gpu_plugin,fullyconnected:dense/Tensordot/MatMul::prepare,1100,55800,2540.816326530612,124500,49
intel_gpu_plugin,fullyconnected:dense/Tensordot/MatMul::execute,23000,168801,29551.102040816328,1448004,49
intel_gpu_plugin,reshape:dense/Tensordot::prepare,1200,13600,1847.0,90503,49
intel_gpu_plugin,reshape:dense/Tensordot::execute,500,3600,730.5714285714286,35798,49
intel_gpu_plugin,add:dense/BiasAdd::prepare,1100,30301,1912.265306122449,93701,49
intel_gpu_plugin,add:dense/BiasAdd::execute,5499,89700,8391.918367346938,411204,49
intel_gpu_plugin,fullyconnected:dense_1/Tensordot/MatMul::prepare,1100,63900,2626.469387755102,128697,49
intel_gpu_plugin,fullyconnected:dense_1/Tensordot/MatMul::execute,15501,131999,19955.163265306124,977803,49
intel_gpu_plugin,fullyconnected:dense_1/Tensordot/MatMul_0_reorder_2::prepare,1199,40000,2424.4285714285716,118797,49
intel_gpu_plugin,fullyconnected:dense_1/Tensordot/MatMul_0_reorder_2::execute,8400,106800,11387.714285714286,557998,49
intel_gpu_plugin,transpose:Transpose__212::prepare,1000,27601,1904.0204081632653,93297,49
intel_gpu_plugin,transpose:Transpose__212::execute,5701,93000,8528.510204081633,417897,49
intel_gpu_plugin,transpose:conv2d_2/conv2d__23::prepare,900,26299,1622.3265306122448,79494,49
intel_gpu_plugin,transpose:conv2d_2/conv2d__23::execute,4001,99499,6367.34693877551,312000,49
intel_gpu_plugin,convolution:Conv__214/WithoutBiases::prepare,999,60100,2524.612244897959,123706,49
intel_gpu_plugin,convolution:Conv__214/WithoutBiases::execute,9000,118300,12206.040816326531,598096,49
intel_gpu_plugin,convolution:Conv__218/WithoutBiases::prepare,1099,58199,2867.530612244898,140509,49
intel_gpu_plugin,convolution:Conv__218/WithoutBiases::execute,8401,123600,11928.530612244898,584498,49
intel_gpu_plugin,convolution:Conv__219/WithoutBiases::prepare,899,53399,2351.0,115199,49
intel_gpu_plugin,convolution:Conv__219/WithoutBiases::execute,7799,102200,10708.061224489797,524695,49
intel_gpu_plugin,convolution:Conv__220/WithoutBiases::prepare,1100,54100,2736.816326530612,134104,49
intel_gpu_plugin,convolution:Conv__220/WithoutBiases::execute,7699,118599,11314.244897959185,554398,49
intel_gpu_plugin,convolution:Conv__223/WithoutBiases::prepare,999,55200,2289.795918367347,112200,49
intel_gpu_plugin,convolution:Conv__223/WithoutBiases::execute,8299,122300,11624.489795918367,569600,49
intel_gpu_plugin,convolution:Conv__224/WithoutBiases::prepare,900,54699,2514.4285714285716,123207,49
intel_gpu_plugin,convolution:Conv__224/WithoutBiases::execute,7600,125700,11291.734693877552,553295,49
intel_gpu_plugin,convolution:Conv__225/WithoutBiases::prepare,1199,56100,2628.5102040816328,128797,49
intel_gpu_plugin,convolution:Conv__225/WithoutBiases::execute,7401,120700,10940.857142857143,536102,49
intel_gpu_plugin,convolution:Conv__230/WithoutBiases::prepare,601,44801,1979.4489795918366,96993,49
intel_gpu_plugin,convolution:Conv__230/WithoutBiases::execute,7100,119800,10257.142857142857,502600,49
intel_gpu_plugin,convolution:Conv__233/WithoutBiases::prepare,1199,52001,2608.265306122449,127805,49
intel_gpu_plugin,convolution:Conv__233/WithoutBiases::execute,8100,102000,11012.224489795919,539599,49
intel_gpu_plugin,reducemean:average_pooling2d_1/AvgPool::prepare,1099,42100,2228.5510204081634,109199,49
intel_gpu_plugin,reducemean:average_pooling2d_1/AvgPool::execute,8001,203101,13122.530612244898,643004,49
intel_gpu_plugin,reducemean:average_pooling2d_1/AvgPool_0_reorder_3::prepare,900,15600,1618.4489795918366,79304,49
intel_gpu_plugin,reducemean:average_pooling2d_1/AvgPool_0_reorder_3::execute,99,3699,202.08333333333334,9700,48
intel_gpu_plugin,fullyconnected:dense_2/Tensordot/MatMul::prepare,700,81601,3008.1020408163267,147397,49
intel_gpu_plugin,fullyconnected:dense_2/Tensordot/MatMul::execute,12400,166700,16900.020408163266,828101,49
intel_gpu_plugin,reshape:dense_2/Tensordot::prepare,799,15400,1559.2244897959183,76402,49
intel_gpu_plugin,reshape:dense_2/Tensordot::execute,100,2800,251.10204081632654,12304,49
intel_gpu_plugin,add:dense_2/BiasAdd::prepare,600,29999,1616.2448979591836,79196,49
intel_gpu_plugin,add:dense_2/BiasAdd::execute,5500,163500,9748.857142857143,477694,49
intel_gpu_plugin,fullyconnected:dense_3/Tensordot/MatMul::prepare,900,105200,3367.326530612245,164999,49
intel_gpu_plugin,fullyconnected:dense_3/Tensordot/MatMul::execute,12601,133300,16904.102040816328,828301,49
intel_gpu_plugin,fullyconnected:dense_3/Tensordot/MatMul_0_reorder_4::prepare,999,67700,2746.9795918367345,134602,49
intel_gpu_plugin,fullyconnected:dense_3/Tensordot/MatMul_0_reorder_4::execute,6099,111401,9773.489795918367,478901,49
intel_gpu_plugin,transpose:Transpose__406::prepare,900,25900,1765.3877551020407,86504,49
intel_gpu_plugin,transpose:Transpose__406::execute,4300,88101,6534.734693877551,320202,49
intel_gpu_plugin,transpose:conv2d_8/conv2d__59::prepare,899,23800,1606.0204081632653,78695,49
intel_gpu_plugin,transpose:conv2d_8/conv2d__59::execute,4600,74500,7993.836734693878,391698,49
intel_gpu_plugin,convolution:Conv__236/WithoutBiases::prepare,1200,55200,2585.7551020408164,126702,49
intel_gpu_plugin,convolution:Conv__236/WithoutBiases::execute,8600,111401,11700.081632653062,573304,49
intel_gpu_plugin,convolution:Conv__239/WithoutBiases::prepare,1199,53199,2526.469387755102,123797,49
intel_gpu_plugin,convolution:Conv__239/WithoutBiases::execute,8800,209899,13798.020408163266,676103,49
intel_gpu_plugin,convolution:Conv__242/WithoutBiases::prepare,1100,50200,2540.7755102040815,124498,49
intel_gpu_plugin,convolution:Conv__242/WithoutBiases::execute,8700,103101,11826.612244897959,579504,49
intel_gpu_plugin,reducemean:average_pooling2d_2/AvgPool::prepare,999,40501,2128.530612244898,104298,49
intel_gpu_plugin,reducemean:average_pooling2d_2/AvgPool::execute,5699,75500,7926.6122448979595,388404,49
intel_gpu_plugin,reducemean:average_pooling2d_2/AvgPool_0_reorder_5::prepare,799,17401,1610.3877551020407,78909,49
intel_gpu_plugin,reducemean:average_pooling2d_2/AvgPool_0_reorder_5::execute,99,2800,235.6888888888889,10606,45
intel_gpu_plugin,fullyconnected:dense_4/Tensordot/MatMul::prepare,800,62701,2485.8571428571427,121807,49
intel_gpu_plugin,fullyconnected:dense_4/Tensordot/MatMul::execute,8100,109000,11450.897959183674,561094,49
intel_gpu_plugin,reshape:dense_4/Tensordot::prepare,799,13901,1301.938775510204,63795,49
intel_gpu_plugin,reshape:dense_4/Tensordot::execute,99,3100,185.6734693877551,9098,49
intel_gpu_plugin,add:dense_4/BiasAdd::prepare,899,28399,1645.0204081632653,80606,49
intel_gpu_plugin,add:dense_4/BiasAdd::execute,4400,80100,6494.0204081632655,318207,49
intel_gpu_plugin,fullyconnected:dense_5/Tensordot/MatMul::prepare,1000,57099,2353.081632653061,115301,49
intel_gpu_plugin,fullyconnected:dense_5/Tensordot/MatMul::execute,9299,110700,12565.34693877551,615702,49
intel_gpu_plugin,fullyconnected:dense_5/Tensordot/MatMul_0_reorder_6::prepare,999,40899,2116.326530612245,103700,49
intel_gpu_plugin,fullyconnected:dense_5/Tensordot/MatMul_0_reorder_6::execute,6901,103200,10122.469387755102,496001,49
intel_gpu_plugin,transpose:Transpose__407::prepare,600,26601,1445.0204081632653,70806,49
intel_gpu_plugin,transpose:Transpose__407::execute,3601,78800,5661.183673469388,277398,49
intel_gpu_plugin,transpose:conv2d_10/conv2d__75::prepare,1000,37700,1901.8979591836735,93193,49
intel_gpu_plugin,transpose:conv2d_10/conv2d__75::execute,3600,80700,5959.285714285715,292005,49
intel_gpu_plugin,convolution:Conv__245/WithoutBiases::prepare,1100,62000,2616.3673469387754,128202,49
intel_gpu_plugin,convolution:Conv__245/WithoutBiases::execute,8199,111000,11667.42857142857,571704,49
intel_gpu_plugin,convolution:Conv__248/WithoutBiases::prepare,900,54100,2391.938775510204,117205,49
intel_gpu_plugin,convolution:Conv__248/WithoutBiases::execute,5200,75699,7397.857142857143,362495,49
intel_gpu_plugin,convolution:Conv__251/WithoutBiases::prepare,900,46000,2149.0,105301,49
intel_gpu_plugin,convolution:Conv__251/WithoutBiases::execute,5399,88501,7822.469387755102,383301,49
intel_gpu_plugin,reducemean:average_pooling2d_3/AvgPool::prepare,799,49899,2236.673469387755,109597,49
intel_gpu_plugin,reducemean:average_pooling2d_3/AvgPool::execute,4300,88700,6746.836734693878,330595,49
intel_gpu_plugin,reducemean:average_pooling2d_3/AvgPool_0_reorder_7::prepare,900,16600,1504.3061224489795,73711,49
intel_gpu_plugin,reducemean:average_pooling2d_3/AvgPool_0_reorder_7::execute,99,3700,202.71794871794873,7906,39
intel_gpu_plugin,fullyconnected:dense_6/Tensordot/MatMul::prepare,799,61400,2367.3061224489797,115998,49
intel_gpu_plugin,fullyconnected:dense_6/Tensordot/MatMul::execute,6700,112100,9875.367346938776,483893,49
intel_gpu_plugin,reshape:dense_6/Tensordot::prepare,801,12900,1502.1224489795918,73604,49
intel_gpu_plugin,reshape:dense_6/Tensordot::execute,99,2900,175.48888888888888,7897,45
intel_gpu_plugin,add:dense_6/BiasAdd::prepare,900,30399,1928.6734693877552,94505,49
intel_gpu_plugin,add:dense_6/BiasAdd::execute,3500,100800,6040.734693877551,295996,49
intel_gpu_plugin,fullyconnected:dense_7/Tensordot/MatMul::prepare,600,64799,2410.2244897959185,118101,49
intel_gpu_plugin,fullyconnected:dense_7/Tensordot/MatMul::execute,6999,110501,10065.367346938776,493203,49
intel_gpu_plugin,fullyconnected:dense_7/Tensordot/MatMul_0_reorder_8::prepare,899,48600,2214.204081632653,108496,49
intel_gpu_plugin,fullyconnected:dense_7/Tensordot/MatMul_0_reorder_8::execute,4099,83901,6518.3877551020405,319401,49
intel_gpu_plugin,transpose:Transpose__409::prepare,800,26200,1636.7551020408164,80201,49
intel_gpu_plugin,transpose:Transpose__409::execute,2901,66001,4796.102040816327,235009,49
intel_gpu_plugin,transpose:conv2d_12/conv2d__91::prepare,599,26599,1546.8979591836735,75798,49
intel_gpu_plugin,transpose:conv2d_12/conv2d__91::execute,2600,80400,4687.918367346939,229708,49
intel_gpu_plugin,convolution:Conv__254/WithoutBiases::prepare,900,63500,2524.4897959183672,123700,49
intel_gpu_plugin,convolution:Conv__254/WithoutBiases::execute,5900,87499,8448.918367346938,413997,49
intel_gpu_plugin,convolution:Conv__257/WithoutBiases::prepare,1000,47400,2259.2448979591836,110703,49
intel_gpu_plugin,convolution:Conv__257/WithoutBiases::execute,8400,99599,11163.142857142857,546994,49
intel_gpu_plugin,convolution:Conv__260/WithoutBiases::prepare,1000,42800,2055.2448979591836,100707,49
intel_gpu_plugin,convolution:Conv__260/WithoutBiases::execute,8200,101200,10840.755102040815,531197,49
intel_gpu_plugin,reducemean:average_pooling2d_4/AvgPool::prepare,701,43299,1914.265306122449,93799,49
intel_gpu_plugin,reducemean:average_pooling2d_4/AvgPool::execute,4399,85699,6593.918367346939,323102,49
intel_gpu_plugin,reducemean:average_pooling2d_4/AvgPool_0_reorder_9::prepare,800,15101,1404.2448979591836,68808,49
intel_gpu_plugin,reducemean:average_pooling2d_4/AvgPool_0_reorder_9::execute,199,2600,277.44897959183675,13595,49
intel_gpu_plugin,fullyconnected:dense_8/Tensordot/MatMul::prepare,900,68899,2728.5714285714284,133700,49
intel_gpu_plugin,fullyconnected:dense_8/Tensordot/MatMul::execute,6700,112300,9755.122448979591,478001,49
intel_gpu_plugin,reshape:dense_8/Tensordot::prepare,600,22699,1669.3469387755101,81798,49
intel_gpu_plugin,reshape:dense_8/Tensordot::execute,99,3400,180.92857142857142,7599,42
intel_gpu_plugin,add:dense_8/BiasAdd::prepare,600,27300,1583.7551020408164,77604,49
intel_gpu_plugin,add:dense_8/BiasAdd::execute,3600,69800,5773.65306122449,282909,49
intel_gpu_plugin,fullyconnected:dense_9/Tensordot/MatMul::prepare,800,59600,2267.3469387755104,111100,49
intel_gpu_plugin,fullyconnected:dense_9/Tensordot/MatMul::execute,7600,102200,10506.183673469388,514803,49
intel_gpu_plugin,fullyconnected:dense_9/Tensordot/MatMul_0_reorder_10::prepare,800,39001,1849.0204081632653,90602,49
intel_gpu_plugin,fullyconnected:dense_9/Tensordot/MatMul_0_reorder_10::execute,4499,79001,6891.959183673469,337706,49
intel_gpu_plugin,transpose:Transpose__412::prepare,699,24600,1571.469387755102,77002,49
intel_gpu_plugin,transpose:Transpose__412::execute,3100,70099,4879.489795918367,239095,49
intel_gpu_plugin,transpose:conv2d_14/conv2d__107::prepare,800,21400,1504.1836734693877,73705,49
intel_gpu_plugin,transpose:conv2d_14/conv2d__107::execute,4001,55500,5616.265306122449,275197,49
intel_gpu_plugin,convolution:Conv__263/WithoutBiases::prepare,1000,60999,2657.183673469388,130202,49
intel_gpu_plugin,convolution:Conv__263/WithoutBiases::execute,8100,109300,11571.42857142857,567000,49
intel_gpu_plugin,convolution:Conv__264/WithoutBiases::prepare,900,49601,2126.5510204081634,104201,49
intel_gpu_plugin,convolution:Conv__264/WithoutBiases::execute,7499,102900,10334.795918367347,506405,49
intel_gpu_plugin,convolution:Conv__267/WithoutBiases::prepare,999,79300,2875.4897959183672,140899,49
intel_gpu_plugin,convolution:Conv__267/WithoutBiases::execute,7799,165300,11997.795918367347,587892,49
intel_gpu_plugin,reducemean:average_pooling2d_5/AvgPool::prepare,900,42601,1965.265306122449,96298,49
intel_gpu_plugin,reducemean:average_pooling2d_5/AvgPool::execute,5399,76599,7557.163265306122,370301,49
intel_gpu_plugin,reducemean:average_pooling2d_5/AvgPool_0_reorder_11::prepare,900,38700,2065.4897959183672,101209,49
intel_gpu_plugin,reducemean:average_pooling2d_5/AvgPool_0_reorder_11::execute,12400,84500,16751.102040816328,820804,49
intel_gpu_plugin,fullyconnected:dense_10/Tensordot/MatMul::prepare,799,64700,3483.6938775510203,170701,49
intel_gpu_plugin,fullyconnected:dense_10/Tensordot/MatMul::execute,10801,146100,15265.285714285714,747999,49
intel_gpu_plugin,reshape:dense_10/Tensordot::prepare,799,14300,1291.795918367347,63298,49
intel_gpu_plugin,reshape:dense_10/Tensordot::execute,99,2799,165.41304347826087,7609,46
intel_gpu_plugin,add:dense_10/BiasAdd::prepare,700,27399,1567.3265306122448,76799,49
intel_gpu_plugin,add:dense_10/BiasAdd::execute,4401,81899,6685.857142857143,327607,49
intel_gpu_plugin,fullyconnected:dense_11/Tensordot/MatMul::prepare,701,57901,2324.6326530612246,113907,49
intel_gpu_plugin,fullyconnected:dense_11/Tensordot/MatMul::execute,9700,115300,13846.959183673469,678501,49
intel_gpu_plugin,fullyconnected:dense_11/Tensordot/MatMul_0_reorder_12::prepare,899,35700,1775.3673469387754,86993,49
intel_gpu_plugin,fullyconnected:dense_11/Tensordot/MatMul_0_reorder_12::execute,6200,109500,9406.102040816326,460899,49
intel_gpu_plugin,transpose:Transpose__414::prepare,601,28400,1510.1020408163265,73995,49
intel_gpu_plugin,transpose:Transpose__414::execute,3501,81400,5587.693877551021,273797,49
intel_gpu_plugin,transpose:conv2d_16/conv2d__123::prepare,900,23500,1681.795918367347,82408,49
intel_gpu_plugin,transpose:conv2d_16/conv2d__123::execute,3200,71800,5026.34693877551,246291,49
intel_gpu_plugin,convolution:Conv__270/WithoutBiases::prepare,899,51200,2424.530612244898,118802,49
intel_gpu_plugin,convolution:Conv__270/WithoutBiases::execute,7901,112500,11214.183673469388,549495,49
intel_gpu_plugin,reducemean:average_pooling2d_6/AvgPool::prepare,800,49401,2169.5102040816328,106306,49
intel_gpu_plugin,reducemean:average_pooling2d_6/AvgPool::execute,4800,78600,6973.489795918367,341701,49
intel_gpu_plugin,convolution:Conv__274/WithoutBiases::prepare,799,78101,2638.714285714286,129297,49
intel_gpu_plugin,convolution:Conv__274/WithoutBiases::execute,7200,120701,10316.326530612245,505500,49
intel_gpu_plugin,convolution:Conv__273/WithoutBiases::prepare,899,60900,2516.3061224489797,123299,49
intel_gpu_plugin,convolution:Conv__273/WithoutBiases::execute,7700,116901,10863.265306122448,532300,49
intel_gpu_plugin,interpolate:Resize__142::prepare,1200,28501,2057.2244897959185,100804,49
intel_gpu_plugin,interpolate:Resize__142::execute,4100,97900,6881.714285714285,337204,49
intel_gpu_plugin,convolution:Conv__275/WithoutBiases::prepare,900,53001,2334.6530612244896,114398,49
intel_gpu_plugin,convolution:Conv__275/WithoutBiases::execute,7600,107099,10940.795918367347,536099,49
intel_gpu_plugin,concat:concatenate::prepare,799,46600,1946.9795918367347,95402,49
intel_gpu_plugin,concat:concatenate::execute,11500,173201,16503.979591836734,808695,49
intel_gpu_plugin,reducemean:average_pooling2d_7/AvgPool::prepare,800,45800,2034.795918367347,99705,49
intel_gpu_plugin,reducemean:average_pooling2d_7/AvgPool::execute,6801,183500,11334.673469387755,555399,49
intel_gpu_plugin,convolution:Conv__288/WithoutBiases::prepare,900,54000,2391.8367346938776,117200,49
intel_gpu_plugin,convolution:Conv__288/WithoutBiases::execute,8000,122600,11224.448979591836,549998,49
intel_gpu_plugin,convolution:Conv__289/WithoutBiases::prepare,799,56801,2308.122448979592,113098,49
intel_gpu_plugin,convolution:Conv__289/WithoutBiases::execute,8000,116500,10973.510204081633,537702,49
intel_gpu_plugin,multiply:multiply_7::prepare,801,31600,1634.8367346938776,80107,49
intel_gpu_plugin,multiply:multiply_7::execute,4300,90099,6891.7959183673465,337698,49
intel_gpu_plugin,convolution:Conv__290/WithoutBiases::prepare,900,58700,2263.3673469387754,110905,49
intel_gpu_plugin,convolution:Conv__290/WithoutBiases::execute,8300,131701,12081.775510204081,592007,49
intel_gpu_plugin,convolution:Conv__293/WithoutBiases::prepare,800,71000,2461.2448979591836,120601,49
intel_gpu_plugin,convolution:Conv__293/WithoutBiases::execute,7899,132700,11502.163265306122,563606,49
intel_gpu_plugin,interpolate:Resize__166::prepare,799,27400,1663.1632653061224,81495,49
intel_gpu_plugin,interpolate:Resize__166::execute,4400,191401,8975.510204081633,439800,49
intel_gpu_plugin,convolution:Conv__294/WithoutBiases::prepare,700,51700,2218.4285714285716,108703,49
intel_gpu_plugin,convolution:Conv__294/WithoutBiases::execute,8199,108000,11312.244897959185,554300,49
intel_gpu_plugin,concat:concatenate_1::prepare,900,37900,1922.5102040816328,94203,49
intel_gpu_plugin,concat:concatenate_1::execute,8600,101600,11559.224489795919,566402,49
intel_gpu_plugin,reducemean:average_pooling2d_8/AvgPool::prepare,800,56300,2187.7551020408164,107200,49
intel_gpu_plugin,reducemean:average_pooling2d_8/AvgPool::execute,7000,202501,11708.224489795919,573703,49
intel_gpu_plugin,convolution:Conv__307/WithoutBiases::prepare,900,51000,2210.1428571428573,108297,49
intel_gpu_plugin,convolution:Conv__307/WithoutBiases::execute,7801,106800,10622.469387755102,520501,49
intel_gpu_plugin,convolution:Conv__308/WithoutBiases::prepare,900,54000,2455.204081632653,120305,49
intel_gpu_plugin,convolution:Conv__308/WithoutBiases::execute,7499,199300,12118.387755102041,593801,49
intel_gpu_plugin,multiply:multiply_8::prepare,699,27600,1444.7142857142858,70791,49
intel_gpu_plugin,multiply:multiply_8::execute,4101,69800,6263.3877551020405,306906,49
intel_gpu_plugin,convolution:Conv__309/WithoutBiases::prepare,700,56899,2234.673469387755,109499,49
intel_gpu_plugin,convolution:Conv__309/WithoutBiases::execute,5900,95899,9067.34693877551,444300,49
intel_gpu_plugin,convolution:Conv__312/WithoutBiases::prepare,600,69700,2255.204081632653,110505,49
intel_gpu_plugin,convolution:Conv__312/WithoutBiases::execute,6801,139800,10708.224489795919,524703,49
intel_gpu_plugin,interpolate:Resize__190::prepare,900,23800,1573.5510204081634,77104,49
intel_gpu_plugin,interpolate:Resize__190::execute,3901,81001,5955.0204081632655,291796,49
intel_gpu_plugin,convolution:Conv__313/WithoutBiases::prepare,1000,56401,2440.938775510204,119606,49
intel_gpu_plugin,convolution:Conv__313/WithoutBiases::execute,7600,148500,11696.061224489797,573107,49
intel_gpu_plugin,concat:concatenate_2::prepare,699,50400,1997.8979591836735,97897,49
intel_gpu_plugin,concat:concatenate_2::execute,6700,77699,8910.163265306122,436598,49
intel_gpu_plugin,reducemean:average_pooling2d_9/AvgPool::prepare,900,54900,2446.877551020408,119897,49
intel_gpu_plugin,reducemean:average_pooling2d_9/AvgPool::execute,13800,261700,20732.551020408162,1015895,49
intel_gpu_plugin,convolution:Conv__326/WithoutBiases::prepare,899,57800,2546.9795918367345,124802,49
intel_gpu_plugin,convolution:Conv__326/WithoutBiases::execute,4700,92800,7544.755102040816,369693,49
intel_gpu_plugin,convolution:Conv__327/WithoutBiases::prepare,799,49500,2106.122448979592,103200,49
intel_gpu_plugin,convolution:Conv__327/WithoutBiases::execute,4700,77099,7036.714285714285,344799,49
intel_gpu_plugin,multiply:multiply_9::prepare,900,28700,1844.9183673469388,90401,49
intel_gpu_plugin,multiply:multiply_9::execute,3800,78199,5906.081632653061,289398,49
intel_gpu_plugin,convolution:Conv__328/WithoutBiases::prepare,800,57500,2306.183673469388,113003,49
intel_gpu_plugin,convolution:Conv__328/WithoutBiases::execute,5300,88300,7728.6122448979595,378702,49
intel_gpu_plugin,convolution:Conv__331/WithoutBiases::prepare,900,44900,2018.4489795918366,98904,49
intel_gpu_plugin,convolution:Conv__331/WithoutBiases::execute,7000,117899,10173.489795918367,498501,49
intel_gpu_plugin,convolutionbackpropdata:conv2d_transpose::prepare,900,54000,2220.3673469387754,108798,49
intel_gpu_plugin,convolutionbackpropdata:conv2d_transpose::execute,9901,131400,13934.795918367347,682805,49
intel_gpu_plugin,transpose:conv2d_transpose__206::prepare,600,25800,1534.591836734694,75195,49
intel_gpu_plugin,transpose:conv2d_transpose__206::execute,3999,66499,5944.7959183673465,291295,49
intel_gpu_plugin,result:segment:0/sink_port_0::prepare,1900,24600,3540.7755102040815,173498,49
intel_gpu_plugin,result:segment:0/sink_port_0::execute,4400,115700,7832.693877551021,383802,49
intel_gpu_plugin,SyncInferRequest::wait::reinterpret_memory,1800,18700,4230.632653061224,207301,49
ov__LoadTime,CoreImpl::get_plugin,32070000,117402200,62700833.333333336,188102500,3
ov__LoadTime,Core::compile_model::Path,209189601,1604605000,977794733.6666666,2933384201,3
SIMPLE_ov_op_exec,v0_Parameter_validate_and_infer_types,99,535401,1118.039461467038,2408257,2154
SIMPLE_ov_op_exec,v1_Transpose_validate_and_infer_types,600,64101,1596.537239324727,1607713,1007
SIMPLE_ov_op_exec,v1_Convolution_validate_and_infer_types,499,22200,893.3097880928356,1770540,1982
SIMPLE_ov_op_exec,v3_ShapeOf_validate_and_infer_types,99,7600,214.37490007993605,268183,1251
SIMPLE_ov_op_exec,v0_util_BinaryElementwiseArithmetic_validate_and_infer_types,99,64400,688.1744859542426,4752533,6906
SIMPLE_ov_op_exec,evaluate_shape_of_i64,99,32400,173.94248826291079,148199,852
SIMPLE_ov_op_exec,v1_Subtract_evaluate,599,1813600,1956.4363095238095,3286813,1680
SIMPLE_ov_op_exec,v3_Broadcast_validate_and_infer_types,600,3473300,21489.094827586207,7478205,348
SIMPLE_ov_op_exec,v0_Concat_validate_and_infer_types,499,7501,907.273311897106,564324,622
SIMPLE_ov_op_exec,util_BroadcastBase_evaluate_axes,199,21699,415.8974358974359,178420,429
SIMPLE_ov_op_exec,util_BroadcastBase_evaluate,900,751301,3606.773892773893,1547306,429
SIMPLE_ov_op_exec,v3_Broadcast_evaluate,1100,1365799,5157.142191142191,2212414,429
SIMPLE_ov_op_exec,v0_Concat_evaluate,699,17000,954.1603773584906,505705,530
SIMPLE_ov_op_exec,v1_Reshape_validate_and_infer_types,900,10654199,14519.586514625682,29286006,2017
SIMPLE_ov_op_exec,v1_VariadicSplit_validate_and_infer_types,999,23801,2101.031914893617,197497,94
SIMPLE_ov_op_exec,v1_VariadicSplit_evaluate,1200,29301,2031.8454545454545,223503,110
SIMPLE_ov_op_exec,v1_Split_evaluate_lower,1600,628600,13681.727272727272,752495,55
SIMPLE_ov_op_exec,v1_Split_evaluate_upper,1400,9900,1781.8727272727272,98003,55
SIMPLE_ov_op_exec,v0_util_BinaryElementwiseComparison_validate_and_infer_types,299,5700,479.646017699115,108400,226
SIMPLE_ov_op_exec,v1_Equal_evaluate,599,713600,3609.789090909091,992692,275
SIMPLE_ov_op_exec,v0_util_BinaryElementwiseLogical_validate_and_infer_types,299,3499,536.2654867256637,60598,113
SIMPLE_ov_op_exec,v1_LogicalOr_evaluate,500,18299,856.4,94204,110
SIMPLE_ov_op_exec,v1_Less_evaluate,599,679001,3936.35,865997,220
SIMPLE_ov_op_exec,v1_LogicalAnd_evaluate,499,6100,690.0,75900,110
SIMPLE_ov_op_exec,v1_Select_evaluate,1099,686400,2728.9145454545455,1500903,550
SIMPLE_ov_op_exec,v1_Divide_evaluate,699,696900,7258.090909090909,798390,110
SIMPLE_ov_op_exec,v1_GroupConvolution_validate_and_infer_types,499,31799,1026.7301136363637,722818,704
SIMPLE_ov_op_exec,util_AvgPoolBase_validate_and_infer_types,99,1000,132.52941176470588,4506,34
SIMPLE_ov_op_exec,v1_AvgPool_validate_and_infer_types,399,28001,965.4660377358491,511697,530
SIMPLE_ov_op_exec,v0_MatMul_validate_and_infer_types,399,17300,779.6135135135136,576914,740
SIMPLE_ov_op_exec,util_UnaryElementwiseArithmetic_validate_and_infer_types,99,17999,199.94647588765235,377299,1887
SIMPLE_ov_op_exec,util_InterpolateBase_validate_and_infer_types,99,2200,176.15384615384616,25190,143
SIMPLE_ov_op_exec,v11_Interpolate_validate_and_infer_types,900,883000,12642.505747126437,1099898,87
SIMPLE_ov_op_exec,v1_ConvolutionBackpropData_validate_and_infer_types,3899,37399,9797.030769230769,636807,65
SIMPLE_ov_op_exec,v0_Result_validate_and_infer_types,100,25100,1063.9479553903345,286202,269
SIMPLE_ov_op_exec,v0_Parameter_clone_with_new_inputs,499,16500,1342.0185185185185,434814,324
SIMPLE_ov_op_exec,v0_Constant_clone_with_new_inputs,399,15201,734.8806744487679,566593,771
SIMPLE_ov_op_exec,v1_Transpose_clone_with_new_inputs,1599,69200,4561.952380952381,191602,42
SIMPLE_ov_op_exec,v1_Convolution_clone_with_new_inputs,1400,17800,2350.5806451612902,218604,93
SIMPLE_ov_op_exec,v3_ShapeOf_clone_with_new_inputs,600,37000,1188.7810218978102,488589,411
SIMPLE_ov_op_exec,v1_Subtract_clone_with_new_inputs,1100,12301,1792.095238095238,225804,126
SIMPLE_ov_op_exec,v3_Broadcast_clone_with_new_inputs,2701,54000,4783.412698412699,602710,126
SIMPLE_ov_op_exec,v0_Concat_clone_with_new_inputs,1199,11101,1723.202380952381,289498,168
SIMPLE_ov_op_exec,v1_Reshape_clone_with_new_inputs,1701,57900,3624.771551724138,1681894,464
SIMPLE_ov_op_exec,v1_Add_clone_with_new_inputs,1100,94700,2464.0365853658536,808204,328
SIMPLE_ov_op_exec,v1_Maximum_clone_with_new_inputs,1000,23500,1884.2857142857142,118710,63
SIMPLE_ov_op_exec,v1_Minimum_clone_with_new_inputs,1000,10601,1639.6984126984128,103301,63
SIMPLE_ov_op_exec,v1_Multiply_clone_with_new_inputs,1000,25101,2143.059139784946,398609,186
SIMPLE_ov_op_exec,v1_VariadicSplit_clone_with_new_inputs,1900,57101,4675.636363636364,154296,33
SIMPLE_ov_op_exec,v1_Divide_clone_with_new_inputs,1100,10700,2075.818181818182,68502,33
SIMPLE_ov_op_exec,v1_GroupConvolution_clone_with_new_inputs,1501,16400,2609.242424242424,86105,33
SIMPLE_ov_op_exec,v1_AvgPool_clone_with_new_inputs,1200,12100,2139.866666666667,64196,30
SIMPLE_ov_op_exec,v0_MatMul_clone_with_new_inputs,1199,25100,2233.4444444444443,80404,36
SIMPLE_ov_op_exec,v0_Relu_clone_with_new_inputs,699,8400,1587.3521126760563,112702,71
SIMPLE_ov_op_exec,v0_Sigmoid_clone_with_new_inputs,601,8100,1116.6333333333334,33499,30
SIMPLE_ov_op_exec,v11_Interpolate_clone_with_new_inputs,1999,26200,5533.222222222223,49799,9
SIMPLE_ov_op_exec,v1_ConvolutionBackpropData_clone_with_new_inputs,5499,22600,11199.666666666666,33599,3
SIMPLE_ov_op_exec,v0_Result_clone_with_new_inputs,2200,8000,4449.833333333333,26699,6
SIMPLE_ov_op_exec,v0_Convert_validate_and_infer_types,99,77600,403.59247648902823,257492,638
SIMPLE_ov_op_exec,v1_Transpose_has_evaluate,99,2600,286.7368421052632,21792,76
SIMPLE_ov_op_exec,v3_ShapeOf_has_evaluate,99,1599,419.38709677419354,39003,93
SIMPLE_ov_op_exec,v1_Reshape_has_evaluate,99,10100,235.9765625,30205,128
SIMPLE_ov_op_exec,v1_Add_has_evaluate,99,14200,191.93036211699163,68903,359
SIMPLE_ov_op_exec,v1_Maximum_has_evaluate,99,7200,345.45454545454544,11400,33
SIMPLE_ov_op_exec,v1_Minimum_has_evaluate,99,900,119.95,4798,40
SIMPLE_ov_op_exec,v1_Multiply_has_evaluate,99,5401,177.97802197802199,16196,91
SIMPLE_ov_op_exec,v0_MatMul_has_evaluate,99,1400,131.768115942029,9092,69
SIMPLE_ov_op_exec,v0_Relu_has_evaluate,99,3600,264.55555555555554,14286,54
SIMPLE_ov_op_exec,v0_Sigmoid_has_evaluate,99,5100,260.4339622641509,13803,53
SIMPLE_ov_op_exec,v11_Interpolate_has_evaluate,99,5201,825.0,9900,12
SIMPLE_ov_op_exec,v0_Concat_has_evaluate,99,800,158.16666666666666,1898,12
SIMPLE_ov_op_exec,v0_Convert_evaluate,4499,1578500,33532.09433962264,3554402,106
SIMPLE_ov_op_exec,v0_Squeeze_validate_and_infer_types,700,14200,2677.4444444444443,24097,9
SIMPLE_ov_op_exec,v1_LogicalNot_validate_and_infer_types,99,3299,666.6666666666666,4000,6
SIMPLE_ov_op_exec,v3_NonZero_validate_and_infer_types,4400,18600,9200.0,27600,3
SIMPLE_ov_op_exec,v1_Select_validate_and_infer_types,1200,7101,3200.0,9600,3
SIMPLE_ov_op_exec,util_ScatterElementsUpdateBase_validate_and_infer_types,700,12999,2999.6666666666665,17998,6
SIMPLE_ov_op_exec,v0_util_ArithmeticReductionKeepDims_validate_and_infer_types,599,29500,1686.4586466165413,224299,133
SIMPLE_ov_op_exec,v0_Clamp_validate_and_infer_types,99,8400,301.27387387387387,167207,555
SIMPLE_ov_op_exec,v0_MatMul_visit_attributes,799,32199,2799.948717948718,218396,78
SIMPLE_ov_op_exec,v4_HSwish_has_evaluate,99,4199,335.76190476190476,14102,42
SIMPLE_ov_op_exec,v0_Clamp_has_evaluate,99,4800,255.6,11502,45
SIMPLE_ov_op_exec,v0_util_BinaryElementwiseArithmetic_visit_attributes,500,22599,896.9471624266145,916680,1022
SIMPLE_ov_op_exec,v3_ShapeOf_constant_fold,1300,21401,4433.5,79803,18
SIMPLE_ov_op_exec,v4_Interpolate_validate_and_infer_types,900,28400,2607.735042735043,305105,117
SIMPLE_ov_op_exec,v4_SoftPlus_validate_and_infer_types,3799,3799,3799.0,3799,1
SIMPLE_ov_op_exec,v4_Interpolate_has_evaluate,99,2700,619.8,3099,5
SIMPLE_ov_op_exec,v1_ReduceMean_has_evaluate,99,4799,413.0,6195,15
SIMPLE_ov_op_exec,v0_Concat_visit_attributes,500,9401,1508.3125,72399,48
SIMPLE_ov_op_exec,v1_Reshape_visit_attributes,499,14500,952.7777777777778,68600,72
SIMPLE_ov_op_exec,v0_Parameter_visit_attributes,1400,42000,2646.6046511627906,227608,86
SIMPLE_ov_op_exec,util_UnaryElementwiseArithmetic_visit_attributes,99,1200,210.0,2100,10
TYPE_LIST_ov_eval,v1_Subtract_evaluate$i64,99,551100,500.18147208121826,788286,1576
TYPE_LIST_ov_eval,v1_Equal_evaluate$i64,99,3300,144.91385767790263,38692,267
TYPE_LIST_ov_eval,v1_Less_evaluate$i64,99,3101,133.24019607843138,27181,204
TYPE_LIST_ov_eval,v1_Select_evaluate$i64,99,5801,132.988416988417,68888,518
TYPE_LIST_ov_eval,v1_Divide_evaluate$i64,99,3400,183.54368932038835,18905,103
TYPE_LIST_ov_eval,v0_Convert_in_et$f16,99,2700,215.72549019607843,11002,51
TYPE_LIST_ov_eval,Convert_out$f32,99,2400,228.53571428571428,6399,28
TYPE_LIST_ov_eval,v0_Convert_in_et$f32,99,2500,153.8846153846154,8002,52
TYPE_LIST_ov_eval,Convert_out$f16,99,1199,139.42857142857142,3904,28
ov__core,Model::get_ordered_ops,199,568000,10249.967681498829,21883681,2135
ov__core,Model::check_all_parameters_registered,199,89300,3481.608,435201,125
ov__core,Model::auto_detect_variables,99,29700,1173.8032786885246,71602,61
ov__core,Model::prerequirements,1800,2929700,67861.608,8482701,125
ov__core,pass::GraphRewrite::apply_matcher_passes,400,56528000,335590.668699187,330221218,984
ov__core,pass::Manager::run_passes,8300,380104200,11498528.236842105,1747776292,152
ov__core,TransposeMatMul,600,11299,1683.371212121212,222205,132
ov__core,MarkDequantization,9599,53700,11774.584905660377,1248106,106
ov__core,ConvertMOEToMOECompressed,399,9401,526.1839729119639,466199,886
ov__core,SoftmaxFusion,199,14899,270.5325732899023,332214,1228
ov__core,MVNFusionWithoutConstants,399,27100,614.8359486447931,1293000,2103
ov__core,MVNFusionWithConstantsInside,99,14901,465.1393247741322,978188,2103
ov__core,GroupNormalizationFusion,1799,12600,2739.315789473684,208188,76
ov__core,BroadcastElementwiseFusion,1099,35400,1680.843797856049,1097591,653
ov__core,BroadcastTransition,399,7401,1237.7247191011236,2643780,2136
ov__core,KeepConstantsPrecisionAndAddConverts,600,676300,4115.591439688716,1057707,257
ov__core,KeepConstPrecision,9500,37700,12048.41935483871,747002,62
ov__core,RMSFusion,399,16401,862.1143790849674,791421,918
ov__core,KeepDequantizationPrecision,9499,51799,13624.875,435996,32
ov__core,MarkFloatingPointRange,1100,8400,2370.696629213483,210992,89
ov__core,MarkDivWithEps,499,49800,731.2728285077951,656683,898
ov__core,PropagateMarkUpReduceOpPath,799,21000,1494.2363367799114,1011598,677
ov__core,PropagateDownDisableSensitivityForQuantized,1000,8600,2159.4764150943397,457809,212
ov__core,PropagateDownMarkToKeepInMixedPrecision,699,24399,1392.1270310192024,942470,677
ov__core,PropagateUpMarkToKeepInMixedPrecision,699,12700,1418.586410635155,960383,677
ov__core,EnableDecompressionConvertConstantFolding,499,5700,921.1785714285714,25793,28
ov__core,Node::can_constant_fold,99,29801,175.12389937106917,1392235,7950
ov__core,Node::constant_fold,101,2297100,10631.824120603014,6347199,597
ov__core,Model::validate_nodes_and_infer_types,3901,1158000,64248.24100719424,17861011,278
ov__core,DisableDecompressionConvertConstantFolding,801,7400,1564.4285714285713,21902,14
ov__core,TransposeConvert,700,8000,1761.8333333333333,73997,42
ov__core,EliminateConvert,99,14899,248.82754167644987,2119513,8518
ov__core,RemoveConcatZeroDimInput,1000,43199,7644.444444444444,68800,9
ov__core,RemoveFilteringBoxesBySize,700,12800,1843.357142857143,25807,14
ov__core,SubtractFusion,199,15700,1027.6166089965398,1484906,1445
ov__core,ConvertQuantizeDequantize,5399,31200,6532.270833333333,627098,96
ov__core,PrepareShapeOpsForEliminationAroundBE,199,26500,267.4076623078688,2331260,8718
ov__core,EliminateGatherUnsqueeze,199,9200,440.2289719626168,94209,214
ov__core,EliminatePad,199,15300,248.76246472248354,2115476,8504
ov__core,EliminateReduceReshape,199,41201,300.4403809971778,2554945,8504
ov__core,EliminateConvertNonZero,101,15900,233.90016462841015,1989087,8504
ov__core,EliminateConcat,100,47800,243.14381467544686,2067695,8504
ov__core,EliminateSplit,99,224201,252.741768579492,2149316,8504
ov__core,EliminateTranspose,100,221801,330.4083960489182,2809793,8504
ov__core,EliminateEltwise,499,29800,926.1793273753527,7876229,8504
ov__core,EliminateSplitConcat,99,19100,257.240475070555,2187573,8504
ov__core,EliminateStridedSlice,99,27600,232.67415333960489,1978661,8504
ov__core,EliminateSlice,99,27800,232.91415804327374,1980702,8504
ov__core,EliminateConcatStridedSlice,99,43701,263.41756820319847,2240103,8504
ov__core,EliminateIdentity,99,345100,273.6473424270931,2327097,8504
ov__core,EliminateScatterUpdate,199,41499,299.53715898400753,2547264,8504
ov__core,EliminateReshape,100,15501,293.28304327375355,2494079,8504
ov__core,EliminateSqueeze,100,183401,278.125140291807,991238,3564
ov__core,EliminateUnsqueeze,100,14499,227.83024691358025,811987,3564
ov__core,EliminateBroadcast,199,29899,258.1792097836312,2195556,8504
ov__core,EliminateNopBroadcast,199,21500,286.5736124176858,2437022,8504
ov__core,EliminateSliceBeforeGatherElements,99,15000,227.64099247412983,1935859,8504
ov__core,EliminateStridedSliceByShape,399,15400,535.5335136406397,4554177,8504
ov__core,EliminateGather,199,33000,277.46307619943553,2359546,8504
ov__core,GroupedGatherElimination,199,4999,658.2916666666666,15799,24
ov__core,SimplifySecondInputOfReshape,899,10900,1260.3317757009345,269711,214
ov__core,PropagateNMSPath,700,14201,2238.0281690140846,158900,71
ov__core,LSTMCellFusionWithJointWeights,1000,12799,1527.1145833333333,146603,96
ov__core,LSTMCellFusionWithSplitWeights,1000,9199,1293.7604166666667,124201,96
ov__core,GRUCellFusion,899,16599,1510.9342105263158,344493,228
ov__core,ConcatToBroadcast,400,10701,2155.777777777778,19402,9
ov__core,TransposeEltwise,699,48699,2678.559523809524,224999,84
ov__core,TransposeFuse,599,10799,1138.0,95592,84
ov__core,SplitSqueezeConcatFusion,600,18799,3377.777777777778,30400,9
ov__core,EliminateUnsqueezeGather,199,13500,249.5264,311908,1250
ov__core,SelectWithOneValueCondition,199,5200,265.2288,331536,1250
ov__core,ConvertScatterElementsToScatter,199,33200,349.6263001485884,470597,1346
ov__core,SoftPlusFusion,199,14200,284.04011887072807,382318,1346
ov__core,SoftPlusToMishFusion,199,5700,375.7184249628529,505717,1346
ov__core,SwishFusionWithSigmoid,199,16599,363.44725111441306,489200,1346
ov__core,SwishFusionWithSigmoidWithBeta,199,5100,338.13298662704307,455127,1346
ov__core,SwishFusionWithBeta,199,5300,263.24591381872216,354329,1346
ov__core,SwishFusionWithoutBeta,199,16100,266.07206537890045,358133,1346
ov__core,HSwishFusionWithReluDiv,199,39300,276.31649331352156,371922,1346
ov__core,HSwishFusionWithReluMul,199,14800,326.53417533432395,439515,1346
ov__core,HSwishFusionWithHSigmoid,199,17200,509.6367013372957,685971,1346
ov__core,HSwishFusionWithClamp,199,15500,409.4211728865194,537570,1313
ov__core,HSigmoidFusionWithReluDiv,199,14999,273.2734196496573,358808,1313
ov__core,HSigmoidFusionWithReluMul,199,4401,291.2482863670983,382409,1313
ov__core,HSigmoidFusionWithoutRelu,199,12000,240.33434881949734,315559,1313
ov__core,HSigmoidFusionWithClampMul,199,33301,560.1096725057121,735424,1313
ov__core,HSigmoidFusionWithClampDiv,199,10801,241.859375,309580,1280
ov__core,NormalizeL2Fusion,499,11401,648.20078125,829697,1280
ov__core,ClampFusion,400,803300,1910.40703125,2445321,1280
ov__core,PadFusionAvgPool,199,14201,260.40591618734595,316914,1217
ov__core,PadFusionConvolution,199,8200,320.37140509449466,389892,1217
ov__core,PadFusionConvolutionBackpropData,101,12501,256.30566967953985,311924,1217
ov__core,PadFusionGroupConvolution,199,8499,279.7748562037798,340486,1217
ov__core,PadFusionGroupConvolutionBackpropData,199,8200,237.39030402629416,288904,1217
ov__core,ReduceReshapeFusion,199,202200,454.0616269515201,552593,1217
ov__core,DilatedConvolutionConverter,199,3501,233.8685291700904,284618,1217
ov__core,GeluFusionWithErfOne,199,29600,310.21692686935086,377534,1217
ov__core,GeluFusionWithErfTwo,199,10500,268.85045193097784,327191,1217
ov__core,GeluFusionWithErfThree,199,7200,275.5899753492194,335393,1217
ov__core,GeluFusionWithErfFour,199,17101,299.6877567789647,364720,1217
ov__core,GeluFusionWithTanh,399,10001,623.8126540673788,759180,1217
ov__core,GeluFusionWithTanhNoPower,199,13700,288.1889893179951,350726,1217
ov__core,GeluFusionWithTanhNoPower2,599,9400,802.1963845521775,976273,1217
ov__core,LeakyReluFusion,199,4300,296.06820049301564,360315,1217
ov__core,RandomUniformFusion,199,68300,1133.21446179129,1379122,1217
ov__core,ConvertTensorIteratorToLSTMSequence,199,4200,231.90961380443713,282234,1217
ov__core,ConvertTensorIteratorToRNNSequence,100,5000,232.61955628594905,283098,1217
ov__core,ConvertTensorIteratorToGRUSequence,199,5601,230.98520953163518,281109,1217
ov__core,ConvertLoopWithScatterUpdateToLSTMSequence,199,12500,279.14954806902216,339725,1217
ov__core,ConvertLoopWithSlicedInputConcatOutputToLSTMSequence,199,22900,257.5045193097781,313383,1217
ov__core,EliminateGatherWithRange,199,13200,238.05094494658996,289708,1217
ov__core,FuseReverseLSTMSequence,199,30900,271.31635168447,330192,1217
ov__core,FuseLSTMSequencesToBidirectionalLSTMSequence,199,14900,256.58668857847164,312266,1217
ov__core,SplitConcatPairToInterpolateFusion,199,17001,286.46507806080524,348628,1217
ov__core,ConvolutionToGroupConvolutionFusion,199,4501,236.46014790468365,287772,1217
ov__core,NearestNeighborUpsamplingFusion,199,15199,270.4100246507806,329089,1217
ov__core,DivideFusion,199,3700,266.4847986852917,324312,1217
ov__core,TransposeToReshape,100,15800,356.43467543138865,433781,1217
ov__core,ReshapeSequenceFusion,199,11201,287.59468170829973,356905,1241
ov__core,MatMulConstTransposesExtraction,199,4099,282.0047281323877,119288,423
ov__core,PReluFusionNegativeAdd,199,16300,417.7009038619556,508342,1217
ov__core,PReluFusionNegativeSub,199,3500,227.22843056696794,276537,1217
ov__core,PReluFusionMultiplyAdd,199,20000,404.41824157764995,492177,1217
ov__core,PReluFusionMultiplySub,199,18300,262.025472473295,318885,1217
ov__core,PReluFusionAbsSubMulMulAdd,99,14700,410.26787181594085,499296,1217
ov__core,PReluFusionNegReluMulAdd,199,25000,422.87017255546425,514633,1217
ov__core,DepthToSpaceFusion,199,16599,275.96631059983565,335851,1217
ov__core,ShuffleChannelsFusion,199,16200,285.48397699260477,347434,1217
ov__core,NonZeroHorizontalFusion,199,5800,232.3820870994248,282809,1217
ov__core,AdaptivePoolToReduce,199,20300,262.00082169268694,318855,1217
ov__core,ConvertU4WeightsZeroPointToScalar,199,6999,229.67296631059983,279512,1217
ov__core,MergeUnrolledSDPA,4700,28901,6219.461538461538,1212795,195
ov__core,MergeKVCaches,700,11999,2511.222222222222,22601,9
ov__core,MergeUnrolledRoPE,1101,20300,4688.888888888889,42200,9
ov__core,MergeLinearProjections,1199,18900,4811.0,43299,9
ov__core,MergeDQ,2700,26000,6344.666666666667,57102,9
ov__core,ConcatFusion,399,6599,1488.7777777777778,26798,18
ov__core,SDPAFusionMatcher,7801,779800,73374.83333333333,880498,12
ov__core,SDPAFusionMatcherSinks,1199,6700,1824.8333333333333,21898,12
ov__core,SDPAReshapeFusion,5200,24901,7458.291666666667,178999,24
ov__core,BinarizeWeights,600,7399,1098.8064516129032,102189,93
ov__core,ConvToBinaryConv,600,6000,883.7956989247311,82193,93
ov__core,BatchNormDecomposition,399,23299,585.9822429906542,1254002,2140
ov__core,ConvertDivideWithConstant,199,5001,240.48420074349443,258761,1076
ov__core,ConvertSubtractWithConstant,199,18701,248.17565055762083,267037,1076
ov__core,ConvertNegative,199,27600,271.54739776951675,292185,1076
ov__core,ConvertConvertPromoteTypes,100,14400,239.75836431226764,257980,1076
ov__core,AddAddFusion,800,15999,1403.5307692307692,547377,390
ov__core,AddMultiplyFusion,1001,9800,1701.7333333333333,102104,60
ov__core,MultiplyMultiplyFusion,999,11300,1453.3666666666666,87202,60
ov__core,MultiplyConvolutionFusion,599,12400,1124.1344086021506,209089,186
ov__core,MultiplyGroupConvolutionFusion,699,9899,1390.909090909091,91800,66
ov__core,ConvolutionMultiplyFusion,999,10600,1643.35,98601,60
ov__core,GroupConvolutionMultiplyFusion,999,9399,1340.0,80400,60
ov__core,ConvolutionBackpropDataMultiplyFusion,1399,11699,1935.0666666666666,116104,60
ov__core,GroupConvolutionBackpropDataMultiplyFusion,1400,14500,2058.4166666666665,123505,60
ov__core,MultiplyConvolutionBackpropDataFusion,1400,11301,3533.6666666666665,21202,6
ov__core,PullTransposeThroughFQUp,599,17001,1496.3809523809523,125696,84
ov__core,FakeQuantizeReshapeFusion,700,9699,1654.8333333333333,139006,84
ov__core,FakeQuantizeMulFusion,1100,9600,2493.3,149598,60
ov__core,pass::init::SplitConcat,500,12699,2388.5555555555557,21497,9
ov__core,AlignEltwiseInputRanks,600,34900,2706.2355555555555,608903,225
ov__core,NopBroadcast,499,39799,653.2608848314607,1860487,2848
ov__core,LabelResolvingThroughSelect,599,10900,891.049504950495,179992,202
ov__core,DeReshapeMatMul,199,20500,2382.8361344537816,567115,238
ov__core,DeReshapeFullyConnected,1499,134901,8394.932773109243,1997994,238
ov__core,ReshapeOptimizations,899,33801,8883.138554216868,1474601,166
ov__core,SpaceToBatchFusion,399,16800,665.6926691729324,708297,1064
ov__core,BatchToSpaceFusion,399,31699,632.3402255639098,672810,1064
ov__core,InterpolateSequenceFusion,199,5400,251.8580827067669,267977,1064
ov__core,SkipGatherBeforeTransposeAndReshape,199,4400,265.1456766917293,282115,1064
ov__core,ReduceMerge,1399,13101,1596.6973684210527,1698886,1064
ov__core,GroupQueryAttentionDecomposition,199,7200,269.2828947368421,286517,1064
ov__core,ScaledDotProductAttentionDecomposition,199,9000,255.79793233082708,272169,1064
ov__core,BidirectionalLSTMSequenceDecomposition,199,4800,234.98496240601503,250024,1064
ov__core,BidirectionalGRUSequenceDecomposition,199,13900,275.07612781954884,292681,1064
ov__core,BidirectionalRNNSequenceDecomposition,199,15199,248.19454887218046,264079,1064
ov__core,ConvertBroadcastToTiles,199,4400,233.78571428571428,85098,364
ov__core,ConvertSubtract,100,22600,248.51315789473685,264418,1064
ov__core,ConvertDivide,199,14300,275.8308270676692,293484,1064
ov__core,ConvertDepthToSpace,199,26300,254.88533834586465,271198,1064
ov__core,ConvertSpaceToDepth,101,27700,263.33458646616543,280188,1064
ov__core,ConvertConvertLike,101,7599,230.08552631578948,244811,1064
ov__core,MVN6Decomposition,199,20400,252.82612781954887,269007,1064
ov__core,EinsumDecomposition,199,4900,241.21428571428572,256652,1064
ov__core,SoftmaxDecomposition,199,16200,272.9718045112782,290442,1064
ov__core,SoftSignDecomposition,199,15100,284.6126373626374,103599,364
ov__core,DropoutWithRandomUniformReplacer,99,19200,244.93703007518798,260613,1064
ov__core,TransposeReshapeEliminationForMatmul,99,109400,432.343984962406,460014,1064
ov__core,UniqueDecomposition,100,3900,219.23626373626374,79802,364
ov__core,MatMulMultiplyFusion,1000,7400,1403.3333333333333,42100,30
ov__core,ConvertInterpolate11ToInterpolate4,22900,1550800,219666.55555555556,1976999,9
ov__core,ConvStridesPropagation,199,61200,700.1742777260018,751287,1073
ov__core,SupportedNodesStridesPropagation,199,12801,585.4938775510204,573784,980
ov__core,UnsupportedNodesStridesPropagation,699,27299,1238.2367346938775,1213472,980
ov__core,KeepMOE3GemmConstPrecision,399,7200,550.41689373297,202003,367
ov__core,WrapInterpolateIntoTransposes,601,8301,2422.3333333333335,21801,9
ov__core,ConvertAvgPoolingToReduce,11200,65900,19179.9,191799,10
ov__core,DecomposeReduceForFalseKeepDims,3500,31800,8899.8,88998,10
ov__core,LoraSubgraphFusion,2900,37300,6139.466666666666,1197196,195
ov__core,MoveEltwiseUpThroughDataMovScalar,599,28600,1483.4927536231885,511805,345
ov__core,RoPEFusionFlux,1900,19900,2793.0153846153844,363092,130
ov__core,RoPEFusionGPTNEOX,1899,12999,2477.4897435897437,966221,390
ov__core,RoPEFusionGPTOSS,999,621400,70966.33333333333,638697,9
ov__core,RoPEFusionPreprocess,399,35300,554.6408125577101,600676,1083
ov__core,RoPEFusionChatGLM,399,626499,894.7659279778393,1938063,2166
ov__core,RoPEFusionChatGLMHF,1000,9199,2255.4444444444443,20299,9
ov__core,RoPEFusionQwen,1800,36300,3393.774358974359,661786,195
ov__core,RoPEFusionLtxVideo,900,9701,1430.7384615384615,92998,65
ov__core,IncreasePositionIdsPrecisionForQwen3VL,1301,12300,2641.6666666666665,31700,12
ov__core,SwiGluFusionWithClamp,699,8701,1650.0,19800,12
ov__core,ConvertWeightCompressedConv1x1ToMatmul,399,6700,640.0590951061865,693184,1083
ov__core,IncreasePrecisionForQwenVLMerger,1000,6700,1691.75,20301,12
ov__core,ConvertMatMulToFullyConnected,17800,109701,35175.416666666664,422105,12
ov__core,MoveFCReshapeToWeights,1699,12501,2691.8611111111113,96907,36
ov__core,ConvertFullyConnectedToFullyConnectedCompressed,3700,23400,6397.194444444444,230299,36
ov__core,SDPAScaleFusionPass,699,28600,855.2615012106537,353223,413
ov__core,FullyConnectedConvertFusion,301,9900,2028.7142857142858,28402,14
ov__core,TransposeMatMulTransposeMatcher,199,35401,446.7457627118644,184506,413
ov__core,TransposeMatMulMatcher,199,2800,232.4043583535109,95983,413
ov__core,TransposeSDPAMatcher,599,22900,733.3849878934625,302888,413
ov__core,TransposeVLSDPAMatcher,100,10699,320.81113801452784,132495,413
ov__core,UnsqueezeBroadcastReshapeSDPAFusion,599,6700,685.1985472154963,282987,413
ov__core,GLUFusion,2400,12200,3609.8,36098,10
ov__core,IndirectGemmOpt,399,8401,533.9249394673124,220511,413
ov__core,IndirectSDPAOpt,599,6799,665.8740920096852,275006,413
ov__core,KVCacheCompressionMatcher,99,3600,143.15300546448088,26197,183
ov__core,AsymmetricConvolutionMatcher,2399,11200,2902.3571428571427,121899,42
ov__core,ConvolutionMatcher,12600,94399,19440.404761904763,816497,42
ov__core,MoveEltwiseUpThroughDataMovPerChannel,301,10500,2228.0,167100,75
ov__core,BroadcastAndPadZeroPointBuffers,900,9000,1400.047619047619,58802,42
ov__core,OptimizeSubsequentReshapes,600,5200,1332.9166666666667,15995,12
ov__core,SinkReshapeIfNeeded,1099,6700,1692.1538461538462,43996,26
ov__core,DynamicQuantizeFullyConnected,399,11900,561.3274725274725,255404,455
ov__core,AUGRUCellFusion,899,7500,1350.0,205200,152
ov__core,ChainedMaximumOptimization,1200,8000,1750.095238095238,73504,42
ov__core,StatefulSDPAFusion,2001,14699,2211.9571984435797,2273892,1028
ov__core,SDPAFuseTransposeReshape,599,7500,906.1615384615385,117801,130
ov__core,LogSoftmaxDecomposition,199,50500,323.05,226135,700
ov__core,GroupNormalizationDecomposition,199,3600,229.71428571428572,160800,700
ov__core,NormalizeL2Decomposition,199,34001,292.5942857142857,204816,700
ov__core,InsertConvertAfterExtension,199,61499,416.12606232294615,293785,706
ov__core,SwapConvertTranspose,600,8900,1253.6785714285713,35103,28
ov__core,ConvertToInteraction,399,23600,594.07223796034,419415,706
ov__core,ConvertInteractionInt8,599,5900,1966.3333333333333,11798,6
ov__core,PermuteSliceAndInterpolation,700,7901,2916.8333333333335,17501,6
ov__core,ConvertFqRnnToQuantizedRnn,399,25101,572.2223796033994,403989,706
ov__core,RoPEFusionGPTJ,1100,12800,3750.0,22500,6
ov__core,RoPEFusionIOSlicing,1100,8900,2616.6666666666665,15700,6
ov__core,NgramFusion,700,37300,7516.666666666667,45100,6
ov__core,snippets::pass::ExtractPairsAfterMatmul,600,21100,3150.2083333333335,75605,24
ov__core,snippets::pass::RankUpgradeToRankReduction,699,32600,2708.3333333333335,65000,24
ov__core,snippets::pass::TokenizeMHASnippets,2101,1415800,126874.91666666667,3044998,24
ov__core,snippets::pass::TokenizeMLPSeqSnippets,1401,1700900,74054.20833333333,1777301,24
ov__core,snippets::pass::TokenizeGNSnippets,199,6299,284.5198300283286,200871,706
ov__core,snippets::pass::TokenizeSnippets,399,3808000,14658.34702549575,10348793,706
ov__core,snippets::pass::TransformConvertToConvertTruncation,199,5499,317.92391304347825,58498,184
ov__core,snippets::pass::CommonOptimizations,13800,2436799,78035.075,3121403,40
ov__core,ConvertMatMulToFC,15499,115700,27012.416666666668,648298,24
ov__core,FullyConnectedBiasFusion,899,123699,4813.442307692308,500598,104
ov__core,ConvertToPowerStatic,699,30499,1300.0339673913043,956825,736
ov__core,snippets::pass::ConvertConstantsToScalars,199,9100,521.7336956521739,191998,368
ov__core,snippets::pass::ConvertPowerToPowerStatic,199,4400,315.2228260869565,58001,184
ov__core,MulAddToFMA,2501,1417201,60876.88461538462,1582799,26
SIMPLE_ov_pass,GraphRewrite_run_on_model,900,56562600,353905.9009193054,346473877,979
SIMPLE_ov_pass,ResolveNameCollisions_run_on_model,223600,901100,466556.85714285716,3265898,7
SIMPLE_ov_pass,SDPAToVLSDPA_run_on_model,4100,4100,4100.0,4100,1
SIMPLE_ov_pass,TransposeMatMul,199,4900,1075.6969696969697,141992,132
SIMPLE_ov_pass,InitNodeInfo_run_on_function,339000,928800,501850.0,3011100,6
SIMPLE_ov_pass,KeepConstantsPrecisionAndAddConverts,299,675399,3713.9494163424124,954485,257
SIMPLE_ov_pass,MarkFloatingPointRange,701,3601,1705.7191011235955,151809,89
SIMPLE_ov_pass,PropagateMarkUpReduceOpPath,200,14800,939.7548005908419,636214,677
SIMPLE_ov_pass,BackwardGraphRewrite_run_on_model,787200,3139801,1711099.8,8555499,5
SIMPLE_ov_pass,PropagateDownDisableSensitivityForQuantized,500,8199,1545.367924528302,327618,212
SIMPLE_ov_pass,PropagateDownMarkToKeepInMixedPrecision,99,18800,775.6174298375184,525093,677
SIMPLE_ov_pass,PropagateUpMarkToKeepInMixedPrecision,199,8900,852.4475627769572,577107,677
SIMPLE_ov_pass,MarkPrecisionSensitiveShapeOfSubgraphs_run_on_model,97200,557699,287266.6666666667,1723600,6
SIMPLE_ov_pass,MarkSugraphsToKeepInMixedPrecision_run_on_model,14383201,14383201,14383201.0,14383201,1
SIMPLE_ov_pass,AlignMixedFP32FP16Types_run_on_model,323701,323701,323701.0,323701,1
SIMPLE_ov_pass,EnableDecompressionConvertConstantFolding,99,1201,192.71428571428572,5396,28
SIMPLE_ov_pass,ConstantFolding_run_on_model,6200,22136599,373884.7894736842,56830488,152
SIMPLE_ov_pass,Validate_run_on_model,900,1614100,105161.17475728155,10831601,103
SIMPLE_ov_pass,DisableDecompressionConvertConstantFolding,300,2000,664.1428571428571,9298,14
SIMPLE_ov_pass,EliminateConvert,299,6900,1115.4761904761904,93700,84
SIMPLE_ov_pass,RemoveConcatZeroDimInput,600,5700,1955.3333333333333,17598,9
SIMPLE_ov_pass,RemoveMultiSubGraphOpDanglingParamsResults_run_on_model,21900,37600,27233.333333333332,81700,3
SIMPLE_ov_pass,PushConstantToSubgraph_run_on_function,21700,34299,25999.666666666668,77999,3
SIMPLE_ov_pass,SharedOpOptimization_run_on_function,94900,959601,268994.7368421053,5110900,19
SIMPLE_ov_pass,EliminateTranspose,399,15901,928.9624060150376,247104,266
SIMPLE_ov_pass,EliminateEltwise,199,22400,487.3798836242727,586318,1203
SIMPLE_ov_pass,EliminateReshape,200,8500,776.612,388306,500
SIMPLE_ov_pass,EliminateConcat,99,1300,305.4355828220859,49786,163
SIMPLE_ov_pass,EliminateSplitConcat,499,17999,1123.8957055214723,183195,163
SIMPLE_ov_pass,EliminateConcatStridedSlice,399,6700,998.7361963190184,162794,163
SIMPLE_ov_pass,SimplifyShapeOfSubGraph_run_on_function,3461800,28128000,7444212.375,59553699,8
SIMPLE_ov_pass,PropagateNMSPath,399,9001,1581.5492957746478,112290,71
SIMPLE_ov_pass,UselessSliceEraser_run_on_function,29000,61100,39866.666666666664,119600,3
SIMPLE_ov_pass,GroupedStridedSliceOptimizer_run_on_function,24301,48700,32734.0,98202,3
SIMPLE_ov_pass,GroupedSliceToVSplitOptimization_run_on_function,24101,45199,31500.0,94500,3
SIMPLE_ov_pass,StridedSliceOptimization_run_on_function,312500,5382000,2010333.3333333333,6031000,3
SIMPLE_ov_pass,SplitSqueezeConcatFusion,200,13900,2189.0,19701,9
SIMPLE_ov_pass,TransposeToReshape,599,7600,1535.6190476190477,64496,42
SIMPLE_ov_pass,ClampFusion,5000,795101,22444.47619047619,1414002,63
SIMPLE_ov_pass,HSigmoidFusionWithClampMul,4901,24700,7954.484848484848,262498,33
SIMPLE_ov_pass,HSwishFusionWithHSigmoid,3700,13499,6163.515151515152,203396,33
SIMPLE_ov_pass,SplitConcatPairToInterpolateFusion,300,2101,922.4444444444445,8302,9
SIMPLE_ov_pass,PackMultiHeadAttention_run_on_model,1056800,7990799,3413266.3333333335,10239799,3
SIMPLE_ov_pass,SymbolicPropagation_run_on_model,357900,4118501,1100412.4375,17606599,16
SIMPLE_ov_pass,ApplySymbolEquivalence_run_on_function,59599,457400,157162.5625,2514601,16
SIMPLE_ov_pass,SymbolicOptimizations_run_on_function,851000,27285700,8610762.4375,137772199,16
SIMPLE_ov_pass,SDPAFusion_run_on_model,9783800,9783800,9783800.0,9783800,1
SIMPLE_ov_pass,ReverseInputChannelsFusion_run_on_model,66601,1169300,434733.6666666667,1304201,3
SIMPLE_ov_pass,AlignEltwiseInputRanks,199,33500,1906.168888888889,428888,225
SIMPLE_ov_pass,OptimizeSymbolsUsedAsValues_run_on_function,436800,1341401,866920.2,4334601,5
SIMPLE_ov_pass,DeReshapeFullyConnected,10000,45300,18105.61111111111,325901,18
SIMPLE_ov_pass,FuseMOE_run_on_model,630000,2070700,1114933.3333333333,3344800,3
SIMPLE_ov_pass,MOCTransformations_run_on_function,44622400,207583700,99260633.33333333,297781900,3
SIMPLE_ov_pass,UnrollIf_run_on_function,21000,43500,28633.666666666668,85901,3
SIMPLE_ov_pass,ConvertInterpolate11ToInterpolate4,22200,1542500,216066.77777777778,1944601,9
SIMPLE_ov_pass,UnsupportedNodesStridesPropagation,299,18600,668.0795918367347,654718,980
SIMPLE_ov_pass,SupportedNodesStridesPropagation,199,3200,740.568115942029,255496,345
SIMPLE_ov_pass,ConvStridesPropagation,699,59199,2180.6021505376343,202796,93
SIMPLE_ov_pass,CommonOptimizations_run_on_function,58025601,265523501,130473234.0,391419702,3
SIMPLE_ov_pass,WrapInterpolateIntoTransposes,299,3901,1211.3333333333333,10902,9
SIMPLE_ov_pass,ConvertOpSet3ToOpSet2_run_on_function,1866300,1866300,1866300.0,1866300,1
SIMPLE_ov_pass,ConvertOpSet2ToOpSet1_run_on_function,94501,1539000,577833.6666666666,1733501,3
SIMPLE_ov_pass,ConvertAvgPoolingToReduce,10500,59200,17830.0,178300,10
SIMPLE_ov_pass,DecomposeReduceForFalseKeepDims,1000,16499,2999.9,29999,10
SIMPLE_ov_pass,UnrollTensorIterator_run_on_function,178901,178901,178901.0,178901,1
SIMPLE_ov_pass,MoveEltwiseUpThroughDataMovScalar,199,20500,806.0347826086957,278082,345
SIMPLE_ov_pass,RoPEFusion_run_on_model,5206100,15493499,9966733.0,29900199,3
SIMPLE_ov_pass,ConvertMatMulToFullyConnected,12300,84800,26800.0,321600,12
SIMPLE_ov_pass,SDPAScaleFusion_run_on_model,2839600,2839600,2839600.0,2839600,1
SIMPLE_ov_pass,ConvolutionMatcher,11000,83300,16714.35714285714,702003,42
SIMPLE_ov_pass,MoveEltwiseUpThroughDataMovPerChannel,600,2201,1017.1666666666666,6103,6
SIMPLE_ov_pass,ConstantsReduce_run_on_function,541599,541599,541599.0,541599,1
SIMPLE_ov_pass,EliminateBroadcast,200,1099,511.79761904761904,42991,84
SIMPLE_ov_pass,EliminateNopBroadcast,1100,14700,1911.9166666666667,160601,84
SIMPLE_ov_pass,ReshapeOptimizations,8000,27401,11309.528301886792,1198810,106
SIMPLE_ov_pass,SDPASubgraphFusion_run_on_function,25898500,28113400,27005950.0,54011900,2
SIMPLE_ov_pass,CausalMaskPreprocessFusion_run_on_model,1241000,2963800,2102400.0,4204800,2
SIMPLE_ov_pass,SnippetsMarkSkipped_run_on_model,386300,662800,524550.0,1049100,2
SIMPLE_ov_pass,TokenizeMHASnippets,1000,1347200,92337.33333333333,2216096,24
SIMPLE_ov_pass,TokenizeMLPSeqSnippets,300,858799,36983.541666666664,887605,24
SIMPLE_ov_pass,TokenizeSnippets,400,3803000,99162.75581395348,8527997,86
SIMPLE_ov_pass,CommonOptimizations,13300,2431200,77352.5,3094100,40
SIMPLE_ov_pass,SnippetsTokenization_run_on_function,2659601,27921799,15290700.0,30581400,2
SIMPLE_ov_pass,ConvertMatMulToFC,13801,94200,23191.833333333332,556604,24
SIMPLE_ov_pass,FullyConnectedBiasFusion,14099,112899,27858.25,334299,12
SIMPLE_ov_pass,ConvertToPowerStatic,301,6600,915.2826086956521,84206,92
SIMPLE_ov_pass,ConvertToCPUSpecificOpset_run_on_function,3569500,16233900,9901700.0,19803400,2
SIMPLE_ov_pass,Canonicalization_run_on_model,1199,821800,22224.9,888996,40
SIMPLE_ov_pass,AnalyzeBroadcastableInputs_run_on_model,3800,869300,27797.375,1111895,40
SIMPLE_ov_pass,AlignElementTypes_run_on_model,299,1083200,27754.9,1110196,40
SIMPLE_ov_pass,BrgemmToBrgemmCPU_run_on_model,3400,975300,29409.975,1176399,40
SIMPLE_ov_pass,PropagatePrecision_run_on_model,5200,757800,26532.6,1061304,40
SIMPLE_ov_pass,MulAddToFMA,8600,1408301,242783.5,1456701,6
ov__pass,ov::frontend::pass::SequenceConcatReplacer,101600,2497300,900267.0,2700801,3
ov__pass,ResolveNameCollisions,224300,1870600,606457.2857142857,4245201,7
ov__pass,Model::check_all_variables_registered,299,1057399,25064.03125,1604098,64
ov__pass,SDPAToVLSDPA,670801,670801,670801.0,670801,1
ov__pass,TransposeMatMul,48800,212399,89800.18181818182,987802,11
ov__pass,MarkDequantization,196400,516400,401075.0,1604300,4
ov__pass,FuseVectorizedMOE2GEMM,99800,99800,99800.0,99800,1
ov__pass,FuseVectorizedMOE3GEMM,103200,103200,103200.0,103200,1
ov__pass,ConvertMOEToMOECompressed,696800,696800,696800.0,696800,1
ov__pass,FuseMOE3GemmCompressed,125700,125700,125700.0,125700,1
ov__pass,InitNodeInfo,339900,1744300,641183.3333333334,3847100,6
ov__pass,EinsumDecomposition,134299,134299,134299.0,134299,1
ov__pass,SoftmaxFusion,125299,125299,125299.0,125299,1
ov__pass,MVNFusion,2821001,2821001,2821001.0,2821001,1
ov__pass,GroupNormalizationFusion,345600,345600,345600.0,345600,1
ov__pass,MVN6Decomposition,114500,114500,114500.0,114500,1
ov__pass,BroadcastElementwiseFusion,253400,531700,358775.25,1435101,4
ov__pass,BroadcastTransition,624400,1117300,766774.75,3067099,4
ov__pass,KeepConstantsPrecisionAndAddConverts,1204401,1204401,1204401.0,1204401,1
ov__pass,KeepConstPrecision,163700,789500,335775.0,1343100,4
ov__pass,RMSFusion,74200,893500,351533.6666666667,1054601,3
ov__pass,DisableFP16CompForGemma3RMSPattern,109299,109299,109299.0,109299,1
ov__pass,DisableFP16ComForROPEPattern,98100,98100,98100.0,98100,1
ov__pass,DisableFP16ComSinGenPatternForHiFiGAN,99900,99900,99900.0,99900,1
ov__pass,KeepDequantizationPrecision,543800,543800,543800.0,543800,1
ov__pass,MarkFloatingPointRange,376401,376401,376401.0,376401,1
ov__pass,MarkDivWithEps,846600,846600,846600.0,846600,1
ov__pass,MarkExpInReduceOpPath,2421900,2421900,2421900.0,2421900,1
ov__pass,MarkRandomUniform,115600,115600,115600.0,115600,1
ov__pass,PropagateDownDisableSensitivityForQuantized,590799,590799,590799.0,590799,1
ov__pass,PropagateDownMarkToKeepInMixedPrecision,1137800,1137800,1137800.0,1137800,1
ov__pass,ov::pass::BackwardGraphRewrite,1753400,1753400,1753400.0,1753400,1
ov__pass,MarkPrecisionSensitiveShapeOfSubgraphs,1361300,1361300,1361300.0,1361300,1
ov__pass,MarkSugraphsToKeepInMixedPrecision,15287399,15287399,15287399.0,15287399,1
ov__pass,AlignMixedFP32FP16Types,969800,969800,969800.0,969800,1
ov__pass,EnableDecompressionConvertConstantFolding,33000,329699,127925.25,511701,4
ov__pass,ConstantFolding,13501,22720900,786145.9166666666,56602506,72
ov__pass,ov::pass::Validate,9100,2280700,170546.12698412698,10744406,63
ov__pass,ConvertPrecision,116901,49332500,9059199.833333334,54355199,6
ov__pass,DisableDecompressionConvertConstantFolding,117800,117800,117800.0,117800,1
ov__pass,SliceToStridedSlice,72001,72001,72001.0,72001,1
ov__pass,TransposeConvert,53701,110701,75267.33333333333,225802,3
ov__pass,EliminateConvert,1499,87800,11134.191489361701,523307,47
ov__pass,EliminateScatterUpdate,50901,59400,53967.0,161901,3
ov__pass,RemoveConcatZeroDimInput,55000,94901,76867.0,230601,3
ov__pass,EliminateLoopInputsOutputs,47300,63000,52833.333333333336,158500,3
ov__pass,EliminateDuplicateTIInputs,47000,58200,50799.666666666664,152399,3
ov__pass,RemoveMultiSubGraphOpDanglingParamsResults,22400,673899,239732.66666666666,719198,3
ov__pass,FoldSubgraphEmptyInputs,48099,78800,58599.666666666664,175799,3
ov__pass,DisableRandomUniformConstantFolding,47200,65900,53466.666666666664,160400,3
ov__pass,PushConstantToSubgraph,22400,707500,252099.66666666666,756299,3
ov__pass,FuseFilteringBoxesBySize,333900,1665900,779266.6666666666,2337800,3
ov__pass,ConvertQuantizeDequantize,234000,378800,283900.0,851700,3
ov__pass,PrepareShapeOpsForEliminationAroundBE,41199,207601,93212.5,745700,8
ov__pass,AbsSinking,34199,71100,44337.125,354697,8
ov__pass,SharedOpOptimization,95100,1588501,302794.7368421053,5753100,19
ov__pass,EliminateGatherUnsqueeze,38601,116000,61000.125,488001,8
ov__pass,NopElimination,2869301,19123899,5068987.25,81103796,16
ov__pass,GroupedGatherElimination,43200,91800,57862.5,462900,8
ov__pass,GatherNopElimination,35000,59300,43912.625,351301,8
ov__pass,SimplifyGatherShapeOf,33200,63800,45510.2,455102,10
ov__pass,SimplifySecondInputOfReshape,51200,133399,78887.25,631098,8
ov__pass,SimplifyShapeOfSubGraph,3462700,28811301,7530375.375,60243003,8
ov__pass,ConvertNmsGatherPathToUnsigned,64799,983200,371566.3333333333,1114699,3
ov__pass,UselessSliceEraser,29300,703201,254100.33333333334,762301,3
ov__pass,GroupedStridedSliceOptimizer,24599,643200,231132.66666666666,693398,3
ov__pass,GroupedSliceToVSplitOptimization,24400,870300,306733.6666666667,920201,3
ov__pass,SliceSequenceToSingleSlice,38200,86799,54566.333333333336,163699,3
ov__pass,StridedSliceOptimization,313001,6044901,2231700.6666666665,6695102,3
ov__pass,PullThroughReduce,40100,61700,47366.333333333336,142099,3
ov__pass,LSTMCellFusion,127100,1597800,618133.3333333334,1854400,3
ov__pass,GRUCellFusion,145801,241500,178366.66666666666,535100,3
ov__pass,SequenceFusion,38600,76400,51933.333333333336,155800,3
ov__pass,ConcatToBroadcast,40899,107300,63066.333333333336,189199,3
ov__pass,ov::pass::GraphRewrite,37300,56564100,4487171.342857143,157050997,35
ov__pass,MergeUnrolledSDPA,562101,923500,706566.6666666666,2119700,3
ov__pass,MergeKVCaches,39499,123200,67999.66666666667,203999,3
ov__pass,MergeUnrolledRoPE,41100,182900,88666.66666666667,266000,3
ov__pass,MergeLinearProjections,42899,128001,73800.33333333333,221401,3
ov__pass,MergeDQ,44199,119800,69533.0,208599,3
ov__pass,ConcatFusion,35200,80501,46849.833333333336,281099,6
ov__pass,PackMultiHeadAttention,1057500,8661201,3637200.0,10911600,3
ov__pass,SymbolicPropagation,358099,4119900,1138081.125,18209298,16
ov__pass,ApplySymbolEquivalence,59801,1336800,212662.5,3402600,16
ov__pass,SDPAFusionMatcher,972600,972600,972600.0,972600,1
ov__pass,SDPAFusionMatcherSinks,83299,83299,83299.0,83299,1
ov__pass,SDPAReshapeFusion,237100,237100,237100.0,237100,1
ov__pass,SDPAFusion,10579199,10579199,10579199.0,10579199,1
ov__pass,BinarizeWeights,62800,114700,81833.33333333333,245500,3
ov__pass,ConvToBinaryConv,59699,99000,74699.66666666667,224099,3
ov__pass,LinOpSequenceFusion,148000,2321100,512666.6666666667,3076000,6
ov__pass,ReverseInputChannelsFusion,67000,1917800,684599.6666666666,2053799,3
ov__pass,AlignEltwiseInputRanks,172700,440500,264600.0,793800,3
ov__pass,ChainedMaximumOptimization,36601,173101,94060.8,470304,5
ov__pass,NopBroadcast,262999,752800,498460.0,2492300,5
ov__pass,OptimizeSymbolsUsedAsValues,437200,1389700,988100.2,4940501,5
ov__pass,LabelResolvingThroughSelect,50301,184101,115260.2,576301,5
ov__pass,DeReshapeMatMul,74600,259500,149750.0,1198000,8
ov__pass,DeReshapeFullyConnected,141900,603600,312424.875,2499399,8
ov__pass,ReshapeOptimizations,51100,1039800,484600.4,2423002,5
ov__pass,SymbolicOptimizations,851300,18016799,7950780.0,39753900,5
ov__pass,FuseMOEExperts,384600,1069099,617866.3333333334,1853599,3
ov__pass,FuseMOE,630601,2682399,1319333.3333333333,3958000,3
ov__pass,VectorizedMOE2GEMMTransposeWeights,36599,67900,48499.333333333336,145498,3
ov__pass,MOCTransformations,44624200,208441500,99547700.0,298643100,3
ov__pass,MarkDividesInShapeSubgraphs,97901,303399,173066.66666666666,519200,3
ov__pass,ConcatReduceFusion,41400,92100,59266.666666666664,177800,3
ov__pass,ConvertInterpolate1ToInterpolate4,35199,76100,49166.333333333336,147499,3
ov__pass,UnrollIf,21700,653100,232299.66666666666,696899,3
ov__pass,ConvertDeformableConv8To1,34199,61600,43933.0,131799,3
ov__pass,ConvertMaxPool14ToMaxPool8,34300,53000,41200.0,123600,3
ov__pass,ConvertMaxPool8ToMaxPool1,33601,55599,41566.666666666664,124700,3
ov__pass,ConvertDetectionOutput8ToDetectionOutput1,63700,63700,63700.0,63700,1
ov__pass,ConvertROIAlign9To3,57500,57500,57500.0,57500,1
ov__pass,ConvertMulticlassNms8ToMulticlassNms9,33400,52500,43100.0,129300,3
ov__pass,ConvertXorToLogicalXor,33000,54300,43333.333333333336,130000,3
ov__pass,ConvertInterpolate11ToInterpolate4,151800,1766000,726966.3333333334,2180899,3
ov__pass,ConvertScatterElementsUpdate12ToScatterElementsUpdate3,36201,301399,125366.66666666667,376100,3
ov__pass,ConvertAvgPool14ToAvgPool1,34000,65099,44466.333333333336,133399,3
ov__pass,ConvertEmbeddingBagOffsets15ToEmbeddingBagOffsetsSum3,33101,47000,38000.333333333336,114001,3
ov__pass,ConvertEmbeddingBagPacked15ToEmbeddingBagPackedSum3,32800,54000,40233.333333333336,120700,3
ov__pass,ConvertScatterNDUpdate15ToScatterNDUpdate3,54099,54099,54099.0,54099,1
ov__pass,ConvertSliceScatter,110600,110600,110600.0,110600,1
ov__pass,ConvertSqueeze15ToSqueeze0,33999,73301,47233.333333333336,141700,3
ov__pass,ConvertOneHot16To1,33201,84599,50533.0,151599,3
ov__pass,ConvertBitwiseToLogical,37400,78900,51933.333333333336,155800,3
ov__pass,StridesOptimization,787700,3142500,1663500.0,4990500,3
ov__pass,CommonOptimizations,58027100,266266500,130722467.0,392167401,3
ov__pass,KeepMOE3GemmConstPrecision,316401,316401,316401.0,316401,1
ov__pass,ConvertPagedAttnInputs,53000,56700,55066.333333333336,165199,3
ov__pass,WrapInterpolateIntoTransposes,41900,70600,51800.0,155400,3
ov__pass,TransposeSinking,72600,130000,97433.0,292299,3
ov__pass,ConvertBinaryConvolutionToConvolution,50000,50000,50000.0,50000,1
ov__pass,ConvertSequenceToTensorIterator,37899,50000,42599.666666666664,127799,3
ov__pass,ConvertTopK3,86401,86401,86401.0,86401,1
ov__pass,ConvertOpSet3ToOpSet2,2481301,2481301,2481301.0,2481301,1
ov__pass,ConvertSpaceToBatch,38101,72200,49667.0,149001,3
ov__pass,ConvertBatchToSpace,33401,69300,45633.666666666664,136901,3
ov__pass,ConvertOpSet2ToOpSet1,94699,2128200,774366.6666666666,2323100,3
ov__pass,LSTMCellDecomposition,36001,103899,63433.666666666664,190301,3
ov__pass,GRUCellDecomposition,33900,72800,51266.666666666664,153800,3
ov__pass,RNNCellDecomposition,33099,68300,45233.333333333336,135700,3
ov__pass,BidirectionalLSTMSequenceDecomposition,48900,48900,48900.0,48900,1
ov__pass,BidirectionalGRUSequenceDecomposition,38500,38500,38500.0,38500,1
ov__pass,BidirectionalRNNSequenceDecomposition,37200,37200,37200.0,37200,1
ov__pass,ConvertShapeOf1To3,85400,85400,85400.0,85400,1
ov__pass,ConvertNMS1ToNMS9,33600,51999,39999.666666666664,119999,3
ov__pass,ConvertNMS3ToNMS9,34000,48300,39266.333333333336,117799,3
ov__pass,ConvertNMS4ToNMS9,32400,65500,43666.666666666664,131000,3
ov__pass,ConvertNMS5ToNMS9,33600,67400,45233.666666666664,135701,3
ov__pass,ConvertNMS9ToNMSIEInternal,49700,49700,49700.0,49700,1
ov__pass,ConvertNMSRotatedToNMSIEInternal,52000,52000,52000.0,52000,1
ov__pass,ConvertGP9ToGPIEInternal,51600,51600,51600.0,51600,1
ov__pass,ConvertMatrixNmsToMatrixNmsIE,49400,49400,49400.0,49400,1
ov__pass,ConvertGather0D,57400,57400,57400.0,57400,1
ov__pass,ConvertMulticlassNmsToMulticlassNmsIE,51899,51899,51899.0,51899,1
ov__pass,DecomposeReduceForScalarOutput,50699,50699,50699.0,50699,1
ov__pass,ConvertReduceToReshape,59000,59000,59000.0,59000,1
ov__pass,ConvertAvgPoolingToReduce,285801,285801,285801.0,285801,1
ov__pass,DecomposeReduceForFalseKeepDims,436300,436300,436300.0,436300,1
ov__pass,NormalizeL2DecompositionGPU,121800,121800,121800.0,121800,1
ov__pass,LoraSubgraphFusion,397100,517700,456567.0,1369701,3
ov__pass,UnrollTensorIterator,847199,847199,847199.0,847199,1
ov__pass,MoveEltwiseUpThroughDataMovScalar,246000,246000,246000.0,246000,1
ov__pass,RoPEFusionFlux,211100,281499,246299.5,492599,2
ov__pass,RoPEFusionGPTNEOX,190800,242999,211099.83333333334,1266599,6
ov__pass,RoPEFusionGPTOSS,38000,695500,258500.0,775500,3
ov__pass,RoPEFusionCosSinPreprocess,34501,54900,41900.333333333336,125701,3
ov__pass,RoPEFusionPreprocess,255801,295700,279433.6666666667,838301,3
ov__pass,RoPEFusionChatGLM,266999,1003900,402033.0,2412198,6
ov__pass,RoPEFusionChatGLMHF,40600,64600,48700.0,146100,3
ov__pass,RoPEFusionQwen,228999,314500,270732.6666666667,812198,3
ov__pass,RoPEFusionLtxVideo,154600,154600,154600.0,154600,1
ov__pass,RoPEFusion,5206700,16144300,10184233.666666666,30552701,3
ov__pass,IncreasePositionIdsPrecisionBase,81300,81300,81300.0,81300,1
ov__pass,IncreasePositionIdsPrecisionForQwen25VL,65999,65999,65999.0,65999,1
ov__pass,IncreasePositionIdsPrecisionForQwen3VL,90100,90100,90100.0,90100,1
ov__pass,IncreasePositionIdsPrecisionForLtxVideo,61600,61600,61600.0,61600,1
ov__pass,IncreasePositionIdsPrecisionForGPTOSS,53000,53000,53000.0,53000,1
ov__pass,IncreasePositionIdsPrecision,7726400,7726400,7726400.0,7726400,1
ov__pass,SwiGluFusionWithClamp,99300,99300,99300.0,99300,1
ov__pass,ConvertWeightCompressedConv1x1ToMatmul,290700,345400,311633.3333333333,934900,3
ov__pass,IncreasePrecisionForQwenVLMerger,78900,78900,78900.0,78900,1
ov__pass,IncreaseRMSInputPrecision,2662200,2662200,2662200.0,2662200,1
ov__pass,ov::intel_gpu::ClampFP16Output,50700,50700,50700.0,50700,1
ov__pass,ConvertMatMulToFullyConnected,536600,536600,536600.0,536600,1
ov__pass,MoveFCReshapeToWeights,62600,270599,138466.33333333334,415399,3
ov__pass,ConvertFullyConnectedToFullyConnectedCompressed,131600,259899,183933.0,551799,3
ov__pass,FullyConnectedHorizontalFusion,60000,60000,60000.0,60000,1
ov__pass,LoRASubgraphHorizontalFusion,55699,55699,55699.0,55699,1
ov__pass,LoRAHorizontalFusion,59700,59700,59700.0,59700,1
ov__pass,SDPAScaleFusionPass,452601,452601,452601.0,452601,1
ov__pass,SDPAScaleFusion,3432900,3432900,3432900.0,3432900,1
ov__pass,ConvertGatherToGatherCompressed,58101,58101,58101.0,58101,1
ov__pass,KVCacheFusion,51800,51800,51800.0,51800,1
ov__pass,FullyConnectedConvertFusion,94199,94199,94199.0,94199,1
ov__pass,TransposeFusion,3716000,3716000,3716000.0,3716000,1
ov__pass,UnsqueezeBroadcastReshapeSDPAFusion,395401,395401,395401.0,395401,1
ov__pass,GLUFusion,105400,105400,105400.0,105400,1
ov__pass,IndirectKVCache,1926300,1926300,1926300.0,1926300,1
ov__pass,KVCacheCompression,740700,740700,740700.0,740700,1
ov__pass,AsymmetricConvolutionMatcher,214201,214201,214201.0,214201,1
ov__pass,ConvolutionMatcher,977100,977100,977100.0,977100,1
ov__pass,ConvertConvolutionToInternal,2768499,2768499,2768499.0,2768499,1
ov__pass,MoveEltwiseUpThroughDataMovPerChannel,490900,490900,490900.0,490900,1
ov__pass,ConvertStridedSlicesToVariadicSplit,67001,67001,67001.0,67001,1
ov__pass,BroadcastAndPadZeroPointBuffers,128300,128300,128300.0,128300,1
ov__pass,OptimizeSubsequentReshapes,76200,76200,76200.0,76200,1
ov__pass,SinkReshapeIfNeeded,107500,107500,107500.0,107500,1
ov__pass,DynamicQuantizeFullyConnected,368200,368200,368200.0,368200,1
ov__pass,EliminatePad,48601,48601,48601.0,48601,1
ov__pass,ConstantsReduce,1275200,1275200,1275200.0,1275200,1
ov__pass,CompressedGatherTransformation,97300,144000,120650.0,241300,2
ov__pass,MarkShapeOfSubgraphs,245300,410700,328000.0,656000,2
ov__pass,KeepConstAndDecompression,32400,108699,65774.75,263099,4
ov__pass,AUGRUCellFusion,177200,221100,199150.0,398300,2
ov__pass,TSShapeOfForward,57001,67700,62350.5,124701,2
ov__pass,StatefulSDPAFusion,1237301,1263200,1250250.5,2500501,2
ov__pass,SDPAFuseTransposeReshape,110101,159100,134600.5,269201,2
ov__pass,SDPASubgraphFusion,25900300,28765300,27332800.0,54665600,2
ov__pass,ConvertGather1ToGather7,37001,66100,51550.5,103101,2
ov__pass,ConvertSoftMax8ToSoftMax1,33701,52900,43300.5,86601,2
ov__pass,ConvertPriorBox8To0,33201,80900,57050.5,114101,2
ov__pass,ConvertDetectionOutput1ToDetectionOutput8,36701,60099,48400.0,96800,2
ov__pass,ConvertROIAlign3To9,33900,73899,53899.5,107799,2
ov__pass,ConvertPad12ToPad1,128801,311801,220301.0,440602,2
ov__pass,ConvertShapeOf3,33600,57500,45550.0,91100,2
ov__pass,InsertConvertAfterExtension,186599,279900,233249.5,466499,2
ov__pass,EliminateIdentityConvert,32900,48200,40550.0,81100,2
ov__pass,SwapConvertTranspose,50500,74801,62650.5,125301,2
ov__pass,ConvertToInteraction,255100,338700,296900.0,593800,2
ov__pass,ConvertInteractionInt8,38599,60200,49399.5,98799,2
ov__pass,PermuteSliceAndInterpolation,39599,68200,53899.5,107799,2
ov__pass,ConvertBroadcast3,35300,57399,46349.5,92699,2
ov__pass,ReshapePRelu,33801,46401,40101.0,80202,2
ov__pass,MoveEltwiseUpThroughDataMov,168501,315701,242101.0,484202,2
ov__pass,FuseFQtoInteraction,36500,75399,55949.5,111899,2
ov__pass,ConvertFqRnnToQuantizedRnn,247000,323600,285300.0,570600,2
ov__pass,RoPEFusionGPTJ,42401,84099,63250.0,126500,2
ov__pass,RoPEFusionIOSlicing,38301,62700,50500.5,101001,2
ov__pass,RoPEShareCosSin,34200,54600,44400.0,88800,2
ov__pass,CausalMaskPreprocess,36001,63501,49751.0,99502,2
ov__pass,CausalMaskPreprocessFusion,1242500,3918499,2580499.5,5160999,2
ov__pass,DecomposeRMSNorm,34099,47201,40650.0,81300,2
ov__pass,NgramFusion,40501,122501,81501.0,163002,2
ov__pass,SnippetsMarkSkipped,391500,1403200,897350.0,1794700,2
ov__pass,snippets::pass::EnumerateNodes,89699,2627499,1358599.0,2717198,2
ov__pass,ExtractReshapesFromMHA,62300,1711800,887050.0,1774100,2
ov__pass,snippets::pass::TokenizeMHASnippets,112199,3149700,1630949.5,3261899,2
ov__pass,snippets::pass::TokenizeMLPSeqSnippets,61000,1875499,968249.5,1936499,2
ov__pass,snippets::pass::TransformConvertToConvertTruncation,3399,43900,6464.9,258596,40
ov__pass,snippets::pass::CommonOptimizations,439500,3183601,1811550.5,3623101,2
ov__pass,snippets::pass::SnippetsTokenization,2660500,28504400,15582450.0,31164900,2
ov__pass,FakeQuantizeDecomposition,35200,73100,54150.0,108300,2
ov__pass,FakeConvertDecomposition,34599,58400,46499.5,92999,2
ov__pass,MoEMatMulsFusion,35901,73500,54700.5,109401,2
ov__pass,ConvertBatchGatherMatmulToBatchGatherMatmulCompressed,33700,54600,44150.0,88300,2
ov__pass,ConvertMatMulToFC,289101,508600,398850.5,797701,2
ov__pass,FullyConnectedBiasFusion,297501,727200,512350.5,1024701,2
ov__pass,ConvertFCToFCQuantizedLegacy,36300,59099,47699.5,95399,2
ov__pass,AlignMatMulInputRanks,36099,57600,46849.5,93699,2
ov__pass,ConvertTileToSeqTiles,38500,58300,48400.0,96800,2
ov__pass,ConvertToPowerStatic,468700,658100,563400.0,1126800,2
ov__pass,ConvertToLeakyRelu,35400,58700,47050.0,94100,2
ov__pass,ConvertToSwishCPU,8499,472400,35276.28571428572,1481604,42
ov__pass,OptimizeSequenceTransposes,36601,55699,46150.0,92300,2
ov__pass,ReshapeSequenceFusion,46001,74801,60401.0,120802,2
ov__pass,MoveReadValueInputsToSubgraph,36000,95900,65950.0,131900,2
ov__pass,snippets::pass::Canonicalization,1501,1638500,43227.525,1729101,40
ov__pass,snippets::pass::AnalyzeBroadcastableInputs,3999,1576800,45727.525,1829101,40
ov__pass,snippets::pass::AlignElementTypes,500,1707601,43627.475,1745099,40
ov__pass,snippets::pass::BroadcastToMoveBroadcast,1800,27799,2942.525,117701,40
ov__pass,snippets::pass::ReduceToSnippetsReduce,1500,17901,2362.55,94502,40
ov__pass,snippets::pass::ConvertConstantsToScalars,2700,27700,5063.925,405114,80
ov__pass,snippets::pass::ConvertPowerToPowerStatic,2700,17801,3827.6,153104,40
ov__pass,BrgemmToBrgemmCPU,3600,1684100,47467.625,1898705,40
ov__pass,snippets::pass::PropagatePrecision,5499,1488100,45032.45,1801298,40
ov__pass,RemoveConverts,1400,12801,2445.025,97801,40
ov__pass,MulAddToFMA,1399,1426499,42732.475,1709299,40
ov__ReadTime,CoreImpl::read_model from file,11448800,63403200,29484233.333333332,88452700,3
ov__op__gpu,constant:dense_9/Tensordot/ReadVariableOp:0_postponed_compression,2676500,2676500,2676500.0,2676500,1
ov__op__gpu,constant:dense_8/Tensordot/ReadVariableOp:0_postponed_compression,1411999,1411999,1411999.0,1411999,1
ov__op__gpu,constant:dense_7/Tensordot/ReadVariableOp:0_postponed_compression,1406401,1406401,1406401.0,1406401,1
ov__op__gpu,constant:dense_6/Tensordot/ReadVariableOp:0_postponed_compression,1506100,1506100,1506100.0,1506100,1
ov__op__gpu,constant:dense_5/Tensordot/ReadVariableOp:0_postponed_compression,1718200,1718200,1718200.0,1718200,1
ov__op__gpu,constant:dense_4/Tensordot/ReadVariableOp:0_postponed_compression,1588901,1588901,1588901.0,1588901,1
ov__op__gpu,constant:dense_3/Tensordot/ReadVariableOp:0_postponed_compression,1761800,1761800,1761800.0,1761800,1
ov__op__gpu,constant:dense_2/Tensordot/ReadVariableOp:0_postponed_compression,1466700,1466700,1466700.0,1466700,1
ov__op__gpu,constant:dense_11/Tensordot/ReadVariableOp:0_postponed_compression,1420600,1420600,1420600.0,1420600,1
ov__op__gpu,constant:dense_10/Tensordot/ReadVariableOp:0_postponed_compression,1345500,1345500,1345500.0,1345500,1
ov__op__gpu,constant:dense_1/Tensordot/ReadVariableOp:0_postponed_compression,1347700,1347700,1347700.0,1347700,1
ov__op__gpu,constant:dense/Tensordot/ReadVariableOp:0_postponed_compression,1650700,1650700,1650700.0,1650700,1
ov__op__gpu,constant:conv2d_transpose/filter:0,1736500,1736500,1736500.0,1736500,1
ov__op__gpu,constant:conv2d_9/conv2d/filter:0,1728500,1728500,1728500.0,1728500,1
ov__op__gpu,constant:conv2d_8/conv2d/filter:0,1552899,1552899,1552899.0,1552899,1
ov__op__gpu,constant:conv2d_7/conv2d/filter:0,1644301,1644301,1644301.0,1644301,1
ov__op__gpu,constant:conv2d_6/conv2d/filter:0,1611401,1611401,1611401.0,1611401,1
ov__op__gpu,constant:conv2d_5/conv2d/filter:0,1865001,1865001,1865001.0,1865001,1
ov__op__gpu,constant:conv2d_4/conv2d/filter:0,1427200,1427200,1427200.0,1427200,1
ov__op__gpu,constant:conv2d_30/conv2d/filter:0,2296100,2296100,2296100.0,2296100,1
ov__op__gpu,constant:conv2d_3/conv2d/filter:0,1571100,1571100,1571100.0,1571100,1
ov__op__gpu,constant:conv2d_29/conv2d/filter:0,1221100,1221100,1221100.0,1221100,1
ov__op__gpu,constant:conv2d_28/conv2d/filter:0,1874800,1874800,1874800.0,1874800,1
ov__op__gpu,constant:conv2d_27/conv2d/filter:0,1311500,1311500,1311500.0,1311500,1
ov__op__gpu,constant:conv2d_26/conv2d/filter:0,1352100,1352100,1352100.0,1352100,1
ov__op__gpu,constant:conv2d_25/conv2d/filter:0,2012701,2012701,2012701.0,2012701,1
ov__op__gpu,constant:conv2d_24/conv2d/filter:0,1324600,1324600,1324600.0,1324600,1
ov__op__gpu,constant:conv2d_23/conv2d/filter:0,2285700,2285700,2285700.0,2285700,1
ov__op__gpu,constant:conv2d_22/conv2d/filter:0,1352600,1352600,1352600.0,1352600,1
ov__op__gpu,constant:conv2d_21/conv2d/filter:0,1211100,1211100,1211100.0,1211100,1
ov__op__gpu,constant:conv2d_20/conv2d/filter:0,1486800,1486800,1486800.0,1486800,1
ov__op__gpu,constant:conv2d_2/conv2d/filter:0,1925100,1925100,1925100.0,1925100,1
ov__op__gpu,constant:conv2d_19/conv2d/filter:0,2087900,2087900,2087900.0,2087900,1
ov__op__gpu,constant:conv2d_18/conv2d/filter:0,1280400,1280400,1280400.0,1280400,1
ov__op__gpu,constant:conv2d_17/conv2d/filter:0,1981200,1981200,1981200.0,1981200,1
ov__op__gpu,constant:conv2d_16/conv2d/filter:0,2003600,2003600,2003600.0,2003600,1
ov__op__gpu,constant:conv2d_15/conv2d/filter:0,1907600,1907600,1907600.0,1907600,1
ov__op__gpu,constant:conv2d_14/conv2d/filter:0,1538800,1538800,1538800.0,1538800,1
ov__op__gpu,constant:conv2d_13/conv2d/filter:0,1481300,1481300,1481300.0,1481300,1
ov__op__gpu,constant:conv2d_12/conv2d/filter:0,1747200,1747200,1747200.0,1747200,1
ov__op__gpu,constant:conv2d_11/conv2d/filter:0,2077500,2077500,2077500.0,2077500,1
ov__op__gpu,constant:conv2d_10/conv2d/filter:0,1521001,1521001,1521001.0,1521001,1
ov__op__gpu,constant:conv2d_1/conv2d/filter:0,1770300,1770300,1770300.0,1770300,1
ov__op__gpu,constant:conv2d/conv2d/filter:0,2206000,2206000,2206000.0,2206000,1
ov__op__gpu,constant:Reshape_856,1845301,1845301,1845301.0,1845301,1
ov__op__gpu,constant:Reshape_734,1510000,1510000,1510000.0,1510000,1
ov__op__gpu,constant:Reshape_612,1919600,1919600,1919600.0,1919600,1
ov__op__gpu,constant:Reshape_54,1571699,1571699,1571699.0,1571699,1
ov__op__gpu,constant:Reshape_488,2028700,2028700,2028700.0,2028700,1
ov__op__gpu,constant:Reshape_365,1289400,1289400,1289400.0,1289400,1
ov__op__gpu,constant:Reshape_266,1322701,1322701,1322701.0,1322701,1
ov__op__gpu,constant:Reshape_171,1675801,1675801,1675801.0,1675801,1
ov__op__gpu,constant:Reshape_1327,1422200,1422200,1422200.0,1422200,1
ov__op__gpu,constant:Reshape_1195,1194200,1194200,1194200.0,1194200,1
ov__op__gpu,constant:Reshape_1063,1721500,1721500,1721500.0,1721500,1
ov__op__gpu,constant:Constant_8132,2006301,2006301,2006301.0,2006301,1
ov__op__gpu,convert:dense_9/Tensordot/ReadVariableOp:0,1542500,1542500,1542500.0,1542500,1
ov__op__gpu,convert:dense_8/Tensordot/ReadVariableOp:0,1681599,1681599,1681599.0,1681599,1
ov__op__gpu,convert:dense_7/Tensordot/ReadVariableOp:0,1819601,1819601,1819601.0,1819601,1
ov__op__gpu,convert:dense_6/Tensordot/ReadVariableOp:0,1581700,1581700,1581700.0,1581700,1
ov__op__gpu,convert:dense_5/Tensordot/ReadVariableOp:0,2003600,2003600,2003600.0,2003600,1
ov__op__gpu,convert:dense_4/Tensordot/ReadVariableOp:0,1997700,1997700,1997700.0,1997700,1
ov__op__gpu,convert:dense_3/Tensordot/ReadVariableOp:0,1646301,1646301,1646301.0,1646301,1
ov__op__gpu,convert:dense_2/Tensordot/ReadVariableOp:0,1508800,1508800,1508800.0,1508800,1
ov__op__gpu,convert:dense_11/Tensordot/ReadVariableOp:0,1539599,1539599,1539599.0,1539599,1
ov__op__gpu,convert:dense_10/Tensordot/ReadVariableOp:0,1830600,1830600,1830600.0,1830600,1
ov__op__gpu,convert:dense_1/Tensordot/ReadVariableOp:0,1503700,1503700,1503700.0,1503700,1
ov__op__gpu,convert:dense/Tensordot/ReadVariableOp:0,1887499,1887499,1887499.0,1887499,1
ov__op__gpu,constant:conv2d_transpose/filter:0_reorder_fmt,2320200,2320200,2320200.0,2320200,1
ov__op__gpu,constant:conv2d_9/conv2d/filter:0_weights_reorder_13,1708500,1708500,1708500.0,1708500,1
ov__op__gpu,constant:conv2d_8/conv2d/filter:0_weights_reorder_12,1372200,1372200,1372200.0,1372200,1
ov__op__gpu,constant:conv2d_7/conv2d/filter:0_weights_reorder_10,2127500,2127500,2127500.0,2127500,1
ov__op__gpu,constant:conv2d_6/conv2d/filter:0_weights_reorder_9,1654400,1654400,1654400.0,1654400,1
ov__op__gpu,constant:conv2d_5/conv2d/filter:0_weights_reorder_7,1708601,1708601,1708601.0,1708601,1
ov__op__gpu,constant:conv2d_4/conv2d/filter:0_weights_reorder_6,1412900,1412900,1412900.0,1412900,1
ov__op__gpu,constant:conv2d_30/conv2d/filter:0_weights_reorder_40,2027800,2027800,2027800.0,2027800,1
ov__op__gpu,constant:conv2d_3/conv2d/filter:0_weights_reorder_4,2207801,2207801,2207801.0,2207801,1
ov__op__gpu,constant:conv2d_29/conv2d/filter:0_weights_reorder_39,1929300,1929300,1929300.0,1929300,1
ov__op__gpu,constant:conv2d_28/conv2d/filter:0_weights_reorder_38,1562600,1562600,1562600.0,1562600,1
ov__op__gpu,constant:conv2d_27/conv2d/filter:0_weights_reorder_37,1371800,1371800,1371800.0,1371800,1
ov__op__gpu,constant:conv2d_26/conv2d/filter:0_weights_reorder_35,1863699,1863699,1863699.0,1863699,1
ov__op__gpu,constant:conv2d_25/conv2d/filter:0_weights_reorder_34,2337600,2337600,2337600.0,2337600,1
ov__op__gpu,constant:conv2d_24/conv2d/filter:0_weights_reorder_33,1646500,1646500,1646500.0,1646500,1
ov__op__gpu,constant:conv2d_23/conv2d/filter:0_weights_reorder_32,1706100,1706100,1706100.0,1706100,1
ov__op__gpu,constant:conv2d_22/conv2d/filter:0_weights_reorder_30,1687400,1687400,1687400.0,1687400,1
ov__op__gpu,constant:conv2d_21/conv2d/filter:0_weights_reorder_29,1713000,1713000,1713000.0,1713000,1
ov__op__gpu,constant:conv2d_20/conv2d/filter:0_weights_reorder_28,1764600,1764600,1764600.0,1764600,1
ov__op__gpu,constant:conv2d_2/conv2d/filter:0_weights_reorder_3,2101200,2101200,2101200.0,2101200,1
ov__op__gpu,constant:conv2d_19/conv2d/filter:0_weights_reorder_27,1605300,1605300,1605300.0,1605300,1
ov__op__gpu,constant:conv2d_18/conv2d/filter:0_weights_reorder_25,2146001,2146001,2146001.0,2146001,1
ov__op__gpu,constant:conv2d_17/conv2d/filter:0_weights_reorder_26,2181401,2181401,2181401.0,2181401,1
ov__op__gpu,constant:conv2d_16/conv2d/filter:0_weights_reorder_24,1647400,1647400,1647400.0,1647400,1
ov__op__gpu,constant:conv2d_15/conv2d/filter:0_weights_reorder_22,1612500,1612500,1612500.0,1612500,1
ov__op__gpu,constant:conv2d_14/conv2d/filter:0_weights_reorder_21,1432999,1432999,1432999.0,1432999,1
ov__op__gpu,constant:conv2d_13/conv2d/filter:0_weights_reorder_19,1953300,1953300,1953300.0,1953300,1
ov__op__gpu,constant:conv2d_12/conv2d/filter:0_weights_reorder_18,1618200,1618200,1618200.0,1618200,1
ov__op__gpu,constant:conv2d_11/conv2d/filter:0_weights_reorder_16,1710801,1710801,1710801.0,1710801,1
ov__op__gpu,constant:conv2d_10/conv2d/filter:0_weights_reorder_15,1642801,1642801,1642801.0,1642801,1
ov__op__gpu,constant:conv2d_1/conv2d/filter:0_weights_reorder_1,1580900,1580900,1580900.0,1580900,1
ov__op__gpu,constant:conv2d/conv2d/filter:0_weights_reorder_0,1395501,1395501,1395501.0,1395501,1
ov__op__gpu,constant:Reshape_856_weights_reorder_23,2051701,2051701,2051701.0,2051701,1
ov__op__gpu,constant:Reshape_734_weights_reorder_20,1480401,1480401,1480401.0,1480401,1
ov__op__gpu,constant:Reshape_612_weights_reorder_17,2444700,2444700,2444700.0,2444700,1
ov__op__gpu,constant:Reshape_54_weights_reorder_2,1570400,1570400,1570400.0,1570400,1
ov__op__gpu,constant:Reshape_488_weights_reorder_14,1509800,1509800,1509800.0,1509800,1
ov__op__gpu,constant:Reshape_365_weights_reorder_11,2066599,2066599,2066599.0,2066599,1
ov__op__gpu,constant:Reshape_266_weights_reorder_8,1770300,1770300,1770300.0,1770300,1
ov__op__gpu,constant:Reshape_171_weights_reorder_5,1601500,1601500,1601500.0,1601500,1
ov__op__gpu,constant:Reshape_1327_weights_reorder_41,1674300,1674300,1674300.0,1674300,1
ov__op__gpu,constant:Reshape_1195_weights_reorder_36,1507500,1507500,1507500.0,1507500,1
ov__op__gpu,constant:Reshape_1063_weights_reorder_31,1487799,1487799,1487799.0,1487799,1
ov__op__gpu,constant:Constant_8132_reorder_transpose:conv2d_transpose__206,2750499,2750499,2750499.0,2750499,1
ov__op__gpu,parameter:input_1:0,10199,1643899,48261.244897959186,2364801,49
ov__op__gpu,convert:Convert_4148,17300,2143400,69544.97959183673,3407704,49
ov__op__gpu,transpose:conv2d/conv2d__5,3501,2168000,48904.08163265306,2396300,49
ov__op__gpu,convolution:Conv__207/WithoutBiases,48099,3046100,115136.77551020408,5641702,49
ov__op__gpu,convolution:Conv__210/WithoutBiases,12799,1703700,49185.77551020408,2410103,49
ov__op__gpu,convolution:Conv__211/WithoutBiases,10899,2344000,60034.5918367347,2941695,49
ov__op__gpu,reducemean:average_pooling2d/AvgPool,13500,2016000,56963.32653061225,2791203,49
ov__op__gpu,reducemean:average_pooling2d/AvgPool_0_reorder_1,2899,1616600,36775.448979591834,1801997,49
ov__op__gpu,fullyconnected:dense/Tensordot/MatMul,25699,1868400,66938.77551020408,3280000,49
ov__op__gpu,reshape:dense/Tensordot,3400,1464000,34120.4693877551,1671903,49
ov__op__gpu,add:dense/BiasAdd,7900,1687000,44143.02040816326,2163008,49
ov__op__gpu,fullyconnected:dense_1/Tensordot/MatMul,18100,1685299,54459.204081632655,2668501,49
ov__op__gpu,fullyconnected:dense_1/Tensordot/MatMul_0_reorder_2,11000,1544700,44232.63265306123,2167399,49
ov__op__gpu,transpose:Transpose__212,8399,1938200,49214.38775510204,2411505,49
ov__op__gpu,transpose:conv2d_2/conv2d__23,6501,1902100,45981.77551020408,2253107,49
ov__op__gpu,convolution:Conv__214/WithoutBiases,11100,1816500,49218.4081632653,2411702,49
ov__op__gpu,convolution:Conv__218/WithoutBiases,10600,2379700,60681.65306122449,2973401,49
ov__op__gpu,convolution:Conv__219/WithoutBiases,9799,1468000,41091.69387755102,2013493,49
ov__op__gpu,convolution:Conv__220/WithoutBiases,10699,2295101,59042.795918367345,2893097,49
ov__op__gpu,convolution:Conv__223/WithoutBiases,10299,1836200,48808.183673469386,2391601,49
ov__op__gpu,convolution:Conv__224/WithoutBiases,9600,1806999,47934.551020408166,2348793,49
ov__op__gpu,convolution:Conv__225/WithoutBiases,10000,1892600,50157.0,2457693,49
ov__op__gpu,convolution:Conv__230/WithoutBiases,8699,1585501,42353.02040816326,2075298,49
ov__op__gpu,convolution:Conv__233/WithoutBiases,10600,1581701,44287.67346938775,2170096,49
ov__op__gpu,reducemean:average_pooling2d_1/AvgPool,10500,1637500,45553.08163265306,2232101,49
ov__op__gpu,reducemean:average_pooling2d_1/AvgPool_0_reorder_3,2300,1489499,33147.0,1624203,49
ov__op__gpu,fullyconnected:dense_2/Tensordot/MatMul,14800,2143099,60255.163265306124,2952503,49
ov__op__gpu,reshape:dense_2/Tensordot,2200,1507301,33518.34693877551,1642399,49
ov__op__gpu,add:dense_2/BiasAdd,7501,1693001,43573.38775510204,2135096,49
ov__op__gpu,fullyconnected:dense_3/Tensordot/MatMul,14800,1825900,53697.87755102041,2631196,49
ov__op__gpu,fullyconnected:dense_3/Tensordot/MatMul_0_reorder_4,8400,2025100,51224.38775510204,2509995,49
ov__op__gpu,transpose:Transpose__406,6900,2111600,50726.489795918365,2485598,49
ov__op__gpu,transpose:conv2d_8/conv2d__59,7100,1377600,37583.755102040814,1841604,49
ov__op__gpu,convolution:Conv__236/WithoutBiases,11300,1661099,46434.65306122449,2275298,49
ov__op__gpu,convolution:Conv__239/WithoutBiases,11601,1807000,51134.61224489796,2505596,49
ov__op__gpu,convolution:Conv__242/WithoutBiases,10800,1553101,43979.5918367347,2155000,49
ov__op__gpu,reducemean:average_pooling2d_2/AvgPool,8200,1471600,39012.163265306124,1911596,49
ov__op__gpu,reducemean:average_pooling2d_2/AvgPool_0_reorder_5,2100,1966700,43108.22448979592,2112303,49
ov__op__gpu,fullyconnected:dense_4/Tensordot/MatMul,10400,2492800,62922.448979591834,3083200,49
ov__op__gpu,reshape:dense_4/Tensordot,1801,1405401,31122.48979591837,1525002,49
ov__op__gpu,add:dense_4/BiasAdd,6600,1404300,36053.0,1766597,49
ov__op__gpu,fullyconnected:dense_5/Tensordot/MatMul,11601,1572699,44891.69387755102,2199693,49
ov__op__gpu,fullyconnected:dense_5/Tensordot/MatMul_0_reorder_6,9200,1538800,42067.34693877551,2061300,49
ov__op__gpu,transpose:Transpose__407,5800,1662801,41781.73469387755,2047305,49
ov__op__gpu,transpose:conv2d_10/conv2d__75,5800,2091400,49618.30612244898,2431297,49
ov__op__gpu,convolution:Conv__245/WithoutBiases,10801,1870500,50498.04081632653,2474404,49
ov__op__gpu,convolution:Conv__248/WithoutBiases,7000,1641999,41375.61224489796,2027405,49
ov__op__gpu,convolution:Conv__251/WithoutBiases,7401,2128600,51728.5918367347,2534701,49
ov__op__gpu,reducemean:average_pooling2d_3/AvgPool,6300,2000701,48277.5306122449,2365599,49
ov__op__gpu,reducemean:average_pooling2d_3/AvgPool_0_reorder_7,2200,1911000,41634.61224489796,2040096,49
ov__op__gpu,fullyconnected:dense_6/Tensordot/MatMul,8600,1928800,48998.02040816326,2400903,49
ov__op__gpu,reshape:dense_6/Tensordot,1999,1283900,28822.51020408163,1412303,49
ov__op__gpu,add:dense_6/BiasAdd,5200,1858900,44428.510204081635,2176997,49
ov__op__gpu,fullyconnected:dense_7/Tensordot/MatMul,8501,2135999,53410.12244897959,2617096,49
ov__op__gpu,fullyconnected:dense_7/Tensordot/MatMul_0_reorder_8,6599,2057901,49767.4693877551,2438606,49
ov__op__gpu,transpose:Transpose__409,4401,1490000,35967.42857142857,1762404,49
ov__op__gpu,transpose:conv2d_12/conv2d__91,5200,2059200,48253.08163265306,2364401,49
ov__op__gpu,convolution:Conv__254/WithoutBiases,8100,1636900,42336.61224489796,2074494,49
ov__op__gpu,convolution:Conv__257/WithoutBiases,10700,1425101,40618.4693877551,1990305,49
ov__op__gpu,convolution:Conv__260/WithoutBiases,10100,1463900,40750.95918367347,1996797,49
ov__op__gpu,reducemean:average_pooling2d_4/AvgPool,6399,1854000,45065.30612244898,2208200,49
ov__op__gpu,reducemean:average_pooling2d_4/AvgPool_0_reorder_9,1900,1478600,32393.918367346938,1587302,49
ov__op__gpu,fullyconnected:dense_8/Tensordot/MatMul,8700,2943899,69787.63265306123,3419594,49
ov__op__gpu,reshape:dense_8/Tensordot,1400,1763500,38326.65306122449,1878006,49
ov__op__gpu,add:dense_8/BiasAdd,5300,1390200,34936.795918367345,1711903,49
ov__op__gpu,fullyconnected:dense_9/Tensordot/MatMul,9100,1854700,48214.142857142855,2362493,49
ov__op__gpu,fullyconnected:dense_9/Tensordot/MatMul_0_reorder_10,6799,1468299,37791.91836734694,1851804,49
ov__op__gpu,transpose:Transpose__412,5500,1600000,38853.0,1903797,49
ov__op__gpu,transpose:conv2d_14/conv2d__107,6300,1403401,35538.755102040814,1741399,49
ov__op__gpu,convolution:Conv__263/WithoutBiases,10400,1580000,43983.551020408166,2155194,49
ov__op__gpu,convolution:Conv__264/WithoutBiases,9401,1496799,40985.857142857145,2008307,49
ov__op__gpu,convolution:Conv__267/WithoutBiases,9699,2089799,53589.795918367345,2625900,49
ov__op__gpu,reducemean:average_pooling2d_5/AvgPool,7200,1637599,41361.34693877551,2026706,49
ov__op__gpu,reducemean:average_pooling2d_5/AvgPool_0_reorder_11,14199,1390000,45748.97959183674,2241700,49
ov__op__gpu,fullyconnected:dense_10/Tensordot/MatMul,12900,2806900,73510.1836734694,3601999,49
ov__op__gpu,reshape:dense_10/Tensordot,1899,1329299,29620.51020408163,1451405,49
ov__op__gpu,add:dense_10/BiasAdd,5900,1664100,41373.4081632653,2027297,49
ov__op__gpu,fullyconnected:dense_11/Tensordot/MatMul,11801,1766700,49675.551020408166,2434102,49
ov__op__gpu,fullyconnected:dense_11/Tensordot/MatMul_0_reorder_12,8200,1938701,48953.06122448979,2398700,49
ov__op__gpu,transpose:Transpose__414,5200,1725400,41083.5306122449,2013093,49
ov__op__gpu,transpose:conv2d_16/conv2d__123,5799,1771100,42548.87755102041,2084895,49
ov__op__gpu,convolution:Conv__270/WithoutBiases,9801,1685300,45587.836734693876,2233804,49
ov__op__gpu,reducemean:average_pooling2d_6/AvgPool,6500,1504500,38353.142857142855,1879304,49
ov__op__gpu,convolution:Conv__274/WithoutBiases,9800,1937100,50126.57142857143,2456202,49
ov__op__gpu,convolution:Conv__273/WithoutBiases,9600,1892900,50614.32653061225,2480102,49
ov__op__gpu,interpolate:Resize__142,7100,2173200,52757.12244897959,2585099,49
ov__op__gpu,convolution:Conv__275/WithoutBiases,9899,1403800,40036.73469387755,1961800,49
ov__op__gpu,concat:concatenate,13100,2055300,57047.06122448979,2795306,49
ov__op__gpu,reducemean:average_pooling2d_7/AvgPool,8701,1986000,50283.551020408166,2463894,49
ov__op__gpu,convolution:Conv__288/WithoutBiases,10000,1785600,47420.34693877551,2323597,49
ov__op__gpu,convolution:Conv__289/WithoutBiases,9701,2207599,55636.836734693876,2726205,49
ov__op__gpu,multiply:multiply_7,6300,1735100,42738.755102040814,2094199,49
ov__op__gpu,convolution:Conv__290/WithoutBiases,9899,2141100,54867.36734693877,2688501,49
ov__op__gpu,convolution:Conv__293/WithoutBiases,9799,1785800,48483.816326530614,2375707,49
ov__op__gpu,interpolate:Resize__166,6501,2113501,50793.91836734694,2488902,49
ov__op__gpu,convolution:Conv__294/WithoutBiases,10101,1513800,42020.5918367347,2059009,49
ov__op__gpu,concat:concatenate_1,10600,1438799,41130.857142857145,2015412,49
ov__op__gpu,reducemean:average_pooling2d_8/AvgPool,8600,2508800,60628.32653061225,2970788,49
ov__op__gpu,convolution:Conv__307/WithoutBiases,9800,1828400,47849.02040816326,2344602,49
ov__op__gpu,convolution:Conv__308/WithoutBiases,9600,1724300,45716.4081632653,2240104,49
ov__op__gpu,multiply:multiply_8,5901,1458500,36738.795918367345,1800201,49
ov__op__gpu,convolution:Conv__309/WithoutBiases,7700,2292401,55671.448979591834,2727901,49
ov__op__gpu,convolution:Conv__312/WithoutBiases,8600,2437400,59450.93877551021,2913096,49
ov__op__gpu,interpolate:Resize__190,6100,1420900,35706.0,1749594,49
ov__op__gpu,convolution:Conv__313/WithoutBiases,9901,2069200,53469.42857142857,2620002,49
ov__op__gpu,concat:concatenate_2,8499,1657000,43244.93877551021,2119002,49
ov__op__gpu,reducemean:average_pooling2d_9/AvgPool,16101,2645601,71922.51020408163,3524203,49
ov__op__gpu,convolution:Conv__326/WithoutBiases,6600,1939700,47432.5918367347,2324197,49
ov__op__gpu,convolution:Conv__327/WithoutBiases,6301,1732199,42883.65306122449,2101299,49
ov__op__gpu,multiply:multiply_9,5999,1513400,37491.73469387755,1837095,49
ov__op__gpu,convolution:Conv__328/WithoutBiases,7200,2316500,55132.77551020408,2701506,49
ov__op__gpu,convolution:Conv__331/WithoutBiases,8799,1569500,41879.61224489796,2052101,49
ov__op__gpu,convolutionbackpropdata:conv2d_transpose,11900,1668300,47475.5918367347,2326304,49
ov__op__gpu,transpose:conv2d_transpose__206,5900,1411400,35763.244897959186,1752399,49
ov__op__gpu,result:segment:0/sink_port_0,9200,1702500,47551.08163265306,2330003,49
Plugin,set_tensor,300,427901,10048.337579617835,1577589,157
Plugin,get_tensor,599,5900,2169.5333333333333,227801,105
Plugin,get_tensors,400,3999,934.2013422818792,139196,149
ov__phases__gpu__inference,SyncInferenceGPU::wait,68001,2178300,528310.224489796,25887201,49
ov__phases__gpu__inference,SyncInferenceGPU::infer::onnx_Frontend_IR,1526700,411191600,10421461.18367347,510651598,49
SnippetsTransform,Snippets::SetTopologicalOrder,99,64600,513.599150141643,362601,706
SnippetsTransform,Snippets::EnumerateNodes,88900,1488099,788499.5,1576999,2
SnippetsTransform,Snippets::op::TokenizeMHASnippets,800,1345400,66179.16666666667,1588300,24
SnippetsTransform,Snippets::is_supported_op,199,51900,1167.0340425531915,548506,470
SnippetsTransform,Snippets::GetSnippetsNodeType,99,18700,396.20055710306406,284472,718
SnippetsTransform,Snippets::op::TokenizeMLPSeqSnippets,199,45701,2908.4166666666665,69802,24
SnippetsTransform,Snippets::CreateSubgraph_callback,200,3800500,91558.1511627907,7874001,86
SnippetsTransform,Snippets::validate_and_infer_types,6599,447999,16972.416666666668,2647697,156
SnippetsTransform,Snippets::wrap_node_as_subgraph,18500,1716800,64717.575,2588703,40
SnippetsTransform,Snippets::GetSnippetsSubgraphType,99,1900,186.8,5604,30
SnippetsTransform,Snippets::op::Validate,800,17701,1387.675,55507,40
SnippetsTransform,Snippets::CommonOptimizations,13100,1728899,59587.625,2383505,40
SnippetsTransform,Snippets::Canonicalization,1099,6100,1657.725,66309,40
SnippetsTransform,Snippets::AnalyzeBroadcastableInputs,3699,45701,6722.575,268903,40
SnippetsTransform,Snippets::AlignElementTypes,199,22299,897.55,35902,40
SnippetsTransform,ov::intel_cpu::pass::BrgemmToBrgemmCPU,3199,35099,5425.025,217001,40
SnippetsTransform,Snippets::op::PropagatePrecision,5100,54400,8737.575,349503,40
SnippetsTransform,Snippets::op::data_flow_transformations,117300,17704300,667539.875,26701595,40
SnippetsTransform,Snippets::op::control_flow_transformations_::convert_body_to_linear_ir,14099,931799,42604.9,1704196,40
SnippetsTransform,Snippets::OptimizeDomain,1400,21500,2532.45,101298,40
SnippetsTransform,Snippets::MarkLoops,6200,95200,12187.55,487502,40
SnippetsTransform,Snippets::BrgemmBlocking,199,3500,367.375,14695,40
SnippetsTransform,Snippets::ParallelizeGatedMlpNLoops,199,3200,352.55,14102,40
SnippetsTransform,Snippets::ReduceMaxDecompositionLowered,199,5101,589.85,23594,40
SnippetsTransform,Snippets::FuseLoops,1600,14600,2732.4,109296,40
SnippetsTransform,Snippets::SplitLoops,399,15399,1194.95,47798,40
SnippetsTransform,Snippets::MoveResultOutOfLoop,400,7899,712.45,28498,40
SnippetsTransform,Snippets::InsertBrgemmCopyBuffers,199,4400,354.975,14199,40
SnippetsTransform,Snippets::InsertBuffers,1500,28001,2885.025,115401,40
SnippetsTransform,Snippets::InsertLoadStore,21400,127000,32825.075,1313003,40
SnippetsTransform,Snippets::MoveScalarToConsumer,299,3299,449.875,17995,40
SnippetsTransform,Snippets::InsertBroadcastMove,1199,18399,4390.0,175600,40
SnippetsTransform,Snippets::LoadMoveBroadcastToBroadcastLoad,299,24300,6437.65,257506,40
SnippetsTransform,Snippets::ExtractLoopInvariants,1299,32799,4104.95,164198,40
SnippetsTransform,Snippets::ValidateShapes,399,11799,837.55,33502,40
SnippetsTransform,Snippets::ValidateUnifiedLoops,2900,39901,5272.45,210898,40
SnippetsTransform,Snippets::InitLoops,1500,34700,3090.075,123603,40
SnippetsTransform,Snippets::AdjustBrgemmCopyBLoopPorts,299,8201,782.45,31298,40
SnippetsTransform,Snippets::SetDynamicWAToOuterMostLoop,99,1300,152.88235294117646,5198,34
SnippetsTransform,Snippets::InsertLoops,9000,95800,17994.925,719797,40
SnippetsTransform,Snippets::FuseLoadStoreConvert,299,5001,530.05,21202,40
SnippetsTransform,Snippets::ComputeBufferAllocationSize,99,1100,141.3793103448276,4100,29
SnippetsTransform,Snippets::MarkInvariantShapePath,2700,30799,4630.025,185201,40
SnippetsTransform,Snippets::SetBufferRegGroup,1900,29100,3354.975,134199,40
SnippetsTransform,Snippets::DefineBufferClusters,2400,22900,4052.55,162102,40
SnippetsTransform,Snippets::SolveBufferMemory,99,1400,217.4,8696,40
SnippetsTransform,Snippets::NormalizeBufferRegisterGroups,99,1300,137.83783783783784,5100,37
SnippetsTransform,Snippets::PropagateBufferOffset,99,1099,149.85,2997,20
SnippetsTransform,Snippets::AllocateBuffers,10300,5080101,140487.675,5619507,40
SnippetsTransform,Snippets::CleanRepeatedDataPointerShifts,1199,10199,1900.0,76000,40
SnippetsTransform,Snippets::ValidateBuffers,299,2400,432.575,17303,40
SnippetsTransform,Snippets::Validate,3199,38200,4952.575,198103,40
SnippetsTransform,Snippets::op::control_flow_transformations_::control_flow_transformations,79200,28653600,835444.95,33417798,40
SnippetsTransform,Snippets::op::control_flow_transformations_::init_shape_infer_linear_ir,36200,2474499,165552.5,6622100,40
SnippetsTransform,Snippets::InsertSpecificIterations,4800,76400,20860.025,834401,40
SnippetsTransform,Snippets::InitLiveRanges,10200,44400,17245.025,689801,40
SnippetsTransform,Snippets::AssignRegisters::LinearScanOptimized,699,14700,1858.7875,148703,80
SnippetsTransform,Snippets::AssignRegisters,15099,920200,45039.975,1801599,40
SnippetsTransform,Snippets::InsertRegSpills,400,4199,700.0,28000,40
SnippetsTransform,Snippets::InitRegisters,27201,3022800,115792.6,4631704,40
SnippetsTransform,Snippets::NormalizeLoopIDs,1900,24399,4050.0,162000,40
SnippetsTransform,Snippets::ValidateExpandedLoops,1999,18499,3390.025,135601,40
SnippetsTransform,Snippets::CleanupLoopOffsets,699,5700,1687.425,67497,40
SnippetsTransform,Snippets::OptimizeLoopSingleEvaluation,500,6101,1085.175,43407,40
SnippetsTransform,Snippets::op::control_flow_transformations_::pre_generation_pipeline,41199,7460900,261182.475,10447299,40
SnippetsTransform,Snippets::op::control_flow_transformations,173400,40213500,1322892.475,52915699,40
SnippetsTransform,Snippets::Generator_::InitEmitters,9700,832899,48793.625,1561396,32
SnippetsTransform,Snippets::Generator_::EmitCode,41000,1015600,85584.46875,2738703,32
SnippetsTransform,Snippets::Generator_::EmitData,1500,769900,26559.28125,849897,32
SnippetsTransform,Snippets::Generator_::GetSnippet,65099,159699,85724.8125,2743194,32
SnippetsTransform,Snippets::Generator::generate,124600,3529700,271887.6875,8700406,32
SnippetsTransform,Snippets::op::generate,170799,4522899,387218.65625,12390997,32
SnippetsTransform,Snippets::op::MulAddToFMA_callback,8001,42600,14633.5,87801,6
SIMPLE_internal_op,snippets_Result_validate_and_infer_types,99,4199,377.20135746606337,166723,442
SIMPLE_internal_op,Subgraph,6700,41018201,329883.49675324676,101604117,308
SIMPLE_internal_op,snippet_Result_clone_with_new_inputs,1299,427300,8315.61971830986,1180818,142
SIMPLE_internal_op,Store_clone_with_new_inputs,900,17200,1622.8260869565217,149300,92
SIMPLE_internal_op,Load,800,18999,1594.1052631578948,242304,152
SIMPLE_internal_op,BroadcastLoad,1099,54400,4333.166666666667,103996,24
SIMPLE_internal_op,FusedMulAdd,1900,13900,3258.4166666666665,39101,12
FACTORY_intel_cpu,REG$NodesFactory$77$CumSum,418899,418899,418899.0,418899,1
FACTORY_intel_cpu,REG$NodesFactory$6$Convolution,2001,2001,2001.0,2001,1
FACTORY_intel_cpu,REG$NodesFactory$38$BinaryConvolution,10800,10800,10800.0,10800,1
FACTORY_intel_cpu,REG$NodesFactory$29$SpaceToBatch,2300,2300,2300.0,2300,1
FACTORY_intel_cpu,REG$NodesFactory$8$Lrn,1900,1900,1900.0,1900,1
FACTORY_intel_cpu,REG$NodesFactory$25$BatchToSpace,1801,1801,1801.0,1801,1
FACTORY_intel_cpu,REG$NodesFactory$26$DepthToSpace,4500,4500,4500.0,4500,1
FACTORY_intel_cpu,REG$NodesFactory$30$SpaceToDepth,2099,2099,2099.0,2099,1
FACTORY_intel_cpu,REG$NodesFactory$31$SparseFillEmptyRows,16600,16600,16600.0,16600,1
FACTORY_intel_cpu,REG$NodesFactory$1$If,2100,2100,2100.0,2100,1
FACTORY_intel_cpu,REG$NodesFactory$53$Broadcast,1600,1600,1600.0,1600,1
FACTORY_intel_cpu,REG$NodesFactory$88$ExperimentalDetectronTopKROIs,2300,2300,2300.0,2300,1
FACTORY_intel_cpu,REG$NodesFactory$2$Reorder,2301,2301,2301.0,2301,1
FACTORY_intel_cpu,REG$NodesFactory$97$MatrixNms,2200,2200,2200.0,2200,1
FACTORY_intel_cpu,REG$NodesFactory$10$AdaptivePooling,2700,2700,2700.0,2700,1
FACTORY_intel_cpu,REG$NodesFactory$9$Pooling,2199,2199,2199.0,2199,1
FACTORY_intel_cpu,REG$NodesFactory$15$Eltwise,2000,2000,2000.0,2000,1
FACTORY_intel_cpu,REG$NodesFactory$12$SoftMax,5300,5300,5300.0,5300,1
FACTORY_intel_cpu,REG$NodesFactory$57$EmbeddingBagPacked,4399,4399,4399.0,4399,1
FACTORY_intel_cpu,REG$NodesFactory$54$EmbeddingBagPacked,1800,1800,1800.0,1800,1
FACTORY_intel_cpu,REG$NodesFactory$3$Input,1701,1701,1701.0,1701,1
FACTORY_intel_cpu,REG$NodesFactory$4$Input,1700,1700,1700.0,1700,1
FACTORY_intel_cpu,REG$NodesFactory$34$MemoryInput,1699,1699,1699.0,1699,1
FACTORY_intel_cpu,REG$NodesFactory$33$MemoryOutput,2400,2400,2400.0,2400,1
FACTORY_intel_cpu,REG$NodesFactory$20$Tile,1900,1900,1900.0,1900,1
FACTORY_intel_cpu,REG$NodesFactory$82$GatherTree,2100,2100,2100.0,2100,1
FACTORY_intel_cpu,REG$NodesFactory$11$FullyConnected,2999,2999,2999.0,2999,1
FACTORY_intel_cpu,REG$NodesFactory$75$CTCGreedyDecoder,5400,5400,5400.0,5400,1
FACTORY_intel_cpu,REG$NodesFactory$28$Transpose,4500,4500,4500.0,4500,1
FACTORY_intel_cpu,REG$NodesFactory$86$ReorgYolo,2301,2301,2301.0,2301,1
FACTORY_intel_cpu,REG$NodesFactory$56$EmbeddingSegmentsSum,2201,2201,2201.0,2201,1
FACTORY_intel_cpu,REG$NodesFactory$18$ShapeOf,1501,1501,1501.0,1501,1
FACTORY_intel_cpu,REG$NodesFactory$91$ExperimentalDetectronGenerateProposalsSingleImage,1900,1900,1900.0,1900,1
FACTORY_intel_cpu,REG$NodesFactory$93$GenerateProposals,2100,2100,2100.0,2100,1
FACTORY_intel_cpu,REG$NodesFactory$87$ReverseSequence,2000,2000,2000.0,2000,1
FACTORY_intel_cpu,REG$NodesFactory$90$ExperimentalDetectronPriorGridGenerator,16799,16799,16799.0,16799,1
FACTORY_intel_cpu,REG$NodesFactory$61$GatherND,1601,1601,1601.0,1601,1
FACTORY_intel_cpu,REG$NodesFactory$80$LogSoftmax,2199,2199,2199.0,2199,1
FACTORY_intel_cpu,REG$NodesFactory$24$PSROIPooling,3000,3000,3000.0,3000,1
FACTORY_intel_cpu,REG$NodesFactory$35$RNN,2199,2199,2199.0,2199,1
FACTORY_intel_cpu,REG$NodesFactory$36$RNN,1800,1800,1800.0,1800,1
FACTORY_intel_cpu,REG$NodesFactory$73$CTCLoss,1600,1600,1600.0,1600,1
FACTORY_intel_cpu,REG$NodesFactory$13$Split,2500,2500,2500.0,2500,1
FACTORY_intel_cpu,REG$NodesFactory$78$DetectionOutput,2601,2601,2601.0,2601,1
FACTORY_intel_cpu,REG$NodesFactory$60$GatherElements,1800,1800,1800.0,1800,1
FACTORY_intel_cpu,REG$NodesFactory$76$CTCGreedyDecoderSeqLen,1800,1800,1800.0,1800,1
FACTORY_intel_cpu,REG$NodesFactory$74$Bucketize,1699,1699,1699.0,1699,1
FACTORY_intel_cpu,REG$NodesFactory$89$ExperimentalDetectronROIFeatureExtractor,2400,2400,2400.0,2400,1
FACTORY_intel_cpu,REG$NodesFactory$72$Math,1699,1699,1699.0,1699,1
FACTORY_intel_cpu,REG$NodesFactory$98$MultiClassNms,1701,1701,1701.0,1701,1
FACTORY_intel_cpu,REG$NodesFactory$41$Convert,1500,1500,1500.0,1500,1
FACTORY_intel_cpu,REG$NodesFactory$43$Col2Im,2201,2201,2201.0,2201,1
FACTORY_intel_cpu,REG$NodesFactory$42$ColorConvert,1801,1801,1801.0,1801,1
FACTORY_intel_cpu,REG$NodesFactory$58$EmbeddingBagOffset,1200,1200,1200.0,1200,1
FACTORY_intel_cpu,REG$NodesFactory$55$EmbeddingBagOffset,1600,1600,1600.0,1600,1
FACTORY_intel_cpu,REG$NodesFactory$65$Roll,1600,1600,1600.0,1600,1
FACTORY_intel_cpu,REG$NodesFactory$27$Pad,2000,2000,2000.0,2000,1
FACTORY_intel_cpu,REG$NodesFactory$17$Reshape,1700,1700,1700.0,1700,1
FACTORY_intel_cpu,REG$NodesFactory$44$MVN,2500,2500,2500.0,2500,1
FACTORY_intel_cpu,REG$NodesFactory$16$MatMul,1699,1699,1699.0,1699,1
FACTORY_intel_cpu,REG$NodesFactory$99$Multinomial,2800,2800,2800.0,2800,1
FACTORY_intel_cpu,REG$NodesFactory$46$ScatterUpdate,2800,2800,2800.0,2800,1
FACTORY_intel_cpu,REG$NodesFactory$47$ScatterUpdate,2800,2800,2800.0,2800,1
FACTORY_intel_cpu,REG$NodesFactory$48$ScatterUpdate,2000,2000,2000.0,2000,1
FACTORY_intel_cpu,REG$NodesFactory$49$StringTensorPack,11899,11899,11899.0,11899,1
FACTORY_intel_cpu,REG$NodesFactory$50$StringTensorUnpack,1999,1999,1999.0,1999,1
FACTORY_intel_cpu,REG$NodesFactory$67$ShuffleChannels,3100,3100,3100.0,3100,1
FACTORY_intel_cpu,REG$NodesFactory$40$TensorIterator,2001,2001,2001.0,2001,1
FACTORY_intel_cpu,REG$NodesFactory$14$Concat,2199,2199,2199.0,2199,1
FACTORY_intel_cpu,REG$NodesFactory$63$OneHot,1700,1700,1700.0,1700,1
FACTORY_intel_cpu,REG$NodesFactory$79$ExperimentalDetectronDetectionOutput,1699,1699,1699.0,1699,1
FACTORY_intel_cpu,REG$NodesFactory$7$Deconvolution,1900,1900,1900.0,1900,1
FACTORY_intel_cpu,REG$NodesFactory$39$DeformableConvolution,2099,2099,2099.0,2099,1
FACTORY_intel_cpu,REG$NodesFactory$84$Range,2100,2100,2100.0,2100,1
FACTORY_intel_cpu,REG$NodesFactory$32$StridedSlice,2900,2900,2900.0,2900,1
FACTORY_intel_cpu,REG$NodesFactory$83$GRN,2700,2700,2700.0,2700,1
FACTORY_intel_cpu,REG$NodesFactory$19$NonZero,2600,2600,2600.0,2600,1
FACTORY_intel_cpu,REG$NodesFactory$45$NormalizeL2,2100,2100,2100.0,2100,1
FACTORY_intel_cpu,REG$NodesFactory$102$PriorBox,1500,1500,1500.0,1500,1
FACTORY_intel_cpu,REG$NodesFactory$103$PriorBoxClustered,1999,1999,1999.0,1999,1
FACTORY_intel_cpu,REG$NodesFactory$5$Eye,2000,2000,2000.0,2000,1
FACTORY_intel_cpu,REG$NodesFactory$106$Unique,1999,1999,1999.0,1999,1
FACTORY_intel_cpu,REG$NodesFactory$107$Ngram,2100,2100,2100.0,2100,1
FACTORY_intel_cpu,REG$NodesFactory$110$RoPE,2500,2500,2500.0,2500,1
FACTORY_intel_cpu,REG$NodesFactory$111$CausalMaskPreprocess,2200,2200,2200.0,2200,1
FACTORY_intel_cpu,REG$NodesFactory$94$Identity,2499,2499,2499.0,2499,1
FACTORY_intel_cpu,REG$NodesFactory$51$Interpolate,2400,2400,2400.0,2400,1
FACTORY_intel_cpu,REG$NodesFactory$95$Inverse,2800,2800,2800.0,2800,1
FACTORY_intel_cpu,REG$NodesFactory$105$RandomUniform,2299,2299,2299.0,2299,1
FACTORY_intel_cpu,REG$NodesFactory$52$Reduce,1900,1900,1900.0,1900,1
FACTORY_intel_cpu,REG$NodesFactory$59$Gather,2100,2100,2100.0,2100,1
FACTORY_intel_cpu,REG$NodesFactory$96$NonMaxSuppression,2600,2600,2600.0,2600,1
FACTORY_intel_cpu,REG$NodesFactory$23$ROIPooling,2101,2101,2101.0,2101,1
FACTORY_intel_cpu,REG$NodesFactory$21$ROIAlign,1701,1701,1701.0,1701,1
FACTORY_intel_cpu,REG$NodesFactory$22$ROIAlignRotated,1900,1900,1900.0,1900,1
FACTORY_intel_cpu,REG$NodesFactory$81$TopK,1800,1800,1800.0,1800,1
FACTORY_intel_cpu,REG$NodesFactory$85$Proposal,1900,1900,1900.0,1900,1
FACTORY_intel_cpu,REG$NodesFactory$64$RegionYolo,2100,2100,2100.0,2100,1
FACTORY_intel_cpu,REG$NodesFactory$68$DFT,2499,2499,2499.0,2499,1
FACTORY_intel_cpu,REG$NodesFactory$69$RDFT,1701,1701,1701.0,1701,1
FACTORY_intel_cpu,REG$NodesFactory$70$STFT,1900,1900,1900.0,1900,1
FACTORY_intel_cpu,REG$NodesFactory$71$ISTFT,3500,3500,3500.0,3500,1
FACTORY_intel_cpu,REG$NodesFactory$92$ExtractImagePatches,1900,1900,1900.0,1900,1
FACTORY_intel_cpu,REG$NodesFactory$100$Subgraph,4699,4699,4699.0,4699,1
FACTORY_intel_cpu,REG$NodesFactory$101$Composite,2699,2699,2699.0,2699,1
FACTORY_intel_cpu,REG$NodesFactory$108$ScaledDotProductAttention,2000,2000,2000.0,2000,1
FACTORY_intel_cpu,REG$NodesFactory$115$SearchSorted,1700,1700,1700.0,1700,1
FACTORY_intel_cpu,REG$NodesFactory$116$SegmentMax,1801,1801,1801.0,1801,1
FACTORY_intel_cpu,REG$NodesFactory$117$LoRA,1999,1999,1999.0,1999,1
FACTORY_intel_cpu,REG$NodesFactory$118$GatherMatmul,1501,1501,1501.0,1501,1
FACTORY_intel_cpu,REG$NodesFactory$37$FakeQuantize,1500,1500,1500.0,1500,1
FACTORY_intel_cpu,REG$NodesFactory$62$GridSample,1900,1900,1900.0,1900,1
FACTORY_intel_cpu,REG$NodesFactory$104$Interaction,20400,20400,20400.0,20400,1
FACTORY_intel_cpu,REG$NodesFactory$112$LLMMLP,1799,1799,1799.0,1799,1
FACTORY_intel_cpu,REG$NodesFactory$113$QKVProjection,3100,3100,3100.0,3100,1
FACTORY_intel_cpu,REG$NodesFactory$109$PagedAttention,2300,2300,2300.0,2300,1
FACTORY_intel_cpu,REG$NodesFactory$114$RMSNorm,1799,1799,1799.0,1799,1
FACTORY_intel_cpu,CREATE$NodesFactory$3,2601,172259100,582965.0095541402,183051013,314
FACTORY_intel_cpu,CREATE$NodesFactory$28,2900,5733800,116746.25,6070805,52
FACTORY_intel_cpu,CREATE$NodesFactory$6,3099,4598899,61384.44047619047,5156293,84
FACTORY_intel_cpu,CREATE$NodesFactory$15,2199,5045000,38313.09375,6130095,160
FACTORY_intel_cpu,CREATE$NodesFactory$9,4000,6182800,316309.85,6326197,20
FACTORY_intel_cpu,CREATE$NodesFactory$17,2900,7191800,304520.9583333333,7308503,24
FACTORY_intel_cpu,CREATE$NodesFactory$11,3901,5893400,253333.125,6079995,24
FACTORY_intel_cpu,CREATE$NodesFactory$100,67099,9081400,408824.8,16352992,40
FACTORY_intel_cpu,CREATE$NodesFactory$51,5401,5118900,860350.6666666666,5162104,6
FACTORY_intel_cpu,CREATE$NodesFactory$14,4100,5673000,950033.5,5700201,6
FACTORY_intel_cpu,CREATE$NodesFactory$7,10900,5253200,2632050.0,5264100,2
tbb,tbb_parallel_for,800,7874800,30839.460294881967,2254796300,73114
ov__intel_cpu__lt,Graph::Replicate_ov::Model,8330400,371540100,189935250.0,379870500,2
ov__intel_cpu__lt,Graph::SortTopologically,49000,219400,79149.85714285714,1108098,14
ov__intel_cpu__lt,Graph::InitNodes,2400,15900,9150.0,18300,2
ov__intel_cpu__lt,ApplyCommonGraphOptimizations_FuseConvolutionAndZeroPoints,647201,2434999,1541100.0,3082200,2
ov__intel_cpu__lt,ApplyCommonGraphOptimizations_FuseConvMatmulFCDeconvAndDQScales,5700,871800,438750.0,877500,2
ov__intel_cpu__lt,ApplyCommonGraphOptimizations_FuseConvolutionAndBias,928300,3450699,2189499.5,4378999,2
ov__intel_cpu__lt,ApplyCommonGraphOptimizations_FuseMultiplyAndAdd,9600,735800,372700.0,745400,2
ov__intel_cpu__lt,ApplyCommonGraphOptimizations_MergeConvertAndEltwise,48700,1510100,779400.0,1558800,2
ov__intel_cpu__lt,ApplyCommonGraphOptimizations_FuseFCAndConvertOnWeights,6601,610000,308300.5,616601,2
ov__intel_cpu__lt,ApplyCommonGraphOptimizations_FuseFCAndTransposeOnWeights,7700,2191300,1099500.0,2199000,2
ov__intel_cpu__lt,ApplyCommonGraphOptimizations_FuseDeconvolutionAndSimpleOperation,10300,1545700,778000.0,1556000,2
ov__intel_cpu__lt,ApplyCommonGraphOptimizations_FuseClampAndFakeQuantize,6200,1340600,673400.0,1346800,2
ov__intel_cpu__lt,ApplyCommonGraphOptimizations_FusePerformedAsScaleShiftAndFakeQuantize,6200,892500,449350.0,898700,2
ov__intel_cpu__lt,ApplyCommonGraphOptimizations_FuseConvolutionAndSimpleOperationThroughMaxPool,14001,1493201,753601.0,1507202,2
ov__intel_cpu__lt,ApplyCommonGraphOptimizations_FuseConvolutionAndSimpleOperation,10500,1969201,731825.25,2927301,4
ov__intel_cpu__lt,ApplyCommonGraphOptimizations_RemoveDroppedEdges,20301,860900,313950.1666666667,1883701,6
ov__intel_cpu__lt,ApplyCommonGraphOptimizations_FusePoolingAndFakeQuantize,4800,12501,8650.5,17301,2
ov__intel_cpu__lt,ApplyCommonGraphOptimizations_FuseConvolutionAndDWConvolution,11999,2330900,1171449.5,2342899,2
ov__intel_cpu__lt,ApplyCommonGraphOptimizations_FuseConvolutionSumAndConvolutionSumActivation,45299,129201,87250.0,174500,2
ov__intel_cpu__lt,ApplyCommonGraphOptimizations_FuseFullyConnectedAndSimpleOperation,18400,1656799,837599.5,1675199,2
ov__intel_cpu__lt,ApplyCommonGraphOptimizations_FuseMatMulAndSimpleOperation,8100,794801,401450.5,802901,2
ov__intel_cpu__lt,ApplyCommonGraphOptimizations_FuseMVNAndSimpleOperation,8200,937000,472600.0,945200,2
ov__intel_cpu__lt,ApplyCommonGraphOptimizations_FuseInterpolateAndSimpleOperation,9700,1522200,765950.0,1531900,2
ov__intel_cpu__lt,ApplyCommonGraphOptimizations_FuseNormalizeL2AndSimpleOperation,7800,666300,337050.0,674100,2
ov__intel_cpu__lt,ApplyCommonGraphOptimizations_FuseReduceAndSimpleOperation,7801,826500,417150.5,834301,2
ov__intel_cpu__lt,ApplyCommonGraphOptimizations_FuseGatherAndConvert,7800,763601,385700.5,771401,2
ov__intel_cpu__lt,ApplyCommonGraphOptimizations_FuseEltwiseAndSimple,7801,770699,389250.0,778500,2
ov__intel_cpu__lt,ApplyCommonGraphOptimizations_MergeEltwiseAndConvert,3700,598800,301250.0,602500,2
ov__intel_cpu__lt,ApplyCommonGraphOptimizations_reshapeRnnSeq,8300,866400,437350.0,874700,2
ov__intel_cpu__lt,ApplyCommonGraphOptimizations_RemoveSameConvert,7801,701600,354700.5,709401,2
ov__intel_cpu__lt,ApplyCommonGraphOptimizations_RemoveMemoryInputConvert,3900,710100,357000.0,714000,2
ov__intel_cpu__lt,ApplyCommonGraphOptimizations_RemoveConvertMemoryOutput,4401,767401,385901.0,771802,2
ov__intel_cpu__lt,ApplyCommonGraphOptimizations_MatchSdpaKvCache,8100,1089701,548900.5,1097801,2
ov__intel_cpu__lt,ApplyCommonGraphOptimizations_DropRedundantMemoryOutput,8300,30200,19250.0,38500,2
ov__intel_cpu__lt,InitDescriptors_Prepare,100,1699,899.5,1799,2
ov__intel_cpu__lt,Node::getSupportedDescriptors,99,1000,169.56,21195,125
ov__intel_cpu__lt,Node::initSupportedPrimitiveDescriptors,599,53200,2182.5116279069766,375392,172
ov__intel_cpu__lt,Node::filterSupportedPrimitiveDescriptors,99,1699,211.01694915254237,24900,118
ov__intel_cpu__lt,Input::getSupportedDescriptors,99,4300,204.1520737327189,44301,217
ov__intel_cpu__lt,Input::initSupportedPrimitiveDescriptors,599,13099,1188.8503184713377,373299,314
ov__intel_cpu__lt,Input::filterSupportedPrimitiveDescriptors,99,3499,187.49115044247787,42373,226
ov__intel_cpu__lt,Transpose::getSupportedDescriptors,99,1600,255.66666666666666,9204,36
ov__intel_cpu__lt,Transpose::initSupportedPrimitiveDescriptors,2099,65801,6090.442307692308,316703,52
ov__intel_cpu__lt,Transpose::filterSupportedPrimitiveDescriptors,99,400,163.390243902439,6699,41
ov__intel_cpu__lt,Convolution::getSupportedDescriptors,99,1200,160.68852459016392,9802,61
ov__intel_cpu__lt,Convolution::initSupportedPrimitiveDescriptors,9800,91901,15208.27380952381,1277495,84
ov__intel_cpu__lt,Convolution::filterSupportedPrimitiveDescriptors,99,400,156.01694915254237,9205,59
ov__intel_cpu__lt,Pooling::getSupportedDescriptors,56300,26563199,1411815.05,28236301,20
ov__intel_cpu__lt,Pooling::initSupportedPrimitiveDescriptors,10900,80900,18599.65,371993,20
ov__intel_cpu__lt,Pooling::filterSupportedPrimitiveDescriptors,100,599,191.27272727272728,2104,11
ov__intel_cpu__lt,Reshape::getSupportedDescriptors,99,700,194.89473684210526,3703,19
ov__intel_cpu__lt,Reshape::initSupportedPrimitiveDescriptors,1700,5899,2466.6666666666665,59200,24
ov__intel_cpu__lt,Reshape::filterSupportedPrimitiveDescriptors,99,400,166.66666666666666,3000,18
ov__intel_cpu__lt,FullyConnected::getSupportedDescriptors,99,400,188.2941176470588,3201,17
ov__intel_cpu__lt,FullyConnected::initSupportedPrimitiveDescriptors,4800,43100,9487.416666666666,227698,24
ov__intel_cpu__lt,FullyConnected::filterSupportedPrimitiveDescriptors,100,300,175.1,3502,20
ov__intel_cpu__lt,Subgraph::getSupportedDescriptors,99,801,166.4,4992,30
ov__intel_cpu__lt,Subgraph::initSupportedPrimitiveDescriptors,3899,29499,7874.925,314997,40
ov__intel_cpu__lt,Subgraph::filterSupportedPrimitiveDescriptors,99,301,153.65384615384616,3995,26
ov__intel_cpu__lt,Interpolate::getSupportedDescriptors,100,7300,1566.5,9399,6
ov__intel_cpu__lt,Interpolate::initSupportedPrimitiveDescriptors,6600,15800,9466.833333333334,56801,6
ov__intel_cpu__lt,Interpolate::filterSupportedPrimitiveDescriptors,100,200,140.0,700,5
ov__intel_cpu__lt,Concatenation::getSupportedDescriptors,200,4300,1116.6666666666667,6700,6
ov__intel_cpu__lt,Concatenation::initSupportedPrimitiveDescriptors,7399,16500,11066.5,66399,6
ov__intel_cpu__lt,Concatenation::filterSupportedPrimitiveDescriptors,199,301,233.33333333333334,700,3
ov__intel_cpu__lt,Deconvolution::getSupportedDescriptors,1774100,103628300,52701200.0,105402400,2
ov__intel_cpu__lt,Deconvolution::initSupportedPrimitiveDescriptors,27500,72600,50050.0,100100,2
ov__intel_cpu__lt,Deconvolution::filterSupportedPrimitiveDescriptors,101,1000,550.5,1101,2
ov__intel_cpu__lt,Node::selectOptimalPrimitiveDescriptor,99,2100,626.1860465116279,107704,172
ov__intel_cpu__lt,Input::selectOptimalPrimitiveDescriptor,99,4700,303.1751592356688,95197,314
ov__intel_cpu__lt,Transpose::selectOptimalPrimitiveDescriptor,399,4600,1492.3461538461538,77602,52
ov__intel_cpu__lt,Convolution::selectOptimalPrimitiveDescriptor,99,5700,435.6666666666667,36596,84
ov__intel_cpu__lt,Pooling::selectOptimalPrimitiveDescriptor,500,2800,1224.75,24495,20
ov__intel_cpu__lt,Reshape::selectOptimalPrimitiveDescriptor,399,2000,1029.125,24699,24
ov__intel_cpu__lt,FullyConnected::selectOptimalPrimitiveDescriptor,99,1500,333.1666666666667,7996,24
ov__intel_cpu__lt,Subgraph::selectOptimalPrimitiveDescriptor,801,7099,2542.725,101709,40
ov__intel_cpu__lt,Interpolate::selectOptimalPrimitiveDescriptor,1000,3300,2066.6666666666665,12400,6
ov__intel_cpu__lt,Concatenation::selectOptimalPrimitiveDescriptor,1000,8799,3283.3333333333335,19700,6
ov__intel_cpu__lt,Deconvolution::selectOptimalPrimitiveDescriptor,900,2201,1550.5,3101,2
ov__intel_cpu__lt,Node::initOptimalPrimitiveDescriptor,599,11000,1769.8255813953488,304410,172
ov__intel_cpu__lt,Input::initOptimalPrimitiveDescriptor,599,11901,1106.3694267515923,347400,314
ov__intel_cpu__lt,Transpose::initOptimalPrimitiveDescriptor,1700,5500,2380.903846153846,123807,52
ov__intel_cpu__lt,Convolution::initOptimalPrimitiveDescriptor,2300,15800,3407.0833333333335,286195,84
ov__intel_cpu__lt,Pooling::initOptimalPrimitiveDescriptor,8199,77400,21484.8,429696,20
ov__intel_cpu__lt,Reshape::initOptimalPrimitiveDescriptor,2200,5099,3108.4166666666665,74602,24
ov__intel_cpu__lt,FullyConnected::initOptimalPrimitiveDescriptor,2201,3900,2929.2083333333335,70301,24
ov__intel_cpu__lt,Subgraph::initOptimalPrimitiveDescriptor,2000,4701,2767.3,110692,40
ov__intel_cpu__lt,Interpolate::initOptimalPrimitiveDescriptor,2299,4500,3216.3333333333335,19298,6
ov__intel_cpu__lt,Concatenation::initOptimalPrimitiveDescriptor,2801,6399,4267.0,25602,6
ov__intel_cpu__lt,Deconvolution::initOptimalPrimitiveDescriptor,545500,622800,584150.0,1168300,2
ov__intel_cpu__lt,Graph::ResolveEdgeConflicts,290400,496299,393349.5,786699,2
ov__intel_cpu__lt,Graph::ResolveComplexInplaceConflicts,60700,102800,81524.75,326099,4
ov__intel_cpu__lt,GraphOptimizer::ApplyImplSpecificGraphOptimizations,111100,1687200,899150.0,1798300,2
ov__intel_cpu__lt,Graph::ProcessDynNodes,400,3499,1949.5,3899,2
ov__intel_cpu__lt,Graph::ExtractExecutableNodesAndSyncPoints,42599,211900,127249.5,254499,2
ov__intel_cpu__lt,Node::createPrimitive,99,147000,2386.5841584158416,482090,202
ov__intel_cpu__lt,Input::createPrimitive,99,10601,617.9487179487179,192800,312
ov__intel_cpu__lt,Convolution::createPrimitive,40400,161074400,2381091.6428571427,200011698,84
ov__intel_cpu__lt,Transpose::createPrimitive,100,221599,36334.02,1816701,50
ov__intel_cpu__lt,Pooling::createPrimitive,12100,1162099,134065.0,2681300,20
ov__intel_cpu__lt,Reshape::createPrimitive,300,4700,1100.1666666666667,26404,24
ov__intel_cpu__lt,FullyConnected::createPrimitive,10601,19646400,1012037.4583333334,24288899,24
ov__intel_cpu__lt,Subgraph::createPrimitive,423100,65202700,2446875.075,97875003,40
ov__intel_cpu__lt,Interpolate::createPrimitive,74801,166799,97883.33333333333,587300,6
ov__intel_cpu__lt,Concatenation::createPrimitive,1500,3999,2250.0,13500,6
ov__intel_cpu__lt,Deconvolution::createPrimitive,109599,3296500,1703049.5,3406099,2
ov__intel_cpu__lt,Graph::CreatePrimitivesAndExecConstants,23602300,311863400,167732850.0,335465700,2
SIMPLE_intel_cpu,FuseConvolutionAndZeroPoints_ConvNode,99,618300,12617.797619047618,1059895,84
SIMPLE_intel_cpu,FuseConvolutionMatMulDeconvAndBias_ChildNode,10101,206099,22711.89285714286,1907799,84
SIMPLE_intel_cpu,FuseConvolutionMatMulDeconvAndBias_ParentNode,99,853601,30282.56976744186,2604301,86
SIMPLE_intel_cpu,MergeConvertAndEltwise,99,5901,159.89208633093526,88900,556
SIMPLE_intel_cpu,FuseFCAndTransposeOnWeights,99,5499,420.75,10098,24
SIMPLE_intel_cpu,FuseDeconvolutionAndSimpleOperation_ParentNode,1401,8600,5000.5,10001,2
SIMPLE_intel_cpu,FuseClampAndFakeQuantize_ClalmpNode,99,2900,469.15384615384613,6099,13
SIMPLE_intel_cpu,FuseConvolutionAndSimpleOperationThroughMaxPool_ParentNode,99,7300,345.4909090909091,19002,55
SIMPLE_intel_cpu,FuseConvolutionAndSimpleOperation_ParentNode,99,81300,3320.5714285714284,418392,126
SIMPLE_intel_cpu,FuseConvolutionAndDWConvolution_ParentConv,100,751500,35336.13636363636,777395,22
SIMPLE_intel_cpu,FuseConvolutionAndDWConvolution_ChildConv,901,4499,2700.0,5400,2
SIMPLE_intel_cpu,FuseFullyConnectedAndSimpleOperation_ParentNode,99,8600,1138.6774193548388,35299,31
SIMPLE_intel_cpu,FuseInterpolateAndSimpleOperation_ParentNode,400,23601,4600.0,27600,6
SIMPLE_intel_cpu,MergeTransposeAndReorder_ChildNode,35600,93700,64650.0,129300,2
SIMPLE_intel_cpu,MergeTransposeAndReorder_ParentNode,99,826100,11320.666666666666,883012,78
FACTORY_DNNL,"REG$CPUEngine$struct dnnl::impl::cpu::x64::jit_uni_pooling_fwd_t<30577,1>::pd_t$jit_uni_pooling_fwd_t_avx512_core_fp16_f16",441699,441699,441699.0,441699,1
FACTORY_DNNL,"REG$CPUEngine$struct dnnl::impl::cpu::x64::jit_uni_pooling_fwd_t<30577,9>::pd_t$jit_uni_pooling_fwd_t_avx512_core_fp16_f8_e5m2",1099,1099,1099.0,1099,1
FACTORY_DNNL,"REG$CPUEngine$struct dnnl::impl::cpu::x64::jit_uni_pooling_fwd_t<30577,10>::pd_t$jit_uni_pooling_fwd_t_avx512_core_fp16_f8_e4m3",1100,1100,1100.0,1100,1
FACTORY_DNNL,"REG$CPUEngine$struct dnnl::impl::cpu::x64::jit_uni_pooling_fwd_t<880,2>::pd_t$jit_uni_pooling_fwd_t_avx512_core_bf16",2101,2101,2101.0,2101,1
FACTORY_DNNL,"REG$CPUEngine$struct dnnl::impl::cpu::x64::jit_uni_pooling_fwd_t<880,3>::pd_t$jit_uni_pooling_fwd_t_avx512_core_f32",1301,1301,1301.0,1301,1
FACTORY_DNNL,"REG$CPUEngine$struct dnnl::impl::cpu::x64::jit_uni_pooling_fwd_t<3632,2>::pd_t$jit_uni_pooling_fwd_t_avx2_vnni_2_bf16",1400,1400,1400.0,1400,1
FACTORY_DNNL,"REG$CPUEngine$struct dnnl::impl::cpu::x64::jit_uni_pooling_fwd_t<3632,1>::pd_t$jit_uni_pooling_fwd_t_avx2_vnni_2_f16",999,999,999.0,999,1
FACTORY_DNNL,"REG$CPUEngine$struct dnnl::impl::cpu::x64::jit_uni_pooling_fwd_t<560,3>::pd_t$jit_uni_pooling_fwd_t_avx2_f32",801,801,801.0,801,1
FACTORY_DNNL,"REG$CPUEngine$struct dnnl::impl::cpu::x64::jit_uni_pooling_fwd_t<48,3>::pd_t$jit_uni_pooling_fwd_t_avx_f32",1599,1599,1599.0,1599,1
FACTORY_DNNL,"REG$CPUEngine$struct dnnl::impl::cpu::x64::jit_uni_pooling_fwd_t<16,3>::pd_t$jit_uni_pooling_fwd_t_sse41_f32",901,901,901.0,901,1
FACTORY_DNNL,REG$CPUEngine$struct dnnl::impl::cpu::nchw_pooling_fwd_t<2>::pd_t$nchw_pooling_fwd_t_bf16,800,800,800.0,800,1
FACTORY_DNNL,REG$CPUEngine$struct dnnl::impl::cpu::nchw_pooling_fwd_t<3>::pd_t$nchw_pooling_fwd_t_f32,1000,1000,1000.0,1000,1
FACTORY_DNNL,REG$CPUEngine$struct dnnl::impl::cpu::nchw_pooling_fwd_t<1>::pd_t$nchw_pooling_fwd_t_f16,900,900,900.0,900,1
FACTORY_DNNL,REG$CPUEngine$struct dnnl::impl::cpu::nchw_pooling_fwd_t<9>::pd_t$nchw_pooling_fwd_t_f8_e5m2,1000,1000,1000.0,1000,1
FACTORY_DNNL,REG$CPUEngine$struct dnnl::impl::cpu::nchw_pooling_fwd_t<10>::pd_t$nchw_pooling_fwd_t_f8_e4m3,1499,1499,1499.0,1499,1
FACTORY_DNNL,REG$CPUEngine$struct dnnl::impl::cpu::nhwc_pooling_fwd_t<2>::pd_t$nhwc_pooling_fwd_t_bf16,1300,1300,1300.0,1300,1
FACTORY_DNNL,REG$CPUEngine$struct dnnl::impl::cpu::nhwc_pooling_fwd_t<3>::pd_t$nhwc_pooling_fwd_t_f32,901,901,901.0,901,1
FACTORY_DNNL,REG$CPUEngine$struct dnnl::impl::cpu::nhwc_pooling_fwd_t<1>::pd_t$nhwc_pooling_fwd_t_f16,699,699,699.0,699,1
FACTORY_DNNL,REG$CPUEngine$struct dnnl::impl::cpu::nhwc_pooling_fwd_t<9>::pd_t$nhwc_pooling_fwd_t_f8_e5m2,801,801,801.0,801,1
FACTORY_DNNL,REG$CPUEngine$struct dnnl::impl::cpu::nhwc_pooling_fwd_t<10>::pd_t$nhwc_pooling_fwd_t_f8_e4m3,3199,3199,3199.0,3199,1
FACTORY_DNNL,"REG$CPUEngine$struct dnnl::impl::cpu::ref_pooling_fwd_t<3,3,3>::pd_t$ref_pooling_fwd_t_f32_f32_f32",800,800,800.0,800,1
FACTORY_DNNL,"REG$CPUEngine$struct dnnl::impl::cpu::ref_pooling_fwd_t<2,2,3>::pd_t$ref_pooling_fwd_t_bf16_bf16_f32",1700,1700,1700.0,1700,1
FACTORY_DNNL,"REG$CPUEngine$struct dnnl::impl::cpu::ref_pooling_fwd_t<1,1,3>::pd_t$ref_pooling_fwd_t_f16_f16_f32",2099,2099,2099.0,2099,1
FACTORY_DNNL,"REG$CPUEngine$struct dnnl::impl::cpu::ref_pooling_fwd_t<9,9,3>::pd_t$ref_pooling_fwd_t_f8_e5m2_f8_e5m2_f32",3600,3600,3600.0,3600,1
FACTORY_DNNL,"REG$CPUEngine$struct dnnl::impl::cpu::ref_pooling_fwd_t<10,10,3>::pd_t$ref_pooling_fwd_t_f8_e4m3_f8_e4m3_f32",1000,1000,1000.0,1000,1
FACTORY_DNNL,REG$CPUEngine$struct dnnl::impl::cpu::x64::jit_uni_i8i8_pooling_fwd_t<880>::pd_t$jit_uni_i8i8_pooling_fwd_t_avx512_core,1101,1101,1101.0,1101,1
FACTORY_DNNL,REG$CPUEngine$struct dnnl::impl::cpu::x64::jit_uni_i8i8_pooling_fwd_t<560>::pd_t$jit_uni_i8i8_pooling_fwd_t_avx2,900,900,900.0,900,1
FACTORY_DNNL,REG$CPUEngine$struct dnnl::impl::cpu::x64::jit_uni_i8i8_pooling_fwd_t<16>::pd_t$jit_uni_i8i8_pooling_fwd_t_sse41,800,800,800.0,800,1
FACTORY_DNNL,"REG$CPUEngine$struct dnnl::impl::cpu::ref_pooling_fwd_t<4,4,4>::pd_t$ref_pooling_fwd_t_s32_s32_s32",801,801,801.0,801,1
FACTORY_DNNL,"REG$CPUEngine$struct dnnl::impl::cpu::ref_pooling_fwd_t<5,5,4>::pd_t$ref_pooling_fwd_t_s8_s8_s32",1100,1100,1100.0,1100,1
FACTORY_DNNL,"REG$CPUEngine$struct dnnl::impl::cpu::ref_pooling_fwd_t<5,3,3>::pd_t$ref_pooling_fwd_t_s8_f32_f32",1299,1299,1299.0,1299,1
FACTORY_DNNL,"REG$CPUEngine$struct dnnl::impl::cpu::ref_pooling_fwd_t<6,6,4>::pd_t$ref_pooling_fwd_t_u8_u8_s32",1900,1900,1900.0,1900,1
FACTORY_DNNL,"REG$CPUEngine$struct dnnl::impl::cpu::ref_pooling_fwd_t<6,3,3>::pd_t$ref_pooling_fwd_t_u8_f32_f32",800,800,800.0,800,1
FACTORY_DNNL,REG$CPUEngine$struct dnnl::impl::cpu::x64::brgemm_deconvolution_fwd_t<524274>::pd_t$brgemm_deconvolution_fwd_t_avx10_2_512_amx_2,2699,2699,2699.0,2699,1
FACTORY_DNNL,REG$CPUEngine$struct dnnl::impl::cpu::x64::brgemm_deconvolution_fwd_t<260081>::pd_t$brgemm_deconvolution_fwd_t_avx512_core_amx_fp16,999,999,999.0,999,1
FACTORY_DNNL,REG$CPUEngine$struct dnnl::impl::cpu::x64::brgemm_deconvolution_fwd_t<129009>::pd_t$brgemm_deconvolution_fwd_t_avx512_core_amx,1000,1000,1000.0,1000,1
FACTORY_DNNL,REG$CPUEngine$struct dnnl::impl::cpu::x64::jit_avx512_core_amx_deconvolution_fwd_t::pd_t$jit_avx512_core_amx_deconvolution_fwd_t,1200,1200,1200.0,1200,1
FACTORY_DNNL,REG$CPUEngine$struct dnnl::impl::cpu::x64::brgemm_deconvolution_fwd_t<32626>::pd_t$brgemm_deconvolution_fwd_t_avx10_2_512,1201,1201,1201.0,1201,1
FACTORY_DNNL,REG$CPUEngine$struct dnnl::impl::cpu::x64::brgemm_deconvolution_fwd_t<30577>::pd_t$brgemm_deconvolution_fwd_t_avx512_core_fp16,899,899,899.0,899,1
FACTORY_DNNL,REG$CPUEngine$struct dnnl::impl::cpu::x64::brgemm_deconvolution_fwd_t<13168>::pd_t$brgemm_deconvolution_fwd_t_avx512_core_bf16,1900,1900,1900.0,1900,1
FACTORY_DNNL,REG$CPUEngine$struct dnnl::impl::cpu::x64::brgemm_deconvolution_fwd_t<4976>::pd_t$brgemm_deconvolution_fwd_t_avx512_core_vnni,3300,3300,3300.0,3300,1
FACTORY_DNNL,REG$CPUEngine$struct dnnl::impl::cpu::x64::brgemm_deconvolution_fwd_t<880>::pd_t$brgemm_deconvolution_fwd_t_avx512_core,1000,1000,1000.0,1000,1
FACTORY_DNNL,REG$CPUEngine$struct dnnl::impl::cpu::x64::jit_avx512_core_x8s8s32x_1x1_deconvolution_fwd_t::pd_t$jit_avx512_core_x8s8s32x_1x1_deconvolution_fwd_t,1000,1000,1000.0,1000,1
FACTORY_DNNL,REG$CPUEngine$struct dnnl::impl::cpu::x64::jit_avx512_core_x8s8s32x_deconvolution_fwd_t::pd_t$jit_avx512_core_x8s8s32x_deconvolution_fwd_t,1501,1501,1501.0,1501,1
FACTORY_DNNL,REG$CPUEngine$struct dnnl::impl::cpu::x64::brgemm_deconvolution_fwd_t<3632>::pd_t$brgemm_deconvolution_fwd_t_avx2_vnni_2,1300,1300,1300.0,1300,1
FACTORY_DNNL,REG$CPUEngine$struct dnnl::impl::cpu::x64::brgemm_deconvolution_fwd_t<1584>::pd_t$brgemm_deconvolution_fwd_t_avx2_vnni,1100,1100,1100.0,1100,1
FACTORY_DNNL,REG$CPUEngine$struct dnnl::impl::cpu::x64::brgemm_deconvolution_fwd_t<560>::pd_t$brgemm_deconvolution_fwd_t_avx2,1799,1799,1799.0,1799,1
FACTORY_DNNL,REG$CPUEngine$struct dnnl::impl::cpu::x64::jit_uni_x8s8s32x_1x1_deconvolution_fwd_t<560>::pd_t$jit_uni_x8s8s32x_1x1_deconvolution_fwd_t_avx2,1400,1400,1400.0,1400,1
FACTORY_DNNL,REG$CPUEngine$struct dnnl::impl::cpu::x64::jit_uni_x8s8s32x_deconvolution_fwd_t<560>::pd_t$jit_uni_x8s8s32x_deconvolution_fwd_t_avx2,1201,1201,1201.0,1201,1
FACTORY_DNNL,REG$CPUEngine$struct dnnl::impl::cpu::x64::jit_uni_x8s8s32x_1x1_deconvolution_fwd_t<16>::pd_t$jit_uni_x8s8s32x_1x1_deconvolution_fwd_t_sse41,1000,1000,1000.0,1000,1
FACTORY_DNNL,REG$CPUEngine$struct dnnl::impl::cpu::x64::jit_uni_x8s8s32x_deconvolution_fwd_t<16>::pd_t$jit_uni_x8s8s32x_deconvolution_fwd_t_sse41,1200,1200,1200.0,1200,1
FACTORY_DNNL,REG$CPUEngine$struct dnnl::impl::cpu::ref_deconvolution_fwd_t::pd_t$ref_deconvolution_fwd_t,1000,1000,1000.0,1000,1
FACTORY_DNNL,REG$CPUEngine$struct dnnl::impl::cpu::x64::brdgmm_dw_convolution_fwd_t::pd_t$brdgmm_dw_convolution_fwd_t,99,4199,546.3846153846154,7103,13
FACTORY_DNNL,REG$CPUEngine$struct dnnl::impl::cpu::x64::ip_convolution_fwd_t::pd_t$ip_convolution_fwd_t,99,900,214.42857142857142,1501,7
FACTORY_DNNL,REG$CPUEngine$struct dnnl::impl::cpu::x64::brgemm_1x1_convolution_fwd_t<524274>::pd_t$brgemm_1x1_convolution_fwd_t_avx10_2_512_amx_2,99,1800,194.44444444444446,3500,18
FACTORY_DNNL,REG$CPUEngine$struct dnnl::impl::cpu::x64::brgemm_convolution_fwd_t<524274>::pd_t$brgemm_convolution_fwd_t_avx10_2_512_amx_2,99,1400,176.47058823529412,3000,17
FACTORY_DNNL,REG$CPUEngine$struct dnnl::impl::cpu::x64::brgemm_1x1_convolution_fwd_t<129009>::pd_t$brgemm_1x1_convolution_fwd_t_avx512_core_amx,99,1000,212.625,1701,8
FACTORY_DNNL,REG$CPUEngine$struct dnnl::impl::cpu::x64::brgemm_convolution_fwd_t<129009>::pd_t$brgemm_convolution_fwd_t_avx512_core_amx,99,1001,199.77777777777777,1798,9
FACTORY_DNNL,REG$CPUEngine$struct dnnl::impl::cpu::x64::_jit_uni_planar_convolution_fwd_t<880>::pd_t$jit_avx512_common_planar_convolution_fwd_t,900,900,900.0,900,1
FACTORY_DNNL,REG$CPUEngine$struct dnnl::impl::cpu::x64::brgemm_1x1_convolution_fwd_t<880>::pd_t$brgemm_1x1_convolution_fwd_t_avx512_core,100,3600,1266.6666666666667,3800,3
FACTORY_DNNL,REG$CPUEngine$struct dnnl::impl::cpu::x64::brgemm_convolution_fwd_t<880>::pd_t$brgemm_convolution_fwd_t_avx512_core,100,3400,650.1666666666666,3901,6
FACTORY_DNNL,"REG$CPUEngine$struct dnnl::impl::cpu::x64::jit_uni_dw_convolution_fwd_t<880,3,3>::pd_t$jit_avx512_common_dw_convolution_fwd_t",1500,1500,1500.0,1500,1
FACTORY_DNNL,"REG$CPUEngine$struct dnnl::impl::cpu::x64::jit_uni_fork_dw_convolution_fwd_t<880,3,3>::pd_t$jit_avx512_common_fork_dw_convolution_fwd_t",1300,1300,1300.0,1300,1
FACTORY_DNNL,"REG$CPUEngine$struct dnnl::impl::cpu::x64::jit_avx512_common_1x1_convolution_fwd_t<3,3,3>::pd_t$jit_avx512_common_1x1_convolution_fwd_f32_t",1400,1400,1400.0,1400,1
FACTORY_DNNL,"REG$CPUEngine$struct dnnl::impl::cpu::x64::jit_avx512_common_convolution_fwd_t<3,3,3>::pd_t$jit_avx512_common_convolution_fwd_t_f32",1400,1400,1400.0,1400,1
FACTORY_DNNL,REG$CPUEngine$struct dnnl::impl::cpu::x64::_jit_uni_planar_convolution_fwd_t<560>::pd_t$jit_avx2_planar_convolution_fwd_t,1300,1300,1300.0,1300,1
FACTORY_DNNL,"REG$CPUEngine$struct dnnl::impl::cpu::x64::jit_uni_dw_convolution_fwd_t<560,3,3>::pd_t$jit_avx2_dw_convolution_fwd_t",900,900,900.0,900,1
FACTORY_DNNL,REG$CPUEngine$struct dnnl::impl::cpu::x64::brgemm_1x1_convolution_fwd_t<560>::pd_t$brgemm_1x1_convolution_fwd_t_avx2,100,1000,400.0,1200,3
FACTORY_DNNL,REG$CPUEngine$struct dnnl::impl::cpu::x64::brgemm_convolution_fwd_t<560>::pd_t$brgemm_convolution_fwd_t_avx2,101,1201,651.0,1302,2
FACTORY_DNNL,"REG$CPUEngine$struct dnnl::impl::cpu::x64::jit_uni_fork_dw_convolution_fwd_t<560,3,3>::pd_t$jit_avx2_fork_dw_convolution_fwd_t",900,900,900.0,900,1
FACTORY_DNNL,REG$CPUEngine$struct dnnl::impl::cpu::x64::jit_avx2_1x1_convolution_with_dw_conv_fwd_t::pd_t$jit_avx2_1x1_convolution_with_dw_conv_fwd_t,1000,1000,1000.0,1000,1
FACTORY_DNNL,REG$CPUEngine$struct dnnl::impl::cpu::x64::jit_avx2_1x1_convolution_fwd_t::pd_t$jit_avx2_1x1_convolution_fwd_t,1000,1000,1000.0,1000,1
FACTORY_DNNL,"REG$CPUEngine$struct dnnl::impl::cpu::x64::jit_uni_dw_convolution_fwd_t<16,3,3>::pd_t$jit_sse41_dw_convolution_fwd_t",1100,1100,1100.0,1100,1
FACTORY_DNNL,"REG$CPUEngine$struct dnnl::impl::cpu::x64::jit_uni_fork_dw_convolution_fwd_t<16,3,3>::pd_t$jit_sse41_fork_dw_convolution_fwd_t",1800,1800,1800.0,1800,1
FACTORY_DNNL,REG$CPUEngine$struct dnnl::impl::cpu::x64::jit_sse41_1x1_convolution_fwd_t::pd_t$jit_sse41_1x1_convolution_fwd_t,1000,1000,1000.0,1000,1
FACTORY_DNNL,REG$CPUEngine$struct dnnl::impl::cpu::x64::jit_avx2_convolution_fwd_t::pd_t$jit_avx2_convolution_fwd_t,1200,1200,1200.0,1200,1
FACTORY_DNNL,REG$CPUEngine$struct dnnl::impl::cpu::x64::jit_sse41_convolution_fwd_t::pd_t$jit_sse41_convolution_fwd_t,1400,1400,1400.0,1400,1
FACTORY_DNNL,REG$CPUEngine$struct dnnl::impl::cpu::gemm_convolution_fwd_t::pd_t$gemm_convolution_fwd_t,901,901,901.0,901,1
FACTORY_DNNL,REG$CPUEngine$struct dnnl::impl::cpu::ref_convolution_fwd_t::pd_t$ref_convolution_fwd_t,99,800,149.78571428571428,2097,14
FACTORY_DNNL,REG$CPUEngine$struct dnnl::impl::cpu::ref_fused_convolution_fwd_t::pd_t$ref_fused_convolution_fwd_t,99,1101,243.0,1701,7
FACTORY_DNNL,REG$CPUEngine$struct dnnl::impl::cpu::x64::jit_avx512_core_amx_1x1_convolution_fwd_t::pd_t$jit_avx512_core_amx_1x1_convolution_fwd_t,99,1400,285.57142857142856,1999,7
FACTORY_DNNL,REG$CPUEngine$struct dnnl::impl::cpu::x64::jit_avx512_core_amx_convolution_fwd_t::pd_t$jit_avx512_core_amx_convolution_fwd_t,100,1601,450.375,3603,8
FACTORY_DNNL,REG$CPUEngine$struct dnnl::impl::cpu::x64::brgemm_1x1_convolution_fwd_t<13168>::pd_t$brgemm_1x1_convolution_fwd_t_avx512_core_bf16,1800,1800,1800.0,1800,1
FACTORY_DNNL,REG$CPUEngine$struct dnnl::impl::cpu::x64::brgemm_convolution_fwd_t<13168>::pd_t$brgemm_convolution_fwd_t_avx512_core_bf16,899,899,899.0,899,1
FACTORY_DNNL,"REG$CPUEngine$struct dnnl::impl::cpu::x64::jit_uni_dw_convolution_fwd_t<880,2,3>::pd_t$jit_uni_dw_convolution_fwd_t_avx512_core_bf16_f32",1100,1100,1100.0,1100,1
FACTORY_DNNL,"REG$CPUEngine$struct dnnl::impl::cpu::x64::jit_uni_fork_dw_convolution_fwd_t<880,2,3>::pd_t$jit_uni_fork_dw_convolution_fwd_t_avx512_core_bf16_f32",1099,1099,1099.0,1099,1
FACTORY_DNNL,REG$CPUEngine$struct dnnl::impl::cpu::x64::jit_avx512_core_bf16_1x1_convolution_fwd_t<3>::pd_t$jit_avx512_core_bf16_1x1_convolution_fwd_t_f32,1700,1700,1700.0,1700,1
FACTORY_DNNL,REG$CPUEngine$struct dnnl::impl::cpu::x64::jit_avx512_core_bf16_convolution_fwd_t::pd_t$jit_avx512_core_bf16_convolution_fwd_t,999,999,999.0,999,1
FACTORY_DNNL,REG$CPUEngine$struct dnnl::impl::cpu::x64::gemm_bf16_convolution_fwd_t<3>::pd_t$gemm_bf16_convolution_fwd_t_f32,900,900,900.0,900,1
FACTORY_DNNL,REG$CPUEngine$struct dnnl::impl::cpu::x64::brgemm_1x1_convolution_fwd_t<3632>::pd_t$brgemm_1x1_convolution_fwd_t_avx2_vnni_2,99,7600,1783.1666666666667,10699,6
FACTORY_DNNL,REG$CPUEngine$struct dnnl::impl::cpu::x64::brgemm_convolution_fwd_t<3632>::pd_t$brgemm_convolution_fwd_t_avx2_vnni_2,99,1100,241.75,2901,12
FACTORY_DNNL,"REG$CPUEngine$struct dnnl::impl::cpu::x64::jit_uni_dw_convolution_fwd_t<880,2,2>::pd_t$jit_uni_dw_convolution_fwd_t_avx512_core_bf16_bf16",1700,1700,1700.0,1700,1
FACTORY_DNNL,"REG$CPUEngine$struct dnnl::impl::cpu::x64::jit_uni_fork_dw_convolution_fwd_t<880,2,2>::pd_t$jit_uni_fork_dw_convolution_fwd_t_avx512_core_bf16_bf16",2100,2100,2100.0,2100,1
FACTORY_DNNL,REG$CPUEngine$struct dnnl::impl::cpu::x64::jit_avx512_core_bf16_1x1_convolution_fwd_t<2>::pd_t$jit_avx512_core_bf16_1x1_convolution_fwd_t_bf16,1400,1400,1400.0,1400,1
FACTORY_DNNL,REG$CPUEngine$struct dnnl::impl::cpu::x64::gemm_bf16_convolution_fwd_t<2>::pd_t$gemm_bf16_convolution_fwd_t_bf16,1000,1000,1000.0,1000,1
FACTORY_DNNL,"REG$CPUEngine$struct dnnl::impl::cpu::x64::jit_uni_dw_convolution_fwd_t<30577,1,3>::pd_t$jit_uni_dw_convolution_fwd_t_avx512_core_fp16_f16_f32",1200,1200,1200.0,1200,1
FACTORY_DNNL,REG$CPUEngine$struct dnnl::impl::cpu::x64::brgemm_1x1_convolution_fwd_t<260081>::pd_t$brgemm_1x1_convolution_fwd_t_avx512_core_amx_fp16,1300,1300,1300.0,1300,1
FACTORY_DNNL,REG$CPUEngine$struct dnnl::impl::cpu::x64::brgemm_convolution_fwd_t<260081>::pd_t$brgemm_convolution_fwd_t_avx512_core_amx_fp16,1500,1500,1500.0,1500,1
FACTORY_DNNL,REG$CPUEngine$struct dnnl::impl::cpu::x64::brgemm_1x1_convolution_fwd_t<32626>::pd_t$brgemm_1x1_convolution_fwd_t_avx10_2_512,99,1400,187.5625,3001,16
FACTORY_DNNL,REG$CPUEngine$struct dnnl::impl::cpu::x64::brgemm_convolution_fwd_t<32626>::pd_t$brgemm_convolution_fwd_t_avx10_2_512,99,3101,331.5263157894737,6299,19
FACTORY_DNNL,REG$CPUEngine$struct dnnl::impl::cpu::x64::brgemm_1x1_convolution_fwd_t<30577>::pd_t$brgemm_1x1_convolution_fwd_t_avx512_core_fp16,2100,2100,2100.0,2100,1
FACTORY_DNNL,REG$CPUEngine$struct dnnl::impl::cpu::x64::brgemm_convolution_fwd_t<30577>::pd_t$brgemm_convolution_fwd_t_avx512_core_fp16,99,1200,649.5,1299,2
FACTORY_DNNL,"REG$CPUEngine$struct dnnl::impl::cpu::x64::jit_uni_dw_convolution_fwd_t<30577,1,1>::pd_t$jit_uni_dw_convolution_fwd_t_avx512_core_fp16_f16_f16",1000,1000,1000.0,1000,1
FACTORY_DNNL,REG$CPUEngine$struct dnnl::impl::cpu::x64::brgemm_1x1_convolution_fwd_t<260081>::pd_t$brgemm_1x1_convolution_fwd_t_avx10_1_512_amx_fp16,99,900,180.0,1800,10
FACTORY_DNNL,REG$CPUEngine$struct dnnl::impl::cpu::x64::brgemm_convolution_fwd_t<260081>::pd_t$brgemm_convolution_fwd_t_avx10_1_512_amx_fp16,99,1000,249.66666666666666,1498,6
FACTORY_DNNL,REG$CPUEngine$struct dnnl::impl::cpu::x64::ip_convolution_bwd_data_t::pd_t$ip_convolution_bwd_data_t,100,1000,400.3333333333333,1201,3
FACTORY_DNNL,REG$CPUEngine$struct dnnl::impl::cpu::x64::brgemm_convolution_bwd_t<524274>::pd_t$brgemm_convolution_bwd_t_avx10_2_512_amx_2,99,1600,236.72727272727272,2604,11
FACTORY_DNNL,REG$CPUEngine$struct dnnl::impl::cpu::x64::brgemm_convolution_bwd_t<129009>::pd_t$brgemm_convolution_bwd_t_avx512_core_amx,100,1100,433.6666666666667,1301,3
FACTORY_DNNL,REG$CPUEngine$struct dnnl::impl::cpu::x64::brgemm_convolution_bwd_strided_t<524274>::pd_t$brgemm_convolution_bwd_strided_t_avx10_2_512_amx_2,99,1099,176.76923076923077,2298,13
FACTORY_DNNL,REG$CPUEngine$struct dnnl::impl::cpu::x64::brgemm_convolution_bwd_t<880>::pd_t$brgemm_convolution_bwd_t_avx512_core,101,1500,800.5,1601,2
FACTORY_DNNL,REG$CPUEngine$struct dnnl::impl::cpu::x64::brgemm_convolution_bwd_strided_t<880>::pd_t$brgemm_convolution_bwd_strided_t_avx512_core,99,1100,224.75,1798,8
FACTORY_DNNL,"REG$CPUEngine$struct dnnl::impl::cpu::x64::jit_uni_dw_convolution_bwd_data_t<880,3,3>::pd_t$jit_avx512_common_dw_convolution_bwd_data_t",1200,1200,1200.0,1200,1
FACTORY_DNNL,"REG$CPUEngine$struct dnnl::impl::cpu::x64::jit_uni_fork_dw_convolution_bwd_data_t<880,3,3>::pd_t$jit_avx512_common_fork_dw_convolution_bwd_data_t",1400,1400,1400.0,1400,1
FACTORY_DNNL,"REG$CPUEngine$struct dnnl::impl::cpu::x64::jit_avx512_common_1x1_convolution_bwd_data_t<3,3,3>::pd_t$jit_avx512_common_1x1_convolution_bwd_data_f32_t",1100,1100,1100.0,1100,1
FACTORY_DNNL,"REG$CPUEngine$struct dnnl::impl::cpu::x64::jit_avx512_common_convolution_bwd_data_t<3,3,3>::pd_t$jit_avx512_common_convolution_bwd_data_t_f32",801,801,801.0,801,1
FACTORY_DNNL,REG$CPUEngine$struct dnnl::impl::cpu::x64::brgemm_convolution_bwd_t<560>::pd_t$brgemm_convolution_bwd_t_avx2,101,1300,700.5,1401,2
FACTORY_DNNL,REG$CPUEngine$struct dnnl::impl::cpu::x64::brgemm_convolution_bwd_strided_t<560>::pd_t$brgemm_convolution_bwd_strided_t_avx2,99,1999,732.6666666666666,2198,3
FACTORY_DNNL,"REG$CPUEngine$struct dnnl::impl::cpu::x64::jit_uni_dw_convolution_bwd_data_t<560,3,3>::pd_t$jit_avx2_dw_convolution_bwd_data_t",1700,1700,1700.0,1700,1
FACTORY_DNNL,"REG$CPUEngine$struct dnnl::impl::cpu::x64::jit_uni_fork_dw_convolution_bwd_data_t<560,3,3>::pd_t$jit_avx2_fork_dw_convolution_bwd_data_t",1100,1100,1100.0,1100,1
FACTORY_DNNL,REG$CPUEngine$struct dnnl::impl::cpu::x64::jit_avx2_1x1_convolution_bwd_data_t::pd_t$jit_avx2_1x1_convolution_bwd_data_t,1100,1100,1100.0,1100,1
FACTORY_DNNL,"REG$CPUEngine$struct dnnl::impl::cpu::x64::jit_uni_fork_dw_convolution_bwd_data_t<16,3,3>::pd_t$jit_sse41_fork_dw_convolution_bwd_data_t",1100,1100,1100.0,1100,1
FACTORY_DNNL,REG$CPUEngine$struct dnnl::impl::cpu::x64::jit_avx2_convolution_bwd_data_t::pd_t$jit_avx2_convolution_bwd_data_t,1199,1199,1199.0,1199,1
FACTORY_DNNL,REG$CPUEngine$struct dnnl::impl::cpu::gemm_convolution_bwd_data_t::pd_t$gemm_convolution_bwd_data_t,800,800,800.0,800,1
FACTORY_DNNL,REG$CPUEngine$struct dnnl::impl::cpu::ref_convolution_bwd_data_t::pd_t$ref_convolution_bwd_data_t,99,1500,226.10526315789474,4296,19
FACTORY_DNNL,REG$CPUEngine$struct dnnl::impl::cpu::x64::brgemm_convolution_bwd_strided_t<129009>::pd_t$brgemm_convolution_bwd_strided_t_avx512_core_amx,99,1200,210.2,2102,10
FACTORY_DNNL,REG$CPUEngine$struct dnnl::impl::cpu::x64::jit_avx512_core_amx_convolution_bwd_data_t::pd_t$jit_avx512_core_amx_convolution_bwd_data_t,99,900,499.5,999,2
FACTORY_DNNL,REG$CPUEngine$struct dnnl::impl::cpu::x64::brgemm_convolution_bwd_t<13168>::pd_t$brgemm_convolution_bwd_t_avx512_core_bf16,2201,2201,2201.0,2201,1
FACTORY_DNNL,REG$CPUEngine$struct dnnl::impl::cpu::x64::brgemm_convolution_bwd_strided_t<13168>::pd_t$brgemm_convolution_bwd_strided_t_avx512_core_bf16,1101,1101,1101.0,1101,1
FACTORY_DNNL,"REG$CPUEngine$struct dnnl::impl::cpu::x64::jit_uni_dw_convolution_bwd_data_t<880,2,3>::pd_t$jit_uni_dw_convolution_bwd_data_t_avx512_core_bf16_f32",1100,1100,1100.0,1100,1
FACTORY_DNNL,"REG$CPUEngine$struct dnnl::impl::cpu::x64::jit_uni_fork_dw_convolution_bwd_data_t<880,2,3>::pd_t$jit_uni_fork_dw_convolution_bwd_data_t_avx512_core_bf16_f32",1300,1300,1300.0,1300,1
FACTORY_DNNL,REG$CPUEngine$struct dnnl::impl::cpu::x64::jit_avx512_core_bf16_1x1_convolution_bwd_data_t<3>::pd_t$jit_avx512_core_bf16_1x1_convolution_bwd_data_t_f32,900,900,900.0,900,1
FACTORY_DNNL,REG$CPUEngine$struct dnnl::impl::cpu::x64::jit_avx512_core_bf16_convolution_bwd_data_t::pd_t$jit_avx512_core_bf16_convolution_bwd_data_t,100,3300,1700.0,3400,2
FACTORY_DNNL,REG$CPUEngine$struct dnnl::impl::cpu::x64::gemm_bf16_convolution_bwd_data_t<3>::pd_t$gemm_bf16_convolution_bwd_data_t_f32,1600,1600,1600.0,1600,1
FACTORY_DNNL,REG$CPUEngine$struct dnnl::impl::cpu::x64::brgemm_convolution_bwd_t<3632>::pd_t$brgemm_convolution_bwd_t_avx2_vnni_2,99,1001,400.0,1200,3
FACTORY_DNNL,REG$CPUEngine$struct dnnl::impl::cpu::x64::brgemm_convolution_bwd_strided_t<3632>::pd_t$brgemm_convolution_bwd_strided_t_avx2_vnni_2,99,1000,190.2,1902,10
FACTORY_DNNL,"REG$CPUEngine$struct dnnl::impl::cpu::x64::jit_uni_dw_convolution_bwd_data_t<880,2,2>::pd_t$jit_uni_dw_convolution_bwd_data_t_avx512_core_bf16_bf16",1099,1099,1099.0,1099,1
FACTORY_DNNL,"REG$CPUEngine$struct dnnl::impl::cpu::x64::jit_uni_fork_dw_convolution_bwd_data_t<880,2,2>::pd_t$jit_uni_fork_dw_convolution_bwd_data_t_avx512_core_bf16_bf16",1300,1300,1300.0,1300,1
FACTORY_DNNL,REG$CPUEngine$struct dnnl::impl::cpu::x64::jit_avx512_core_bf16_1x1_convolution_bwd_data_t<2>::pd_t$jit_avx512_core_bf16_1x1_convolution_bwd_data_t_bf16,1000,1000,1000.0,1000,1
FACTORY_DNNL,REG$CPUEngine$struct dnnl::impl::cpu::x64::gemm_bf16_convolution_bwd_data_t<2>::pd_t$gemm_bf16_convolution_bwd_data_t_bf16,1800,1800,1800.0,1800,1
FACTORY_DNNL,REG$CPUEngine$struct dnnl::impl::cpu::x64::brgemm_convolution_bwd_t<260081>::pd_t$brgemm_convolution_bwd_t_avx512_core_amx_fp16,99,1200,649.5,1299,2
FACTORY_DNNL,REG$CPUEngine$struct dnnl::impl::cpu::x64::brgemm_convolution_bwd_strided_t<260081>::pd_t$brgemm_convolution_bwd_strided_t_avx512_core_amx_fp16,100,1099,599.5,1199,2
FACTORY_DNNL,REG$CPUEngine$struct dnnl::impl::cpu::x64::brgemm_convolution_bwd_t<32626>::pd_t$brgemm_convolution_bwd_t_avx10_2_512,99,1800,254.54545454545453,2800,11
FACTORY_DNNL,REG$CPUEngine$struct dnnl::impl::cpu::x64::brgemm_convolution_bwd_strided_t<32626>::pd_t$brgemm_convolution_bwd_strided_t_avx10_2_512,99,1000,175.16666666666666,2102,12
FACTORY_DNNL,REG$CPUEngine$struct dnnl::impl::cpu::x64::brgemm_convolution_bwd_t<30577>::pd_t$brgemm_convolution_bwd_t_avx512_core_fp16,101,1300,700.5,1401,2
FACTORY_DNNL,REG$CPUEngine$struct dnnl::impl::cpu::x64::brgemm_convolution_bwd_strided_t<30577>::pd_t$brgemm_convolution_bwd_strided_t_avx512_core_fp16,100,1299,699.5,1399,2
FACTORY_DNNL,REG$CPUEngine$struct dnnl::impl::cpu::x64::brgemm_convolution_bwd_t<260081>::pd_t$brgemm_convolution_bwd_t_avx10_1_512_amx_fp16,99,1700,241.58333333333334,2899,12
FACTORY_DNNL,REG$CPUEngine$struct dnnl::impl::cpu::x64::brgemm_convolution_bwd_strided_t<260081>::pd_t$brgemm_convolution_bwd_strided_t_avx10_1_512_amx_fp16,99,2500,271.2857142857143,3798,14
FACTORY_DNNL,REG$CPUEngine$struct dnnl::impl::cpu::x64::brgemm_1x1_convolution_fwd_t<4976>::pd_t$brgemm_1x1_convolution_fwd_t_avx512_core_vnni,99,1500,380.0,1900,5
FACTORY_DNNL,REG$CPUEngine$struct dnnl::impl::cpu::x64::brgemm_convolution_fwd_t<4976>::pd_t$brgemm_convolution_fwd_t_avx512_core_vnni,100,1200,257.14285714285717,1800,7
FACTORY_DNNL,REG$CPUEngine$struct dnnl::impl::cpu::x64::jit_avx512_core_x8s8s32x_1x1_convolution_fwd_t::pd_t$jit_avx512_core_x8s8s32x_1x1_convolution_fwd_t,99,1001,250.33333333333334,1502,6
FACTORY_DNNL,REG$CPUEngine$struct dnnl::impl::cpu::x64::jit_avx512_core_x8s8s32x_convolution_fwd_t::pd_t$jit_avx512_core_x8s8s32x_convolution_fwd_t,99,899,214.14285714285714,1499,7
FACTORY_DNNL,REG$CPUEngine$struct dnnl::impl::cpu::x64::brgemm_1x1_convolution_fwd_t<1584>::pd_t$brgemm_1x1_convolution_fwd_t_avx2_vnni,100,899,499.5,999,2
FACTORY_DNNL,REG$CPUEngine$struct dnnl::impl::cpu::x64::brgemm_convolution_fwd_t<1584>::pd_t$brgemm_convolution_fwd_t_avx2_vnni,100,1199,257.2857142857143,1801,7
FACTORY_DNNL,REG$CPUEngine$struct dnnl::impl::cpu::x64::jit_uni_x8s8s32x_1x1_convolution_fwd_t<560>::pd_t$jit_uni_x8s8s32x_1x1_convolution_fwd_t_avx2,99,900,299.75,1199,4
FACTORY_DNNL,REG$CPUEngine$struct dnnl::impl::cpu::x64::jit_uni_x8s8s32x_convolution_fwd_t<560>::pd_t$jit_uni_x8s8s32x_convolution_fwd_t_avx2,100,1400,285.85714285714283,2001,7
FACTORY_DNNL,REG$CPUEngine$struct dnnl::impl::cpu::x64::jit_uni_x8s8s32x_1x1_convolution_fwd_t<16>::pd_t$jit_uni_x8s8s32x_1x1_convolution_fwd_t_sse41,100,2900,800.0,3200,4
FACTORY_DNNL,REG$CPUEngine$struct dnnl::impl::cpu::x64::jit_uni_x8s8s32x_convolution_fwd_t<16>::pd_t$jit_uni_x8s8s32x_convolution_fwd_t_sse41,100,2600,933.3333333333334,2800,3
FACTORY_DNNL,REG$CPUEngine$struct dnnl::impl::cpu::gemm_x8s8s32x_convolution_fwd_t::pd_t$gemm_x8s8s32x_convolution_fwd_t,99,1100,225.125,1801,8
FACTORY_DNNL,REG$CPUEngine$struct dnnl::impl::cpu::ref_convolution_int8_fwd_t::pd_t$ref_convolution_int8_fwd_t,100,2300,344.77777777777777,3103,9
FACTORY_DNNL,REG$CPUEngine$struct dnnl::impl::cpu::x64::brgemm_convolution_bwd_strided_t<4976>::pd_t$brgemm_convolution_bwd_strided_t_avx512_core_vnni,99,1701,366.6666666666667,2200,6
FACTORY_DNNL,REG$CPUEngine$struct dnnl::impl::cpu::x64::brgemm_convolution_bwd_strided_t<1584>::pd_t$brgemm_convolution_bwd_strided_t_avx2_vnni,99,1601,399.8,1999,5
FACTORY_DNNL,REG$CPUEngine$struct dnnl::impl::cpu::gemm_x8s8s32x_convolution_bwd_data_t::pd_t$gemm_x8s8s32x_convolution_bwd_data_t,100,1800,343.14285714285717,2402,7
FACTORY_DNNL,REG$CPUEngine$struct dnnl::impl::cpu::ref_convolution_int8_bwd_data_t::pd_t$ref_convolution_int8_bwd_data_t,100,1300,300.5,1803,6
FACTORY_DNNL,CREATE$CPUEngine$struct dnnl::impl::cpu::x64::brgemm_convolution_fwd_t<560>::pd_t,524401,599501,561951.0,1123902,2
FACTORY_DNNL,"REG$CPUEngine$struct dnnl::impl::cpu::simple_reorder_t<3,1,14,1,1,struct dnnl::impl::cpu::spec::reference>::pd_t$simple_reorder_t_f32_any_f4_e2m1_any_fmt_order::any_spec::reference",2600,2600,2600.0,2600,1
FACTORY_DNNL,"REG$CPUEngine$struct dnnl::impl::cpu::simple_reorder_t<14,1,3,1,1,struct dnnl::impl::cpu::spec::reference>::pd_t$simple_reorder_t_f4_e2m1_any_f32_any_fmt_order::any_spec::reference",1900,1900,1900.0,1900,1
FACTORY_DNNL,"REG$CPUEngine$struct dnnl::impl::cpu::simple_reorder_t<14,1,14,722,1,void>::pd_t$simple_reorder_t_f4_e2m1_any_f4_e2m1_OI8i8o2i_fmt_order_keep",1000,1000,1000.0,1000,1
FACTORY_DNNL,"REG$CPUEngine$struct dnnl::impl::cpu::simple_reorder_t<14,1,14,243,1,void>::pd_t$simple_reorder_t_f4_e2m1_any_f4_e2m1_OI8i16o2i_fmt_order_keep",1200,1200,1200.0,1200,1
FACTORY_DNNL,"REG$CPUEngine$struct dnnl::impl::cpu::simple_reorder_t<14,1,14,718,1,void>::pd_t$simple_reorder_t_f4_e2m1_any_f4_e2m1_OI8i24o2i_fmt_order_keep",1301,1301,1301.0,1301,1
FACTORY_DNNL,"REG$CPUEngine$struct dnnl::impl::cpu::simple_reorder_t<14,1,14,244,1,void>::pd_t$simple_reorder_t_f4_e2m1_any_f4_e2m1_OI8i32o2i_fmt_order_keep",1000,1000,1000.0,1000,1
FACTORY_DNNL,"REG$CPUEngine$struct dnnl::impl::cpu::simple_reorder_t<14,1,14,245,1,void>::pd_t$simple_reorder_t_f4_e2m1_any_f4_e2m1_OI8i64o2i_fmt_order_keep",1400,1400,1400.0,1400,1
FACTORY_DNNL,"REG$CPUEngine$struct dnnl::impl::cpu::simple_reorder_t<14,1,14,348,1,void>::pd_t$simple_reorder_t_f4_e2m1_any_f4_e2m1_OI16i16o2i_fmt_order_keep",800,800,800.0,800,1
FACTORY_DNNL,"REG$CPUEngine$struct dnnl::impl::cpu::simple_reorder_t<14,1,14,349,1,void>::pd_t$simple_reorder_t_f4_e2m1_any_f4_e2m1_OI16i32o2i_fmt_order_keep",900,900,900.0,900,1
FACTORY_DNNL,"REG$CPUEngine$struct dnnl::impl::cpu::simple_reorder_t<14,1,14,350,1,void>::pd_t$simple_reorder_t_f4_e2m1_any_f4_e2m1_OI16i48o2i_fmt_order_keep",1000,1000,1000.0,1000,1
FACTORY_DNNL,"REG$CPUEngine$struct dnnl::impl::cpu::simple_reorder_t<14,1,14,351,1,void>::pd_t$simple_reorder_t_f4_e2m1_any_f4_e2m1_OI16i64o2i_fmt_order_keep",1000,1000,1000.0,1000,1
FACTORY_DNNL,"REG$CPUEngine$struct dnnl::impl::cpu::simple_reorder_t<3,1,15,1,1,struct dnnl::impl::cpu::spec::reference>::pd_t$simple_reorder_t_f32_any_f4_e3m0_any_fmt_order::any_spec::reference",1100,1100,1100.0,1100,1
FACTORY_DNNL,"REG$CPUEngine$struct dnnl::impl::cpu::simple_reorder_t<15,1,3,1,1,struct dnnl::impl::cpu::spec::reference>::pd_t$simple_reorder_t_f4_e3m0_any_f32_any_fmt_order::any_spec::reference",1101,1101,1101.0,1101,1
FACTORY_DNNL,"REG$CPUEngine$struct dnnl::impl::cpu::simple_reorder_t<3,1,13,1,1,struct dnnl::impl::cpu::spec::reference>::pd_t$simple_reorder_t_f32_any_e8m0_any_fmt_order::any_spec::reference",1100,1100,1100.0,1100,1
FACTORY_DNNL,REG$CPUEngine$struct dnnl::impl::cpu::x64::jit_uni_reorder_direct_copy_t::pd_t$x64::jit_uni_reorder_direct_copy_t,99,1000,174.75,2097,12
FACTORY_DNNL,REG$CPUEngine$struct dnnl::impl::cpu::x64::jit_blk_reorder_t::pd_t$x64::jit_blk_reorder_t,99,1100,599.5,1199,2
FACTORY_DNNL,REG$CPUEngine$struct dnnl::impl::cpu::x64::jit_uni_reorder_t::pd_t$x64::jit_uni_reorder_t,99,900,299.75,1199,4
FACTORY_DNNL,"REG$CPUEngine$struct dnnl::impl::cpu::simple_reorder_t<3,1,9,1,1,struct dnnl::impl::cpu::spec::reference>::pd_t$simple_reorder_t_f32_any_f8_e5m2_any_fmt_order::any_spec::reference",1000,1000,1000.0,1000,1
FACTORY_DNNL,"REG$CPUEngine$struct dnnl::impl::cpu::simple_reorder_t<3,1,10,1,1,struct dnnl::impl::cpu::spec::reference>::pd_t$simple_reorder_t_f32_any_f8_e4m3_any_fmt_order::any_spec::reference",900,900,900.0,900,1
FACTORY_DNNL,"REG$CPUEngine$struct dnnl::impl::cpu::rnn_weights_reorder_t<3,2>::pd_t$rnn_weights_reorder_t_f32_bf16",1600,1600,1600.0,1600,1
FACTORY_DNNL,REG$CPUEngine$struct dnnl::impl::cpu::x64::jit_blk_reorder_t::pd_t$x64_jit_blk_reorder_t,100,1701,270.4,2704,10
FACTORY_DNNL,REG$CPUEngine$struct dnnl::impl::cpu::x64::jit_uni_reorder_t::pd_t$x64_jit_uni_reorder_t,99,1000,200.11111111111111,1801,9
FACTORY_DNNL,"REG$CPUEngine$struct dnnl::impl::cpu::simple_reorder_t<3,1,2,1,1,struct dnnl::impl::cpu::spec::reference>::pd_t$simple_reorder_t_f32_any_bf16_any_fmt_order_any_spec_reference",1400,1400,1400.0,1400,1
FACTORY_DNNL,"REG$CPUEngine$struct dnnl::impl::cpu::simple_reorder_t<3,1,1,1,1,struct dnnl::impl::cpu::spec::reference>::pd_t$simple_reorder_t_f32_any_f16_any_fmt_order::any_spec::reference",1500,1500,1500.0,1500,1
FACTORY_DNNL,REG$CPUEngine$struct dnnl::impl::cpu::x64::brgemm_matmul_copy_reorder_t::pd_t$x64_brgemm_matmul_copy_reorder_t,99,1000,328.2857142857143,2298,7
FACTORY_DNNL,REG$CPUEngine$struct dnnl::impl::cpu::x64::jit_uni_reorder_direct_copy_t::pd_t$x64_jit_uni_reorder_direct_copy_t,100,1100,300.2,1501,5
FACTORY_DNNL,"REG$CPUEngine$struct dnnl::impl::cpu::simple_reorder_t<3,1,3,1,1,struct dnnl::impl::cpu::spec::reference>::pd_t$simple_reorder_t_f32_any_f32_any_fmt_order_any_spec::reference",1299,1299,1299.0,1299,1
FACTORY_DNNL,"REG$CPUEngine$struct dnnl::impl::cpu::simple_reorder_t<3,1,3,1,1,struct dnnl::impl::cpu::spec::reference>::pd_t$simple_reorder_t_f32_any_f32_any_fmt_order_any_spec_reference",100,1601,600.3333333333334,1801,3
FACTORY_DNNL,"REG$CPUEngine$struct dnnl::impl::cpu::rnn_weights_reorder_t<3,3>::pd_t$rnn_weights_reorder_t_f32_f32",100,999,549.5,1099,2
FACTORY_DNNL,"REG$CPUEngine$struct dnnl::impl::cpu::simple_reorder_t<3,1,4,1,1,struct dnnl::impl::cpu::spec::reference>::pd_t$simple_reorder_t_f32_any_s32_any_fmt_order_any_spec_reference",1300,1300,1300.0,1300,1
FACTORY_DNNL,"REG$CPUEngine$struct dnnl::impl::cpu::rnn_data_reorder_t<3,5>::pd_t$rnn_data_reorder_t_f32_s8",900,900,900.0,900,1
FACTORY_DNNL,REG$CPUEngine$struct dnnl::impl::cpu::rnn_weights_reorder_s8_t<3>::pd_t$rnn_weights_reorder_s8_t_f32,900,900,900.0,900,1
FACTORY_DNNL,"REG$CPUEngine$struct dnnl::impl::cpu::rnn_brgemm_weights_reorder_s8_t<3,5>::pd_t$rnn_brgemm_weights_reorder_s8_t_f32_s8",1299,1299,1299.0,1299,1
FACTORY_DNNL,"REG$CPUEngine$struct dnnl::impl::cpu::simple_reorder_t<3,1,5,1,1,struct dnnl::impl::cpu::spec::reference>::pd_t$simple_reorder_t_f32_any_s8_any_fmt_order_any_spec_reference",1800,1800,1800.0,1800,1
FACTORY_DNNL,"REG$CPUEngine$struct dnnl::impl::cpu::simple_sparse_reorder_v0_t<3,3,5,347,1,struct dnnl::impl::cpu::sparse_spec::reference>::pd_t$simple_sparse_reorder_v0_t_f32_format_tag::oi_s8_OI16i64o4i_sparse_inputs_order::keep_sparse_spec::reference",2199,2199,2199.0,2199,1
FACTORY_DNNL,"REG$CPUEngine$struct dnnl::impl::cpu::simple_sparse_reorder_v0_t<3,14,5,347,1,struct dnnl::impl::cpu::sparse_spec::reference>::pd_t$simple_sparse_reorder_v0_t_f32_format_tag::io_s8_OI16i64o4i_sparse_inputs_order::keep_sparse_spec::reference",3100,3100,3100.0,3100,1
FACTORY_DNNL,"REG$CPUEngine$struct dnnl::impl::cpu::simple_sparse_reorder_t<3,enum dnnl_format_tag_t,1,5,enum dnnl_format_tag_t,1,void>::pd_t$simple_sparse_reorder_t_f32_impl::format_tag_t_any_s8_impl::format_tag_t_any",2200,2200,2200.0,2200,1
FACTORY_DNNL,"REG$CPUEngine$struct dnnl::impl::cpu::rnn_data_reorder_t<3,6>::pd_t$rnn_data_reorder_t_f32_u8",1900,1900,1900.0,1900,1
FACTORY_DNNL,"REG$CPUEngine$struct dnnl::impl::cpu::simple_reorder_t<3,1,6,1,1,struct dnnl::impl::cpu::spec::reference>::pd_t$simple_reorder_t_f32_any_u8_any_fmt_order_any_spec_reference",2501,2501,2501.0,2501,1
FACTORY_DNNL,"REG$CPUEngine$struct dnnl::impl::cpu::simple_reorder_t<9,1,9,1,1,struct dnnl::impl::cpu::spec::reference>::pd_t$simple_reorder_t_f8_e5m2_any_f8_e5m2_any_fmt_order::any_spec::reference",1600,1600,1600.0,1600,1
FACTORY_DNNL,"REG$CPUEngine$struct dnnl::impl::cpu::simple_reorder_t<9,1,1,1,1,struct dnnl::impl::cpu::spec::reference>::pd_t$simple_reorder_t_f8_e5m2_any_f16_any_fmt_order::any_spec::reference",999,999,999.0,999,1
FACTORY_DNNL,"REG$CPUEngine$struct dnnl::impl::cpu::simple_reorder_t<9,1,2,1,1,struct dnnl::impl::cpu::spec::reference>::pd_t$simple_reorder_t_f8_e5m2_any_bf16_any_fmt_order::any_spec::reference",1199,1199,1199.0,1199,1
FACTORY_DNNL,"REG$CPUEngine$struct dnnl::impl::cpu::simple_reorder_t<9,1,3,1,1,struct dnnl::impl::cpu::spec::reference>::pd_t$simple_reorder_t_f8_e5m2_any_f32_any_fmt_order::any_spec::reference",2200,2200,2200.0,2200,1
FACTORY_DNNL,"REG$CPUEngine$struct dnnl::impl::cpu::simple_reorder_t<10,1,10,1,1,struct dnnl::impl::cpu::spec::reference>::pd_t$simple_reorder_t_f8_e4m3_any_f8_e4m3_any_fmt_order::any_spec::reference",1400,1400,1400.0,1400,1
FACTORY_DNNL,"REG$CPUEngine$struct dnnl::impl::cpu::simple_reorder_t<10,1,1,1,1,struct dnnl::impl::cpu::spec::reference>::pd_t$simple_reorder_t_f8_e4m3_any_f16_any_fmt_order::any_spec::reference",1299,1299,1299.0,1299,1
FACTORY_DNNL,"REG$CPUEngine$struct dnnl::impl::cpu::simple_reorder_t<10,1,2,1,1,struct dnnl::impl::cpu::spec::reference>::pd_t$simple_reorder_t_f8_e4m3_any_bf16_any_fmt_order::any_spec::reference",1701,1701,1701.0,1701,1
FACTORY_DNNL,"REG$CPUEngine$struct dnnl::impl::cpu::simple_reorder_t<10,1,3,1,1,struct dnnl::impl::cpu::spec::reference>::pd_t$simple_reorder_t_f8_e4m3_any_f32_any_fmt_order::any_spec::reference",1599,1599,1599.0,1599,1
FACTORY_DNNL,"REG$CPUEngine$struct dnnl::impl::cpu::simple_reorder_t<13,1,13,1,1,struct dnnl::impl::cpu::spec::reference>::pd_t$simple_reorder_t_e8m0_any_e8m0_any_fmt_order::any_spec::reference",1800,1800,1800.0,1800,1
FACTORY_DNNL,"REG$CPUEngine$struct dnnl::impl::cpu::simple_reorder_t<3,5,17,22,1,void>::pd_t$simple_reorder_t_f32_nchw_bin_nhwc_fmt_order_keep",2600,2600,2600.0,2600,1
FACTORY_DNNL,"REG$CPUEngine$struct dnnl::impl::cpu::simple_reorder_t<3,5,17,22,0,void>::pd_t$simple_reorder_t_f32_nchw_bin_nhwc_fmt_order_reverse",1501,1501,1501.0,1501,1
FACTORY_DNNL,"REG$CPUEngine$struct dnnl::impl::cpu::simple_reorder_t<3,22,17,22,1,void>::pd_t$simple_reorder_t_f32_nhwc_bin_nhwc_fmt_order_keep",2201,2201,2201.0,2201,1
FACTORY_DNNL,"REG$CPUEngine$struct dnnl::impl::cpu::simple_reorder_t<3,22,17,22,0,void>::pd_t$simple_reorder_t_f32_nhwc_bin_nhwc_fmt_order_reverse",900,900,900.0,900,1
FACTORY_DNNL,"REG$CPUEngine$struct dnnl::impl::cpu::rnn_weights_reorder_t<2,2>::pd_t$rnn_weights_reorder_t_bf16_bf16",2201,2201,2201.0,2201,1
FACTORY_DNNL,"REG$CPUEngine$struct dnnl::impl::cpu::simple_reorder_t<2,1,2,1,1,struct dnnl::impl::cpu::spec::reference>::pd_t$simple_reorder_t_bf16_any_bf16_any_fmt_order_any_spec_reference",4201,4201,4201.0,4201,1
FACTORY_DNNL,"REG$CPUEngine$struct dnnl::impl::cpu::simple_reorder_t<2,1,3,1,1,struct dnnl::impl::cpu::spec::reference>::pd_t$simple_reorder_t_bf16_any_f32_any_fmt_order_any_spec_reference",1301,1301,1301.0,1301,1
FACTORY_DNNL,"REG$CPUEngine$struct dnnl::impl::cpu::simple_reorder_t<2,1,5,1,1,struct dnnl::impl::cpu::spec::reference>::pd_t$simple_reorder_t_bf16_any_s8_any_fmt_order_any_spec_reference",1401,1401,1401.0,1401,1
FACTORY_DNNL,"REG$CPUEngine$struct dnnl::impl::cpu::simple_reorder_t<2,1,6,1,1,struct dnnl::impl::cpu::spec::reference>::pd_t$simple_reorder_t_bf16_any_u8_any_fmt_order_any_spec_reference",1000,1000,1000.0,1000,1
FACTORY_DNNL,"REG$CPUEngine$struct dnnl::impl::cpu::simple_reorder_t<2,1,9,1,1,struct dnnl::impl::cpu::spec::reference>::pd_t$simple_reorder_t_bf16_any_f8_e5m2_any_fmt_order_any_spec_reference",1099,1099,1099.0,1099,1
FACTORY_DNNL,"REG$CPUEngine$struct dnnl::impl::cpu::simple_reorder_t<2,1,10,1,1,struct dnnl::impl::cpu::spec::reference>::pd_t$simple_reorder_t_bf16_any_f8_e4m3_any_fmt_order_any_spec_reference",1601,1601,1601.0,1601,1
FACTORY_DNNL,"REG$CPUEngine$struct dnnl::impl::cpu::simple_reorder_t<1,1,9,1,1,struct dnnl::impl::cpu::spec::reference>::pd_t$simple_reorder_t_f16_any_f8_e5m2_any_fmt_order_any_spec_reference",2199,2199,2199.0,2199,1
FACTORY_DNNL,"REG$CPUEngine$struct dnnl::impl::cpu::simple_reorder_t<1,1,10,1,1,struct dnnl::impl::cpu::spec::reference>::pd_t$simple_reorder_t_f16_any_f8_e4m3_any_fmt_order_any_spec_reference",1600,1600,1600.0,1600,1
FACTORY_DNNL,"REG$CPUEngine$struct dnnl::impl::cpu::simple_reorder_t<1,1,1,1,1,struct dnnl::impl::cpu::spec::reference>::pd_t$simple_reorder_t_f16_any_f16_any_fmt_order_any_spec_reference",1299,1299,1299.0,1299,1
FACTORY_DNNL,"REG$CPUEngine$struct dnnl::impl::cpu::simple_reorder_t<1,1,3,1,1,struct dnnl::impl::cpu::spec::reference>::pd_t$simple_reorder_t_f16_any_f32_any_fmt_order_any_spec_reference",1900,1900,1900.0,1900,1
FACTORY_DNNL,"REG$CPUEngine$struct dnnl::impl::cpu::simple_reorder_t<1,1,5,1,1,struct dnnl::impl::cpu::spec::reference>::pd_t$simple_reorder_t_f16_any_s8_any_fmt_order_any_spec_reference",1000,1000,1000.0,1000,1
FACTORY_DNNL,"REG$CPUEngine$struct dnnl::impl::cpu::simple_reorder_t<1,1,6,1,1,struct dnnl::impl::cpu::spec::reference>::pd_t$simple_reorder_t_f16_any_u8_any_fmt_order_any_spec_reference",1300,1300,1300.0,1300,1
FACTORY_DNNL,"REG$CPUEngine$struct dnnl::impl::cpu::simple_reorder_t<4,1,3,1,1,struct dnnl::impl::cpu::spec::reference>::pd_t$simple_reorder_t_s32_any_f32_any_fmt_order_any_spec_reference",1200,1200,1200.0,1200,1
FACTORY_DNNL,"REG$CPUEngine$struct dnnl::impl::cpu::simple_reorder_t<4,1,4,1,1,struct dnnl::impl::cpu::spec::reference>::pd_t$simple_reorder_t_s32_any_s32_any_fmt_order_any_spec_reference",1200,1200,1200.0,1200,1
FACTORY_DNNL,"REG$CPUEngine$struct dnnl::impl::cpu::simple_reorder_t<4,1,5,1,1,struct dnnl::impl::cpu::spec::reference>::pd_t$simple_reorder_t_s32_any_s8_any_fmt_order_any_spec_reference",1000,1000,1000.0,1000,1
FACTORY_DNNL,"REG$CPUEngine$struct dnnl::impl::cpu::simple_reorder_t<4,1,6,1,1,struct dnnl::impl::cpu::spec::reference>::pd_t$simple_reorder_t_s32_any_u8_any_fmt_order_any_spec_reference",1400,1400,1400.0,1400,1
FACTORY_DNNL,REG$CPUEngine$struct dnnl::impl::cpu::rnn_weights_reorder_s8_t<5>::pd_t$rnn_weights_reorder_s8_t_s8,1900,1900,1900.0,1900,1
FACTORY_DNNL,"REG$CPUEngine$struct dnnl::impl::cpu::rnn_brgemm_weights_reorder_s8_t<5,5>::pd_t$rnn_brgemm_weights_reorder_s8_t_s8_s8",2600,2600,2600.0,2600,1
FACTORY_DNNL,"REG$CPUEngine$struct dnnl::impl::cpu::simple_reorder_t<5,1,3,1,1,struct dnnl::impl::cpu::spec::reference>::pd_t$simple_reorder_t_s8_any_f32_any_fmt_order_any_spec_reference",1300,1300,1300.0,1300,1
FACTORY_DNNL,"REG$CPUEngine$struct dnnl::impl::cpu::simple_reorder_t<5,1,4,1,1,struct dnnl::impl::cpu::spec::reference>::pd_t$simple_reorder_t_s8_any_s32_any_fmt_order_any_spec_reference",1300,1300,1300.0,1300,1
FACTORY_DNNL,"REG$CPUEngine$struct dnnl::impl::cpu::simple_reorder_t<5,1,2,1,1,struct dnnl::impl::cpu::spec::reference>::pd_t$simple_reorder_t_s8_any_bf16_any_fmt_order_any_spec_reference",1201,1201,1201.0,1201,1
FACTORY_DNNL,"REG$CPUEngine$struct dnnl::impl::cpu::simple_reorder_t<5,1,1,1,1,struct dnnl::impl::cpu::spec::reference>::pd_t$simple_reorder_t_s8_any_f16_any_fmt_order_any_spec_reference",1199,1199,1199.0,1199,1
FACTORY_DNNL,"REG$CPUEngine$struct dnnl::impl::cpu::simple_reorder_t<5,1,5,1,1,struct dnnl::impl::cpu::spec::reference>::pd_t$simple_reorder_t_s8_any_s8_any_fmt_order_any_spec_reference",1700,1700,1700.0,1700,1
FACTORY_DNNL,"REG$CPUEngine$struct dnnl::impl::cpu::simple_reorder_t<5,1,6,1,1,struct dnnl::impl::cpu::spec::reference>::pd_t$simple_reorder_t_s8_any_u8_any_fmt_order_any_spec_reference",1700,1700,1700.0,1700,1
FACTORY_DNNL,"REG$CPUEngine$struct dnnl::impl::cpu::simple_sparse_reorder_v0_t<5,3,5,347,1,struct dnnl::impl::cpu::sparse_spec::reference>::pd_t$simple_sparse_reorder_v0_t_s8_format_tag::oi_s8_OI16i64o4i_sparse_inputs_order::keep_sparse_spec::reference",1199,1199,1199.0,1199,1
FACTORY_DNNL,"REG$CPUEngine$struct dnnl::impl::cpu::simple_sparse_reorder_v0_t<5,14,5,347,1,struct dnnl::impl::cpu::sparse_spec::reference>::pd_t$simple_sparse_reorder_v0_t_s8_format_tag::io_s8_OI16i64o4i_sparse_inputs_order::keep_sparse_spec::reference",2199,2199,2199.0,2199,1
FACTORY_DNNL,"REG$CPUEngine$struct dnnl::impl::cpu::simple_sparse_reorder_t<5,enum dnnl_format_tag_t,1,5,enum dnnl_format_tag_t,1,void>::pd_t$simple_sparse_reorder_t_s8_impl::format_tag_t_any_s8_impl::format_tag_t_any",1500,1500,1500.0,1500,1
FACTORY_DNNL,"REG$CPUEngine$struct dnnl::impl::cpu::simple_reorder_t<6,1,3,1,1,struct dnnl::impl::cpu::spec::reference>::pd_t$simple_reorder_t_u8_any_f32_any_fmt_order_any_spec_reference",1199,1199,1199.0,1199,1
FACTORY_DNNL,"REG$CPUEngine$struct dnnl::impl::cpu::simple_reorder_t<6,1,4,1,1,struct dnnl::impl::cpu::spec::reference>::pd_t$simple_reorder_t_u8_any_s32_any_fmt_order_any_spec_reference",1300,1300,1300.0,1300,1
FACTORY_DNNL,"REG$CPUEngine$struct dnnl::impl::cpu::simple_reorder_t<6,1,2,1,1,struct dnnl::impl::cpu::spec::reference>::pd_t$simple_reorder_t_u8_any_bf16_any_fmt_order_any_spec_reference",1000,1000,1000.0,1000,1
FACTORY_DNNL,"REG$CPUEngine$struct dnnl::impl::cpu::simple_reorder_t<6,1,6,1,1,struct dnnl::impl::cpu::spec::reference>::pd_t$simple_reorder_t_u8_any_u8_any_fmt_order_any_spec_reference",1000,1000,1000.0,1000,1
FACTORY_DNNL,"REG$CPUEngine$struct dnnl::impl::cpu::simple_reorder_t<6,1,5,1,1,struct dnnl::impl::cpu::spec::reference>::pd_t$simple_reorder_t_u8_any_s8_any_fmt_order_any_spec_reference",1100,1100,1100.0,1100,1
FACTORY_DNNL,"REG$CPUEngine$struct dnnl::impl::cpu::simple_reorder_t<3,1,11,1,1,struct dnnl::impl::cpu::spec::reference>::pd_t$simple_reorder_t_f32_any_s4_any_fmt_order::any_spec::reference",1600,1600,1600.0,1600,1
FACTORY_DNNL,"REG$CPUEngine$struct dnnl::impl::cpu::simple_reorder_t<11,1,11,722,1,void>::pd_t$simple_reorder_t_s4_any_s4_OI8i8o2i_fmt_order_keep",999,999,999.0,999,1
FACTORY_DNNL,"REG$CPUEngine$struct dnnl::impl::cpu::simple_reorder_t<11,1,11,243,1,void>::pd_t$simple_reorder_t_s4_any_s4_OI8i16o2i_fmt_order_keep",1200,1200,1200.0,1200,1
FACTORY_DNNL,"REG$CPUEngine$struct dnnl::impl::cpu::simple_reorder_t<11,1,11,718,1,void>::pd_t$simple_reorder_t_s4_any_s4_OI8i24o2i_fmt_order_keep",900,900,900.0,900,1
FACTORY_DNNL,"REG$CPUEngine$struct dnnl::impl::cpu::simple_reorder_t<11,1,11,244,1,void>::pd_t$simple_reorder_t_s4_any_s4_OI8i32o2i_fmt_order_keep",1301,1301,1301.0,1301,1
FACTORY_DNNL,"REG$CPUEngine$struct dnnl::impl::cpu::simple_reorder_t<11,1,11,245,1,void>::pd_t$simple_reorder_t_s4_any_s4_OI8i64o2i_fmt_order_keep",900,900,900.0,900,1
FACTORY_DNNL,"REG$CPUEngine$struct dnnl::impl::cpu::simple_reorder_t<11,1,11,348,1,void>::pd_t$simple_reorder_t_s4_any_s4_OI16i16o2i_fmt_order_keep",1201,1201,1201.0,1201,1
FACTORY_DNNL,"REG$CPUEngine$struct dnnl::impl::cpu::simple_reorder_t<11,1,11,349,1,void>::pd_t$simple_reorder_t_s4_any_s4_OI16i32o2i_fmt_order_keep",2300,2300,2300.0,2300,1
FACTORY_DNNL,"REG$CPUEngine$struct dnnl::impl::cpu::simple_reorder_t<11,1,11,350,1,void>::pd_t$simple_reorder_t_s4_any_s4_OI16i48o2i_fmt_order_keep",1499,1499,1499.0,1499,1
FACTORY_DNNL,"REG$CPUEngine$struct dnnl::impl::cpu::simple_reorder_t<11,1,11,351,1,void>::pd_t$simple_reorder_t_s4_any_s4_OI16i64o2i_fmt_order_keep",1300,1300,1300.0,1300,1
FACTORY_DNNL,"REG$CPUEngine$struct dnnl::impl::cpu::simple_reorder_t<11,1,11,528,1,void>::pd_t$simple_reorder_t_s4_any_s4_aBC8c8b2c_fmt_order_keep",1599,1599,1599.0,1599,1
FACTORY_DNNL,"REG$CPUEngine$struct dnnl::impl::cpu::simple_reorder_t<11,1,11,529,1,void>::pd_t$simple_reorder_t_s4_any_s4_aBC8c16b2c_fmt_order_keep",2301,2301,2301.0,2301,1
FACTORY_DNNL,"REG$CPUEngine$struct dnnl::impl::cpu::simple_reorder_t<11,1,11,530,1,void>::pd_t$simple_reorder_t_s4_any_s4_aBC8c24b2c_fmt_order_keep",1600,1600,1600.0,1600,1
FACTORY_DNNL,"REG$CPUEngine$struct dnnl::impl::cpu::simple_reorder_t<11,1,11,531,1,void>::pd_t$simple_reorder_t_s4_any_s4_aBC8c32b2c_fmt_order_keep",1500,1500,1500.0,1500,1
FACTORY_DNNL,"REG$CPUEngine$struct dnnl::impl::cpu::simple_reorder_t<11,1,11,532,1,void>::pd_t$simple_reorder_t_s4_any_s4_aBC8c64b2c_fmt_order_keep",1400,1400,1400.0,1400,1
FACTORY_DNNL,"REG$CPUEngine$struct dnnl::impl::cpu::simple_reorder_t<11,1,11,533,1,void>::pd_t$simple_reorder_t_s4_any_s4_aBC16c16b2c_fmt_order_keep",1101,1101,1101.0,1101,1
FACTORY_DNNL,"REG$CPUEngine$struct dnnl::impl::cpu::simple_reorder_t<11,1,11,534,1,void>::pd_t$simple_reorder_t_s4_any_s4_aBC16c32b2c_fmt_order_keep",1101,1101,1101.0,1101,1
FACTORY_DNNL,"REG$CPUEngine$struct dnnl::impl::cpu::simple_reorder_t<11,1,11,535,1,void>::pd_t$simple_reorder_t_s4_any_s4_aBC16c48b2c_fmt_order_keep",1401,1401,1401.0,1401,1
FACTORY_DNNL,"REG$CPUEngine$struct dnnl::impl::cpu::simple_reorder_t<11,1,11,536,1,void>::pd_t$simple_reorder_t_s4_any_s4_aBC16c64b2c_fmt_order_keep",1200,1200,1200.0,1200,1
FACTORY_DNNL,"REG$CPUEngine$struct dnnl::impl::cpu::simple_reorder_t<11,1,11,537,1,void>::pd_t$simple_reorder_t_s4_any_s4_aBC16c16b4c_fmt_order_keep",1400,1400,1400.0,1400,1
FACTORY_DNNL,"REG$CPUEngine$struct dnnl::impl::cpu::simple_reorder_t<11,1,11,538,1,void>::pd_t$simple_reorder_t_s4_any_s4_aBC16c32b4c_fmt_order_keep",1001,1001,1001.0,1001,1
FACTORY_DNNL,"REG$CPUEngine$struct dnnl::impl::cpu::simple_reorder_t<11,1,11,539,1,void>::pd_t$simple_reorder_t_s4_any_s4_aBC16c48b4c_fmt_order_keep",1200,1200,1200.0,1200,1
FACTORY_DNNL,"REG$CPUEngine$struct dnnl::impl::cpu::simple_reorder_t<11,1,11,540,1,void>::pd_t$simple_reorder_t_s4_any_s4_aBC16c64b4c_fmt_order_keep",1300,1300,1300.0,1300,1
FACTORY_DNNL,"REG$CPUEngine$struct dnnl::impl::cpu::simple_reorder_t<11,1,6,1,1,struct dnnl::impl::cpu::spec::reference>::pd_t$simple_reorder_t_s4_any_u8_any_fmt_order_keep_spec::reference",1400,1400,1400.0,1400,1
FACTORY_DNNL,"REG$CPUEngine$struct dnnl::impl::cpu::simple_reorder_t<11,1,3,1,1,struct dnnl::impl::cpu::spec::reference>::pd_t$simple_reorder_t_s4_any_f32_any_fmt_order_keep_spec::reference",1101,1101,1101.0,1101,1
FACTORY_DNNL,"REG$CPUEngine$struct dnnl::impl::cpu::simple_reorder_t<11,1,3,1,1,struct dnnl::impl::cpu::spec::reference>::pd_t$simple_reorder_t_s4_any_f32_any_fmt_order::any_spec::reference",100,1101,600.5,1201,2
FACTORY_DNNL,"REG$CPUEngine$struct dnnl::impl::cpu::simple_reorder_t<11,1,2,1,1,struct dnnl::impl::cpu::spec::reference>::pd_t$simple_reorder_t_s4_any_bf16_any_fmt_order::any_spec::reference",1201,1201,1201.0,1201,1
FACTORY_DNNL,"REG$CPUEngine$struct dnnl::impl::cpu::simple_reorder_t<11,1,1,1,1,struct dnnl::impl::cpu::spec::reference>::pd_t$simple_reorder_t_s4_any_f16_any_fmt_order::any_spec::reference",1600,1600,1600.0,1600,1
FACTORY_DNNL,"REG$CPUEngine$struct dnnl::impl::cpu::simple_reorder_t<3,1,12,1,1,struct dnnl::impl::cpu::spec::reference>::pd_t$simple_reorder_t_f32_any_u4_any_fmt_order::any_spec::reference",1300,1300,1300.0,1300,1
FACTORY_DNNL,"REG$CPUEngine$struct dnnl::impl::cpu::simple_reorder_t<12,1,12,722,1,void>::pd_t$simple_reorder_t_u4_any_u4_OI8i8o2i_fmt_order_keep",1801,1801,1801.0,1801,1
FACTORY_DNNL,"REG$CPUEngine$struct dnnl::impl::cpu::simple_reorder_t<12,1,12,243,1,void>::pd_t$simple_reorder_t_u4_any_u4_OI8i16o2i_fmt_order_keep",1300,1300,1300.0,1300,1
FACTORY_DNNL,"REG$CPUEngine$struct dnnl::impl::cpu::simple_reorder_t<12,1,12,718,1,void>::pd_t$simple_reorder_t_u4_any_u4_OI8i24o2i_fmt_order_keep",1100,1100,1100.0,1100,1
FACTORY_DNNL,"REG$CPUEngine$struct dnnl::impl::cpu::simple_reorder_t<12,1,12,244,1,void>::pd_t$simple_reorder_t_u4_any_u4_OI8i32o2i_fmt_order_keep",1101,1101,1101.0,1101,1
FACTORY_DNNL,"REG$CPUEngine$struct dnnl::impl::cpu::simple_reorder_t<12,1,12,245,1,void>::pd_t$simple_reorder_t_u4_any_u4_OI8i64o2i_fmt_order_keep",1000,1000,1000.0,1000,1
FACTORY_DNNL,"REG$CPUEngine$struct dnnl::impl::cpu::simple_reorder_t<12,1,12,348,1,void>::pd_t$simple_reorder_t_u4_any_u4_OI16i16o2i_fmt_order_keep",901,901,901.0,901,1
FACTORY_DNNL,"REG$CPUEngine$struct dnnl::impl::cpu::simple_reorder_t<12,1,12,349,1,void>::pd_t$simple_reorder_t_u4_any_u4_OI16i32o2i_fmt_order_keep",8199,8199,8199.0,8199,1
FACTORY_DNNL,"REG$CPUEngine$struct dnnl::impl::cpu::simple_reorder_t<12,1,12,350,1,void>::pd_t$simple_reorder_t_u4_any_u4_OI16i48o2i_fmt_order_keep",1000,1000,1000.0,1000,1
FACTORY_DNNL,"REG$CPUEngine$struct dnnl::impl::cpu::simple_reorder_t<12,1,12,351,1,void>::pd_t$simple_reorder_t_u4_any_u4_OI16i64o2i_fmt_order_keep",1201,1201,1201.0,1201,1
FACTORY_DNNL,"REG$CPUEngine$struct dnnl::impl::cpu::simple_reorder_t<12,1,12,249,1,void>::pd_t$simple_reorder_t_u4_any_u4_OI16i16o4i_fmt_order_keep",2299,2299,2299.0,2299,1
FACTORY_DNNL,"REG$CPUEngine$struct dnnl::impl::cpu::simple_reorder_t<12,1,12,345,1,void>::pd_t$simple_reorder_t_u4_any_u4_OI16i32o4i_fmt_order_keep",800,800,800.0,800,1
FACTORY_DNNL,"REG$CPUEngine$struct dnnl::impl::cpu::simple_reorder_t<12,1,12,346,1,void>::pd_t$simple_reorder_t_u4_any_u4_OI16i48o4i_fmt_order_keep",1400,1400,1400.0,1400,1
FACTORY_DNNL,"REG$CPUEngine$struct dnnl::impl::cpu::simple_reorder_t<12,1,12,347,1,void>::pd_t$simple_reorder_t_u4_any_u4_OI16i64o4i_fmt_order_keep",900,900,900.0,900,1
FACTORY_DNNL,"REG$CPUEngine$struct dnnl::impl::cpu::simple_reorder_t<12,1,12,528,1,void>::pd_t$simple_reorder_t_u4_any_u4_aBC8c8b2c_fmt_order_keep",1800,1800,1800.0,1800,1
FACTORY_DNNL,"REG$CPUEngine$struct dnnl::impl::cpu::simple_reorder_t<12,1,12,529,1,void>::pd_t$simple_reorder_t_u4_any_u4_aBC8c16b2c_fmt_order_keep",1800,1800,1800.0,1800,1
FACTORY_DNNL,"REG$CPUEngine$struct dnnl::impl::cpu::simple_reorder_t<12,1,12,530,1,void>::pd_t$simple_reorder_t_u4_any_u4_aBC8c24b2c_fmt_order_keep",1500,1500,1500.0,1500,1
FACTORY_DNNL,"REG$CPUEngine$struct dnnl::impl::cpu::simple_reorder_t<12,1,12,531,1,void>::pd_t$simple_reorder_t_u4_any_u4_aBC8c32b2c_fmt_order_keep",1000,1000,1000.0,1000,1
FACTORY_DNNL,"REG$CPUEngine$struct dnnl::impl::cpu::simple_reorder_t<12,1,12,532,1,void>::pd_t$simple_reorder_t_u4_any_u4_aBC8c64b2c_fmt_order_keep",1701,1701,1701.0,1701,1
FACTORY_DNNL,"REG$CPUEngine$struct dnnl::impl::cpu::simple_reorder_t<12,1,12,533,1,void>::pd_t$simple_reorder_t_u4_any_u4_aBC16c16b2c_fmt_order_keep",1600,1600,1600.0,1600,1
FACTORY_DNNL,"REG$CPUEngine$struct dnnl::impl::cpu::simple_reorder_t<12,1,12,534,1,void>::pd_t$simple_reorder_t_u4_any_u4_aBC16c32b2c_fmt_order_keep",2000,2000,2000.0,2000,1
FACTORY_DNNL,"REG$CPUEngine$struct dnnl::impl::cpu::simple_reorder_t<12,1,12,535,1,void>::pd_t$simple_reorder_t_u4_any_u4_aBC16c48b2c_fmt_order_keep",1400,1400,1400.0,1400,1
FACTORY_DNNL,"REG$CPUEngine$struct dnnl::impl::cpu::simple_reorder_t<12,1,12,536,1,void>::pd_t$simple_reorder_t_u4_any_u4_aBC16c64b2c_fmt_order_keep",1100,1100,1100.0,1100,1
FACTORY_DNNL,"REG$CPUEngine$struct dnnl::impl::cpu::simple_reorder_t<12,1,12,537,1,void>::pd_t$simple_reorder_t_u4_any_u4_aBC16c16b4c_fmt_order_keep",900,900,900.0,900,1
FACTORY_DNNL,"REG$CPUEngine$struct dnnl::impl::cpu::simple_reorder_t<12,1,12,538,1,void>::pd_t$simple_reorder_t_u4_any_u4_aBC16c32b4c_fmt_order_keep",2999,2999,2999.0,2999,1
FACTORY_DNNL,"REG$CPUEngine$struct dnnl::impl::cpu::simple_reorder_t<12,1,12,539,1,void>::pd_t$simple_reorder_t_u4_any_u4_aBC16c48b4c_fmt_order_keep",3199,3199,3199.0,3199,1
FACTORY_DNNL,"REG$CPUEngine$struct dnnl::impl::cpu::simple_reorder_t<12,1,12,540,1,void>::pd_t$simple_reorder_t_u4_any_u4_aBC16c64b4c_fmt_order_keep",2201,2201,2201.0,2201,1
FACTORY_DNNL,"REG$CPUEngine$struct dnnl::impl::cpu::simple_reorder_t<12,1,6,1,1,struct dnnl::impl::cpu::spec::reference>::pd_t$simple_reorder_t_u4_any_u8_any_fmt_order_keep_spec::reference",1099,1099,1099.0,1099,1
FACTORY_DNNL,"REG$CPUEngine$struct dnnl::impl::cpu::simple_reorder_t<12,1,3,1,1,struct dnnl::impl::cpu::spec::reference>::pd_t$simple_reorder_t_u4_any_f32_any_fmt_order_keep_spec::reference",1600,1600,1600.0,1600,1
FACTORY_DNNL,"REG$CPUEngine$struct dnnl::impl::cpu::simple_reorder_t<12,1,3,1,1,struct dnnl::impl::cpu::spec::reference>::pd_t$simple_reorder_t_u4_any_f32_any_fmt_order::any_spec::reference",100,1499,799.5,1599,2
FACTORY_DNNL,"REG$CPUEngine$struct dnnl::impl::cpu::simple_reorder_t<12,1,2,1,1,struct dnnl::impl::cpu::spec::reference>::pd_t$simple_reorder_t_u4_any_bf16_any_fmt_order::any_spec::reference",900,900,900.0,900,1
FACTORY_DNNL,"REG$CPUEngine$struct dnnl::impl::cpu::simple_reorder_t<12,1,1,1,1,struct dnnl::impl::cpu::spec::reference>::pd_t$simple_reorder_t_u4_any_f16_any_fmt_order::any_spec::reference",1200,1200,1200.0,1200,1
FACTORY_DNNL,"REG$CPUEngine$struct dnnl::impl::cpu::simple_reorder_t<18,1,18,348,1,void>::pd_t$simple_reorder_t_u2_any_u2_OI16i16o2i_fmt_order_keep",1500,1500,1500.0,1500,1
FACTORY_DNNL,"REG$CPUEngine$struct dnnl::impl::cpu::simple_reorder_t<18,1,18,349,1,void>::pd_t$simple_reorder_t_u2_any_u2_OI16i32o2i_fmt_order_keep",1200,1200,1200.0,1200,1
FACTORY_DNNL,"REG$CPUEngine$struct dnnl::impl::cpu::simple_reorder_t<18,1,18,350,1,void>::pd_t$simple_reorder_t_u2_any_u2_OI16i48o2i_fmt_order_keep",1100,1100,1100.0,1100,1
FACTORY_DNNL,"REG$CPUEngine$struct dnnl::impl::cpu::simple_reorder_t<18,1,18,351,1,void>::pd_t$simple_reorder_t_u2_any_u2_OI16i64o2i_fmt_order_keep",1400,1400,1400.0,1400,1
FACTORY_DNNL,"REG$CPUEngine$struct dnnl::impl::cpu::simple_reorder_t<18,1,18,710,1,void>::pd_t$simple_reorder_t_u2_any_u2_OI4i8o4i_fmt_order_keep",1400,1400,1400.0,1400,1
FACTORY_DNNL,"REG$CPUEngine$struct dnnl::impl::cpu::simple_reorder_t<18,1,18,246,1,void>::pd_t$simple_reorder_t_u2_any_u2_OI4i16o4i_fmt_order_keep",1001,1001,1001.0,1001,1
FACTORY_DNNL,"REG$CPUEngine$struct dnnl::impl::cpu::simple_reorder_t<18,1,18,711,1,void>::pd_t$simple_reorder_t_u2_any_u2_OI4i24o4i_fmt_order_keep",1000,1000,1000.0,1000,1
FACTORY_DNNL,"REG$CPUEngine$struct dnnl::impl::cpu::simple_reorder_t<18,1,18,247,1,void>::pd_t$simple_reorder_t_u2_any_u2_OI4i32o4i_fmt_order_keep",1400,1400,1400.0,1400,1
FACTORY_DNNL,"REG$CPUEngine$struct dnnl::impl::cpu::simple_reorder_t<18,1,18,249,1,void>::pd_t$simple_reorder_t_u2_any_u2_OI16i16o4i_fmt_order_keep",1801,1801,1801.0,1801,1
FACTORY_DNNL,"REG$CPUEngine$struct dnnl::impl::cpu::simple_reorder_t<18,1,18,345,1,void>::pd_t$simple_reorder_t_u2_any_u2_OI16i32o4i_fmt_order_keep",1200,1200,1200.0,1200,1
FACTORY_DNNL,"REG$CPUEngine$struct dnnl::impl::cpu::simple_reorder_t<18,1,18,346,1,void>::pd_t$simple_reorder_t_u2_any_u2_OI16i48o4i_fmt_order_keep",1699,1699,1699.0,1699,1
FACTORY_DNNL,"REG$CPUEngine$struct dnnl::impl::cpu::simple_reorder_t<18,1,18,347,1,void>::pd_t$simple_reorder_t_u2_any_u2_OI16i64o4i_fmt_order_keep",1899,1899,1899.0,1899,1
FACTORY_DNNL,"REG$CPUEngine$struct dnnl::impl::cpu::simple_reorder_t<17,1,17,1,1,struct dnnl::impl::cpu::spec::direct_copy>::pd_t$simple_reorder_t_bin_any_bin_any_fmt_order_any_spec_direct_copy",1099,1099,1099.0,1099,1
FACTORY_DNNL,"REG$CPUEngine$struct dnnl::impl::cpu::simple_reorder_t<17,1,17,1,1,struct dnnl::impl::cpu::spec::direct_copy_except_dim_0>::pd_t$simple_reorder_t_bin_any_bin_any_fmt_order_any_spec_direct_copy_except_dim_0",1200,1200,1200.0,1200,1
FACTORY_DNNL,"REG$CPUEngine$struct dnnl::impl::cpu::simple_reorder_t<17,1,17,101,1,void>::pd_t$simple_reorder_t_bin_any_bin_OIhw8o32i_fmt_order_keep",800,800,800.0,800,1
FACTORY_DNNL,"REG$CPUEngine$struct dnnl::impl::cpu::simple_reorder_t<17,1,17,554,1,void>::pd_t$simple_reorder_t_bin_any_bin_OIhw16o32i_fmt_order_keep",1300,1300,1300.0,1300,1
FACTORY_DNNL,"REG$CPUEngine$struct dnnl::impl::cpu::simple_reorder_t<6,1,6,103,1,void>::pd_t$simple_reorder_t_u8_any_u8_nChw8c_fmt_order_keep",1099,1099,1099.0,1099,1
FACTORY_DNNL,"REG$CPUEngine$struct dnnl::impl::cpu::simple_reorder_t<6,1,6,103,0,void>::pd_t$simple_reorder_t_u8_any_u8_nChw8c_fmt_order_reverse",2200,2200,2200.0,2200,1
FACTORY_DNNL,"REG$CPUEngine$struct dnnl::impl::cpu::simple_reorder_t<16,1,16,722,1,void>::pd_t$simple_reorder_t_nf4_any_nf4_OI8i8o2i_fmt_order_keep",1000,1000,1000.0,1000,1
FACTORY_DNNL,"REG$CPUEngine$struct dnnl::impl::cpu::simple_reorder_t<16,1,16,243,1,void>::pd_t$simple_reorder_t_nf4_any_nf4_OI8i16o2i_fmt_order_keep",1000,1000,1000.0,1000,1
FACTORY_DNNL,"REG$CPUEngine$struct dnnl::impl::cpu::simple_reorder_t<16,1,16,718,1,void>::pd_t$simple_reorder_t_nf4_any_nf4_OI8i24o2i_fmt_order_keep",1500,1500,1500.0,1500,1
FACTORY_DNNL,"REG$CPUEngine$struct dnnl::impl::cpu::simple_reorder_t<16,1,16,244,1,void>::pd_t$simple_reorder_t_nf4_any_nf4_OI8i32o2i_fmt_order_keep",1100,1100,1100.0,1100,1
FACTORY_DNNL,"REG$CPUEngine$struct dnnl::impl::cpu::simple_reorder_t<16,1,16,245,1,void>::pd_t$simple_reorder_t_nf4_any_nf4_OI8i64o2i_fmt_order_keep",1000,1000,1000.0,1000,1
FACTORY_DNNL,"REG$CPUEngine$struct dnnl::impl::cpu::simple_reorder_t<16,1,16,348,1,void>::pd_t$simple_reorder_t_nf4_any_nf4_OI16i16o2i_fmt_order_keep",1400,1400,1400.0,1400,1
FACTORY_DNNL,"REG$CPUEngine$struct dnnl::impl::cpu::simple_reorder_t<16,1,16,349,1,void>::pd_t$simple_reorder_t_nf4_any_nf4_OI16i32o2i_fmt_order_keep",1400,1400,1400.0,1400,1
FACTORY_DNNL,"REG$CPUEngine$struct dnnl::impl::cpu::simple_reorder_t<16,1,16,350,1,void>::pd_t$simple_reorder_t_nf4_any_nf4_OI16i48o2i_fmt_order_keep",1200,1200,1200.0,1200,1
FACTORY_DNNL,"REG$CPUEngine$struct dnnl::impl::cpu::simple_reorder_t<16,1,16,351,1,void>::pd_t$simple_reorder_t_nf4_any_nf4_OI16i64o2i_fmt_order_keep",2400,2400,2400.0,2400,1
FACTORY_DNNL,"REG$CPUEngine$struct dnnl::impl::cpu::simple_reorder_t<16,1,3,1,1,struct dnnl::impl::cpu::spec::reference>::pd_t$simple_reorder_t_nf4_any_f32_any_fmt_order_keep_spec::reference",1000,1000,1000.0,1000,1
FACTORY_DNNL,CREATE$CPUEngine$struct dnnl::impl::cpu::x64::jit_uni_reorder_t::pd_t,700,282400,43679.229166666664,2096603,48
FACTORY_DNNL,CREATE$CPUEngine$struct dnnl::impl::cpu::x64::brgemm_1x1_convolution_fwd_t<560>::pd_t,1300,450199,89043.58333333333,4274092,48
FACTORY_DNNL,CREATE$CPUEngine$struct dnnl::impl::cpu::x64::jit_blk_reorder_t::pd_t,1099,510900,58281.86363636364,1282201,22
FACTORY_DNNL,CREATE$CPUEngine$struct dnnl::impl::cpu::x64::brdgmm_dw_convolution_fwd_t::pd_t,1600,728200,247799.95,4955999,20
FACTORY_DNNL,"CREATE$CPUEngine$struct dnnl::impl::cpu::x64::jit_uni_pooling_fwd_t<560,3>::pd_t",1600,178200,54718.625,875498,16
FACTORY_DNNL,REG$CPUEngine$struct dnnl::impl::cpu::x64::brgemm_inner_product_fwd_t<129009>::pd_t$brgemm_inner_product_fwd_t_avx512_core_amx,99,3900,281.72727272727275,6198,22
FACTORY_DNNL,REG$CPUEngine$struct dnnl::impl::cpu::x64::brgemm_inner_product_fwd_t<880>::pd_t$brgemm_inner_product_fwd_t_avx512_core,99,2900,299.85714285714283,4198,14
FACTORY_DNNL,REG$CPUEngine$struct dnnl::impl::cpu::x64::brgemm_inner_product_fwd_t<560>::pd_t$brgemm_inner_product_fwd_t_avx2,100,1700,420.6,2103,5
FACTORY_DNNL,REG$CPUEngine$struct dnnl::impl::cpu::gemm_inner_product_fwd_t<3>::pd_t$gemm_inner_product_fwd_t_f32,800,800,800.0,800,1
FACTORY_DNNL,REG$CPUEngine$struct dnnl::impl::cpu::ref_inner_product_fwd_t::pd_t$ref_inner_product_fwd_t,99,1501,216.75,2601,12
FACTORY_DNNL,REG$CPUEngine$struct dnnl::impl::cpu::x64::brgemm_inner_product_fwd_t<4976>::pd_t$brgemm_inner_product_fwd_t_avx512_core_vnni,99,2600,377.55555555555554,3398,9
FACTORY_DNNL,REG$CPUEngine$struct dnnl::impl::cpu::x64::brgemm_inner_product_fwd_t<1584>::pd_t$brgemm_inner_product_fwd_t_avx2_vnni,100,2799,775.25,3101,4
FACTORY_DNNL,REG$CPUEngine$struct dnnl::impl::cpu::x64::brgemm_inner_product_fwd_t<13168>::pd_t$brgemm_inner_product_fwd_t_avx512_core_bf16,99,1299,233.11111111111111,2098,9
FACTORY_DNNL,REG$CPUEngine$struct dnnl::impl::cpu::x64::gemm_bf16_inner_product_fwd_t<3>::pd_t$gemm_bf16_inner_product_fwd_t_f32,1000,1000,1000.0,1000,1
FACTORY_DNNL,REG$CPUEngine$struct dnnl::impl::cpu::x64::brgemm_inner_product_fwd_t<3632>::pd_t$brgemm_inner_product_fwd_t_avx2_vnni_2,99,900,233.33333333333334,1400,6
FACTORY_DNNL,REG$CPUEngine$struct dnnl::impl::cpu::x64::gemm_bf16_inner_product_fwd_t<2>::pd_t$gemm_bf16_inner_product_fwd_t_bf16,1199,1199,1199.0,1199,1
FACTORY_DNNL,REG$CPUEngine$struct dnnl::impl::cpu::x64::brgemm_inner_product_fwd_t<260081>::pd_t$brgemm_inner_product_fwd_t_avx512_core_amx_fp16,101,999,550.0,1100,2
FACTORY_DNNL,REG$CPUEngine$struct dnnl::impl::cpu::x64::brgemm_inner_product_fwd_t<32626>::pd_t$brgemm_inner_product_fwd_t_avx10_2_512,99,1300,220.0,2200,10
FACTORY_DNNL,REG$CPUEngine$struct dnnl::impl::cpu::x64::brgemm_inner_product_fwd_t<30577>::pd_t$brgemm_inner_product_fwd_t_avx512_core_fp16,100,1801,950.5,1901,2
FACTORY_DNNL,REG$CPUEngine$struct dnnl::impl::cpu::x64::matmul_inner_product_fwd_t::pd_t$matmul_inner_product_fwd_t,100,8200,1262.75,10102,8
FACTORY_DNNL,REG$CPUEngine$struct dnnl::impl::cpu::x64::brgemm_inner_product_fwd_t<260081>::pd_t$brgemm_inner_product_fwd_t_avx10_1_512_amx_fp16,99,1700,380.1,3801,10
FACTORY_DNNL,REG$CPUEngine$struct dnnl::impl::cpu::x64::brgemm_inner_product_fwd_t<524274>::pd_t$brgemm_inner_product_fwd_t_avx10_2_512_amx_2,99,900,250.0,1500,6
FACTORY_DNNL,REG$CPUEngine$struct dnnl::impl::cpu::gemm_x8s8s32x_inner_product_fwd_t::pd_t$gemm_x8s8s32x_inner_product_fwd_t,99,1699,366.3333333333333,2198,6
FACTORY_DNNL,REG$CPUEngine$struct dnnl::impl::cpu::ref_inner_product_int8_fwd_t::pd_t$ref_inner_product_int8_fwd_t,99,2299,375.125,3001,8
FACTORY_DNNL,CREATE$CPUEngine$struct dnnl::impl::cpu::x64::brgemm_inner_product_fwd_t<560>::pd_t,3000,428700,147149.875,1177199,8
FACTORY_DNNL,CREATE$CPUEngine$struct dnnl::impl::cpu::x64::brgemm_convolution_bwd_strided_t<560>::pd_t,359101,359101,359101.0,359101,1
FACTORY_DNNL,CREATE$CPUEngine$struct dnnl::impl::cpu::x64::brgemm_deconvolution_fwd_t<560>::pd_t,3200,1176101,589650.5,1179301,2
ov__intel_cpu,Graph::ResolveInplaceDirections,730101,736900,733500.5,1467001,2
ov__intel_cpu,Graph::InitOptimalPrimitiveDescriptors,1283600,1749100,1516350.0,3032700,2
ov__intel_cpu,Plugin::compile_model,157863200,1072100899,614982049.5,1229964099,2
ov__intel_cpu,init_tensor,12900,41700,27150.25,108601,4
ov__intel_cpu,set_tensor,30100,137300,38241.03,3824103,100
dnnl__primitive__execute,reorder,201,7882300,32465.87015635622,47757295,1471
dnnl__primitive__execute,convolution,99,2674500,5079.325101575661,256277348,50455
dnnl__primitive__execute,softmax,99,332299,4694.1278515491995,27573307,5874
dnnl__primitive__execute,binary,3200,601800,7364.645,4418787,600
dnnl__primitive__execute,deconvolution,7399,246701,24285.002272727274,32056203,1320
ov__op__cpu__details,Constant_18933_abcd_acdb_segment,1000,3092000,19452.47343363169,204289876,10502
ov__op__cpu__exec,Node::execute,18499,2274001,63310.77450980392,6457699,102
ov__op__cpu__exec,Convolution::execute,5999,3803401,26779.95238095238,112475800,4200
ov__op__cpu__exec,Transpose::execute,5201,702700,16590.62846153846,21567817,1300
ov__op__cpu__exec,Pooling::execute,4201,337000,16060.103,16060103,1000
ov__op__cpu__exec,FullyConnected::execute,4700,607900,11258.925,13510710,1200
ov__op__cpu__exec,Subgraph::execute,1200,353301,10183.994,20367988,2000
ov__op__cpu__exec,Interpolate::execute,7600,190900,23675.013333333332,7102504,300
ov__op__cpu__exec,Concatenation::execute,7300,96600,22433.373333333333,6730012,300
ov__op__cpu__exec,Deconvolution::execute,43200,256100,78074.86,7807486,100
ov__phases__cpu__inference,SyncInferenceCPU::infer::Model5,1378299,9219000,2192886.6266666665,164466497,75
ov__phases__cpu__inference,SyncInferenceCPU::infer::Model66,1687000,2664700,2026464.0,50661600,25
