domain,name,min,max,avg,total,count
OpenCVTrace,"void __cdecl cv::utils::logging::LogTagManager::assign(const class std::basic_string<char,struct std::char_traits<char>,class std::allocator<char> > &,struct cv::utils::logging::LogTag *)",14300,14300,14300.0,14300,1
OpenCVTrace,"struct cv::utils::logging::LogTag *__cdecl cv::utils::logging::LogTagManager::get(const class std::basic_string<char,struct std::char_traits<char>,class std::allocator<char> > &)",1400,1400,1400.0,1400,1
OpenCVTrace,"__cdecl cv::VideoCapture::VideoCapture(int,int)",473458400,473458400,473458400.0,473458400,1
OpenCVTrace,bool __cdecl cv::VideoCapture::read(const class cv::_OutputArray &),732900,115334200,1447942.8262711863,341714507,236
OpenCVTrace,__cdecl cv::VideoCapture::~VideoCapture(void),2100,484606301,242304200.5,484608401,2
OpenCVTrace,"void __cdecl cv::flip(const class cv::_InputArray &,const class cv::_OutputArray &,int)",280700,552800,325896.6127659574,76585704,235
OpenCVTrace,"void __cdecl cv::cvtColor(const class cv::_InputArray &,const class cv::_OutputArray &,int,int)",54000,6149699,381120.42624113476,537379801,1410
OpenCVTrace,"void __cdecl cv::resize(const class cv::_InputArray &,const class cv::_OutputArray &,class cv::Size_<int>,double,double,int)",150601,1146899,389227.48085106385,274405374,705
OpenCVTrace,"void __cdecl cv::Mat::convertTo(const class cv::_OutputArray &,int,double,double) const",4699,1490100,379122.20322122215,800326971,2111
OpenCVTrace,"void __cdecl cv::split(const class cv::_InputArray &,const class cv::_OutputArray &)",20500,875001,268848.78865248227,189538396,705
OpenCVTrace,void __cdecl cv::Mat::copyTo(const class cv::_OutputArray &) const,999,1737001,399619.5927051672,657374230,1645
OpenCVTrace,"void __cdecl cv::min(const class cv::_InputArray &,const class cv::_InputArray &,const class cv::_OutputArray &)",41300,3120500,598870.4294871795,560542722,936
OpenCVTrace,"void __cdecl cv::max(const class cv::_InputArray &,const class cv::_InputArray &,const class cv::_OutputArray &)",36199,1308500,443867.29273504275,415459786,936
OpenCVTrace,"double __cdecl cv::threshold(const class cv::_InputArray &,const class cv::_OutputArray &,double,double,int)",15300,1219000,351377.5820256776,246315685,701
OpenCVTrace,"void __cdecl cv::findContours(const class cv::_InputArray &,const class cv::_OutputArray &,const class cv::_OutputArray &,int,int,class cv::Point_<int>)",27001,637101,55793.65957446808,13111510,235
OpenCVTrace,"class cv::MatExpr __cdecl cv::Mat::zeros(class cv::Size_<int>,int)",500,56201,1181.7702127659575,277716,235
OpenCVTrace,class cv::Mat &__cdecl cv::Mat::operator =(const class cv::Scalar_<double> &),601,11400,929.8127659574468,218506,235
OpenCVTrace,"double __cdecl cv::contourArea(const class cv::_InputArray &,bool)",99,11000,193.59390321892985,908149,4691
OpenCVTrace,"void __cdecl cv::drawContours(const class cv::_InputOutputArray &,const class cv::_InputArray &,int,const class cv::Scalar_<double> &,int,int,const class cv::_InputArray &,int,class cv::Point_<int>)",699,860500,6673.3006304176515,16936837,2538
OpenCVTrace,"void __cdecl cv::morphologyEx(const class cv::_InputArray &,const class cv::_OutputArray &,int,const class cv::_InputArray &,class cv::Point_<int>,int,int,const class cv::Scalar_<double> &)",58000,1267401,68444.23404255319,16084395,235
OpenCVTrace,"class cv::MatExpr __cdecl cv::Mat::mul(const class cv::_InputArray &,double) const",199,54401,657.2255319148936,308896,470
OpenCVTrace,"void __cdecl cv::multiply(const class cv::_InputArray &,const class cv::_InputArray &,const class cv::_OutputArray &,double,int)",161000,1038200,275536.76382978726,129502279,470
OpenCVTrace,"void __cdecl cv::MatOp_AddEx::multiply(const class cv::MatExpr &,double,class cv::MatExpr &) const",99,14000,373.1872340425532,87699,235
OpenCVTrace,"void __cdecl cv::sqrt(const class cv::_InputArray &,const class cv::_OutputArray &)",84200,888200,93908.11489361702,22068407,235
OpenCVTrace,"void __cdecl cv::max(const class cv::Mat &,const class cv::Mat &,class cv::Mat &)",217699,906900,273947.9,128755513,470
OpenCVTrace,"void __cdecl cv::bitwise_and(const class cv::_InputArray &,const class cv::_InputArray &,const class cv::_OutputArray &,const class cv::_InputArray &)",41600,759700,58268.097872340426,13693003,235
OpenCVTrace,"void __cdecl cv::blur(const class cv::_InputArray &,const class cv::_OutputArray &,class cv::Size_<int>,class cv::Point_<int>,int)",1481500,2319399,1674868.5106382978,393594100,235
OpenCVTrace,"void __cdecl cv::inRange(const class cv::_InputArray &,const class cv::_InputArray &,const class cv::_InputArray &,const class cv::_OutputArray &)",168301,736601,261692.04964539007,184492895,705
OpenCVTrace,"void __cdecl cv::Mat::copyTo(const class cv::_OutputArray &,const class cv::_InputArray &) const",151501,633200,259036.09012875537,120710818,466
OpenCVTrace,"class cv::Mat &__cdecl cv::Mat::setTo(const class cv::_InputArray &,const class cv::_InputArray &)",14600,734800,137826.11489361702,97167411,705
OpenCVTrace,"void __cdecl cv::merge(const class cv::_InputArray &,const class cv::_OutputArray &)",109800,770600,144656.0978723404,33994183,235
OpenCVTrace,"void __cdecl cv::putText(const class cv::_InputOutputArray &,const class std::basic_string<char,struct std::char_traits<char>,class std::allocator<char> > &,class cv::Point_<int>,int,double,class cv::Scalar_<double>,int,int,bool)",79099,3076500,725932.1180851064,682376191,940
OpenCVTrace,"void __cdecl cv::dilate(const class cv::_InputArray &,const class cv::_OutputArray &,const class cv::_InputArray &,class cv::Point_<int>,int,int,const class cv::Scalar_<double> &)",166800,1340201,250559.27705627706,57879193,231
OpenCVTrace,"void __cdecl cv::erode(const class cv::_InputArray &,const class cv::_OutputArray &,const class cv::_InputArray &,class cv::Point_<int>,int,int,const class cv::Scalar_<double> &)",150700,365400,213834.2077922078,49395702,231
OpenCVTrace,"void __cdecl cv::absdiff(const class cv::_InputArray &,const class cv::_InputArray &,const class cv::_OutputArray &)",38900,1031800,132081.41558441558,30510807,231
OpenCVTrace,"void __cdecl cv::MatOp::add(const class cv::MatExpr &,const class cv::MatExpr &,class cv::MatExpr &) const",100,60200,462.37012987012986,213615,462
OpenCVTrace,"void __cdecl cv::addWeighted(const class cv::_InputArray &,double,const class cv::_InputArray &,double,double,const class cv::_OutputArray &,int)",705899,1757200,868548.7251082251,401269511,462
intel_gpu_plugin,Plugin::get_property,13599,386400,199999.5,399999,2
intel_gpu_plugin,TransformationsPipeline::apply::run_passes,3278300,3278300,3278300.0,3278300,1
intel_gpu_plugin,TransformationsPipeline::apply::activations_scaling,24279800,24279800,24279800.0,24279800,1
intel_gpu_plugin,TransformationsPipeline::apply,438598601,438598601,438598601.0,438598601,1
intel_gpu_plugin,Plugin::transform_model,439230701,439230701,439230701.0,439230701,1
intel_gpu_plugin,Plugin::clone_and_transform_model,462666700,462666700,462666700.0,462666700,1
intel_gpu_plugin,CustomLayer::LoadFromFile,200,116000,58100.0,116200,2
intel_gpu_plugin,ProgramBuilder::CreateSingleLayerPrimitive,99,448999,7128.813186813187,2594888,364
intel_gpu_plugin,Program::init_graph,289700,869200,579450.0,1158900,2
intel_gpu_plugin,pass::select_preferred_formats,6548500,6548500,6548500.0,6548500,1
intel_gpu_plugin,Program::pre_optimize_graph,253800,12591800,6422800.0,12845600,2
intel_gpu_plugin,KernelsCache::BuildAll::GetProgramSource,35900,1067800,551850.0,1103700,2
intel_gpu_plugin,KernelsCache::build_batch,547500,2859601,1774900.3333333333,5324701,3
intel_gpu_plugin,KernelsCache::BuildAll,400,4087800,2181100.0,6543300,3
intel_gpu_plugin,pass::CompileGraph,10049400,335552599,172800999.5,345601999,2
intel_gpu_plugin,Program::post_optimize_graph,142800,388659501,194401150.5,388802301,2
intel_gpu_plugin,pass::BasicMemoryDependencies,44500,86599,65549.5,131099,2
intel_gpu_plugin,pass::SkippedBranchMemoryDependencies,39399,286100,162749.5,325499,2
intel_gpu_plugin,pass::OooqMemoryDependencies,77600,406200,241900.0,483800,2
intel_gpu_plugin,pass::build_implementations,186000,5064199,2625099.5,5250199,2
intel_gpu_plugin,set_arguments: constant:sub_block1.conv3.weight,2000,2000,2000.0,2000,1
intel_gpu_plugin,set_arguments: constant:sub_block1.conv2.weight,1199,1199,1199.0,1199,1
intel_gpu_plugin,set_arguments: constant:sub_block1.conv1.weight,1099,1099,1099.0,1099,1
intel_gpu_plugin,set_arguments: constant:final_block3.conv4.weight,1101,1101,1101.0,1101,1
intel_gpu_plugin,set_arguments: constant:final_block3.conv3.weight,2900,2900,2900.0,2900,1
intel_gpu_plugin,set_arguments: constant:final_block3.conv2.weight,3500,3500,3500.0,3500,1
intel_gpu_plugin,set_arguments: constant:final_block3.conv1.weight,2701,2701,2701.0,2701,1
intel_gpu_plugin,set_arguments: constant:final_block2.conv4.weight,2300,2300,2300.0,2300,1
intel_gpu_plugin,set_arguments: constant:final_block2.conv3.weight,1599,1599,1599.0,1599,1
intel_gpu_plugin,set_arguments: constant:final_block2.conv2.weight,1301,1301,1301.0,1301,1
intel_gpu_plugin,set_arguments: constant:final_block2.conv1.weight,1401,1401,1401.0,1401,1
intel_gpu_plugin,set_arguments: constant:final_block1.conv4.weight,1100,1100,1100.0,1100,1
intel_gpu_plugin,set_arguments: constant:final_block1.conv3.weight,1100,1100,1100.0,1100,1
intel_gpu_plugin,set_arguments: constant:final_block1.conv2.weight,1801,1801,1801.0,1801,1
intel_gpu_plugin,set_arguments: constant:final_block1.conv1.weight,1900,1900,1900.0,1900,1
intel_gpu_plugin,set_arguments: constant:conv_transpose.weight,2200,2200,2200.0,2200,1
intel_gpu_plugin,set_arguments: constant:conv8.weight,1800,1800,1800.0,1800,1
intel_gpu_plugin,set_arguments: constant:conv7.weight,1401,1401,1401.0,1401,1
intel_gpu_plugin,set_arguments: constant:conv6_1.weight,1300,1300,1300.0,1300,1
intel_gpu_plugin,set_arguments: constant:conv5_3.weight,1000,1000,1000.0,1000,1
intel_gpu_plugin,set_arguments: constant:conv5_1.weight,1101,1101,1101.0,1101,1
intel_gpu_plugin,set_arguments: constant:conv4_3.weight,1000,1000,1000.0,1000,1
intel_gpu_plugin,set_arguments: constant:conv4_1.weight,2699,2699,2699.0,2699,1
intel_gpu_plugin,set_arguments: constant:conv3_3.weight,1800,1800,1800.0,1800,1
intel_gpu_plugin,set_arguments: constant:conv3_2.weight,1201,1201,1201.0,1201,1
intel_gpu_plugin,set_arguments: constant:conv3_1.weight,1300,1300,1300.0,1300,1
intel_gpu_plugin,set_arguments: constant:conv2_1.weight,1000,1000,1000.0,1000,1
intel_gpu_plugin,set_arguments: constant:conv1.weight,1200,1200,1200.0,1200,1
intel_gpu_plugin,set_arguments: constant:block4.sub_block.conv3.weight,1299,1299,1299.0,1299,1
intel_gpu_plugin,set_arguments: constant:block4.sub_block.conv2.weight,1201,1201,1201.0,1201,1
intel_gpu_plugin,set_arguments: constant:block4.sub_block.conv1.weight,1201,1201,1201.0,1201,1
intel_gpu_plugin,set_arguments: constant:block4.conv1.weight,1801,1801,1801.0,1801,1
intel_gpu_plugin,set_arguments: constant:block3.sub_block.conv3.weight,3000,3000,3000.0,3000,1
intel_gpu_plugin,set_arguments: constant:block3.sub_block.conv2.weight,1500,1500,1500.0,1500,1
intel_gpu_plugin,set_arguments: constant:block3.sub_block.conv1.weight,1400,1400,1400.0,1400,1
intel_gpu_plugin,set_arguments: constant:block3.conv1.weight,1599,1599,1599.0,1599,1
intel_gpu_plugin,set_arguments: constant:block2.sub_block.conv3.weight,1500,1500,1500.0,1500,1
intel_gpu_plugin,set_arguments: constant:block2.sub_block.conv2.weight,1299,1299,1299.0,1299,1
intel_gpu_plugin,set_arguments: constant:block2.sub_block.conv1.weight,1300,1300,1300.0,1300,1
intel_gpu_plugin,set_arguments: constant:block2.conv1.weight,1000,1000,1000.0,1000,1
intel_gpu_plugin,set_arguments: constant:block1.sub_block.conv3.weight,1301,1301,1301.0,1301,1
intel_gpu_plugin,set_arguments: constant:block1.sub_block.conv2.weight,1000,1000,1000.0,1000,1
intel_gpu_plugin,set_arguments: constant:block1.sub_block.conv1.weight,1001,1001,1001.0,1001,1
intel_gpu_plugin,set_arguments: constant:block1.conv1.weight,1300,1300,1300.0,1300,1
intel_gpu_plugin,set_arguments: constant:Reshape_873,2300,2300,2300.0,2300,1
intel_gpu_plugin,set_arguments: constant:Reshape_744,1499,1499,1499.0,1499,1
intel_gpu_plugin,set_arguments: constant:Reshape_615,1600,1600,1600.0,1600,1
intel_gpu_plugin,set_arguments: constant:Reshape_486,1801,1801,1801.0,1801,1
intel_gpu_plugin,set_arguments: constant:Reshape_43,9400,9400,9400.0,9400,1
intel_gpu_plugin,set_arguments: constant:Reshape_358,1600,1600,1600.0,1600,1
intel_gpu_plugin,set_arguments: constant:Reshape_264,3500,3500,3500.0,3500,1
intel_gpu_plugin,set_arguments: constant:Reshape_171,4099,4099,4099.0,4099,1
intel_gpu_plugin,set_arguments: constant:Reshape_1363,2101,2101,2101.0,2101,1
intel_gpu_plugin,set_arguments: constant:Reshape_1228,1300,1300,1300.0,1300,1
intel_gpu_plugin,set_arguments: constant:Reshape_1093,1399,1399,1399.0,1399,1
intel_gpu_plugin,set_arguments: constant:sub_block1.conv3.weight_weights_reorder_16,46101,98100,72100.5,144201,2
intel_gpu_plugin,set_arguments: constant:sub_block1.conv2.weight_weights_reorder_15,17200,26300,21750.0,43500,2
intel_gpu_plugin,set_arguments: constant:sub_block1.conv1.weight_weights_reorder_14,12300,25800,19050.0,38100,2
intel_gpu_plugin,set_arguments: constant:final_block3.conv4.weight_weights_reorder_52,17400,28199,22799.5,45599,2
intel_gpu_plugin,set_arguments: constant:final_block3.conv3.weight_weights_reorder_51,18299,28700,23499.5,46999,2
intel_gpu_plugin,set_arguments: constant:final_block3.conv2.weight_weights_reorder_50,17000,26300,21650.0,43300,2
intel_gpu_plugin,set_arguments: constant:final_block3.conv1.weight_weights_reorder_49,13601,29201,21401.0,42802,2
intel_gpu_plugin,set_arguments: constant:final_block2.conv4.weight_weights_reorder_47,16000,28200,22100.0,44200,2
intel_gpu_plugin,set_arguments: constant:final_block2.conv3.weight_weights_reorder_46,12099,27601,19850.0,39700,2
intel_gpu_plugin,set_arguments: constant:final_block2.conv2.weight_weights_reorder_45,13501,27700,20600.5,41201,2
intel_gpu_plugin,set_arguments: constant:final_block2.conv1.weight_weights_reorder_44,10799,25900,18349.5,36699,2
intel_gpu_plugin,set_arguments: constant:final_block1.conv4.weight_weights_reorder_42,13701,31400,22550.5,45101,2
intel_gpu_plugin,set_arguments: constant:final_block1.conv3.weight_weights_reorder_41,17499,27100,22299.5,44599,2
intel_gpu_plugin,set_arguments: constant:final_block1.conv2.weight_weights_reorder_40,13900,25500,19700.0,39400,2
intel_gpu_plugin,set_arguments: constant:final_block1.conv1.weight_weights_reorder_39,16400,32399,24399.5,48799,2
intel_gpu_plugin,set_arguments: constant:conv_transpose.weight_reorder_fmt,17000,23200,20100.0,40200,2
intel_gpu_plugin,set_arguments: constant:conv8.weight_weights_reorder_37,19100,28899,23999.5,47999,2
intel_gpu_plugin,set_arguments: constant:conv7.weight_weights_reorder_38,21600,25700,23650.0,47300,2
intel_gpu_plugin,set_arguments: constant:conv6_1.weight_weights_reorder_12,14399,29301,21850.0,43700,2
intel_gpu_plugin,set_arguments: constant:conv5_3.weight_weights_reorder_11,13301,35600,24450.5,48901,2
intel_gpu_plugin,set_arguments: constant:conv5_1.weight_weights_reorder_9,17600,27599,22599.5,45199,2
intel_gpu_plugin,set_arguments: constant:conv4_3.weight_weights_reorder_8,12300,27300,19800.0,39600,2
intel_gpu_plugin,set_arguments: constant:conv4_1.weight_weights_reorder_6,14700,35000,24850.0,49700,2
intel_gpu_plugin,set_arguments: constant:conv3_3.weight_weights_reorder_5,18600,25500,22050.0,44100,2
intel_gpu_plugin,set_arguments: constant:conv3_2.weight_weights_reorder_4,12299,30301,21300.0,42600,2
intel_gpu_plugin,set_arguments: constant:conv3_1.weight_weights_reorder_3,10700,23701,17200.5,34401,2
intel_gpu_plugin,set_arguments: constant:conv2_1.weight_weights_reorder_1,11500,28999,20249.5,40499,2
intel_gpu_plugin,set_arguments: constant:conv1.weight_weights_reorder_0,14500,23900,19200.0,38400,2
intel_gpu_plugin,set_arguments: constant:block4.sub_block.conv3.weight_weights_reorder_36,17399,53101,35250.0,70500,2
intel_gpu_plugin,set_arguments: constant:block4.sub_block.conv2.weight_weights_reorder_35,17600,22700,20150.0,40300,2
intel_gpu_plugin,set_arguments: constant:block4.sub_block.conv1.weight_weights_reorder_34,16399,28099,22249.0,44498,2
intel_gpu_plugin,set_arguments: constant:block4.conv1.weight_weights_reorder_32,14300,21400,17850.0,35700,2
intel_gpu_plugin,set_arguments: constant:block3.sub_block.conv3.weight_weights_reorder_31,21300,27801,24550.5,49101,2
intel_gpu_plugin,set_arguments: constant:block3.sub_block.conv2.weight_weights_reorder_30,16399,29001,22700.0,45400,2
intel_gpu_plugin,set_arguments: constant:block3.sub_block.conv1.weight_weights_reorder_29,12000,24300,18150.0,36300,2
intel_gpu_plugin,set_arguments: constant:block3.conv1.weight_weights_reorder_27,17200,24300,20750.0,41500,2
intel_gpu_plugin,set_arguments: constant:block2.sub_block.conv3.weight_weights_reorder_26,16600,25900,21250.0,42500,2
intel_gpu_plugin,set_arguments: constant:block2.sub_block.conv2.weight_weights_reorder_25,13199,29199,21199.0,42398,2
intel_gpu_plugin,set_arguments: constant:block2.sub_block.conv1.weight_weights_reorder_24,14401,27200,20800.5,41601,2
intel_gpu_plugin,set_arguments: constant:block2.conv1.weight_weights_reorder_22,12799,35000,23899.5,47799,2
intel_gpu_plugin,set_arguments: constant:block1.sub_block.conv3.weight_weights_reorder_21,13001,31500,22250.5,44501,2
intel_gpu_plugin,set_arguments: constant:block1.sub_block.conv2.weight_weights_reorder_20,16200,25400,20800.0,41600,2
intel_gpu_plugin,set_arguments: constant:block1.sub_block.conv1.weight_weights_reorder_19,13001,18701,15851.0,31702,2
intel_gpu_plugin,set_arguments: constant:block1.conv1.weight_weights_reorder_17,11701,25400,18550.5,37101,2
intel_gpu_plugin,set_arguments: constant:Reshape_873_weights_reorder_33,11500,29300,20400.0,40800,2
intel_gpu_plugin,set_arguments: constant:Reshape_744_weights_reorder_28,14400,59101,36750.5,73501,2
intel_gpu_plugin,set_arguments: constant:Reshape_615_weights_reorder_23,12100,28100,20100.0,40200,2
intel_gpu_plugin,set_arguments: constant:Reshape_486_weights_reorder_18,16100,25201,20650.5,41301,2
intel_gpu_plugin,set_arguments: constant:Reshape_43_weights_reorder_2,15200,25300,20250.0,40500,2
intel_gpu_plugin,set_arguments: constant:Reshape_358_weights_reorder_13,23500,34400,28950.0,57900,2
intel_gpu_plugin,set_arguments: constant:Reshape_264_weights_reorder_10,22700,34000,28350.0,56700,2
intel_gpu_plugin,set_arguments: constant:Reshape_171_weights_reorder_7,26300,26500,26400.0,52800,2
intel_gpu_plugin,set_arguments: constant:Reshape_1363_weights_reorder_53,15000,29500,22250.0,44500,2
intel_gpu_plugin,set_arguments: constant:Reshape_1228_weights_reorder_48,13600,22401,18000.5,36001,2
intel_gpu_plugin,set_arguments: constant:Reshape_1093_weights_reorder_43,12201,31700,21950.5,43901,2
intel_gpu_plugin,constant:sub_block1.conv3.weight::prepare,16800,16800,16800.0,16800,1
intel_gpu_plugin,constant:sub_block1.conv3.weight::execute,2999,2999,2999.0,2999,1
intel_gpu_plugin,constant:sub_block1.conv2.weight::prepare,12800,12800,12800.0,12800,1
intel_gpu_plugin,constant:sub_block1.conv2.weight::execute,3000,3000,3000.0,3000,1
intel_gpu_plugin,constant:sub_block1.conv1.weight::prepare,10400,10400,10400.0,10400,1
intel_gpu_plugin,constant:sub_block1.conv1.weight::execute,2799,2799,2799.0,2799,1
intel_gpu_plugin,constant:final_block3.conv4.weight::prepare,9900,9900,9900.0,9900,1
intel_gpu_plugin,constant:final_block3.conv4.weight::execute,3000,3000,3000.0,3000,1
intel_gpu_plugin,constant:final_block3.conv3.weight::prepare,14101,14101,14101.0,14101,1
intel_gpu_plugin,constant:final_block3.conv3.weight::execute,3001,3001,3001.0,3001,1
intel_gpu_plugin,constant:final_block3.conv2.weight::prepare,8800,8800,8800.0,8800,1
intel_gpu_plugin,constant:final_block3.conv2.weight::execute,2400,2400,2400.0,2400,1
intel_gpu_plugin,constant:final_block3.conv1.weight::prepare,11400,11400,11400.0,11400,1
intel_gpu_plugin,constant:final_block3.conv1.weight::execute,4100,4100,4100.0,4100,1
intel_gpu_plugin,constant:final_block2.conv4.weight::prepare,14800,14800,14800.0,14800,1
intel_gpu_plugin,constant:final_block2.conv4.weight::execute,3000,3000,3000.0,3000,1
intel_gpu_plugin,constant:final_block2.conv3.weight::prepare,10800,10800,10800.0,10800,1
intel_gpu_plugin,constant:final_block2.conv3.weight::execute,3101,3101,3101.0,3101,1
intel_gpu_plugin,constant:final_block2.conv2.weight::prepare,16101,16101,16101.0,16101,1
intel_gpu_plugin,constant:final_block2.conv2.weight::execute,6200,6200,6200.0,6200,1
intel_gpu_plugin,constant:final_block2.conv1.weight::prepare,13800,13800,13800.0,13800,1
intel_gpu_plugin,constant:final_block2.conv1.weight::execute,2400,2400,2400.0,2400,1
intel_gpu_plugin,constant:final_block1.conv4.weight::prepare,11099,11099,11099.0,11099,1
intel_gpu_plugin,constant:final_block1.conv4.weight::execute,2499,2499,2499.0,2499,1
intel_gpu_plugin,constant:final_block1.conv3.weight::prepare,14000,14000,14000.0,14000,1
intel_gpu_plugin,constant:final_block1.conv3.weight::execute,3700,3700,3700.0,3700,1
intel_gpu_plugin,constant:final_block1.conv2.weight::prepare,10799,10799,10799.0,10799,1
intel_gpu_plugin,constant:final_block1.conv2.weight::execute,2200,2200,2200.0,2200,1
intel_gpu_plugin,constant:final_block1.conv1.weight::prepare,15000,15000,15000.0,15000,1
intel_gpu_plugin,constant:final_block1.conv1.weight::execute,3601,3601,3601.0,3601,1
intel_gpu_plugin,constant:conv_transpose.weight::prepare,12500,12500,12500.0,12500,1
intel_gpu_plugin,constant:conv_transpose.weight::execute,3000,3000,3000.0,3000,1
intel_gpu_plugin,constant:conv8.weight::prepare,10500,10500,10500.0,10500,1
intel_gpu_plugin,constant:conv8.weight::execute,2800,2800,2800.0,2800,1
intel_gpu_plugin,constant:conv7.weight::prepare,13201,13201,13201.0,13201,1
intel_gpu_plugin,constant:conv7.weight::execute,3400,3400,3400.0,3400,1
intel_gpu_plugin,constant:conv6_1.weight::prepare,11300,11300,11300.0,11300,1
intel_gpu_plugin,constant:conv6_1.weight::execute,3099,3099,3099.0,3099,1
intel_gpu_plugin,constant:conv5_3.weight::prepare,8600,8600,8600.0,8600,1
intel_gpu_plugin,constant:conv5_3.weight::execute,2500,2500,2500.0,2500,1
intel_gpu_plugin,constant:conv5_1.weight::prepare,11800,11800,11800.0,11800,1
intel_gpu_plugin,constant:conv5_1.weight::execute,2599,2599,2599.0,2599,1
intel_gpu_plugin,constant:conv4_3.weight::prepare,11000,11000,11000.0,11000,1
intel_gpu_plugin,constant:conv4_3.weight::execute,3199,3199,3199.0,3199,1
intel_gpu_plugin,constant:conv4_1.weight::prepare,14099,14099,14099.0,14099,1
intel_gpu_plugin,constant:conv4_1.weight::execute,4599,4599,4599.0,4599,1
intel_gpu_plugin,constant:conv3_3.weight::prepare,14500,14500,14500.0,14500,1
intel_gpu_plugin,constant:conv3_3.weight::execute,4500,4500,4500.0,4500,1
intel_gpu_plugin,constant:conv3_2.weight::prepare,16600,16600,16600.0,16600,1
intel_gpu_plugin,constant:conv3_2.weight::execute,3300,3300,3300.0,3300,1
intel_gpu_plugin,constant:conv3_1.weight::prepare,11800,11800,11800.0,11800,1
intel_gpu_plugin,constant:conv3_1.weight::execute,2799,2799,2799.0,2799,1
intel_gpu_plugin,constant:conv2_1.weight::prepare,12799,12799,12799.0,12799,1
intel_gpu_plugin,constant:conv2_1.weight::execute,2900,2900,2900.0,2900,1
intel_gpu_plugin,constant:conv1.weight::prepare,10300,10300,10300.0,10300,1
intel_gpu_plugin,constant:conv1.weight::execute,2799,2799,2799.0,2799,1
intel_gpu_plugin,constant:block4.sub_block.conv3.weight::prepare,10500,10500,10500.0,10500,1
intel_gpu_plugin,constant:block4.sub_block.conv3.weight::execute,3100,3100,3100.0,3100,1
intel_gpu_plugin,constant:block4.sub_block.conv2.weight::prepare,16500,16500,16500.0,16500,1
intel_gpu_plugin,constant:block4.sub_block.conv2.weight::execute,3300,3300,3300.0,3300,1
intel_gpu_plugin,constant:block4.sub_block.conv1.weight::prepare,10901,10901,10901.0,10901,1
intel_gpu_plugin,constant:block4.sub_block.conv1.weight::execute,2601,2601,2601.0,2601,1
intel_gpu_plugin,constant:block4.conv1.weight::prepare,11300,11300,11300.0,11300,1
intel_gpu_plugin,constant:block4.conv1.weight::execute,3001,3001,3001.0,3001,1
intel_gpu_plugin,constant:block3.sub_block.conv3.weight::prepare,12300,12300,12300.0,12300,1
intel_gpu_plugin,constant:block3.sub_block.conv3.weight::execute,2701,2701,2701.0,2701,1
intel_gpu_plugin,constant:block3.sub_block.conv2.weight::prepare,10100,10100,10100.0,10100,1
intel_gpu_plugin,constant:block3.sub_block.conv2.weight::execute,2000,2000,2000.0,2000,1
intel_gpu_plugin,constant:block3.sub_block.conv1.weight::prepare,7500,7500,7500.0,7500,1
intel_gpu_plugin,constant:block3.sub_block.conv1.weight::execute,3101,3101,3101.0,3101,1
intel_gpu_plugin,constant:block3.conv1.weight::prepare,12300,12300,12300.0,12300,1
intel_gpu_plugin,constant:block3.conv1.weight::execute,3001,3001,3001.0,3001,1
intel_gpu_plugin,constant:block2.sub_block.conv3.weight::prepare,12000,12000,12000.0,12000,1
intel_gpu_plugin,constant:block2.sub_block.conv3.weight::execute,3501,3501,3501.0,3501,1
intel_gpu_plugin,constant:block2.sub_block.conv2.weight::prepare,13700,13700,13700.0,13700,1
intel_gpu_plugin,constant:block2.sub_block.conv2.weight::execute,4400,4400,4400.0,4400,1
intel_gpu_plugin,constant:block2.sub_block.conv1.weight::prepare,12501,12501,12501.0,12501,1
intel_gpu_plugin,constant:block2.sub_block.conv1.weight::execute,3000,3000,3000.0,3000,1
intel_gpu_plugin,constant:block2.conv1.weight::prepare,11500,11500,11500.0,11500,1
intel_gpu_plugin,constant:block2.conv1.weight::execute,3700,3700,3700.0,3700,1
intel_gpu_plugin,constant:block1.sub_block.conv3.weight::prepare,13900,13900,13900.0,13900,1
intel_gpu_plugin,constant:block1.sub_block.conv3.weight::execute,3400,3400,3400.0,3400,1
intel_gpu_plugin,constant:block1.sub_block.conv2.weight::prepare,13600,13600,13600.0,13600,1
intel_gpu_plugin,constant:block1.sub_block.conv2.weight::execute,2700,2700,2700.0,2700,1
intel_gpu_plugin,constant:block1.sub_block.conv1.weight::prepare,9200,9200,9200.0,9200,1
intel_gpu_plugin,constant:block1.sub_block.conv1.weight::execute,2701,2701,2701.0,2701,1
intel_gpu_plugin,constant:block1.conv1.weight::prepare,13099,13099,13099.0,13099,1
intel_gpu_plugin,constant:block1.conv1.weight::execute,3201,3201,3201.0,3201,1
intel_gpu_plugin,constant:Reshape_873::prepare,11900,11900,11900.0,11900,1
intel_gpu_plugin,constant:Reshape_873::execute,3700,3700,3700.0,3700,1
intel_gpu_plugin,constant:Reshape_744::prepare,12900,12900,12900.0,12900,1
intel_gpu_plugin,constant:Reshape_744::execute,5001,5001,5001.0,5001,1
intel_gpu_plugin,constant:Reshape_615::prepare,13301,13301,13301.0,13301,1
intel_gpu_plugin,constant:Reshape_615::execute,3500,3500,3500.0,3500,1
intel_gpu_plugin,constant:Reshape_486::prepare,13000,13000,13000.0,13000,1
intel_gpu_plugin,constant:Reshape_486::execute,4001,4001,4001.0,4001,1
intel_gpu_plugin,constant:Reshape_43::prepare,13400,13400,13400.0,13400,1
intel_gpu_plugin,constant:Reshape_43::execute,3000,3000,3000.0,3000,1
intel_gpu_plugin,constant:Reshape_358::prepare,11900,11900,11900.0,11900,1
intel_gpu_plugin,constant:Reshape_358::execute,2800,2800,2800.0,2800,1
intel_gpu_plugin,constant:Reshape_264::prepare,11600,11600,11600.0,11600,1
intel_gpu_plugin,constant:Reshape_264::execute,2699,2699,2699.0,2699,1
intel_gpu_plugin,constant:Reshape_171::prepare,10000,10000,10000.0,10000,1
intel_gpu_plugin,constant:Reshape_171::execute,3600,3600,3600.0,3600,1
intel_gpu_plugin,constant:Reshape_1363::prepare,14000,14000,14000.0,14000,1
intel_gpu_plugin,constant:Reshape_1363::execute,4300,4300,4300.0,4300,1
intel_gpu_plugin,constant:Reshape_1228::prepare,12900,12900,12900.0,12900,1
intel_gpu_plugin,constant:Reshape_1228::execute,3099,3099,3099.0,3099,1
intel_gpu_plugin,constant:Reshape_1093::prepare,15701,15701,15701.0,15701,1
intel_gpu_plugin,constant:Reshape_1093::execute,5300,5300,5300.0,5300,1
intel_gpu_plugin,constant:sub_block1.conv3.weight_weights_reorder_16::prepare,65399,65399,65399.0,65399,1
intel_gpu_plugin,constant:sub_block1.conv3.weight_weights_reorder_16::execute,264900,264900,264900.0,264900,1
intel_gpu_plugin,constant:sub_block1.conv2.weight_weights_reorder_15::prepare,38800,38800,38800.0,38800,1
intel_gpu_plugin,constant:sub_block1.conv2.weight_weights_reorder_15::execute,100800,100800,100800.0,100800,1
intel_gpu_plugin,constant:sub_block1.conv1.weight_weights_reorder_14::prepare,39400,39400,39400.0,39400,1
intel_gpu_plugin,constant:sub_block1.conv1.weight_weights_reorder_14::execute,119101,119101,119101.0,119101,1
intel_gpu_plugin,constant:final_block3.conv4.weight_weights_reorder_52::prepare,41501,41501,41501.0,41501,1
intel_gpu_plugin,constant:final_block3.conv4.weight_weights_reorder_52::execute,113400,113400,113400.0,113400,1
intel_gpu_plugin,constant:final_block3.conv3.weight_weights_reorder_51::prepare,41000,41000,41000.0,41000,1
intel_gpu_plugin,constant:final_block3.conv3.weight_weights_reorder_51::execute,90701,90701,90701.0,90701,1
intel_gpu_plugin,constant:final_block3.conv2.weight_weights_reorder_50::prepare,40301,40301,40301.0,40301,1
intel_gpu_plugin,constant:final_block3.conv2.weight_weights_reorder_50::execute,89001,89001,89001.0,89001,1
intel_gpu_plugin,constant:final_block3.conv1.weight_weights_reorder_49::prepare,43600,43600,43600.0,43600,1
intel_gpu_plugin,constant:final_block3.conv1.weight_weights_reorder_49::execute,96100,96100,96100.0,96100,1
intel_gpu_plugin,constant:final_block2.conv4.weight_weights_reorder_47::prepare,42700,42700,42700.0,42700,1
intel_gpu_plugin,constant:final_block2.conv4.weight_weights_reorder_47::execute,95101,95101,95101.0,95101,1
intel_gpu_plugin,constant:final_block2.conv3.weight_weights_reorder_46::prepare,41600,41600,41600.0,41600,1
intel_gpu_plugin,constant:final_block2.conv3.weight_weights_reorder_46::execute,87900,87900,87900.0,87900,1
intel_gpu_plugin,constant:final_block2.conv2.weight_weights_reorder_45::prepare,39200,39200,39200.0,39200,1
intel_gpu_plugin,constant:final_block2.conv2.weight_weights_reorder_45::execute,79300,79300,79300.0,79300,1
intel_gpu_plugin,constant:final_block2.conv1.weight_weights_reorder_44::prepare,37000,37000,37000.0,37000,1
intel_gpu_plugin,constant:final_block2.conv1.weight_weights_reorder_44::execute,112501,112501,112501.0,112501,1
intel_gpu_plugin,constant:final_block1.conv4.weight_weights_reorder_42::prepare,46601,46601,46601.0,46601,1
intel_gpu_plugin,constant:final_block1.conv4.weight_weights_reorder_42::execute,112900,112900,112900.0,112900,1
intel_gpu_plugin,constant:final_block1.conv3.weight_weights_reorder_41::prepare,41100,41100,41100.0,41100,1
intel_gpu_plugin,constant:final_block1.conv3.weight_weights_reorder_41::execute,89099,89099,89099.0,89099,1
intel_gpu_plugin,constant:final_block1.conv2.weight_weights_reorder_40::prepare,38600,38600,38600.0,38600,1
intel_gpu_plugin,constant:final_block1.conv2.weight_weights_reorder_40::execute,125000,125000,125000.0,125000,1
intel_gpu_plugin,constant:final_block1.conv1.weight_weights_reorder_39::prepare,50600,50600,50600.0,50600,1
intel_gpu_plugin,constant:final_block1.conv1.weight_weights_reorder_39::execute,127799,127799,127799.0,127799,1
intel_gpu_plugin,constant:conv_transpose.weight_reorder_fmt::prepare,34600,34600,34600.0,34600,1
intel_gpu_plugin,constant:conv_transpose.weight_reorder_fmt::execute,83700,83700,83700.0,83700,1
intel_gpu_plugin,constant:conv8.weight_weights_reorder_37::prepare,45001,45001,45001.0,45001,1
intel_gpu_plugin,constant:conv8.weight_weights_reorder_37::execute,105301,105301,105301.0,105301,1
intel_gpu_plugin,constant:conv7.weight_weights_reorder_38::prepare,38099,38099,38099.0,38099,1
intel_gpu_plugin,constant:conv7.weight_weights_reorder_38::execute,85900,85900,85900.0,85900,1
intel_gpu_plugin,constant:conv6_1.weight_weights_reorder_12::prepare,42600,42600,42600.0,42600,1
intel_gpu_plugin,constant:conv6_1.weight_weights_reorder_12::execute,104700,104700,104700.0,104700,1
intel_gpu_plugin,constant:conv5_3.weight_weights_reorder_11::prepare,53800,53800,53800.0,53800,1
intel_gpu_plugin,constant:conv5_3.weight_weights_reorder_11::execute,108900,108900,108900.0,108900,1
intel_gpu_plugin,constant:conv5_1.weight_weights_reorder_9::prepare,40199,40199,40199.0,40199,1
intel_gpu_plugin,constant:conv5_1.weight_weights_reorder_9::execute,209900,209900,209900.0,209900,1
intel_gpu_plugin,constant:conv4_3.weight_weights_reorder_8::prepare,39000,39000,39000.0,39000,1
intel_gpu_plugin,constant:conv4_3.weight_weights_reorder_8::execute,115000,115000,115000.0,115000,1
intel_gpu_plugin,constant:conv4_1.weight_weights_reorder_6::prepare,48700,48700,48700.0,48700,1
intel_gpu_plugin,constant:conv4_1.weight_weights_reorder_6::execute,109800,109800,109800.0,109800,1
intel_gpu_plugin,constant:conv3_3.weight_weights_reorder_5::prepare,37901,37901,37901.0,37901,1
intel_gpu_plugin,constant:conv3_3.weight_weights_reorder_5::execute,102101,102101,102101.0,102101,1
intel_gpu_plugin,constant:conv3_2.weight_weights_reorder_4::prepare,47700,47700,47700.0,47700,1
intel_gpu_plugin,constant:conv3_2.weight_weights_reorder_4::execute,127000,127000,127000.0,127000,1
intel_gpu_plugin,constant:conv3_1.weight_weights_reorder_3::prepare,36699,36699,36699.0,36699,1
intel_gpu_plugin,constant:conv3_1.weight_weights_reorder_3::execute,118899,118899,118899.0,118899,1
intel_gpu_plugin,constant:conv2_1.weight_weights_reorder_1::prepare,53800,53800,53800.0,53800,1
intel_gpu_plugin,constant:conv2_1.weight_weights_reorder_1::execute,98800,98800,98800.0,98800,1
intel_gpu_plugin,constant:conv1.weight_weights_reorder_0::prepare,35900,35900,35900.0,35900,1
intel_gpu_plugin,constant:conv1.weight_weights_reorder_0::execute,116201,116201,116201.0,116201,1
intel_gpu_plugin,constant:block4.sub_block.conv3.weight_weights_reorder_36::prepare,87999,87999,87999.0,87999,1
intel_gpu_plugin,constant:block4.sub_block.conv3.weight_weights_reorder_36::execute,87299,87299,87299.0,87299,1
intel_gpu_plugin,constant:block4.sub_block.conv2.weight_weights_reorder_35::prepare,32900,32900,32900.0,32900,1
intel_gpu_plugin,constant:block4.sub_block.conv2.weight_weights_reorder_35::execute,86899,86899,86899.0,86899,1
intel_gpu_plugin,constant:block4.sub_block.conv1.weight_weights_reorder_34::prepare,40399,40399,40399.0,40399,1
intel_gpu_plugin,constant:block4.sub_block.conv1.weight_weights_reorder_34::execute,88900,88900,88900.0,88900,1
intel_gpu_plugin,constant:block4.conv1.weight_weights_reorder_32::prepare,33601,33601,33601.0,33601,1
intel_gpu_plugin,constant:block4.conv1.weight_weights_reorder_32::execute,102000,102000,102000.0,102000,1
intel_gpu_plugin,constant:block3.sub_block.conv3.weight_weights_reorder_31::prepare,41000,41000,41000.0,41000,1
intel_gpu_plugin,constant:block3.sub_block.conv3.weight_weights_reorder_31::execute,98000,98000,98000.0,98000,1
intel_gpu_plugin,constant:block3.sub_block.conv2.weight_weights_reorder_30::prepare,42200,42200,42200.0,42200,1
intel_gpu_plugin,constant:block3.sub_block.conv2.weight_weights_reorder_30::execute,105801,105801,105801.0,105801,1
intel_gpu_plugin,constant:block3.sub_block.conv1.weight_weights_reorder_29::prepare,45300,45300,45300.0,45300,1
intel_gpu_plugin,constant:block3.sub_block.conv1.weight_weights_reorder_29::execute,77701,77701,77701.0,77701,1
intel_gpu_plugin,constant:block3.conv1.weight_weights_reorder_27::prepare,41599,41599,41599.0,41599,1
intel_gpu_plugin,constant:block3.conv1.weight_weights_reorder_27::execute,89100,89100,89100.0,89100,1
intel_gpu_plugin,constant:block2.sub_block.conv3.weight_weights_reorder_26::prepare,37600,37600,37600.0,37600,1
intel_gpu_plugin,constant:block2.sub_block.conv3.weight_weights_reorder_26::execute,102600,102600,102600.0,102600,1
intel_gpu_plugin,constant:block2.sub_block.conv2.weight_weights_reorder_25::prepare,41900,41900,41900.0,41900,1
intel_gpu_plugin,constant:block2.sub_block.conv2.weight_weights_reorder_25::execute,89300,89300,89300.0,89300,1
intel_gpu_plugin,constant:block2.sub_block.conv1.weight_weights_reorder_24::prepare,40100,40100,40100.0,40100,1
intel_gpu_plugin,constant:block2.sub_block.conv1.weight_weights_reorder_24::execute,172701,172701,172701.0,172701,1
intel_gpu_plugin,constant:block2.conv1.weight_weights_reorder_22::prepare,51899,51899,51899.0,51899,1
intel_gpu_plugin,constant:block2.conv1.weight_weights_reorder_22::execute,118399,118399,118399.0,118399,1
intel_gpu_plugin,constant:block1.sub_block.conv3.weight_weights_reorder_21::prepare,44400,44400,44400.0,44400,1
intel_gpu_plugin,constant:block1.sub_block.conv3.weight_weights_reorder_21::execute,95301,95301,95301.0,95301,1
intel_gpu_plugin,constant:block1.sub_block.conv2.weight_weights_reorder_20::prepare,36999,36999,36999.0,36999,1
intel_gpu_plugin,constant:block1.sub_block.conv2.weight_weights_reorder_20::execute,83700,83700,83700.0,83700,1
intel_gpu_plugin,constant:block1.sub_block.conv1.weight_weights_reorder_19::prepare,27700,27700,27700.0,27700,1
intel_gpu_plugin,constant:block1.sub_block.conv1.weight_weights_reorder_19::execute,68300,68300,68300.0,68300,1
intel_gpu_plugin,constant:block1.conv1.weight_weights_reorder_17::prepare,39500,39500,39500.0,39500,1
intel_gpu_plugin,constant:block1.conv1.weight_weights_reorder_17::execute,94500,94500,94500.0,94500,1
intel_gpu_plugin,constant:Reshape_873_weights_reorder_33::prepare,42800,42800,42800.0,42800,1
intel_gpu_plugin,constant:Reshape_873_weights_reorder_33::execute,113501,113501,113501.0,113501,1
intel_gpu_plugin,constant:Reshape_744_weights_reorder_28::prepare,101600,101600,101600.0,101600,1
intel_gpu_plugin,constant:Reshape_744_weights_reorder_28::execute,93900,93900,93900.0,93900,1
intel_gpu_plugin,constant:Reshape_615_weights_reorder_23::prepare,42699,42699,42699.0,42699,1
intel_gpu_plugin,constant:Reshape_615_weights_reorder_23::execute,118999,118999,118999.0,118999,1
intel_gpu_plugin,constant:Reshape_486_weights_reorder_18::prepare,38900,38900,38900.0,38900,1
intel_gpu_plugin,constant:Reshape_486_weights_reorder_18::execute,76800,76800,76800.0,76800,1
intel_gpu_plugin,constant:Reshape_43_weights_reorder_2::prepare,37700,37700,37700.0,37700,1
intel_gpu_plugin,constant:Reshape_43_weights_reorder_2::execute,114401,114401,114401.0,114401,1
intel_gpu_plugin,constant:Reshape_358_weights_reorder_13::prepare,51999,51999,51999.0,51999,1
intel_gpu_plugin,constant:Reshape_358_weights_reorder_13::execute,102499,102499,102499.0,102499,1
intel_gpu_plugin,constant:Reshape_264_weights_reorder_10::prepare,35701,35701,35701.0,35701,1
intel_gpu_plugin,constant:Reshape_264_weights_reorder_10::execute,108700,108700,108700.0,108700,1
intel_gpu_plugin,constant:Reshape_171_weights_reorder_7::prepare,41299,41299,41299.0,41299,1
intel_gpu_plugin,constant:Reshape_171_weights_reorder_7::execute,127599,127599,127599.0,127599,1
intel_gpu_plugin,constant:Reshape_1363_weights_reorder_53::prepare,45599,45599,45599.0,45599,1
intel_gpu_plugin,constant:Reshape_1363_weights_reorder_53::execute,97899,97899,97899.0,97899,1
intel_gpu_plugin,constant:Reshape_1228_weights_reorder_48::prepare,34800,34800,34800.0,34800,1
intel_gpu_plugin,constant:Reshape_1228_weights_reorder_48::execute,75899,75899,75899.0,75899,1
intel_gpu_plugin,constant:Reshape_1093_weights_reorder_43::prepare,48000,48000,48000.0,48000,1
intel_gpu_plugin,constant:Reshape_1093_weights_reorder_43::execute,115299,115299,115299.0,115299,1
intel_gpu_plugin,NetworkImpl::Execute,927900,360746799,16564346.31707317,679138199,41
intel_gpu_plugin,pass::PropagateConstants,386961501,386961501,386961501.0,386961501,1
intel_gpu_plugin,Program::transfer_memory_to_device,2082900,2082900,2082900.0,2082900,1
intel_gpu_plugin,ProgramBuilder::CreateProgram,752863800,752863800,752863800.0,752863800,1
intel_gpu_plugin,ProgramBuilder::build,758712800,758712800,758712800.0,758712800,1
intel_gpu_plugin,NetworkImpl::TransferMemory,99,5401,414.57272727272726,45603,110
intel_gpu_plugin,Graph::build,7291400,7291400,7291400.0,7291400,1
intel_gpu_plugin,Plugin::compile_model::CreateCompiledModel,1093840900,1093840900,1093840900.0,1093840900,1
intel_gpu_plugin,Plugin::compile_model,1560185900,1560185900,1560185900.0,1560185900,1
intel_gpu_plugin,RemoteTensorImpl::Allocate,33300,202600,128200.0,384600,3
intel_gpu_plugin,SyncInferRequest::create_host_tensor,215600,796500,506050.0,1012100,2
intel_gpu_plugin,SyncInferRequest::allocate_inputs,3112600,3112600,3112600.0,3112600,1
intel_gpu_plugin,SyncInferRequest::allocate_outputs,1047600,1047600,1047600.0,1047600,1
intel_gpu_plugin,CompiledModel::create_sync_infer_request,5534800,5534800,5534800.0,5534800,1
intel_gpu_plugin,SyncInferRequest::set_tensor,17900,47400,21820.0,872800,40
intel_gpu_plugin,SyncInferRequest::prepare_input: parameter:pixel_values,186800,561099,231594.925,9263797,40
intel_gpu_plugin,SyncInferRequest::prepare_output,19000,38301,22994.875,919795,40
intel_gpu_plugin,set_arguments: parameter:pixel_values,1200,1200,1200.0,1200,1
intel_gpu_plugin,set_arguments: convert:Convert_3581,1599,27800,2922.0975609756097,119806,41
intel_gpu_plugin,set_arguments: convolution:/conv1/Conv/WithoutBiases,39801,49800,44800.5,89601,2
intel_gpu_plugin,set_arguments: convolution:/conv2_1/Conv/WithoutBiases,25300,38000,31650.0,63300,2
intel_gpu_plugin,set_arguments: convolution:/conv2_2/Conv/WithoutBiases,26400,37901,32150.5,64301,2
intel_gpu_plugin,set_arguments: reducemean:/ReduceMean,26199,79900,53049.5,106099,2
intel_gpu_plugin,set_arguments: convolution:/conv3_1/Conv/WithoutBiases,28900,36399,32649.5,65299,2
intel_gpu_plugin,set_arguments: convolution:/conv3_2/Conv/WithoutBiases,22601,33601,28101.0,56202,2
intel_gpu_plugin,set_arguments: multiply:/Mul,13200,30699,21949.5,43899,2
intel_gpu_plugin,set_arguments: convolution:/conv3_3/Conv/WithoutBiases,26100,41699,33899.5,67799,2
intel_gpu_plugin,set_arguments: convolution:/conv4_1/Conv/WithoutBiases,24900,44799,34849.5,69699,2
intel_gpu_plugin,set_arguments: convolution:/conv4_2/Conv/WithoutBiases,26299,35099,30699.0,61398,2
intel_gpu_plugin,set_arguments: convolution:/conv4_3/Conv/WithoutBiases,26800,31200,29000.0,58000,2
intel_gpu_plugin,set_arguments: convolution:/conv5_1/Conv/WithoutBiases,24500,39400,31950.0,63900,2
intel_gpu_plugin,set_arguments: convolution:/conv5_2/Conv/WithoutBiases,23200,41001,32100.5,64201,2
intel_gpu_plugin,set_arguments: convolution:/conv5_3/Conv/WithoutBiases,21801,45800,33800.5,67601,2
intel_gpu_plugin,set_arguments: convolution:/conv6_1/Conv/WithoutBiases,21100,39700,30400.0,60800,2
intel_gpu_plugin,set_arguments: convolution:/conv6_2/Conv/WithoutBiases,33701,136899,85300.0,170600,2
intel_gpu_plugin,set_arguments: reducemean:/sub_block1/ReduceMean,20500,39800,30150.0,60300,2
intel_gpu_plugin,set_arguments: convolution:/sub_block1/conv1/Conv/WithoutBiases,23800,38500,31150.0,62300,2
intel_gpu_plugin,set_arguments: convolution:/sub_block1/conv2/Conv/WithoutBiases,21400,32801,27100.5,54201,2
intel_gpu_plugin,set_arguments: multiply:/sub_block1/Mul,15200,30900,23050.0,46100,2
intel_gpu_plugin,set_arguments: convolution:/sub_block1/conv3/Conv/WithoutBiases,27600,39101,33350.5,66701,2
intel_gpu_plugin,set_arguments: convolution:/block1/conv1/Conv/WithoutBiases,37499,84899,61199.0,122398,2
intel_gpu_plugin,set_arguments: convolution:/block1/conv2/Conv/WithoutBiases,22700,36800,29750.0,59500,2
intel_gpu_plugin,set_arguments: reducemean:/block1/sub_block/ReduceMean,16300,40801,28550.5,57101,2
intel_gpu_plugin,set_arguments: convolution:/block1/sub_block/conv1/Conv/WithoutBiases,18999,39600,29299.5,58599,2
intel_gpu_plugin,set_arguments: convolution:/block1/sub_block/conv2/Conv/WithoutBiases,21800,37999,29899.5,59799,2
intel_gpu_plugin,set_arguments: multiply:/block1/sub_block/Mul,11301,29500,20400.5,40801,2
intel_gpu_plugin,set_arguments: convolution:/block1/sub_block/conv3/Conv/WithoutBiases,43299,55500,49399.5,98799,2
intel_gpu_plugin,set_arguments: convolution:/block2/conv1/Conv/WithoutBiases,35601,36199,35900.0,71800,2
intel_gpu_plugin,set_arguments: convolution:/block2/conv2/Conv/WithoutBiases,25400,45300,35350.0,70700,2
intel_gpu_plugin,set_arguments: reducemean:/block2/sub_block/ReduceMean,16200,27700,21950.0,43900,2
intel_gpu_plugin,set_arguments: convolution:/block2/sub_block/conv1/Conv/WithoutBiases,20401,78101,49251.0,98502,2
intel_gpu_plugin,set_arguments: convolution:/block2/sub_block/conv2/Conv/WithoutBiases,22400,30401,26400.5,52801,2
intel_gpu_plugin,set_arguments: multiply:/block2/sub_block/Mul,13600,31099,22349.5,44699,2
intel_gpu_plugin,set_arguments: convolution:/block2/sub_block/conv3/Conv/WithoutBiases,35201,43699,39450.0,78900,2
intel_gpu_plugin,set_arguments: convolution:/block3/conv1/Conv/WithoutBiases,21700,37300,29500.0,59000,2
intel_gpu_plugin,set_arguments: convolution:/block3/conv2/Conv/WithoutBiases,25800,43400,34600.0,69200,2
intel_gpu_plugin,set_arguments: reducemean:/block3/sub_block/ReduceMean,22299,30000,26149.5,52299,2
intel_gpu_plugin,set_arguments: convolution:/block3/sub_block/conv1/Conv/WithoutBiases,36600,39799,38199.5,76399,2
intel_gpu_plugin,set_arguments: convolution:/block3/sub_block/conv2/Conv/WithoutBiases,33301,36900,35100.5,70201,2
intel_gpu_plugin,set_arguments: multiply:/block3/sub_block/Mul,15999,30400,23199.5,46399,2
intel_gpu_plugin,set_arguments: convolution:/block3/sub_block/conv3/Conv/WithoutBiases,25701,42500,34100.5,68201,2
intel_gpu_plugin,set_arguments: convolution:/block4/conv1/Conv/WithoutBiases,18400,40200,29300.0,58600,2
intel_gpu_plugin,set_arguments: convolution:/block4/conv2/Conv/WithoutBiases,19400,37101,28250.5,56501,2
intel_gpu_plugin,set_arguments: reducemean:/block4/sub_block/ReduceMean,17100,25701,21400.5,42801,2
intel_gpu_plugin,set_arguments: convolution:/block4/sub_block/conv1/Conv/WithoutBiases,23900,37700,30800.0,61600,2
intel_gpu_plugin,set_arguments: convolution:/block4/sub_block/conv2/Conv/WithoutBiases,23400,36300,29850.0,59700,2
intel_gpu_plugin,set_arguments: multiply:/block4/sub_block/Mul,14800,30400,22600.0,45200,2
intel_gpu_plugin,set_arguments: convolution:/block4/sub_block/conv3/Conv/WithoutBiases,40201,41799,41000.0,82000,2
intel_gpu_plugin,set_arguments: reducemean:/ReduceMean_1,19301,29801,24551.0,49102,2
intel_gpu_plugin,set_arguments: convolution:/conv8/Conv/WithoutBiases,25800,38999,32399.5,64799,2
intel_gpu_plugin,set_arguments: convolution:/conv7/Conv/WithoutBiases,28300,43201,35750.5,71501,2
intel_gpu_plugin,set_arguments: interpolate:/final_block1/interp/Resize,12000,27501,19750.5,39501,2
intel_gpu_plugin,set_arguments: convolution:/final_block1/conv1/Conv/WithoutBiases,26900,40001,33450.5,66901,2
intel_gpu_plugin,set_arguments: add:/final_block1/Add,16400,54401,35400.5,70801,2
intel_gpu_plugin,set_arguments: reducemean:/final_block1/ReduceMean,35300,36300,35800.0,71600,2
intel_gpu_plugin,set_arguments: convolution:/final_block1/conv2/Conv/WithoutBiases,24900,34100,29500.0,59000,2
intel_gpu_plugin,set_arguments: convolution:/final_block1/conv3/Conv/WithoutBiases,22801,36400,29600.5,59201,2
intel_gpu_plugin,set_arguments: multiply:/final_block1/Mul,22500,29399,25949.5,51899,2
intel_gpu_plugin,set_arguments: convolution:/final_block1/conv4/Conv/WithoutBiases,25500,44100,34800.0,69600,2
intel_gpu_plugin,set_arguments: convolution:/final_block1/conv5/Conv/WithoutBiases,19399,38200,28799.5,57599,2
intel_gpu_plugin,set_arguments: interpolate:/final_block2/interp/Resize,12600,22701,17650.5,35301,2
intel_gpu_plugin,set_arguments: convolution:/final_block2/conv1/Conv/WithoutBiases,33400,52200,42800.0,85600,2
intel_gpu_plugin,set_arguments: add:/final_block2/Add,14000,27899,20949.5,41899,2
intel_gpu_plugin,set_arguments: reducemean:/final_block2/ReduceMean,32701,32800,32750.5,65501,2
intel_gpu_plugin,set_arguments: convolution:/final_block2/conv2/Conv/WithoutBiases,27001,37700,32350.5,64701,2
intel_gpu_plugin,set_arguments: convolution:/final_block2/conv3/Conv/WithoutBiases,20300,48099,34199.5,68399,2
intel_gpu_plugin,set_arguments: multiply:/final_block2/Mul,16500,29501,23000.5,46001,2
intel_gpu_plugin,set_arguments: convolution:/final_block2/conv4/Conv/WithoutBiases,31100,43801,37450.5,74901,2
intel_gpu_plugin,set_arguments: convolution:/final_block2/conv5/Conv/WithoutBiases,29900,37300,33600.0,67200,2
intel_gpu_plugin,set_arguments: interpolate:/final_block3/interp/Resize,12900,30201,21550.5,43101,2
intel_gpu_plugin,set_arguments: convolution:/final_block3/conv1/Conv/WithoutBiases,33799,39401,36600.0,73200,2
intel_gpu_plugin,set_arguments: add:/final_block3/Add,12601,22300,17450.5,34901,2
intel_gpu_plugin,set_arguments: reducemean:/final_block3/ReduceMean,29899,37399,33649.0,67298,2
intel_gpu_plugin,set_arguments: convolution:/final_block3/conv2/Conv/WithoutBiases,27300,33500,30400.0,60800,2
intel_gpu_plugin,set_arguments: convolution:/final_block3/conv3/Conv/WithoutBiases,21500,48700,35100.0,70200,2
intel_gpu_plugin,set_arguments: multiply:/final_block3/Mul,15000,28600,21800.0,43600,2
intel_gpu_plugin,set_arguments: convolution:/final_block3/conv4/Conv/WithoutBiases,27201,39499,33350.0,66700,2
intel_gpu_plugin,set_arguments: convolution:/final_block3/conv5/Conv/WithoutBiases,22901,51200,37050.5,74101,2
intel_gpu_plugin,set_arguments: convolutionbackpropdata:ConvolutionBackpropData_1419,23599,35400,29499.5,58999,2
intel_gpu_plugin,set_arguments: result:alphas/sink_port_0,900,37700,5752.4625,460197,80
intel_gpu_plugin,parameter:pixel_values::prepare,2300,13400,3339.875,133595,40
intel_gpu_plugin,parameter:pixel_values::execute,500,3599,882.45,35298,40
intel_gpu_plugin,convert:Convert_3581::prepare,3900,28200,5337.425,213497,40
intel_gpu_plugin,convert:Convert_3581::execute,12801,116201,18777.6,751104,40
intel_gpu_plugin,convolution:/conv1/Conv/WithoutBiases::prepare,1699,70600,4069.875,162795,40
intel_gpu_plugin,convolution:/conv1/Conv/WithoutBiases::execute,44200,162500,52992.525,2119701,40
intel_gpu_plugin,convolution:/conv2_1/Conv/WithoutBiases::prepare,1299,50600,3120.025,124801,40
intel_gpu_plugin,convolution:/conv2_1/Conv/WithoutBiases::execute,11500,107799,15312.325,612493,40
intel_gpu_plugin,convolution:/conv2_2/Conv/WithoutBiases::prepare,1301,49800,3075.0,123000,40
intel_gpu_plugin,convolution:/conv2_2/Conv/WithoutBiases::execute,9901,99199,13375.25,535010,40
intel_gpu_plugin,reducemean:/ReduceMean::prepare,1299,36800,2675.125,107005,40
intel_gpu_plugin,reducemean:/ReduceMean::execute,11900,154699,17294.95,691798,40
intel_gpu_plugin,convolution:/conv3_1/Conv/WithoutBiases::prepare,1100,46800,2740.05,109602,40
intel_gpu_plugin,convolution:/conv3_1/Conv/WithoutBiases::execute,8700,93100,11725.05,469002,40
intel_gpu_plugin,convolution:/conv3_2/Conv/WithoutBiases::prepare,1200,45101,2740.025,109601,40
intel_gpu_plugin,convolution:/conv3_2/Conv/WithoutBiases::execute,8100,99500,11710.1,468404,40
intel_gpu_plugin,multiply:/Mul::prepare,1100,25900,2110.05,84402,40
intel_gpu_plugin,multiply:/Mul::execute,5301,71700,7970.2,318808,40
intel_gpu_plugin,convolution:/conv3_3/Conv/WithoutBiases::prepare,900,53201,2549.85,101994,40
intel_gpu_plugin,convolution:/conv3_3/Conv/WithoutBiases::execute,8399,117400,12082.475,483299,40
intel_gpu_plugin,convolution:/conv4_1/Conv/WithoutBiases::prepare,1099,59200,2945.05,117802,40
intel_gpu_plugin,convolution:/conv4_1/Conv/WithoutBiases::execute,8100,115899,12074.9,482996,40
intel_gpu_plugin,convolution:/conv4_2/Conv/WithoutBiases::prepare,1100,55000,2722.5,108900,40
intel_gpu_plugin,convolution:/conv4_2/Conv/WithoutBiases::execute,8401,95699,11935.125,477405,40
intel_gpu_plugin,convolution:/conv4_3/Conv/WithoutBiases::prepare,900,40999,2260.1,90404,40
intel_gpu_plugin,convolution:/conv4_3/Conv/WithoutBiases::execute,9000,103400,11997.725,479909,40
intel_gpu_plugin,convolution:/conv5_1/Conv/WithoutBiases::prepare,1099,52700,2929.95,117198,40
intel_gpu_plugin,convolution:/conv5_1/Conv/WithoutBiases::execute,8000,112900,11665.125,466605,40
intel_gpu_plugin,convolution:/conv5_2/Conv/WithoutBiases::prepare,699,53400,2442.5,97700,40
intel_gpu_plugin,convolution:/conv5_2/Conv/WithoutBiases::execute,8200,109700,11582.475,463299,40
intel_gpu_plugin,convolution:/conv5_3/Conv/WithoutBiases::prepare,1199,60899,2907.475,116299,40
intel_gpu_plugin,convolution:/conv5_3/Conv/WithoutBiases::execute,8100,121900,11882.55,475302,40
intel_gpu_plugin,convolution:/conv6_1/Conv/WithoutBiases::prepare,1099,53700,2637.425,105497,40
intel_gpu_plugin,convolution:/conv6_1/Conv/WithoutBiases::execute,7600,106399,10777.55,431102,40
intel_gpu_plugin,convolution:/conv6_2/Conv/WithoutBiases::prepare,1199,46200,3005.025,120201,40
intel_gpu_plugin,convolution:/conv6_2/Conv/WithoutBiases::execute,7600,97600,10892.425,435697,40
intel_gpu_plugin,reducemean:/sub_block1/ReduceMean::prepare,1100,54599,2762.45,110498,40
intel_gpu_plugin,reducemean:/sub_block1/ReduceMean::execute,10100,212299,16322.5,652900,40
intel_gpu_plugin,convolution:/sub_block1/conv1/Conv/WithoutBiases::prepare,1100,50700,2579.925,103197,40
intel_gpu_plugin,convolution:/sub_block1/conv1/Conv/WithoutBiases::execute,8200,98500,11502.5,460100,40
intel_gpu_plugin,convolution:/sub_block1/conv2/Conv/WithoutBiases::prepare,900,43300,2274.95,90998,40
intel_gpu_plugin,convolution:/sub_block1/conv2/Conv/WithoutBiases::execute,8300,141200,12835.0,513400,40
intel_gpu_plugin,multiply:/sub_block1/Mul::prepare,1100,29001,2059.925,82397,40
intel_gpu_plugin,multiply:/sub_block1/Mul::execute,4600,78800,7122.65,284906,40
intel_gpu_plugin,convolution:/sub_block1/conv3/Conv/WithoutBiases::prepare,1000,47900,2520.0,100800,40
intel_gpu_plugin,convolution:/sub_block1/conv3/Conv/WithoutBiases::execute,8100,227400,14874.975,594999,40
intel_gpu_plugin,convolution:/block1/conv1/Conv/WithoutBiases::prepare,899,51600,2750.225,110009,40
intel_gpu_plugin,convolution:/block1/conv1/Conv/WithoutBiases::execute,7800,102600,11134.925,445397,40
intel_gpu_plugin,convolution:/block1/conv2/Conv/WithoutBiases::prepare,1000,49399,2462.35,98494,40
intel_gpu_plugin,convolution:/block1/conv2/Conv/WithoutBiases::execute,7800,106400,11289.975,451599,40
intel_gpu_plugin,reducemean:/block1/sub_block/ReduceMean::prepare,1200,58900,2897.425,115897,40
intel_gpu_plugin,reducemean:/block1/sub_block/ReduceMean::execute,5200,70800,7357.375,294295,40
intel_gpu_plugin,convolution:/block1/sub_block/conv1/Conv/WithoutBiases::prepare,1000,54400,2642.5,105700,40
intel_gpu_plugin,convolution:/block1/sub_block/conv1/Conv/WithoutBiases::execute,7699,125000,11502.575,460103,40
intel_gpu_plugin,convolution:/block1/sub_block/conv2/Conv/WithoutBiases::prepare,1000,51000,2977.425,119097,40
intel_gpu_plugin,convolution:/block1/sub_block/conv2/Conv/WithoutBiases::execute,7899,90201,11309.975,452399,40
intel_gpu_plugin,multiply:/block1/sub_block/Mul::prepare,801,21201,1724.875,68995,40
intel_gpu_plugin,multiply:/block1/sub_block/Mul::execute,3900,74600,6197.525,247901,40
intel_gpu_plugin,convolution:/block1/sub_block/conv3/Conv/WithoutBiases::prepare,1101,59201,2852.45,114098,40
intel_gpu_plugin,convolution:/block1/sub_block/conv3/Conv/WithoutBiases::execute,8400,136100,12504.925,500197,40
intel_gpu_plugin,convolution:/block2/conv1/Conv/WithoutBiases::prepare,700,49900,2275.05,91002,40
intel_gpu_plugin,convolution:/block2/conv1/Conv/WithoutBiases::execute,4999,146300,8995.0,359800,40
intel_gpu_plugin,convolution:/block2/conv2/Conv/WithoutBiases::prepare,900,60999,2794.925,111797,40
intel_gpu_plugin,convolution:/block2/conv2/Conv/WithoutBiases::execute,5500,87900,8087.425,323497,40
intel_gpu_plugin,reducemean:/block2/sub_block/ReduceMean::prepare,999,40501,2160.1,86404,40
intel_gpu_plugin,reducemean:/block2/sub_block/ReduceMean::execute,4300,97301,7232.675,289307,40
intel_gpu_plugin,convolution:/block2/sub_block/conv1/Conv/WithoutBiases::prepare,1099,96701,3820.175,152807,40
intel_gpu_plugin,convolution:/block2/sub_block/conv1/Conv/WithoutBiases::execute,4999,96100,8102.3,324092,40
intel_gpu_plugin,convolution:/block2/sub_block/conv2/Conv/WithoutBiases::prepare,900,41700,2239.9,89596,40
intel_gpu_plugin,convolution:/block2/sub_block/conv2/Conv/WithoutBiases::execute,4800,71999,7212.55,288502,40
intel_gpu_plugin,multiply:/block2/sub_block/Mul::prepare,1100,27501,1932.6,77304,40
intel_gpu_plugin,multiply:/block2/sub_block/Mul::execute,3699,64300,5612.525,224501,40
intel_gpu_plugin,convolution:/block2/sub_block/conv3/Conv/WithoutBiases::prepare,1000,56400,2679.9,107196,40
intel_gpu_plugin,convolution:/block2/sub_block/conv3/Conv/WithoutBiases::execute,4800,92800,7514.9,300596,40
intel_gpu_plugin,convolution:/block3/conv1/Conv/WithoutBiases::prepare,1099,49600,2697.475,107899,40
intel_gpu_plugin,convolution:/block3/conv1/Conv/WithoutBiases::execute,7900,105500,11399.95,455998,40
intel_gpu_plugin,convolution:/block3/conv2/Conv/WithoutBiases::prepare,799,59301,2532.45,101298,40
intel_gpu_plugin,convolution:/block3/conv2/Conv/WithoutBiases::execute,7999,156200,12487.575,499503,40
intel_gpu_plugin,reducemean:/block3/sub_block/ReduceMean::prepare,1000,43100,2262.575,90503,40
intel_gpu_plugin,reducemean:/block3/sub_block/ReduceMean::execute,4199,81900,6884.975,275399,40
intel_gpu_plugin,convolution:/block3/sub_block/conv1/Conv/WithoutBiases::prepare,1099,49801,2607.475,104299,40
intel_gpu_plugin,convolution:/block3/sub_block/conv1/Conv/WithoutBiases::execute,5000,81899,7627.475,305099,40
intel_gpu_plugin,convolution:/block3/sub_block/conv2/Conv/WithoutBiases::prepare,900,49700,2422.5,96900,40
intel_gpu_plugin,convolution:/block3/sub_block/conv2/Conv/WithoutBiases::execute,4899,90300,7764.9,310596,40
intel_gpu_plugin,multiply:/block3/sub_block/Mul::prepare,800,30699,1900.25,76010,40
intel_gpu_plugin,multiply:/block3/sub_block/Mul::execute,3300,68899,5475.0,219000,40
intel_gpu_plugin,convolution:/block3/sub_block/conv3/Conv/WithoutBiases::prepare,800,56400,2499.925,99997,40
intel_gpu_plugin,convolution:/block3/sub_block/conv3/Conv/WithoutBiases::execute,7999,114500,11480.125,459205,40
intel_gpu_plugin,convolution:/block4/conv1/Conv/WithoutBiases::prepare,700,52701,2299.975,91999,40
intel_gpu_plugin,convolution:/block4/conv1/Conv/WithoutBiases::execute,5201,93600,8150.0,326000,40
intel_gpu_plugin,convolution:/block4/conv2/Conv/WithoutBiases::prepare,999,50700,2459.95,98398,40
intel_gpu_plugin,convolution:/block4/conv2/Conv/WithoutBiases::execute,5000,81501,7987.675,319507,40
intel_gpu_plugin,reducemean:/block4/sub_block/ReduceMean::prepare,900,35599,2109.95,84398,40
intel_gpu_plugin,reducemean:/block4/sub_block/ReduceMean::execute,4001,75900,6280.125,251205,40
intel_gpu_plugin,convolution:/block4/sub_block/conv1/Conv/WithoutBiases::prepare,1000,50999,2612.325,104493,40
intel_gpu_plugin,convolution:/block4/sub_block/conv1/Conv/WithoutBiases::execute,4800,90800,7552.525,302101,40
intel_gpu_plugin,convolution:/block4/sub_block/conv2/Conv/WithoutBiases::prepare,999,49900,2472.25,98890,40
intel_gpu_plugin,convolution:/block4/sub_block/conv2/Conv/WithoutBiases::execute,4800,85300,7347.55,293902,40
intel_gpu_plugin,multiply:/block4/sub_block/Mul::prepare,1000,35900,2217.275,88691,40
intel_gpu_plugin,multiply:/block4/sub_block/Mul::execute,3099,140300,7064.975,282599,40
intel_gpu_plugin,convolution:/block4/sub_block/conv3/Conv/WithoutBiases::prepare,1000,55900,2677.475,107099,40
intel_gpu_plugin,convolution:/block4/sub_block/conv3/Conv/WithoutBiases::execute,4899,89700,7412.525,296501,40
intel_gpu_plugin,reducemean:/ReduceMean_1::prepare,900,42701,2265.05,90602,40
intel_gpu_plugin,reducemean:/ReduceMean_1::execute,6000,88099,8960.05,358402,40
intel_gpu_plugin,convolution:/conv8/Conv/WithoutBiases::prepare,801,52499,2394.875,95795,40
intel_gpu_plugin,convolution:/conv8/Conv/WithoutBiases::execute,5200,86600,8175.025,327001,40
intel_gpu_plugin,convolution:/conv7/Conv/WithoutBiases::prepare,999,57900,3067.475,122699,40
intel_gpu_plugin,convolution:/conv7/Conv/WithoutBiases::execute,8100,112000,11820.05,472802,40
intel_gpu_plugin,interpolate:/final_block1/interp/Resize::prepare,1299,23101,2207.575,88303,40
intel_gpu_plugin,interpolate:/final_block1/interp/Resize::execute,4300,83200,7477.5,299100,40
intel_gpu_plugin,convolution:/final_block1/conv1/Conv/WithoutBiases::prepare,1000,52600,2600.075,104003,40
intel_gpu_plugin,convolution:/final_block1/conv1/Conv/WithoutBiases::execute,7600,133200,11965.175,478607,40
intel_gpu_plugin,add:/final_block1/Add::prepare,1000,32299,2137.475,85499,40
intel_gpu_plugin,add:/final_block1/Add::execute,3599,91801,6764.825,270593,40
intel_gpu_plugin,reducemean:/final_block1/ReduceMean::prepare,900,50600,2614.925,104597,40
intel_gpu_plugin,reducemean:/final_block1/ReduceMean::execute,7400,162200,12137.525,485501,40
intel_gpu_plugin,convolution:/final_block1/conv2/Conv/WithoutBiases::prepare,999,46400,2397.575,95903,40
intel_gpu_plugin,convolution:/final_block1/conv2/Conv/WithoutBiases::execute,7700,99300,11169.9,446796,40
intel_gpu_plugin,convolution:/final_block1/conv3/Conv/WithoutBiases::prepare,801,48900,2274.975,90999,40
intel_gpu_plugin,convolution:/final_block1/conv3/Conv/WithoutBiases::execute,7500,103101,11052.55,442102,40
intel_gpu_plugin,multiply:/final_block1/Mul::prepare,800,33600,1917.575,76703,40
intel_gpu_plugin,multiply:/final_block1/Mul::execute,3901,111600,7220.025,288801,40
intel_gpu_plugin,convolution:/final_block1/conv4/Conv/WithoutBiases::prepare,900,59100,2669.9,106796,40
intel_gpu_plugin,convolution:/final_block1/conv4/Conv/WithoutBiases::execute,7699,120501,11765.05,470602,40
intel_gpu_plugin,convolution:/final_block1/conv5/Conv/WithoutBiases::prepare,999,51199,2437.375,97495,40
intel_gpu_plugin,convolution:/final_block1/conv5/Conv/WithoutBiases::execute,7699,113500,11567.55,462702,40
intel_gpu_plugin,interpolate:/final_block2/interp/Resize::prepare,1099,25300,1860.125,74405,40
intel_gpu_plugin,interpolate:/final_block2/interp/Resize::execute,4201,137100,8270.075,330803,40
intel_gpu_plugin,convolution:/final_block2/conv1/Conv/WithoutBiases::prepare,899,65799,2864.85,114594,40
intel_gpu_plugin,convolution:/final_block2/conv1/Conv/WithoutBiases::execute,7600,210500,15422.525,616901,40
intel_gpu_plugin,add:/final_block2/Add::prepare,900,27000,1832.725,73309,40
intel_gpu_plugin,add:/final_block2/Add::execute,3700,86501,6322.425,252897,40
intel_gpu_plugin,reducemean:/final_block2/ReduceMean::prepare,800,42800,2185.05,87402,40
intel_gpu_plugin,reducemean:/final_block2/ReduceMean::execute,5099,83100,8084.95,323398,40
intel_gpu_plugin,convolution:/final_block2/conv2/Conv/WithoutBiases::prepare,1000,50600,2664.975,106599,40
intel_gpu_plugin,convolution:/final_block2/conv2/Conv/WithoutBiases::execute,7700,113201,11297.575,451903,40
intel_gpu_plugin,convolution:/final_block2/conv3/Conv/WithoutBiases::prepare,1001,60700,2792.575,111703,40
intel_gpu_plugin,convolution:/final_block2/conv3/Conv/WithoutBiases::execute,7400,101900,11512.525,460501,40
intel_gpu_plugin,multiply:/final_block2/Mul::prepare,800,29200,1817.525,72701,40
intel_gpu_plugin,multiply:/final_block2/Mul::execute,3701,84100,6557.6,262304,40
intel_gpu_plugin,convolution:/final_block2/conv4/Conv/WithoutBiases::prepare,701,57300,2434.975,97399,40
intel_gpu_plugin,convolution:/final_block2/conv4/Conv/WithoutBiases::execute,8201,147100,12430.1,497204,40
intel_gpu_plugin,convolution:/final_block2/conv5/Conv/WithoutBiases::prepare,600,50700,2269.95,90798,40
intel_gpu_plugin,convolution:/final_block2/conv5/Conv/WithoutBiases::execute,7700,94501,10667.525,426701,40
intel_gpu_plugin,interpolate:/final_block3/interp/Resize::prepare,900,26600,1827.425,73097,40
intel_gpu_plugin,interpolate:/final_block3/interp/Resize::execute,3599,82000,6092.55,243702,40
intel_gpu_plugin,convolution:/final_block3/conv1/Conv/WithoutBiases::prepare,900,52599,2592.5,103700,40
intel_gpu_plugin,convolution:/final_block3/conv1/Conv/WithoutBiases::execute,7100,115201,11307.55,452302,40
intel_gpu_plugin,add:/final_block3/Add::prepare,799,24600,1767.375,70695,40
intel_gpu_plugin,add:/final_block3/Add::execute,3700,76400,6142.725,245709,40
intel_gpu_plugin,reducemean:/final_block3/ReduceMean::prepare,900,54201,2490.05,99602,40
intel_gpu_plugin,reducemean:/final_block3/ReduceMean::execute,12699,194201,18702.45,748098,40
intel_gpu_plugin,convolution:/final_block3/conv2/Conv/WithoutBiases::prepare,800,44900,2302.5,92100,40
intel_gpu_plugin,convolution:/final_block3/conv2/Conv/WithoutBiases::execute,5099,78800,7840.025,313601,40
intel_gpu_plugin,convolution:/final_block3/conv3/Conv/WithoutBiases::prepare,900,62901,2695.025,107801,40
intel_gpu_plugin,convolution:/final_block3/conv3/Conv/WithoutBiases::execute,4799,93700,7492.375,299695,40
intel_gpu_plugin,multiply:/final_block3/Mul::prepare,800,28101,1837.575,73503,40
intel_gpu_plugin,multiply:/final_block3/Mul::execute,3800,79600,6285.175,251407,40
intel_gpu_plugin,convolution:/final_block3/conv4/Conv/WithoutBiases::prepare,800,52800,2422.375,96895,40
intel_gpu_plugin,convolution:/final_block3/conv4/Conv/WithoutBiases::execute,5999,88599,8927.525,357101,40
intel_gpu_plugin,convolution:/final_block3/conv5/Conv/WithoutBiases::prepare,900,70401,2880.05,115202,40
intel_gpu_plugin,convolution:/final_block3/conv5/Conv/WithoutBiases::execute,7000,133200,11437.35,457494,40
intel_gpu_plugin,convolutionbackpropdata:ConvolutionBackpropData_1419::prepare,800,49200,2380.0,95200,40
intel_gpu_plugin,convolutionbackpropdata:ConvolutionBackpropData_1419::execute,10699,119600,14842.45,593698,40
intel_gpu_plugin,result:alphas/sink_port_0::prepare,2000,26201,3485.125,139405,40
intel_gpu_plugin,result:alphas/sink_port_0::execute,4800,74000,7180.2,287208,40
intel_gpu_plugin,SyncInferRequest::wait::reinterpret_memory,1699,57901,5519.975,220799,40
ov__LoadTime,CoreImpl::get_plugin,27441600,106538200,66989900.0,133979800,2
ov__LoadTime,Core::compile_model::Path,996743400,1729941000,1363342200.0,2726684400,2
SIMPLE_ov_op_exec,v0_Parameter_validate_and_infer_types,99,751800,1855.4552401746726,1699597,916
SIMPLE_ov_op_exec,v1_Convolution_validate_and_infer_types,499,25000,996.382863340564,1837330,1844
SIMPLE_ov_op_exec,v3_ShapeOf_validate_and_infer_types,99,28400,241.23714285714286,253299,1050
SIMPLE_ov_op_exec,v0_util_BinaryElementwiseArithmetic_validate_and_infer_types,99,13101,742.7254067584481,2967188,3995
SIMPLE_ov_op_exec,evaluate_shape_of_i64,99,6501,147.0206327372765,106884,727
SIMPLE_ov_op_exec,v1_Subtract_evaluate,601,1524700,2122.5416666666665,2750814,1296
SIMPLE_ov_op_exec,v3_Broadcast_validate_and_infer_types,800,3182801,22733.38489208633,6319881,278
SIMPLE_ov_op_exec,v0_Concat_validate_and_infer_types,599,98300,1261.17125382263,412403,327
SIMPLE_ov_op_exec,util_BroadcastBase_evaluate_axes,199,14800,433.3121212121212,142993,330
SIMPLE_ov_op_exec,util_BroadcastBase_evaluate,900,690600,4076.3212121212123,1345186,330
SIMPLE_ov_op_exec,v3_Broadcast_evaluate,1000,1444400,6499.990909090909,2144997,330
SIMPLE_ov_op_exec,v0_Concat_evaluate,699,51400,1130.5230769230768,440904,390
SIMPLE_ov_op_exec,v1_Reshape_validate_and_infer_types,1099,10874700,33110.8893557423,23641175,714
SIMPLE_ov_op_exec,util_UnaryElementwiseArithmetic_validate_and_infer_types,99,10799,205.66039707419017,393634,1914
SIMPLE_ov_op_exec,v1_VariadicSplit_validate_and_infer_types,1100,18100,2566.135593220339,151402,59
SIMPLE_ov_op_exec,v1_VariadicSplit_evaluate,1299,21701,2340.8333333333335,154495,66
SIMPLE_ov_op_exec,v1_Split_evaluate_lower,1800,639300,21930.424242424244,723704,33
SIMPLE_ov_op_exec,v1_Split_evaluate_upper,1499,14400,2096.878787878788,69197,33
SIMPLE_ov_op_exec,v0_util_BinaryElementwiseComparison_validate_and_infer_types,299,60800,937.4779411764706,127497,136
SIMPLE_ov_op_exec,v1_Equal_evaluate,699,637401,4811.557575757576,793907,165
SIMPLE_ov_op_exec,v0_util_BinaryElementwiseLogical_validate_and_infer_types,301,4500,573.6764705882352,39010,68
SIMPLE_ov_op_exec,v1_LogicalOr_evaluate,500,14800,939.3484848484849,61997,66
SIMPLE_ov_op_exec,v1_Less_evaluate,600,668300,5962.159090909091,787005,132
SIMPLE_ov_op_exec,v1_LogicalAnd_evaluate,500,7800,736.4090909090909,48603,66
SIMPLE_ov_op_exec,v1_Select_evaluate,1199,789700,3910.6454545454544,1290513,330
SIMPLE_ov_op_exec,v1_Divide_evaluate,701,650099,10771.333333333334,710908,66
SIMPLE_ov_op_exec,v1_GroupConvolution_validate_and_infer_types,500,12000,1116.1507430997876,525707,471
SIMPLE_ov_op_exec,v0_util_ArithmeticReductionKeepDims_validate_and_infer_types,599,10101,1396.3642533936652,617193,442
SIMPLE_ov_op_exec,util_InterpolateBase_validate_and_infer_types,99,2701,197.0,19700,100
SIMPLE_ov_op_exec,v11_Interpolate_validate_and_infer_types,899,905900,17871.65,1072299,60
SIMPLE_ov_op_exec,v1_ConvolutionBackpropData_validate_and_infer_types,800,13900,3188.75,140305,44
SIMPLE_ov_op_exec,v0_Result_validate_and_infer_types,101,19900,1497.3,164703,110
SIMPLE_ov_op_exec,v0_Parameter_clone_with_new_inputs,500,26800,2118.871287128713,214006,101
SIMPLE_ov_op_exec,v0_Constant_clone_with_new_inputs,399,11500,885.077358490566,469091,530
SIMPLE_ov_op_exec,v1_Convolution_clone_with_new_inputs,1500,19399,2827.767441860465,243188,86
SIMPLE_ov_op_exec,v3_ShapeOf_clone_with_new_inputs,699,11300,1151.2023121387283,398316,346
SIMPLE_ov_op_exec,v1_Subtract_clone_with_new_inputs,1199,10699,1774.0833333333333,191601,108
SIMPLE_ov_op_exec,v3_Broadcast_clone_with_new_inputs,2899,41400,4962.824074074074,535985,108
SIMPLE_ov_op_exec,v0_Concat_clone_with_new_inputs,1299,13000,2006.923076923077,260900,130
SIMPLE_ov_op_exec,v1_Reshape_clone_with_new_inputs,2099,33101,4163.10101010101,824294,198
SIMPLE_ov_op_exec,v1_Add_clone_with_new_inputs,1200,30900,2496.387878787879,411904,165
SIMPLE_ov_op_exec,v4_HSwish_clone_with_new_inputs,599,12700,1386.2727272727273,30498,22
SIMPLE_ov_op_exec,v0_Relu_clone_with_new_inputs,699,9399,1334.1136363636363,58701,44
SIMPLE_ov_op_exec,v1_VariadicSplit_clone_with_new_inputs,2000,22199,3922.6363636363635,86298,22
SIMPLE_ov_op_exec,v1_Divide_clone_with_new_inputs,1200,18699,3027.2272727272725,66599,22
SIMPLE_ov_op_exec,v1_GroupConvolution_clone_with_new_inputs,1700,13100,2804.6363636363635,61702,22
SIMPLE_ov_op_exec,v1_ReduceMean_clone_with_new_inputs,1400,26100,3809.9,76198,20
SIMPLE_ov_op_exec,v0_Sigmoid_clone_with_new_inputs,700,6599,1291.0454545454545,28403,22
SIMPLE_ov_op_exec,v1_Multiply_clone_with_new_inputs,1201,31599,4052.6792452830186,214792,53
SIMPLE_ov_op_exec,v11_Interpolate_clone_with_new_inputs,2201,22900,9350.166666666666,56101,6
SIMPLE_ov_op_exec,v1_ConvolutionBackpropData_clone_with_new_inputs,3399,15800,9599.5,19199,2
SIMPLE_ov_op_exec,v0_Result_clone_with_new_inputs,2500,20001,11075.5,44302,4
SIMPLE_ov_op_exec,v0_Convert_validate_and_infer_types,99,3801,243.35978835978835,45995,189
SIMPLE_ov_op_exec,v3_ShapeOf_has_evaluate,100,10500,545.2393162393163,63793,117
SIMPLE_ov_op_exec,v1_Reshape_has_evaluate,99,5200,428.1698113207547,22693,53
SIMPLE_ov_op_exec,v1_Add_has_evaluate,99,10901,193.83254716981133,82185,424
SIMPLE_ov_op_exec,v4_HSwish_has_evaluate,99,7400,254.05405405405406,18800,74
SIMPLE_ov_op_exec,v0_Relu_has_evaluate,99,2601,147.42857142857142,19608,133
SIMPLE_ov_op_exec,v1_ReduceMean_has_evaluate,99,9800,285.3114754098361,17404,61
SIMPLE_ov_op_exec,v0_Sigmoid_has_evaluate,99,5400,249.33846153846153,16207,65
SIMPLE_ov_op_exec,v1_Multiply_has_evaluate,99,1300,123.40625,7898,64
SIMPLE_ov_op_exec,v11_Interpolate_has_evaluate,99,3699,346.53333333333336,5198,15
SIMPLE_ov_op_exec,v0_Convert_evaluate,4700,1417400,26803.848484848484,3538108,132
SIMPLE_ov_op_exec,v0_Squeeze_validate_and_infer_types,601,12200,3383.3333333333335,20300,6
SIMPLE_ov_op_exec,v1_LogicalNot_validate_and_infer_types,99,2600,750.0,3000,4
SIMPLE_ov_op_exec,v3_NonZero_validate_and_infer_types,5200,28100,16650.0,33300,2
SIMPLE_ov_op_exec,v1_Transpose_validate_and_infer_types,2001,20001,11001.0,22002,2
SIMPLE_ov_op_exec,v1_Select_validate_and_infer_types,1500,5401,3450.5,6901,2
SIMPLE_ov_op_exec,util_ScatterElementsUpdateBase_validate_and_infer_types,701,10300,3350.5,13402,4
SIMPLE_ov_op_exec,v0_util_BinaryElementwiseArithmetic_visit_attributes,601,20499,967.5105782792666,685965,709
SIMPLE_ov_op_exec,v3_ShapeOf_constant_fold,1900,19699,5525.0,66300,12
SIMPLE_ov_op_exec,v4_Interpolate_validate_and_infer_types,1099,17401,3114.0384615384614,242895,78
SIMPLE_ov_op_exec,v4_SoftPlus_validate_and_infer_types,4500,4500,4500.0,4500,1
SIMPLE_ov_op_exec,v4_Interpolate_has_evaluate,99,3400,650.3333333333334,3902,6
SIMPLE_ov_op_exec,v0_MatMul_validate_and_infer_types,9500,9500,9500.0,9500,1
SIMPLE_ov_op_exec,v0_Parameter_visit_attributes,1500,26399,3177.2285714285713,111203,35
TYPE_LIST_ov_eval,v1_Subtract_evaluate$i64,99,534901,597.7685554668794,749004,1253
TYPE_LIST_ov_eval,v1_Equal_evaluate$i64,99,3199,155.2638036809816,25308,163
TYPE_LIST_ov_eval,v1_Less_evaluate$i64,99,2800,143.13076923076923,18607,130
TYPE_LIST_ov_eval,v1_Select_evaluate$i64,99,3201,145.83227848101265,46083,316
TYPE_LIST_ov_eval,v1_Divide_evaluate$i64,99,1900,162.484375,10399,64
TYPE_LIST_ov_eval,v0_Convert_in_et$f16,99,2001,157.71212121212122,10409,66
TYPE_LIST_ov_eval,Convert_out$f32,99,2499,218.42105263157896,8300,38
TYPE_LIST_ov_eval,v0_Convert_in_et$f32,99,2099,177.3939393939394,11708,66
TYPE_LIST_ov_eval,Convert_out$f16,99,700,120.3076923076923,4692,39
ov__core,Model::get_ordered_ops,199,534700,12663.107074569789,13245610,1046
ov__core,Model::check_all_parameters_registered,299,81900,6511.340909090909,286499,44
ov__core,Model::auto_detect_variables,199,30300,2418.9523809523807,50798,21
ov__core,Model::prerequirements,2200,2915499,143515.97727272726,6314703,44
ov__core,pass::GraphRewrite::apply_matcher_passes,399,56175800,442390.0846846847,245526497,555
ov__core,pass::Manager::run_passes,10000,363349399,17296088.827160493,1400983195,81
ov__core,MarkDequantization,10800,62600,18143.2,544296,30
ov__core,ConvertMOEToMOECompressed,499,8800,541.1356502242153,482693,892
ov__core,SoftmaxFusion,199,13300,292.5100775193798,188669,645
ov__core,MVNFusionWithoutConstants,400,16201,625.2955439056357,954201,1526
ov__core,MVNFusionWithConstantsInside,199,6799,453.65858453473135,692283,1526
ov__core,GroupNormalizationFusion,2100,15300,3198.5072463768115,220697,69
ov__core,BroadcastElementwiseFusion,1199,12900,1861.9602649006622,562312,302
ov__core,BroadcastTransition,400,35401,1080.5714285714287,1648952,1526
ov__core,KeepConstantsPrecisionAndAddConverts,600,21299,1262.9584905660377,334684,265
ov__core,KeepConstPrecision,10400,38499,13816.6,414498,30
ov__core,RMSFusion,499,21300,693.689578713969,625708,902
ov__core,KeepDequantizationPrecision,10400,46201,14480.1,144801,10
ov__core,MarkFloatingPointRange,2400,16399,3780.2727272727275,249498,66
ov__core,MarkDivWithEps,499,48901,752.0022421524664,670786,892
ov__core,PropagateMarkUpReduceOpPath,700,15900,1653.8120184899847,1073324,649
ov__core,InitMarkReduceOpPath,700,6899,1479.6,14796,10
ov__core,PropagateDownDisableSensitivityForQuantized,1400,10101,2400.004524886878,530401,221
ov__core,PropagateDownMarkToKeepInMixedPrecision,799,28301,1276.0576631259485,840922,659
ov__core,PropagateUpMarkToKeepInMixedPrecision,699,8800,1279.6555386949924,843293,659
ov__core,EnableDecompressionConvertConstantFolding,999,7100,3725.0,14900,4
ov__core,Node::can_constant_fold,99,34299,194.285746352413,865543,4455
ov__core,Node::constant_fold,699,2073600,20888.628787878788,5514598,264
ov__core,Model::validate_nodes_and_infer_types,4300,688500,95994.84536082474,9311500,97
ov__core,DisableDecompressionConvertConstantFolding,1900,7900,4900.0,9800,2
ov__core,TransposeConvert,1199,10400,4883.166666666667,29299,6
ov__core,EliminateConvert,199,28299,270.95789007092196,1222562,4512
ov__core,RemoveFilteringBoxesBySize,1999,13799,7899.0,15798,2
ov__core,SubtractFusion,199,18100,1207.4715025906735,932168,772
ov__core,ConvertQuantizeDequantize,5700,31200,8065.15,161303,20
ov__core,EliminatePad,199,20701,273.9019955654102,1235298,4510
ov__core,EliminateReduceReshape,199,15900,284.33348115299333,1282344,4510
ov__core,EliminateConvertNonZero,199,11400,245.9008869179601,1109013,4510
ov__core,EliminateConcat,199,81200,274.63946784922393,1238624,4510
ov__core,EliminateSplit,199,30200,244.84456762749446,1104249,4510
ov__core,EliminateTranspose,199,13601,244.71973392461197,1103686,4510
ov__core,EliminateEltwise,499,67400,1042.2321507760532,4700467,4510
ov__core,EliminateSplitConcat,199,18799,269.9671840354767,1217552,4510
ov__core,EliminateStridedSlice,199,20699,252.34523281596452,1138077,4510
ov__core,EliminateSlice,199,60800,268.73015521064303,1211973,4510
ov__core,EliminateConcatStridedSlice,199,23199,275.5334811529934,1242656,4510
ov__core,EliminateIdentity,199,17300,250.39512195121952,1129282,4510
ov__core,EliminateScatterUpdate,199,18100,311.680044345898,1405677,4510
ov__core,EliminateReshape,199,13500,265.7858093126386,1198694,4510
ov__core,EliminateSqueeze,199,5300,242.608832807571,461442,1902
ov__core,EliminateUnsqueeze,199,19800,248.50998948475288,472666,1902
ov__core,PrepareShapeOpsForEliminationAroundBE,199,2799,261.7620192307692,1197823,4576
ov__core,EliminateBroadcast,199,243701,335.36541019955655,1512498,4510
ov__core,EliminateNopBroadcast,199,46400,334.6370288248337,1509213,4510
ov__core,EliminateSliceBeforeGatherElements,199,32400,252.86651884700666,1140428,4510
ov__core,EliminateStridedSliceByShape,499,8500,566.9024390243902,2556730,4510
ov__core,EliminateGather,199,28600,292.3323725055432,1318419,4510
ov__core,PropagateNMSPath,3300,15200,9250.0,18500,2
ov__core,PullUnsqueezeThroughReduce,699,10700,1895.0,37900,20
ov__core,PullReshapeThroughReduce,699,7800,1440.0,28800,20
ov__core,LSTMCellFusionWithJointWeights,1199,21900,3460.0,69200,20
ov__core,LSTMCellFusionWithSplitWeights,1100,23000,3175.0,63500,20
ov__core,GRUCellFusion,899,7700,1558.7463768115942,215107,138
ov__core,TransposeFQReduction,700,8900,1620.075,64803,40
ov__core,TransposeReduction,699,7899,1087.45,43498,40
ov__core,EliminateUnsqueezeGather,199,39301,471.2618296529968,298780,634
ov__core,SelectWithOneValueCondition,199,14300,342.12302839116717,216906,634
ov__core,ConvertScatterElementsToScatter,199,9399,352.98738170347,223794,634
ov__core,SoftPlusFusion,199,5099,301.5694006309148,191195,634
ov__core,SoftPlusToMishFusion,199,8901,381.0646687697161,241595,634
ov__core,SwishFusionWithSigmoid,199,17801,378.25867507886437,239816,634
ov__core,SwishFusionWithSigmoidWithBeta,199,4000,321.92902208201895,204103,634
ov__core,SwishFusionWithBeta,199,13200,341.91324921135646,216773,634
ov__core,SwishFusionWithoutBeta,199,26900,312.294952681388,197995,634
ov__core,HSwishFusionWithReluDiv,199,16700,308.7334384858044,195737,634
ov__core,HSwishFusionWithReluMul,199,7501,313.403785488959,198698,634
ov__core,HSwishFusionWithHSigmoid,199,5200,323.01261829653,204790,634
ov__core,HSwishFusionWithClamp,199,8500,315.47476340694004,200011,634
ov__core,HSigmoidFusionWithReluDiv,199,18000,347.4826498422713,220304,634
ov__core,HSigmoidFusionWithReluMul,199,18500,322.17507886435334,204259,634
ov__core,HSigmoidFusionWithoutRelu,199,5200,254.08359621451103,161089,634
ov__core,HSigmoidFusionWithClampMul,199,12800,303.95741324921136,192709,634
ov__core,HSigmoidFusionWithClampDiv,199,4599,250.45741324921136,158790,634
ov__core,NormalizeL2Fusion,499,12600,724.9968454258675,459648,634
ov__core,ClampFusion,499,8700,599.0488958990536,379797,634
ov__core,PadFusionAvgPool,199,9000,259.7981072555205,164712,634
ov__core,PadFusionConvolution,199,16199,428.8548895899054,271894,634
ov__core,PadFusionConvolutionBackpropData,199,5500,254.7018927444795,161481,634
ov__core,PadFusionGroupConvolution,199,5100,301.282334384858,191013,634
ov__core,PadFusionGroupConvolutionBackpropData,199,13501,307.38958990536275,194885,634
ov__core,ReduceReshapeFusion,199,4101,245.9211356466877,155914,634
ov__core,DilatedConvolutionConverter,199,13700,264.1845425867508,167493,634
ov__core,GeluFusionWithErfOne,199,16600,399.9921135646688,253595,634
ov__core,GeluFusionWithErfTwo,199,20000,327.75867507886437,207799,634
ov__core,GeluFusionWithErfThree,199,17000,328.53943217665613,208294,634
ov__core,GeluFusionWithErfFour,199,23700,350.2712933753943,222072,634
ov__core,GeluFusionWithTanh,499,12400,725.4116719242902,459911,634
ov__core,GeluFusionWithTanhNoPower,199,7499,310.6813880126183,196972,634
ov__core,GeluFusionWithTanhNoPower2,599,15600,952.9858044164038,604193,634
ov__core,LeakyReluFusion,199,6499,260.9195583596215,165423,634
ov__core,RandomUniformFusion,199,27600,1251.5425867507886,793478,634
ov__core,ConvertTensorIteratorToLSTMSequence,199,7499,258.65615141955834,163988,634
ov__core,ConvertTensorIteratorToRNNSequence,199,4899,248.79968454258676,157739,634
ov__core,ConvertTensorIteratorToGRUSequence,199,6900,253.78548895899053,160900,634
ov__core,ConvertLoopWithScatterUpdateToLSTMSequence,199,13800,311.9842271293375,197798,634
ov__core,ConvertLoopWithSlicedInputConcatOutputToLSTMSequence,199,4500,252.42586750788644,160038,634
ov__core,EliminateGatherWithRange,199,4001,253.77602523659306,160894,634
ov__core,FuseReverseLSTMSequence,199,13500,265.4227129337539,168278,634
ov__core,FuseLSTMSequencesToBidirectionalLSTMSequence,199,5499,256.3296529968454,162513,634
ov__core,SplitConcatPairToInterpolateFusion,199,4899,250.9479495268139,159101,634
ov__core,ConvolutionToGroupConvolutionFusion,199,4400,254.08990536277602,161093,634
ov__core,NearestNeighborUpsamplingFusion,199,4701,253.6403785488959,160808,634
ov__core,DivideFusion,199,17001,339.6056782334385,215310,634
ov__core,TransposeToReshape,199,4400,251.11514195583595,159207,634
ov__core,ReshapeSequenceFusion,199,14601,312.3107255520505,198005,634
ov__core,MatMulConstTransposesExtraction,199,5100,246.8679245283019,78504,318
ov__core,PReluFusionNegativeAdd,199,39700,534.2334384858044,338704,634
ov__core,PReluFusionNegativeSub,199,4700,247.3328075709779,156809,634
ov__core,PReluFusionMultiplyAdd,199,4100,440.69085173501577,279398,634
ov__core,PReluFusionMultiplySub,199,5901,254.41009463722398,161296,634
ov__core,PReluFusionAbsSubMulMulAdd,199,25200,552.7018927444796,350413,634
ov__core,PReluFusionNegReluMulAdd,199,6901,445.9384858044164,282725,634
ov__core,DepthToSpaceFusion,199,7001,254.58990536277602,161410,634
ov__core,ShuffleChannelsFusion,199,34700,314.03943217665613,199101,634
ov__core,NonZeroHorizontalFusion,199,4400,252.99684542586752,160400,634
ov__core,AdaptivePoolToReduce,199,5100,276.8422712933754,175518,634
ov__core,ConvertU4WeightsZeroPointToScalar,199,38300,359.46056782334387,227898,634
ov__core,MergeUnrolledSDPA,5200,26300,6223.202898550725,858802,138
ov__core,BinarizeWeights,699,10500,1284.7093023255813,110485,86
ov__core,ConvToBinaryConv,699,5301,944.2093023255813,81202,86
ov__core,BatchNormDecomposition,499,6501,599.1119873817034,759674,1268
ov__core,ConvertDivideWithConstant,199,4400,249.06309148264984,157906,634
ov__core,ConvertSubtractWithConstant,199,4000,245.596214511041,155708,634
ov__core,ConvertNegative,199,18199,267.68769716088326,169714,634
ov__core,ConvertConvertPromoteTypes,199,4900,248.4006309148265,157486,634
ov__core,AddAddFusion,899,14300,1439.1521739130435,397206,276
ov__core,AddMultiplyFusion,1099,12601,2185.2,87408,40
ov__core,MultiplyMultiplyFusion,1000,18800,1807.5,72300,40
ov__core,MultiplyConvolutionFusion,699,15099,1798.7441860465117,309384,172
ov__core,MultiplyGroupConvolutionFusion,700,9300,1579.659090909091,69505,44
ov__core,ConvolutionMultiplyFusion,1100,10401,1969.975,78799,40
ov__core,GroupConvolutionMultiplyFusion,1099,17100,2020.1,80804,40
ov__core,ConvolutionBackpropDataMultiplyFusion,1500,15800,2415.05,96602,40
ov__core,GroupConvolutionBackpropDataMultiplyFusion,1501,17101,2247.725,89909,40
ov__core,MultiplyConvolutionBackpropDataFusion,2400,18600,6725.0,26900,4
ov__core,FakeQuantizeMulFusion,1300,18499,3454.85,138194,40
ov__core,AlignEltwiseInputRanks,600,9400,1715.753164556962,271089,158
ov__core,NopBroadcast,499,38800,734.0131061598952,1120104,1526
ov__core,SpaceToBatchFusion,499,8900,575.5678233438485,364910,634
ov__core,BatchToSpaceFusion,499,11500,573.0220820189274,363296,634
ov__core,InterpolateSequenceFusion,199,31499,305.2160883280757,193507,634
ov__core,SkipGatherBeforeTransposeAndReshape,199,3900,259.47003154574134,164504,634
ov__core,ReduceMerge,1499,11000,1714.3769716088327,1086915,634
ov__core,GroupQueryAttentionDecomposition,199,6800,301.9479495268139,191435,634
ov__core,ScaledDotProductAttentionDecomposition,199,4201,274.5930599369085,174092,634
ov__core,BidirectionalLSTMSequenceDecomposition,199,42100,324.4526813880126,205703,634
ov__core,BidirectionalGRUSequenceDecomposition,199,25001,306.9652996845426,194616,634
ov__core,BidirectionalRNNSequenceDecomposition,199,3000,250.97791798107255,159120,634
ov__core,ConvertBroadcastToTiles,199,16199,327.6635220125786,104197,318
ov__core,ConvertSubtract,199,6101,256.27602523659306,162479,634
ov__core,ConvertDivide,199,6700,271.50157728706625,172132,634
ov__core,ConvertDepthToSpace,199,4500,249.6782334384858,158296,634
ov__core,ConvertSpaceToDepth,199,26499,310.05047318611986,196572,634
ov__core,ConvertConvertLike,199,4500,254.15299684542586,161133,634
ov__core,MVN6Decomposition,199,1301,243.8769716088328,154618,634
ov__core,EinsumDecomposition,199,1800,253.44006309148264,160681,634
ov__core,SoftmaxDecomposition,199,3300,282.61198738170344,179176,634
ov__core,SoftSignDecomposition,199,13000,362.8553459119497,115388,318
ov__core,DropoutWithRandomUniformReplacer,199,7601,260.54258675078864,165184,634
ov__core,TransposeReshapeEliminationForMatmul,199,15600,290.5236593059937,184192,634
ov__core,UniqueDecomposition,199,6501,277.38993710691824,88210,318
ov__core,MatMulMultiplyFusion,1000,7401,1544.85,30897,20
ov__core,ConvertInterpolate11ToInterpolate4,30201,1418500,281867.0,1691202,6
ov__core,ConvStridesPropagation,199,28500,974.5734375,623727,640
ov__core,SupportedNodesStridesPropagation,199,7700,778.3736462093863,431219,554
ov__core,UnsupportedNodesStridesPropagation,799,31100,1359.557761732852,753195,554
ov__core,KeepMOE3GemmConstPrecision,499,9700,584.3956386292834,187591,321
ov__core,WrapInterpolateIntoTransposes,800,6500,2316.5,13899,6
ov__core,ConvertReduceMeanToReshape,2201,17299,4309.8,43098,10
ov__core,DecomposeReduceForFalseKeepDims,2601,25999,5430.2,54302,10
ov__core,LoraSubgraphFusion,2999,65300,7820.311594202899,1079203,138
ov__core,MoveEltwiseUpThroughDataMovScalar,800,26600,2068.3211382113823,508807,246
ov__core,RoPEFusionFlux,2000,23601,2481.7971014492755,342488,138
ov__core,RoPEFusionGPTNEOX,1999,20401,2392.7427536231885,660397,276
ov__core,RoPEFusionPreprocess,400,8400,581.2609375,372007,640
ov__core,RoPEFusionChatGLM,499,29700,586.62890625,750885,1280
ov__core,RoPEFusionQwen,2100,26601,3163.731884057971,436595,138
ov__core,RoPEFusionLtxVideo,1000,5700,1194.159420289855,82397,69
ov__core,ConvertWeightCompressedConv1x1ToMatmul,400,6700,563.115625,360394,640
ov__core,SDPAScaleFusionPass,699,5901,833.9781931464174,267707,321
ov__core,FullyConnectedConvertFusion,8400,11199,9799.5,19599,2
ov__core,TransposeMatMulTransposeMatcher,299,24100,528.3613707165109,169604,321
ov__core,TransposeMatMulMatcher,299,5200,404.34267912772583,129794,321
ov__core,TransposeSDPAMatcher,700,8200,864.1744548286605,277400,321
ov__core,TransposeVLSDPAMatcher,299,4400,387.89096573208724,124513,321
ov__core,UnsqueezeBroadcastReshapeSDPAFusion,1099,8400,1318.6915887850466,423300,321
ov__core,GLUFusion,2599,12101,3840.2,38402,10
ov__core,IndirectGemmOpt,799,25700,963.8442367601247,309394,321
ov__core,IndirectSDPAOpt,1099,10999,1189.1557632398753,381719,321
ov__core,KVCacheCompressionMatcher,99,6400,161.4313725490196,24699,153
ov__core,AsymmetricConvolutionMatcher,2300,11401,2992.6481481481483,161603,54
ov__core,ConvolutionMatcher,14100,86301,20981.537037037036,1133003,54
ov__core,MoveEltwiseUpThroughDataMovPerChannel,500,13700,2116.4430379746836,167199,79
ov__core,BroadcastAndPadZeroPointBuffers,799,11100,1499.8703703703704,80993,54
ov__core,DynamicQuantizeFullyConnected,499,9000,576.2506666666667,216094,375
ov__core,AUGRUCellFusion,1199,8600,1701.4057971014493,117397,69
ov__core,LabelResolvingThroughSelect,599,4300,786.5757575757576,51914,66
ov__core,DeReshapeMatMul,199,4800,586.3636363636364,38700,66
ov__core,DeReshapeFullyConnected,2199,15800,2731.8333333333335,180301,66
ov__core,ReshapeOptimizations,1301,39800,11477.363636363636,757506,66
ov__core,EliminateGatherUnsqueeze,199,600,256.1515151515151,16906,66
ov__core,SimplifySecondInputOfReshape,899,1400,946.969696969697,62500,66
ov__core,StatefulSDPAFusion,2199,24201,2470.78125,1106910,448
ov__core,SDPAFuseTransposeReshape,900,7401,1428.7878787878788,94300,66
ov__core,LogSoftmaxDecomposition,199,7600,283.50949367088606,89589,316
ov__core,GroupNormalizationDecomposition,199,4701,249.34493670886076,78793,316
ov__core,NormalizeL2Decomposition,199,4800,254.71835443037975,80491,316
ov__core,InsertConvertAfterExtension,200,58300,551.0689655172414,175791,319
ov__core,ConvertToInteraction,499,7300,575.833855799373,183691,319
ov__core,PermuteSliceAndInterpolation,1900,9699,4533.333333333333,13600,3
ov__core,ConvertFqRnnToQuantizedRnn,599,11400,840.5015673981192,268120,319
ov__core,snippets::pass::TokenizeGNSnippets,199,12801,399.43887147335425,127421,319
ov__core,snippets::pass::TokenizeSnippets,400,6146300,34456.435736677115,10991603,319
ov__core,snippets::pass::TransformConvertToConvertTruncation,199,5401,463.01428571428573,32411,70
ov__core,snippets::pass::CommonOptimizations,15700,2598300,182443.625,2919098,16
ov__core,FullyConnectedBiasFusion,1699,43300,3120.0333333333333,187202,60
ov__core,ConvertToPowerStatic,799,27900,1836.139240506329,580220,316
ov__core,snippets::pass::ConvertConstantsToScalars,199,9001,593.0,83020,140
ov__core,snippets::pass::ConvertPowerToPowerStatic,199,6000,404.3285714285714,28303,70
ov__core,MulAddToFMA,2700,1327400,153166.55555555556,1378499,9
SIMPLE_ov_pass,GraphRewrite_run_on_model,1000,56205400,458225.77495462797,252482402,551
SIMPLE_ov_pass,ResolveNameCollisions_run_on_model,216700,1131300,533260.2,2666301,5
SIMPLE_ov_pass,SDPAToVLSDPA_run_on_model,3300,3300,3300.0,3300,1
SIMPLE_ov_pass,InitNodeInfo_run_on_function,356999,963700,519174.5,2076698,4
SIMPLE_ov_pass,KeepConstantsPrecisionAndAddConverts,299,18400,836.6,221699,265
SIMPLE_ov_pass,MarkFloatingPointRange,1800,6600,2951.409090909091,194793,66
SIMPLE_ov_pass,PropagateMarkUpReduceOpPath,299,9799,1042.8366718027735,676801,649
SIMPLE_ov_pass,InitMarkReduceOpPath,300,2001,600.1,6001,10
SIMPLE_ov_pass,BackwardGraphRewrite_run_on_model,930400,3493099,2158374.75,8633499,4
SIMPLE_ov_pass,PropagateDownDisableSensitivityForQuantized,500,9101,1731.7149321266968,382709,221
SIMPLE_ov_pass,PropagateDownMarkToKeepInMixedPrecision,99,9200,629.1638846737482,414619,659
SIMPLE_ov_pass,PropagateUpMarkToKeepInMixedPrecision,199,8000,676.2943854324734,445678,659
SIMPLE_ov_pass,MarkPrecisionSensitiveShapeOfSubgraphs_run_on_model,79300,517300,302425.0,1209700,4
SIMPLE_ov_pass,MarkSugraphsToKeepInMixedPrecision_run_on_model,15989701,15989701,15989701.0,15989701,1
SIMPLE_ov_pass,AlignMixedFP32FP16Types_run_on_model,395700,395700,395700.0,395700,1
SIMPLE_ov_pass,EnableDecompressionConvertConstantFolding,200,1500,725.0,2900,4
SIMPLE_ov_pass,ConstantFolding_run_on_model,8000,19890901,558134.7826086957,38511300,69
SIMPLE_ov_pass,Validate_run_on_model,999,1213400,131006.56521739131,6026302,46
SIMPLE_ov_pass,DisableDecompressionConvertConstantFolding,701,2299,1500.0,3000,2
SIMPLE_ov_pass,EliminateConvert,1800,6700,3458.25,41499,12
SIMPLE_ov_pass,RemoveMultiSubGraphOpDanglingParamsResults_run_on_model,19600,33300,26450.0,52900,2
SIMPLE_ov_pass,PushConstantToSubgraph_run_on_function,19300,33900,26600.0,53200,2
SIMPLE_ov_pass,SharedOpOptimization_run_on_function,84700,433700,193766.5,2325198,12
SIMPLE_ov_pass,EliminateEltwise,199,8999,502.7772357723577,309208,615
SIMPLE_ov_pass,SimplifyShapeOfSubGraph_run_on_function,3418799,27056600,8540240.0,42701200,5
SIMPLE_ov_pass,PropagateNMSPath,2199,5899,4049.0,8098,2
SIMPLE_ov_pass,UselessSliceEraser_run_on_function,24300,58601,41450.5,82901,2
SIMPLE_ov_pass,GroupedStridedSliceOptimizer_run_on_function,20801,44999,32900.0,65800,2
SIMPLE_ov_pass,GroupedSliceToVSplitOptimization_run_on_function,20000,36900,28450.0,56900,2
SIMPLE_ov_pass,StridedSliceOptimization_run_on_function,248099,5695201,2971650.0,5943300,2
SIMPLE_ov_pass,PackMultiHeadAttention_run_on_model,921900,6556000,3738950.0,7477900,2
SIMPLE_ov_pass,SymbolicPropagation_run_on_model,428199,4811900,1007890.8181818182,11086799,11
SIMPLE_ov_pass,ApplySymbolEquivalence_run_on_function,64400,311800,129154.54545454546,1420700,11
SIMPLE_ov_pass,SymbolicOptimizations_run_on_function,1785699,27627699,8164145.454545454,89805600,11
SIMPLE_ov_pass,SDPAFusion_run_on_model,9397599,9397599,9397599.0,9397599,1
SIMPLE_ov_pass,ReverseInputChannelsFusion_run_on_model,73000,148501,110750.5,221501,2
SIMPLE_ov_pass,AlignEltwiseInputRanks,199,5700,865.7594936708861,136790,158
SIMPLE_ov_pass,OptimizeSymbolsUsedAsValues_run_on_function,354400,1210799,783332.6666666666,2349998,3
SIMPLE_ov_pass,FuseMOE_run_on_model,628300,2070100,1349200.0,2698400,2
SIMPLE_ov_pass,MOCTransformations_run_on_function,38653900,199322200,118988050.0,237976100,2
SIMPLE_ov_pass,UnrollIf_run_on_function,19200,39801,29500.5,59001,2
SIMPLE_ov_pass,ConvertInterpolate11ToInterpolate4,29599,1410000,277899.8333333333,1667399,6
SIMPLE_ov_pass,UnsupportedNodesStridesPropagation,299,11000,700.1642599277978,387891,554
SIMPLE_ov_pass,SupportedNodesStridesPropagation,299,7300,936.5650406504066,230395,246
SIMPLE_ov_pass,ConvStridesPropagation,1099,7200,1688.2906976744187,145193,86
SIMPLE_ov_pass,CommonOptimizations_run_on_function,59656200,253408200,156532200.0,313064400,2
SIMPLE_ov_pass,WrapInterpolateIntoTransposes,301,3300,1083.1666666666667,6499,6
SIMPLE_ov_pass,ConvertOpSet3ToOpSet2_run_on_function,1717500,1717500,1717500.0,1717500,1
SIMPLE_ov_pass,ConvertOpSet2ToOpSet1_run_on_function,89200,1640500,864850.0,1729700,2
SIMPLE_ov_pass,ConvertReduceMeanToReshape,399,2600,719.8,7198,10
SIMPLE_ov_pass,DecomposeReduceForFalseKeepDims,1100,15300,2660.0,26600,10
SIMPLE_ov_pass,UnrollTensorIterator_run_on_function,183000,183000,183000.0,183000,1
SIMPLE_ov_pass,MoveEltwiseUpThroughDataMovScalar,199,16900,1038.2154471544716,255401,246
SIMPLE_ov_pass,RoPEFusion_run_on_model,9706800,13125501,11416150.5,22832301,2
SIMPLE_ov_pass,SDPAScaleFusion_run_on_model,2450900,2450900,2450900.0,2450900,1
SIMPLE_ov_pass,ConvolutionMatcher,11400,75000,17631.537037037036,952103,54
SIMPLE_ov_pass,ConstantsReduce_run_on_function,423901,423901,423901.0,423901,1
SIMPLE_ov_pass,EliminateBroadcast,300,3800,763.0185185185185,41203,54
SIMPLE_ov_pass,EliminateNopBroadcast,1299,5901,1868.5925925925926,100904,54
SIMPLE_ov_pass,EliminateConcat,199,700,227.63076923076923,14796,65
SIMPLE_ov_pass,EliminateSplitConcat,599,4200,958.4461538461538,62299,65
SIMPLE_ov_pass,EliminateConcatStridedSlice,400,2299,816.9846153846154,53104,65
SIMPLE_ov_pass,EliminateReshape,299,4501,671.9621212121212,88699,132
SIMPLE_ov_pass,ReshapeOptimizations,7501,33700,9993.969230769231,649608,65
SIMPLE_ov_pass,SDPASubgraphFusion_run_on_function,28618999,28618999,28618999.0,28618999,1
SIMPLE_ov_pass,CausalMaskPreprocessFusion_run_on_model,2538700,2538700,2538700.0,2538700,1
SIMPLE_ov_pass,SnippetsMarkSkipped_run_on_model,572499,572499,572499.0,572499,1
SIMPLE_ov_pass,TokenizeSnippets,32200,5394100,430395.05263157893,8177506,19
SIMPLE_ov_pass,CommonOptimizations,15300,2593201,181487.6875,2903803,16
SIMPLE_ov_pass,SnippetsTokenization_run_on_function,26471300,26471300,26471300.0,26471300,1
SIMPLE_ov_pass,ConvertToPowerStatic,400,12900,1471.65,88299,60
SIMPLE_ov_pass,ConvertToCPUSpecificOpset_run_on_function,13903500,13903500,13903500.0,13903500,1
SIMPLE_ov_pass,Canonicalization_run_on_model,1300,1003601,64237.4375,1027799,16
SIMPLE_ov_pass,AnalyzeBroadcastableInputs_run_on_model,4300,660501,46700.1875,747203,16
SIMPLE_ov_pass,AlignElementTypes_run_on_model,300,784500,49500.0625,792001,16
SIMPLE_ov_pass,BrgemmToBrgemmCPU_run_on_model,3601,677000,46500.0625,744001,16
SIMPLE_ov_pass,PropagatePrecision_run_on_model,5899,913000,63656.0,1018496,16
SIMPLE_ov_pass,MulAddToFMA,9100,1317700,445699.6666666667,1337099,3
ov__pass,ov::frontend::pass::SequenceConcatReplacer,114000,2554600,1334300.0,2668600,2
ov__pass,ResolveNameCollisions,217299,1878600,684620.0,3423100,5
ov__pass,Model::check_all_variables_registered,400,370800,20721.869565217392,476603,23
ov__pass,SDPAToVLSDPA,615099,615099,615099.0,615099,1
ov__pass,TransposeMatMul,32500,180701,69857.14285714286,489000,7
ov__pass,MarkDequantization,255199,303100,282199.6666666667,846599,3
ov__pass,FuseVectorizedMOE2GEMM,104300,104300,104300.0,104300,1
ov__pass,FuseVectorizedMOE3GEMM,109200,109200,109200.0,109200,1
ov__pass,ConvertMOEToMOECompressed,684001,684001,684001.0,684001,1
ov__pass,FuseMOE3GemmCompressed,106901,106901,106901.0,106901,1
ov__pass,InitNodeInfo,358200,1693200,704475.25,2817901,4
ov__pass,EinsumDecomposition,123101,123101,123101.0,123101,1
ov__pass,SoftmaxFusion,138300,138300,138300.0,138300,1
ov__pass,MVNFusion,2746700,2746700,2746700.0,2746700,1
ov__pass,GroupNormalizationFusion,373100,373100,373100.0,373100,1
ov__pass,MVN6Decomposition,122900,122900,122900.0,122900,1
ov__pass,BroadcastElementwiseFusion,149900,403199,260432.66666666666,781298,3
ov__pass,BroadcastTransition,423099,1095500,661533.0,1984599,3
ov__pass,KeepConstantsPrecisionAndAddConverts,470500,470500,470500.0,470500,1
ov__pass,KeepConstPrecision,179299,241400,201566.33333333334,604699,3
ov__pass,RMSFusion,87399,781700,434549.5,869099,2
ov__pass,DisableFP16CompForGemma3RMSPattern,113700,113700,113700.0,113700,1
ov__pass,DisableFP16ComForROPEPattern,99600,99600,99600.0,99600,1
ov__pass,DisableFP16ComSinGenPatternForHiFiGAN,106301,106301,106301.0,106301,1
ov__pass,KeepDequantizationPrecision,250100,250100,250100.0,250100,1
ov__pass,MarkFloatingPointRange,495600,495600,495600.0,495600,1
ov__pass,MarkDivWithEps,896300,896300,896300.0,896300,1
ov__pass,MarkExpInReduceOpPath,3151300,3151300,3151300.0,3151300,1
ov__pass,MarkRandomUniform,126399,126399,126399.0,126399,1
ov__pass,PropagateDownDisableSensitivityForQuantized,671800,671800,671800.0,671800,1
ov__pass,PropagateDownMarkToKeepInMixedPrecision,1034701,1034701,1034701.0,1034701,1
ov__pass,ov::pass::BackwardGraphRewrite,1672099,1672099,1672099.0,1672099,1
ov__pass,MarkPrecisionSensitiveShapeOfSubgraphs,1181701,1181701,1181701.0,1181701,1
ov__pass,MarkSugraphsToKeepInMixedPrecision,16654100,16654100,16654100.0,16654100,1
ov__pass,AlignMixedFP32FP16Types,1054500,1054500,1054500.0,1054500,1
ov__pass,EnableDecompressionConvertConstantFolding,34800,337700,155300.0,465900,3
ov__pass,ConstantFolding,19199,20497700,1044616.1891891892,38650799,37
ov__pass,ov::pass::Validate,9600,1870201,195610.1,5868303,30
ov__pass,ConvertPrecision,117799,49408299,13313424.75,53253699,4
ov__pass,DisableDecompressionConvertConstantFolding,89501,89501,89501.0,89501,1
ov__pass,SliceToStridedSlice,56099,56099,56099.0,56099,1
ov__pass,TransposeConvert,61501,85399,73450.0,146900,2
ov__pass,EliminateConvert,1601,84199,13989.9,279798,20
ov__pass,EliminateScatterUpdate,45300,55100,50200.0,100400,2
ov__pass,RemoveConcatZeroDimInput,43199,52100,47649.5,95299,2
ov__pass,EliminateLoopInputsOutputs,42900,52799,47849.5,95699,2
ov__pass,EliminateDuplicateTIInputs,42599,89499,66049.0,132098,2
ov__pass,RemoveMultiSubGraphOpDanglingParamsResults,20199,753400,386799.5,773599,2
ov__pass,FoldSubgraphEmptyInputs,43400,123800,83600.0,167200,2
ov__pass,DisableRandomUniformConstantFolding,43200,67300,55250.0,110500,2
ov__pass,PushConstantToSubgraph,19600,698400,359000.0,718000,2
ov__pass,FuseFilteringBoxesBySize,305300,1788501,1046900.5,2093801,2
ov__pass,ConvertQuantizeDequantize,100999,165699,133349.0,266698,2
ov__pass,PrepareShapeOpsForEliminationAroundBE,32700,180600,73220.4,366102,5
ov__pass,AbsSinking,31400,72801,42900.2,214501,5
ov__pass,SharedOpOptimization,84899,1411400,284158.3333333333,3409900,12
ov__pass,EliminateGatherUnsqueeze,31500,69801,46020.2,230101,5
ov__pass,NopElimination,2740500,17897500,5109369.9,51093699,10
ov__pass,GroupedGatherElimination,36600,68499,47079.8,235399,5
ov__pass,GatherNopElimination,32201,47501,38600.4,193002,5
ov__pass,SimplifyGatherShapeOf,31800,52799,40566.833333333336,243401,6
ov__pass,SimplifySecondInputOfReshape,31500,114599,51560.2,257801,5
ov__pass,SimplifyShapeOfSubGraph,3419400,27829000,8695460.0,43477300,5
ov__pass,ConvertNmsGatherPathToUnsigned,35800,768100,401950.0,803900,2
ov__pass,UselessSliceEraser,24600,864601,444600.5,889201,2
ov__pass,GroupedStridedSliceOptimizer,21200,822200,421700.0,843400,2
ov__pass,GroupedSliceToVSplitOptimization,20401,862800,441600.5,883201,2
ov__pass,SliceSequenceToSingleSlice,32199,67199,49699.0,99398,2
ov__pass,StridedSliceOptimization,248600,6802200,3525400.0,7050800,2
ov__pass,PullThroughReduce,53900,1347300,700600.0,1401200,2
ov__pass,LSTMCellFusion,81001,1984501,1032751.0,2065502,2
ov__pass,GRUCellFusion,112500,222499,167499.5,334999,2
ov__pass,SequenceFusion,31700,53099,42399.5,84799,2
ov__pass,ConcatToBroadcast,31699,49600,40649.5,81299,2
ov__pass,ov::pass::GraphRewrite,34800,56208600,5658339.173913044,130141801,23
ov__pass,MergeUnrolledSDPA,460899,547900,504399.5,1008799,2
ov__pass,MergeKVCaches,35400,56100,45750.0,91500,2
ov__pass,MergeUnrolledRoPE,32500,48200,40350.0,80700,2
ov__pass,MergeLinearProjections,31600,49100,40350.0,80700,2
ov__pass,MergeDQ,30801,67400,49100.5,98201,2
ov__pass,ConcatFusion,31200,62901,41925.75,167703,4
ov__pass,PackMultiHeadAttention,922399,7391100,4156749.5,8313499,2
ov__pass,SymbolicPropagation,428800,4813501,1093091.0909090908,12024002,11
ov__pass,ApplySymbolEquivalence,64801,1054999,197645.72727272726,2174103,11
ov__pass,SDPAFusionMatcher,71701,71701,71701.0,71701,1
ov__pass,SDPAFusionMatcherSinks,99801,99801,99801.0,99801,1
ov__pass,SDPAReshapeFusion,56500,56500,56500.0,56500,1
ov__pass,SDPAFusion,10474299,10474299,10474299.0,10474299,1
ov__pass,BinarizeWeights,84300,131099,107699.5,215399,2
ov__pass,ConvToBinaryConv,72200,103900,88050.0,176100,2
ov__pass,LinOpSequenceFusion,152599,2778200,811724.25,3246897,4
ov__pass,ReverseInputChannelsFusion,73500,747400,410450.0,820900,2
ov__pass,AlignEltwiseInputRanks,129800,252399,191099.5,382199,2
ov__pass,ChainedMaximumOptimization,36800,107000,67267.0,201801,3
ov__pass,NopBroadcast,252499,857600,484933.3333333333,1454800,3
ov__pass,OptimizeSymbolsUsedAsValues,354599,1470000,1011999.3333333334,3035998,3
ov__pass,LabelResolvingThroughSelect,35200,157900,82233.33333333333,246700,3
ov__pass,DeReshapeMatMul,34900,135299,61739.8,308699,5
ov__pass,DeReshapeFullyConnected,31599,275101,83800.2,419001,5
ov__pass,ReshapeOptimizations,31901,862000,312900.0,938700,3
ov__pass,SymbolicOptimizations,1786400,15749000,8507333.333333334,25522000,3
ov__pass,FuseMOEExperts,386201,1050001,718101.0,1436202,2
ov__pass,FuseMOE,628901,2920801,1774851.0,3549702,2
ov__pass,VectorizedMOE2GEMMTransposeWeights,33300,91800,62550.0,125100,2
ov__pass,MOCTransformations,38655700,199898600,119277150.0,238554300,2
ov__pass,MarkDividesInShapeSubgraphs,79900,185300,132600.0,265200,2
ov__pass,ConcatReduceFusion,35800,66701,51250.5,102501,2
ov__pass,ConvertInterpolate1ToInterpolate4,32801,65500,49150.5,98301,2
ov__pass,UnrollIf,19900,777000,398450.0,796900,2
ov__pass,ConvertDeformableConv8To1,35899,53500,44699.5,89399,2
ov__pass,ConvertMaxPool14ToMaxPool8,34601,46300,40450.5,80901,2
ov__pass,ConvertMaxPool8ToMaxPool1,33100,49700,41400.0,82800,2
ov__pass,ConvertDetectionOutput8ToDetectionOutput1,72299,72299,72299.0,72299,1
ov__pass,ConvertROIAlign9To3,71301,71301,71301.0,71301,1
ov__pass,ConvertMulticlassNms8ToMulticlassNms9,34000,46800,40400.0,80800,2
ov__pass,ConvertXorToLogicalXor,32101,47400,39750.5,79501,2
ov__pass,ConvertInterpolate11ToInterpolate4,221600,1597800,909700.0,1819400,2
ov__pass,ConvertScatterElementsUpdate12ToScatterElementsUpdate3,39600,272800,156200.0,312400,2
ov__pass,ConvertAvgPool14ToAvgPool1,36800,59300,48050.0,96100,2
ov__pass,ConvertEmbeddingBagOffsets15ToEmbeddingBagOffsetsSum3,32800,98800,65800.0,131600,2
ov__pass,ConvertEmbeddingBagPacked15ToEmbeddingBagPackedSum3,31900,56001,43950.5,87901,2
ov__pass,ConvertScatterNDUpdate15ToScatterNDUpdate3,47599,47599,47599.0,47599,1
ov__pass,ConvertSliceScatter,47500,47500,47500.0,47500,1
ov__pass,ConvertSqueeze15ToSqueeze0,40900,57400,49150.0,98300,2
ov__pass,ConvertOneHot16To1,32099,50399,41249.0,82498,2
ov__pass,ConvertBitwiseToLogical,36901,68599,52750.0,105500,2
ov__pass,StridesOptimization,931101,3496101,2213601.0,4427202,2
ov__pass,CommonOptimizations,59657599,254151899,156904749.0,313809498,2
ov__pass,KeepMOE3GemmConstPrecision,292100,292100,292100.0,292100,1
ov__pass,ConvertPagedAttnInputs,49301,58600,53950.5,107901,2
ov__pass,WrapInterpolateIntoTransposes,43900,56400,50150.0,100300,2
ov__pass,TransposeSinking,65200,90999,78099.5,156199,2
ov__pass,ConvertBinaryConvolutionToConvolution,50000,50000,50000.0,50000,1
ov__pass,ConvertSequenceToTensorIterator,38801,53100,45950.5,91901,2
ov__pass,ConvertTopK3,72000,72000,72000.0,72000,1
ov__pass,ConvertOpSet3ToOpSet2,2464000,2464000,2464000.0,2464000,1
ov__pass,ConvertSpaceToBatch,34500,77499,55999.5,111999,2
ov__pass,ConvertBatchToSpace,31700,76400,54050.0,108100,2
ov__pass,ConvertOpSet2ToOpSet1,89601,2261501,1175551.0,2351102,2
ov__pass,LSTMCellDecomposition,50200,63500,56850.0,113700,2
ov__pass,GRUCellDecomposition,33201,54501,43851.0,87702,2
ov__pass,RNNCellDecomposition,32100,51799,41949.5,83899,2
ov__pass,BidirectionalLSTMSequenceDecomposition,46600,46600,46600.0,46600,1
ov__pass,BidirectionalGRUSequenceDecomposition,36600,36600,36600.0,36600,1
ov__pass,BidirectionalRNNSequenceDecomposition,33599,33599,33599.0,33599,1
ov__pass,ConvertShapeOf1To3,54500,54500,54500.0,54500,1
ov__pass,ConvertNMS1ToNMS9,32300,47400,39850.0,79700,2
ov__pass,ConvertNMS3ToNMS9,32101,47401,39751.0,79502,2
ov__pass,ConvertNMS4ToNMS9,31500,57999,44749.5,89499,2
ov__pass,ConvertNMS5ToNMS9,32200,47000,39600.0,79200,2
ov__pass,ConvertNMS9ToNMSIEInternal,46800,46800,46800.0,46800,1
ov__pass,ConvertNMSRotatedToNMSIEInternal,45800,45800,45800.0,45800,1
ov__pass,ConvertGP9ToGPIEInternal,53600,53600,53600.0,53600,1
ov__pass,ConvertMatrixNmsToMatrixNmsIE,45100,45100,45100.0,45100,1
ov__pass,ConvertGather0D,104000,104000,104000.0,104000,1
ov__pass,ConvertMulticlassNmsToMulticlassNmsIE,52700,52700,52700.0,52700,1
ov__pass,DecomposeReduceForScalarOutput,49200,49200,49200.0,49200,1
ov__pass,ConvertReduceToReshape,853401,853401,853401.0,853401,1
ov__pass,ConvertAvgPoolingToReduce,49000,49000,49000.0,49000,1
ov__pass,DecomposeReduceForFalseKeepDims,107601,107601,107601.0,107601,1
ov__pass,NormalizeL2DecompositionGPU,64300,64300,64300.0,64300,1
ov__pass,LoraSubgraphFusion,502800,710600,606700.0,1213400,2
ov__pass,UnrollTensorIterator,1018400,1018400,1018400.0,1018400,1
ov__pass,MoveEltwiseUpThroughDataMovScalar,295200,295200,295200.0,295200,1
ov__pass,RoPEFusionFlux,195799,267100,231449.5,462899,2
ov__pass,RoPEFusionGPTNEOX,193900,245501,218050.25,872201,4
ov__pass,RoPEFusionGPTOSS,35500,53101,44300.5,88601,2
ov__pass,RoPEFusionCosSinPreprocess,33400,44400,38900.0,77800,2
ov__pass,RoPEFusionPreprocess,272199,308500,290349.5,580699,2
ov__pass,RoPEFusionChatGLM,237700,269799,257299.5,1029198,4
ov__pass,RoPEFusionChatGLMHF,42400,43300,42850.0,85700,2
ov__pass,RoPEFusionQwen,252201,283800,268000.5,536001,2
ov__pass,RoPEFusionLtxVideo,134900,134900,134900.0,134900,1
ov__pass,RoPEFusion,9708100,13787500,11747800.0,23495600,2
ov__pass,IncreasePositionIdsPrecisionBase,56699,56699,56699.0,56699,1
ov__pass,IncreasePositionIdsPrecisionForQwen25VL,53799,53799,53799.0,53799,1
ov__pass,IncreasePositionIdsPrecisionForQwen3VL,48500,48500,48500.0,48500,1
ov__pass,IncreasePositionIdsPrecisionForLtxVideo,47499,47499,47499.0,47499,1
ov__pass,IncreasePositionIdsPrecisionForGPTOSS,44900,44900,44900.0,44900,1
ov__pass,IncreasePositionIdsPrecision,6340899,6340899,6340899.0,6340899,1
ov__pass,SwiGluFusionWithClamp,74800,74800,74800.0,74800,1
ov__pass,ConvertWeightCompressedConv1x1ToMatmul,257000,277000,267000.0,534000,2
ov__pass,IncreasePrecisionForQwenVLMerger,47999,47999,47999.0,47999,1
ov__pass,IncreaseRMSInputPrecision,2141500,2141500,2141500.0,2141500,1
ov__pass,ov::intel_gpu::ClampFP16Output,49201,49201,49201.0,49201,1
ov__pass,ConvertMatMulToFullyConnected,83899,83899,83899.0,83899,1
ov__pass,MoveFCReshapeToWeights,34700,66100,50400.0,100800,2
ov__pass,ConvertFullyConnectedToFullyConnectedCompressed,51100,68200,59650.0,119300,2
ov__pass,FullyConnectedHorizontalFusion,54800,54800,54800.0,54800,1
ov__pass,LoRASubgraphHorizontalFusion,48101,48101,48101.0,48101,1
ov__pass,LoRAHorizontalFusion,73201,73201,73201.0,73201,1
ov__pass,SDPAScaleFusionPass,360599,360599,360599.0,360599,1
ov__pass,SDPAScaleFusion,3063800,3063800,3063800.0,3063800,1
ov__pass,ConvertGatherToGatherCompressed,50600,50600,50600.0,50600,1
ov__pass,KVCacheFusion,49500,49500,49500.0,49500,1
ov__pass,FullyConnectedConvertFusion,70300,70300,70300.0,70300,1
ov__pass,TransposeFusion,3556299,3556299,3556299.0,3556299,1
ov__pass,UnsqueezeBroadcastReshapeSDPAFusion,515301,515301,515301.0,515301,1
ov__pass,GLUFusion,90900,90900,90900.0,90900,1
ov__pass,IndirectKVCache,2471199,2471199,2471199.0,2471199,1
ov__pass,KVCacheCompression,725900,725900,725900.0,725900,1
ov__pass,AsymmetricConvolutionMatcher,231400,231400,231400.0,231400,1
ov__pass,ConvolutionMatcher,1317399,1317399,1317399.0,1317399,1
ov__pass,ConvertConvolutionToInternal,2926500,2926500,2926500.0,2926500,1
ov__pass,MoveEltwiseUpThroughDataMovPerChannel,470100,470100,470100.0,470100,1
ov__pass,ConvertStridedSlicesToVariadicSplit,53200,53200,53200.0,53200,1
ov__pass,BroadcastAndPadZeroPointBuffers,141800,141800,141800.0,141800,1
ov__pass,OptimizeSubsequentReshapes,55100,55100,55100.0,55100,1
ov__pass,SinkReshapeIfNeeded,53201,53201,53201.0,53201,1
ov__pass,DynamicQuantizeFullyConnected,327900,327900,327900.0,327900,1
ov__pass,EliminatePad,44500,44500,44500.0,44500,1
ov__pass,ConstantsReduce,1501200,1501200,1501200.0,1501200,1
ov__pass,CompressedGatherTransformation,119199,119199,119199.0,119199,1
ov__pass,MarkShapeOfSubgraphs,435200,435200,435200.0,435200,1
ov__pass,KeepConstAndDecompression,32500,152100,92300.0,184600,2
ov__pass,AUGRUCellFusion,238199,238199,238199.0,238199,1
ov__pass,TSShapeOfForward,66700,66700,66700.0,66700,1
ov__pass,StatefulSDPAFusion,1213800,1213800,1213800.0,1213800,1
ov__pass,SDPAFuseTransposeReshape,180400,180400,180400.0,180400,1
ov__pass,SDPASubgraphFusion,29372801,29372801,29372801.0,29372801,1
ov__pass,ConvertGather1ToGather7,60999,60999,60999.0,60999,1
ov__pass,ConvertSoftMax8ToSoftMax1,51100,51100,51100.0,51100,1
ov__pass,ConvertPriorBox8To0,49099,49099,49099.0,49099,1
ov__pass,ConvertDetectionOutput1ToDetectionOutput8,49400,49400,49400.0,49400,1
ov__pass,ConvertROIAlign3To9,42900,42900,42900.0,42900,1
ov__pass,ConvertPad12ToPad1,260000,260000,260000.0,260000,1
ov__pass,ConvertShapeOf3,55400,55400,55400.0,55400,1
ov__pass,InsertConvertAfterExtension,273700,273700,273700.0,273700,1
ov__pass,EliminateIdentityConvert,44800,44800,44800.0,44800,1
ov__pass,SwapConvertTranspose,44100,44100,44100.0,44100,1
ov__pass,ConvertToInteraction,265700,265700,265700.0,265700,1
ov__pass,ConvertInteractionInt8,45600,45600,45600.0,45600,1
ov__pass,PermuteSliceAndInterpolation,62501,62501,62501.0,62501,1
ov__pass,ConvertBroadcast3,49901,49901,49901.0,49901,1
ov__pass,ReshapePRelu,64000,64000,64000.0,64000,1
ov__pass,MoveEltwiseUpThroughDataMov,411800,411800,411800.0,411800,1
ov__pass,FuseFQtoInteraction,64699,64699,64699.0,64699,1
ov__pass,ConvertFqRnnToQuantizedRnn,392400,392400,392400.0,392400,1
ov__pass,RoPEFusionGPTJ,85500,85500,85500.0,85500,1
ov__pass,RoPEFusionIOSlicing,168599,168599,168599.0,168599,1
ov__pass,RoPEShareCosSin,54400,54400,54400.0,54400,1
ov__pass,CausalMaskPreprocess,61899,61899,61899.0,61899,1
ov__pass,CausalMaskPreprocessFusion,3254501,3254501,3254501.0,3254501,1
ov__pass,DecomposeRMSNorm,54099,54099,54099.0,54099,1
ov__pass,NgramFusion,48201,48201,48201.0,48201,1
ov__pass,SnippetsMarkSkipped,1226500,1226500,1226500.0,1226500,1
ov__pass,snippets::pass::EnumerateNodes,2524400,2524400,2524400.0,2524400,1
ov__pass,ExtractReshapesFromMHA,79200,79200,79200.0,79200,1
ov__pass,snippets::pass::TokenizeMHASnippets,113700,113700,113700.0,113700,1
ov__pass,snippets::pass::TokenizeMLPSeqSnippets,92100,92100,92100.0,92100,1
ov__pass,snippets::pass::TransformConvertToConvertTruncation,4799,35701,8781.375,140502,16
ov__pass,snippets::pass::CommonOptimizations,3272000,3272000,3272000.0,3272000,1
ov__pass,snippets::pass::SnippetsTokenization,27174100,27174100,27174100.0,27174100,1
ov__pass,FakeQuantizeDecomposition,80800,80800,80800.0,80800,1
ov__pass,FakeConvertDecomposition,67999,67999,67999.0,67999,1
ov__pass,MoEMatMulsFusion,66200,66200,66200.0,66200,1
ov__pass,ConvertBatchGatherMatmulToBatchGatherMatmulCompressed,51501,51501,51501.0,51501,1
ov__pass,ConvertMatMulToFC,51501,51501,51501.0,51501,1
ov__pass,FullyConnectedBiasFusion,283300,283300,283300.0,283300,1
ov__pass,ConvertFCToFCQuantizedLegacy,48399,48399,48399.0,48399,1
ov__pass,AlignMatMulInputRanks,53899,53899,53899.0,53899,1
ov__pass,ConvertTileToSeqTiles,52999,52999,52999.0,52999,1
ov__pass,ConvertToPowerStatic,671199,671199,671199.0,671199,1
ov__pass,ConvertToLeakyRelu,58500,58500,58500.0,58500,1
ov__pass,ConvertToSwishCPU,9000,414000,38229.470588235294,649901,17
ov__pass,OptimizeSequenceTransposes,96000,96000,96000.0,96000,1
ov__pass,ReshapeSequenceFusion,48399,48399,48399.0,48399,1
ov__pass,MoveReadValueInputsToSubgraph,69401,69401,69401.0,69401,1
ov__pass,snippets::pass::Canonicalization,1700,1863000,118506.125,1896098,16
ov__pass,snippets::pass::AnalyzeBroadcastableInputs,4501,1295800,86881.25,1390100,16
ov__pass,snippets::pass::AlignElementTypes,599,1627900,102462.5,1639400,16
ov__pass,snippets::pass::BroadcastToMoveBroadcast,1999,21600,3475.0625,55601,16
ov__pass,snippets::pass::ReduceToSnippetsReduce,1700,12701,2944.125,47106,16
ov__pass,snippets::pass::ConvertConstantsToScalars,3100,27401,5494.0,175808,32
ov__pass,snippets::pass::ConvertPowerToPowerStatic,3100,28600,5556.3125,88901,16
ov__pass,BrgemmToBrgemmCPU,3900,1342000,88406.375,1414502,16
ov__pass,snippets::pass::PropagatePrecision,6099,1572600,105137.5625,1682201,16
ov__pass,RemoveConverts,1500,23000,3118.8125,49901,16
ov__pass,MulAddToFMA,1501,1338800,90043.9375,1440703,16
ov__ReadTime,CoreImpl::read_model from file,10121800,59205600,34663700.0,69327400,2
ov__op__gpu,constant:sub_block1.conv3.weight,1733800,1733800,1733800.0,1733800,1
ov__op__gpu,constant:sub_block1.conv2.weight,1842601,1842601,1842601.0,1842601,1
ov__op__gpu,constant:sub_block1.conv1.weight,1272701,1272701,1272701.0,1272701,1
ov__op__gpu,constant:final_block3.conv4.weight,1668900,1668900,1668900.0,1668900,1
ov__op__gpu,constant:final_block3.conv3.weight,1588999,1588999,1588999.0,1588999,1
ov__op__gpu,constant:final_block3.conv2.weight,1401101,1401101,1401101.0,1401101,1
ov__op__gpu,constant:final_block3.conv1.weight,2058900,2058900,2058900.0,2058900,1
ov__op__gpu,constant:final_block2.conv4.weight,1373800,1373800,1373800.0,1373800,1
ov__op__gpu,constant:final_block2.conv3.weight,1318200,1318200,1318200.0,1318200,1
ov__op__gpu,constant:final_block2.conv2.weight,3238800,3238800,3238800.0,3238800,1
ov__op__gpu,constant:final_block2.conv1.weight,1503600,1503600,1503600.0,1503600,1
ov__op__gpu,constant:final_block1.conv4.weight,1564901,1564901,1564901.0,1564901,1
ov__op__gpu,constant:final_block1.conv3.weight,1750399,1750399,1750399.0,1750399,1
ov__op__gpu,constant:final_block1.conv2.weight,1295100,1295100,1295100.0,1295100,1
ov__op__gpu,constant:final_block1.conv1.weight,2048600,2048600,2048600.0,2048600,1
ov__op__gpu,constant:conv_transpose.weight,1468799,1468799,1468799.0,1468799,1
ov__op__gpu,constant:conv8.weight,1443500,1443500,1443500.0,1443500,1
ov__op__gpu,constant:conv7.weight,1676101,1676101,1676101.0,1676101,1
ov__op__gpu,constant:conv6_1.weight,1231700,1231700,1231700.0,1231700,1
ov__op__gpu,constant:conv5_3.weight,1227799,1227799,1227799.0,1227799,1
ov__op__gpu,constant:conv5_1.weight,1587100,1587100,1587100.0,1587100,1
ov__op__gpu,constant:conv4_3.weight,1347000,1347000,1347000.0,1347000,1
ov__op__gpu,constant:conv4_1.weight,1953600,1953600,1953600.0,1953600,1
ov__op__gpu,constant:conv3_3.weight,1725099,1725099,1725099.0,1725099,1
ov__op__gpu,constant:conv3_2.weight,1863599,1863599,1863599.0,1863599,1
ov__op__gpu,constant:conv3_1.weight,1581300,1581300,1581300.0,1581300,1
ov__op__gpu,constant:conv2_1.weight,1416600,1416600,1416600.0,1416600,1
ov__op__gpu,constant:conv1.weight,1652401,1652401,1652401.0,1652401,1
ov__op__gpu,constant:block4.sub_block.conv3.weight,1510100,1510100,1510100.0,1510100,1
ov__op__gpu,constant:block4.sub_block.conv2.weight,1980801,1980801,1980801.0,1980801,1
ov__op__gpu,constant:block4.sub_block.conv1.weight,1324700,1324700,1324700.0,1324700,1
ov__op__gpu,constant:block4.conv1.weight,1378400,1378400,1378400.0,1378400,1
ov__op__gpu,constant:block3.sub_block.conv3.weight,1365600,1365600,1365600.0,1365600,1
ov__op__gpu,constant:block3.sub_block.conv2.weight,1212000,1212000,1212000.0,1212000,1
ov__op__gpu,constant:block3.sub_block.conv1.weight,1745500,1745500,1745500.0,1745500,1
ov__op__gpu,constant:block3.conv1.weight,1381000,1381000,1381000.0,1381000,1
ov__op__gpu,constant:block2.sub_block.conv3.weight,1793100,1793100,1793100.0,1793100,1
ov__op__gpu,constant:block2.sub_block.conv2.weight,1737000,1737000,1737000.0,1737000,1
ov__op__gpu,constant:block2.sub_block.conv1.weight,1475600,1475600,1475600.0,1475600,1
ov__op__gpu,constant:block2.conv1.weight,1331100,1331100,1331100.0,1331100,1
ov__op__gpu,constant:block1.sub_block.conv3.weight,1901800,1901800,1901800.0,1901800,1
ov__op__gpu,constant:block1.sub_block.conv2.weight,1607100,1607100,1607100.0,1607100,1
ov__op__gpu,constant:block1.sub_block.conv1.weight,1221100,1221100,1221100.0,1221100,1
ov__op__gpu,constant:block1.conv1.weight,1752000,1752000,1752000.0,1752000,1
ov__op__gpu,constant:Reshape_873,1972000,1972000,1972000.0,1972000,1
ov__op__gpu,constant:Reshape_744,1616001,1616001,1616001.0,1616001,1
ov__op__gpu,constant:Reshape_615,1523800,1523800,1523800.0,1523800,1
ov__op__gpu,constant:Reshape_486,1737299,1737299,1737299.0,1737299,1
ov__op__gpu,constant:Reshape_43,1335800,1335800,1335800.0,1335800,1
ov__op__gpu,constant:Reshape_358,1702001,1702001,1702001.0,1702001,1
ov__op__gpu,constant:Reshape_264,1379200,1379200,1379200.0,1379200,1
ov__op__gpu,constant:Reshape_171,1376800,1376800,1376800.0,1376800,1
ov__op__gpu,constant:Reshape_1363,2096499,2096499,2096499.0,2096499,1
ov__op__gpu,constant:Reshape_1228,1805400,1805400,1805400.0,1805400,1
ov__op__gpu,constant:Reshape_1093,2040900,2040900,2040900.0,2040900,1
ov__op__gpu,constant:sub_block1.conv3.weight_weights_reorder_16,2360899,2360899,2360899.0,2360899,1
ov__op__gpu,constant:sub_block1.conv2.weight_weights_reorder_15,1623299,1623299,1623299.0,1623299,1
ov__op__gpu,constant:sub_block1.conv1.weight_weights_reorder_14,1666699,1666699,1666699.0,1666699,1
ov__op__gpu,constant:final_block3.conv4.weight_weights_reorder_52,1751800,1751800,1751800.0,1751800,1
ov__op__gpu,constant:final_block3.conv3.weight_weights_reorder_51,1462900,1462900,1462900.0,1462900,1
ov__op__gpu,constant:final_block3.conv2.weight_weights_reorder_50,1408100,1408100,1408100.0,1408100,1
ov__op__gpu,constant:final_block3.conv1.weight_weights_reorder_49,1681800,1681800,1681800.0,1681800,1
ov__op__gpu,constant:final_block2.conv4.weight_weights_reorder_47,1911600,1911600,1911600.0,1911600,1
ov__op__gpu,constant:final_block2.conv3.weight_weights_reorder_46,1516499,1516499,1516499.0,1516499,1
ov__op__gpu,constant:final_block2.conv2.weight_weights_reorder_45,1402700,1402700,1402700.0,1402700,1
ov__op__gpu,constant:final_block2.conv1.weight_weights_reorder_44,1718800,1718800,1718800.0,1718800,1
ov__op__gpu,constant:final_block1.conv4.weight_weights_reorder_42,1681000,1681000,1681000.0,1681000,1
ov__op__gpu,constant:final_block1.conv3.weight_weights_reorder_41,1526000,1526000,1526000.0,1526000,1
ov__op__gpu,constant:final_block1.conv2.weight_weights_reorder_40,1878300,1878300,1878300.0,1878300,1
ov__op__gpu,constant:final_block1.conv1.weight_weights_reorder_39,2458901,2458901,2458901.0,2458901,1
ov__op__gpu,constant:conv_transpose.weight_reorder_fmt,1311100,1311100,1311100.0,1311100,1
ov__op__gpu,constant:conv8.weight_weights_reorder_37,1916901,1916901,1916901.0,1916901,1
ov__op__gpu,constant:conv7.weight_weights_reorder_38,1783400,1783400,1783400.0,1783400,1
ov__op__gpu,constant:conv6_1.weight_weights_reorder_12,1535299,1535299,1535299.0,1535299,1
ov__op__gpu,constant:conv5_3.weight_weights_reorder_11,1673400,1673400,1673400.0,1673400,1
ov__op__gpu,constant:conv5_1.weight_weights_reorder_9,1765700,1765700,1765700.0,1765700,1
ov__op__gpu,constant:conv4_3.weight_weights_reorder_8,1601599,1601599,1601599.0,1601599,1
ov__op__gpu,constant:conv4_1.weight_weights_reorder_6,1638001,1638001,1638001.0,1638001,1
ov__op__gpu,constant:conv3_3.weight_weights_reorder_5,1757300,1757300,1757300.0,1757300,1
ov__op__gpu,constant:conv3_2.weight_weights_reorder_4,2300301,2300301,2300301.0,2300301,1
ov__op__gpu,constant:conv3_1.weight_weights_reorder_3,1680300,1680300,1680300.0,1680300,1
ov__op__gpu,constant:conv2_1.weight_weights_reorder_1,1611500,1611500,1611500.0,1611500,1
ov__op__gpu,constant:conv1.weight_weights_reorder_0,1534901,1534901,1534901.0,1534901,1
ov__op__gpu,constant:block4.sub_block.conv3.weight_weights_reorder_36,2043000,2043000,2043000.0,2043000,1
ov__op__gpu,constant:block4.sub_block.conv2.weight_weights_reorder_35,1392501,1392501,1392501.0,1392501,1
ov__op__gpu,constant:block4.sub_block.conv1.weight_weights_reorder_34,1633500,1633500,1633500.0,1633500,1
ov__op__gpu,constant:block4.conv1.weight_weights_reorder_32,1389899,1389899,1389899.0,1389899,1
ov__op__gpu,constant:block3.sub_block.conv3.weight_weights_reorder_31,1800100,1800100,1800100.0,1800100,1
ov__op__gpu,constant:block3.sub_block.conv2.weight_weights_reorder_30,1641400,1641400,1641400.0,1641400,1
ov__op__gpu,constant:block3.sub_block.conv1.weight_weights_reorder_29,1366501,1366501,1366501.0,1366501,1
ov__op__gpu,constant:block3.conv1.weight_weights_reorder_27,1826601,1826601,1826601.0,1826601,1
ov__op__gpu,constant:block2.sub_block.conv3.weight_weights_reorder_26,1451100,1451100,1451100.0,1451100,1
ov__op__gpu,constant:block2.sub_block.conv2.weight_weights_reorder_25,1581900,1581900,1581900.0,1581900,1
ov__op__gpu,constant:block2.sub_block.conv1.weight_weights_reorder_24,1992700,1992700,1992700.0,1992700,1
ov__op__gpu,constant:block2.conv1.weight_weights_reorder_22,2002999,2002999,2002999.0,2002999,1
ov__op__gpu,constant:block1.sub_block.conv3.weight_weights_reorder_21,1765401,1765401,1765401.0,1765401,1
ov__op__gpu,constant:block1.sub_block.conv2.weight_weights_reorder_20,1492500,1492500,1492500.0,1492500,1
ov__op__gpu,constant:block1.sub_block.conv1.weight_weights_reorder_19,1293001,1293001,1293001.0,1293001,1
ov__op__gpu,constant:block1.conv1.weight_weights_reorder_17,1865501,1865501,1865501.0,1865501,1
ov__op__gpu,constant:Reshape_873_weights_reorder_33,1697100,1697100,1697100.0,1697100,1
ov__op__gpu,constant:Reshape_744_weights_reorder_28,2080101,2080101,2080101.0,2080101,1
ov__op__gpu,constant:Reshape_615_weights_reorder_23,1614099,1614099,1614099.0,1614099,1
ov__op__gpu,constant:Reshape_486_weights_reorder_18,1538900,1538900,1538900.0,1538900,1
ov__op__gpu,constant:Reshape_43_weights_reorder_2,1875800,1875800,1875800.0,1875800,1
ov__op__gpu,constant:Reshape_358_weights_reorder_13,1817800,1817800,1817800.0,1817800,1
ov__op__gpu,constant:Reshape_264_weights_reorder_10,1656701,1656701,1656701.0,1656701,1
ov__op__gpu,constant:Reshape_171_weights_reorder_7,2111700,2111700,2111700.0,2111700,1
ov__op__gpu,constant:Reshape_1363_weights_reorder_53,1809501,1809501,1809501.0,1809501,1
ov__op__gpu,constant:Reshape_1228_weights_reorder_48,1438901,1438901,1438901.0,1438901,1
ov__op__gpu,constant:Reshape_1093_weights_reorder_43,1689900,1689900,1689900.0,1689900,1
ov__op__gpu,parameter:pixel_values,9901,1776200,56474.9,2258996,40
ov__op__gpu,convert:Convert_3581,18399,1803899,67757.3,2710292,40
ov__op__gpu,convolution:/conv1/Conv/WithoutBiases,48401,2687000,120092.575,4803703,40
ov__op__gpu,convolution:/conv2_1/Conv/WithoutBiases,14199,1762599,60282.425,2411297,40
ov__op__gpu,convolution:/conv2_2/Conv/WithoutBiases,13199,1455999,51087.475,2043499,40
ov__op__gpu,reducemean:/ReduceMean,14500,1503201,54415.15,2176606,40
ov__op__gpu,convolution:/conv3_1/Conv/WithoutBiases,12100,1369200,47234.925,1889397,40
ov__op__gpu,convolution:/conv3_2/Conv/WithoutBiases,11100,1595300,52507.4,2100296,40
ov__op__gpu,multiply:/Mul,8201,1624801,50202.775,2008111,40
ov__op__gpu,convolution:/conv3_3/Conv/WithoutBiases,10500,1600800,52117.475,2084699,40
ov__op__gpu,convolution:/conv4_1/Conv/WithoutBiases,11200,1908600,60819.9,2432796,40
ov__op__gpu,convolution:/conv4_2/Conv/WithoutBiases,11400,1516700,50487.45,2019498,40
ov__op__gpu,convolution:/conv4_3/Conv/WithoutBiases,11299,1730201,55099.925,2203997,40
ov__op__gpu,convolution:/conv5_1/Conv/WithoutBiases,10701,1755300,56150.15,2246006,40
ov__op__gpu,convolution:/conv5_2/Conv/WithoutBiases,10800,1565901,50787.55,2031502,40
ov__op__gpu,convolution:/conv5_3/Conv/WithoutBiases,10899,2300200,69452.5,2778100,40
ov__op__gpu,convolution:/conv6_1/Conv/WithoutBiases,10200,1636000,52072.575,2082903,40
ov__op__gpu,convolution:/conv6_2/Conv/WithoutBiases,10101,1427899,47567.525,1902701,40
ov__op__gpu,reducemean:/sub_block1/ReduceMean,12699,2002600,63695.025,2547801,40
ov__op__gpu,convolution:/sub_block1/conv1/Conv/WithoutBiases,10801,1455100,48105.0,1924200,40
ov__op__gpu,convolution:/sub_block1/conv2/Conv/WithoutBiases,10900,1765300,57800.0,2312000,40
ov__op__gpu,multiply:/sub_block1/Mul,7800,1654099,50324.825,2012993,40
ov__op__gpu,convolution:/sub_block1/conv3/Conv/WithoutBiases,10401,1576700,51275.1,2051004,40
ov__op__gpu,convolution:/block1/conv1/Conv/WithoutBiases,10100,1651500,52335.05,2093402,40
ov__op__gpu,convolution:/block1/conv2/Conv/WithoutBiases,10100,1548900,49552.425,1982097,40
ov__op__gpu,reducemean:/block1/sub_block/ReduceMean,8299,2040100,61444.875,2457795,40
ov__op__gpu,convolution:/block1/sub_block/conv1/Conv/WithoutBiases,10000,2497201,73292.5,2931700,40
ov__op__gpu,convolution:/block1/sub_block/conv2/Conv/WithoutBiases,10400,1567600,51222.5,2048900,40
ov__op__gpu,multiply:/block1/sub_block/Mul,6300,1679999,49367.45,1974698,40
ov__op__gpu,convolution:/block1/sub_block/conv3/Conv/WithoutBiases,11000,2076300,64037.4,2561496,40
ov__op__gpu,convolution:/block2/conv1/Conv/WithoutBiases,7100,2271200,64572.725,2582909,40
ov__op__gpu,convolution:/block2/conv2/Conv/WithoutBiases,7299,1710700,50782.45,2031298,40
ov__op__gpu,reducemean:/block2/sub_block/ReduceMean,6300,1647101,48277.575,1931103,40
ov__op__gpu,convolution:/block2/sub_block/conv1/Conv/WithoutBiases,7099,2140900,61870.05,2474802,40
ov__op__gpu,convolution:/block2/sub_block/conv2/Conv/WithoutBiases,6800,1393400,42532.6,1701304,40
ov__op__gpu,multiply:/block2/sub_block/Mul,5999,1794399,51335.075,2053403,40
ov__op__gpu,convolution:/block2/sub_block/conv3/Conv/WithoutBiases,7301,1784900,52355.1,2094204,40
ov__op__gpu,convolution:/block3/conv1/Conv/WithoutBiases,10399,1601200,51807.4,2072296,40
ov__op__gpu,convolution:/block3/conv2/Conv/WithoutBiases,10799,2350900,70379.975,2815199,40
ov__op__gpu,reducemean:/block3/sub_block/ReduceMean,6301,1554301,46377.425,1855097,40
ov__op__gpu,convolution:/block3/sub_block/conv1/Conv/WithoutBiases,7801,1684500,50927.45,2037098,40
ov__op__gpu,convolution:/block3/sub_block/conv2/Conv/WithoutBiases,7000,1569300,47095.125,1883805,40
ov__op__gpu,multiply:/block3/sub_block/Mul,5699,1519800,44510.0,1780400,40
ov__op__gpu,convolution:/block3/sub_block/conv3/Conv/WithoutBiases,10299,1603701,51262.55,2050502,40
ov__op__gpu,convolution:/block4/conv1/Conv/WithoutBiases,7501,1936900,56790.025,2271601,40
ov__op__gpu,convolution:/block4/conv2/Conv/WithoutBiases,7099,1686099,50377.4,2015096,40
ov__op__gpu,reducemean:/block4/sub_block/ReduceMean,5999,1632300,47699.9,1907996,40
ov__op__gpu,convolution:/block4/sub_block/conv1/Conv/WithoutBiases,6600,1752700,51280.025,2051201,40
ov__op__gpu,convolution:/block4/sub_block/conv2/Conv/WithoutBiases,6700,1488399,44652.375,1786095,40
ov__op__gpu,multiply:/block4/sub_block/Mul,6001,1497400,44265.225,1770609,40
ov__op__gpu,convolution:/block4/sub_block/conv3/Conv/WithoutBiases,6801,1523901,45695.125,1827805,40
ov__op__gpu,reducemean:/ReduceMean_1,8000,1460801,45395.025,1815801,40
ov__op__gpu,convolution:/conv8/Conv/WithoutBiases,6900,1544099,46547.55,1861902,40
ov__op__gpu,convolution:/conv7/Conv/WithoutBiases,9901,1669800,53337.45,2133498,40
ov__op__gpu,interpolate:/final_block1/interp/Resize,7299,1940901,57027.65,2281106,40
ov__op__gpu,convolution:/final_block1/conv1/Conv/WithoutBiases,9600,2725700,78902.45,3156098,40
ov__op__gpu,add:/final_block1/Add,5700,2439800,67860.0,2714400,40
ov__op__gpu,reducemean:/final_block1/ReduceMean,9100,1545699,48907.4,1956296,40
ov__op__gpu,convolution:/final_block1/conv2/Conv/WithoutBiases,9700,1512600,48709.875,1948395,40
ov__op__gpu,convolution:/final_block1/conv3/Conv/WithoutBiases,9899,1805500,55844.925,2233797,40
ov__op__gpu,multiply:/final_block1/Mul,6500,1883800,54742.575,2189703,40
ov__op__gpu,convolution:/final_block1/conv4/Conv/WithoutBiases,9899,1561101,50162.6,2006504,40
ov__op__gpu,convolution:/final_block1/conv5/Conv/WithoutBiases,9699,1552700,50070.025,2002801,40
ov__op__gpu,interpolate:/final_block2/interp/Resize,6799,1486099,44659.95,1786398,40
ov__op__gpu,convolution:/final_block2/conv1/Conv/WithoutBiases,9799,1743400,56230.05,2249202,40
ov__op__gpu,add:/final_block2/Add,5600,1455699,42784.8,1711392,40
ov__op__gpu,reducemean:/final_block2/ReduceMean,7200,1485101,45215.075,1808603,40
ov__op__gpu,convolution:/final_block2/conv2/Conv/WithoutBiases,10001,1804600,56162.25,2246490,40
ov__op__gpu,convolution:/final_block2/conv3/Conv/WithoutBiases,10000,1448200,48135.075,1925403,40
ov__op__gpu,multiply:/final_block2/Mul,5900,1888899,54257.575,2170303,40
ov__op__gpu,convolution:/final_block2/conv4/Conv/WithoutBiases,10101,2059301,62330.0,2493200,40
ov__op__gpu,convolution:/final_block2/conv5/Conv/WithoutBiases,9500,1436999,46109.975,1844399,40
ov__op__gpu,interpolate:/final_block3/interp/Resize,6100,1618300,48872.5,1954900,40
ov__op__gpu,convolution:/final_block3/conv1/Conv/WithoutBiases,9800,1907300,58917.4,2356696,40
ov__op__gpu,add:/final_block3/Add,5700,1673000,48537.55,1941502,40
ov__op__gpu,reducemean:/final_block3/ReduceMean,15000,1853900,62584.9,2503396,40
ov__op__gpu,convolution:/final_block3/conv2/Conv/WithoutBiases,6600,1639100,49067.475,1962699,40
ov__op__gpu,convolution:/final_block3/conv3/Conv/WithoutBiases,6901,1782500,51982.5,2079300,40
ov__op__gpu,multiply:/final_block3/Mul,5800,1695199,49057.5,1962300,40
ov__op__gpu,convolution:/final_block3/conv4/Conv/WithoutBiases,7999,1743500,52785.25,2111410,40
ov__op__gpu,convolution:/final_block3/conv5/Conv/WithoutBiases,8700,2250300,66382.425,2655297,40
ov__op__gpu,convolutionbackpropdata:ConvolutionBackpropData_1419,12601,1533500,52282.725,2091309,40
ov__op__gpu,result:alphas/sink_port_0,9701,1327800,44842.55,1793702,40
Plugin,set_tensor,299,460600,11049.64705882353,1314908,119
Plugin,get_tensor,701,6200,2381.805194805195,183399,77
Plugin,get_tensors,500,4901,992.8859649122807,113189,114
ov__phases__gpu__inference,SyncInferenceGPU::wait,87700,2605800,848244.975,33929799,40
ov__phases__gpu__inference,SyncInferenceGPU::infer::onnx_Frontend_IR,1280400,284367299,9152267.55,366090702,40
SnippetsTransform,Snippets::SetTopologicalOrder,200,6501,670.5015673981192,213890,319
SnippetsTransform,Snippets::EnumerateNodes,1524000,1524000,1524000.0,1524000,1
SnippetsTransform,Snippets::GetSnippetsNodeType,99,5600,622.9435736677116,198719,319
SnippetsTransform,Snippets::is_supported_op,400,34799,1581.0204081632653,232410,147
SnippetsTransform,Snippets::validate_and_infer_types,7800,457700,26386.973684210527,1002705,38
SnippetsTransform,Snippets::wrap_node_as_subgraph,24599,1592301,126462.5625,2023401,16
SnippetsTransform,Snippets::CreateSubgraph_callback,32000,4090900,361421.05263157893,6867000,19
SnippetsTransform,Snippets::GetSnippetsSubgraphType,100,3000,1100.0,3300,3
SnippetsTransform,Snippets::op::Validate,800,13701,1818.75,29100,16
SnippetsTransform,Snippets::CommonOptimizations,15100,1674800,123706.1875,1979299,16
SnippetsTransform,Snippets::Canonicalization,1200,4600,1600.1875,25603,16
SnippetsTransform,Snippets::AnalyzeBroadcastableInputs,4000,31700,7168.8125,114701,16
SnippetsTransform,Snippets::AlignElementTypes,199,11200,1043.5625,16697,16
SnippetsTransform,ov::intel_cpu::pass::BrgemmToBrgemmCPU,3299,35100,6162.4375,98599,16
SnippetsTransform,Snippets::op::PropagatePrecision,5600,48600,9425.0625,150801,16
SnippetsTransform,Snippets::op::data_flow_transformations,138201,17284599,1336681.25,21386900,16
SnippetsTransform,Snippets::op::control_flow_transformations_::convert_body_to_linear_ir,15100,965200,79368.6875,1269899,16
SnippetsTransform,Snippets::OptimizeDomain,1601,12400,3406.5,54504,16
SnippetsTransform,Snippets::MarkLoops,6200,56100,13406.1875,214499,16
SnippetsTransform,Snippets::BrgemmBlocking,199,2400,406.3125,6501,16
SnippetsTransform,Snippets::ParallelizeGatedMlpNLoops,199,2900,599.8125,9597,16
SnippetsTransform,Snippets::ReduceMaxDecompositionLowered,299,2301,525.0625,8401,16
SnippetsTransform,Snippets::FuseLoops,1500,14800,3175.0,50800,16
SnippetsTransform,Snippets::SplitLoops,400,10600,1243.875,19902,16
SnippetsTransform,Snippets::MoveResultOutOfLoop,500,9199,1118.75,17900,16
SnippetsTransform,Snippets::InsertBrgemmCopyBuffers,199,2799,418.3125,6693,16
SnippetsTransform,Snippets::InsertBuffers,1699,16300,3281.0625,52497,16
SnippetsTransform,Snippets::InsertLoadStore,23300,119501,39512.5625,632201,16
SnippetsTransform,Snippets::MoveScalarToConsumer,299,3201,693.625,11098,16
SnippetsTransform,Snippets::InsertBroadcastMove,1300,7999,1931.1875,30899,16
SnippetsTransform,Snippets::LoadMoveBroadcastToBroadcastLoad,301,4400,694.125,11106,16
SnippetsTransform,Snippets::ExtractLoopInvariants,1300,20401,3418.875,54702,16
SnippetsTransform,Snippets::ValidateShapes,499,5599,906.1875,14499,16
SnippetsTransform,Snippets::ValidateUnifiedLoops,2999,22800,5756.375,92102,16
SnippetsTransform,Snippets::InitLoops,1500,20700,3562.3125,56997,16
SnippetsTransform,Snippets::AdjustBrgemmCopyBLoopPorts,300,4400,675.125,10802,16
SnippetsTransform,Snippets::SetDynamicWAToOuterMostLoop,99,1500,225.16666666666666,2702,12
SnippetsTransform,Snippets::InsertLoops,9400,105401,22812.4375,364999,16
SnippetsTransform,Snippets::FuseLoadStoreConvert,301,7399,868.8125,13901,16
SnippetsTransform,Snippets::ComputeBufferAllocationSize,99,901,179.6,1796,10
SnippetsTransform,Snippets::MarkInvariantShapePath,2800,32500,5656.4375,90503,16
SnippetsTransform,Snippets::SetBufferRegGroup,2000,26199,4399.6875,70395,16
SnippetsTransform,Snippets::DefineBufferClusters,2500,19799,4568.625,73098,16
SnippetsTransform,Snippets::SolveBufferMemory,99,1200,293.75,4700,16
SnippetsTransform,Snippets::NormalizeBufferRegisterGroups,99,1700,300.0,4800,16
SnippetsTransform,Snippets::PropagateBufferOffset,99,700,166.66666666666666,1500,9
SnippetsTransform,Snippets::AllocateBuffers,10500,5266701,342700.1875,5483203,16
SnippetsTransform,Snippets::CleanRepeatedDataPointerShifts,1100,11700,2700.0625,43201,16
SnippetsTransform,Snippets::ValidateBuffers,299,3700,606.25,9700,16
SnippetsTransform,Snippets::Validate,3300,34599,6506.25,104100,16
SnippetsTransform,Snippets::op::control_flow_transformations_::control_flow_transformations,81800,27470701,1830868.9375,29293903,16
SnippetsTransform,Snippets::op::control_flow_transformations_::init_shape_infer_linear_ir,39100,4581900,389568.625,6233098,16
SnippetsTransform,Snippets::InsertSpecificIterations,5100,50200,11106.25,177700,16
SnippetsTransform,Snippets::InitLiveRanges,11199,57100,17193.625,275098,16
SnippetsTransform,Snippets::AssignRegisters::LinearScanOptimized,699,8200,1865.6875,59702,32
SnippetsTransform,Snippets::AssignRegisters,17400,887799,77768.875,1244302,16
SnippetsTransform,Snippets::InsertRegSpills,400,5499,906.25,14500,16
SnippetsTransform,Snippets::InitRegisters,31200,3656700,266475.0,4263600,16
SnippetsTransform,Snippets::NormalizeLoopIDs,2099,15100,3649.875,58398,16
SnippetsTransform,Snippets::ValidateExpandedLoops,2101,19600,3943.75,63100,16
SnippetsTransform,Snippets::CleanupLoopOffsets,700,7901,1743.875,27902,16
SnippetsTransform,Snippets::OptimizeLoopSingleEvaluation,500,4400,887.5625,14201,16
SnippetsTransform,Snippets::op::control_flow_transformations_::pre_generation_pipeline,46301,8663100,599112.25,9585796,16
SnippetsTransform,Snippets::op::control_flow_transformations,183900,42573701,2955518.6875,47288299,16
SnippetsTransform,Snippets::Generator_::InitEmitters,11900,712101,94844.55555555556,853601,9
SnippetsTransform,Snippets::Generator_::EmitCode,45400,998300,160589.0,1445301,9
SnippetsTransform,Snippets::Generator_::EmitData,1700,1000200,117321.77777777778,1055896,9
SnippetsTransform,Snippets::Generator_::GetSnippet,68599,129701,91377.77777777778,822400,9
SnippetsTransform,Snippets::Generator::generate,133401,3619600,552300.0,4970700,9
SnippetsTransform,Snippets::op::generate,189400,4677600,736155.6666666666,6625401,9
SnippetsTransform,Snippets::op::MulAddToFMA_callback,8600,23701,14000.333333333334,42001,3
SIMPLE_internal_op,snippets_Result_validate_and_infer_types,100,6000,505.2132352941176,68709,136
SIMPLE_internal_op,Subgraph,8001,43321699,867350.4421052631,82398292,95
SIMPLE_internal_op,snippet_Result_clone_with_new_inputs,2001,556300,16840.886363636364,740999,44
SIMPLE_internal_op,Store_clone_with_new_inputs,1099,12000,2455.88,61397,25
SIMPLE_internal_op,Load,799,18999,1842.9107142857142,103203,56
SIMPLE_internal_op,FusedMulAdd,2099,10300,3666.6666666666665,22000,6
FACTORY_intel_cpu,REG$NodesFactory$77$CumSum,460000,460000,460000.0,460000,1
FACTORY_intel_cpu,REG$NodesFactory$6$Convolution,2199,2199,2199.0,2199,1
FACTORY_intel_cpu,REG$NodesFactory$38$BinaryConvolution,7000,7000,7000.0,7000,1
FACTORY_intel_cpu,REG$NodesFactory$29$SpaceToBatch,2000,2000,2000.0,2000,1
FACTORY_intel_cpu,REG$NodesFactory$8$Lrn,1800,1800,1800.0,1800,1
FACTORY_intel_cpu,REG$NodesFactory$25$BatchToSpace,3199,3199,3199.0,3199,1
FACTORY_intel_cpu,REG$NodesFactory$26$DepthToSpace,2500,2500,2500.0,2500,1
FACTORY_intel_cpu,REG$NodesFactory$30$SpaceToDepth,1601,1601,1601.0,1601,1
FACTORY_intel_cpu,REG$NodesFactory$31$SparseFillEmptyRows,9100,9100,9100.0,9100,1
FACTORY_intel_cpu,REG$NodesFactory$1$If,1799,1799,1799.0,1799,1
FACTORY_intel_cpu,REG$NodesFactory$53$Broadcast,2000,2000,2000.0,2000,1
FACTORY_intel_cpu,REG$NodesFactory$88$ExperimentalDetectronTopKROIs,2600,2600,2600.0,2600,1
FACTORY_intel_cpu,REG$NodesFactory$2$Reorder,1900,1900,1900.0,1900,1
FACTORY_intel_cpu,REG$NodesFactory$97$MatrixNms,11800,11800,11800.0,11800,1
FACTORY_intel_cpu,REG$NodesFactory$10$AdaptivePooling,3500,3500,3500.0,3500,1
FACTORY_intel_cpu,REG$NodesFactory$9$Pooling,2199,2199,2199.0,2199,1
FACTORY_intel_cpu,REG$NodesFactory$15$Eltwise,2000,2000,2000.0,2000,1
FACTORY_intel_cpu,REG$NodesFactory$12$SoftMax,2400,2400,2400.0,2400,1
FACTORY_intel_cpu,REG$NodesFactory$57$EmbeddingBagPacked,1700,1700,1700.0,1700,1
FACTORY_intel_cpu,REG$NodesFactory$54$EmbeddingBagPacked,1999,1999,1999.0,1999,1
FACTORY_intel_cpu,REG$NodesFactory$3$Input,2000,2000,2000.0,2000,1
FACTORY_intel_cpu,REG$NodesFactory$4$Input,2000,2000,2000.0,2000,1
FACTORY_intel_cpu,REG$NodesFactory$34$MemoryInput,2000,2000,2000.0,2000,1
FACTORY_intel_cpu,REG$NodesFactory$33$MemoryOutput,1900,1900,1900.0,1900,1
FACTORY_intel_cpu,REG$NodesFactory$20$Tile,2101,2101,2101.0,2101,1
FACTORY_intel_cpu,REG$NodesFactory$82$GatherTree,1900,1900,1900.0,1900,1
FACTORY_intel_cpu,REG$NodesFactory$11$FullyConnected,2501,2501,2501.0,2501,1
FACTORY_intel_cpu,REG$NodesFactory$75$CTCGreedyDecoder,2500,2500,2500.0,2500,1
FACTORY_intel_cpu,REG$NodesFactory$28$Transpose,2700,2700,2700.0,2700,1
FACTORY_intel_cpu,REG$NodesFactory$86$ReorgYolo,1799,1799,1799.0,1799,1
FACTORY_intel_cpu,REG$NodesFactory$56$EmbeddingSegmentsSum,1900,1900,1900.0,1900,1
FACTORY_intel_cpu,REG$NodesFactory$18$ShapeOf,2199,2199,2199.0,2199,1
FACTORY_intel_cpu,REG$NodesFactory$91$ExperimentalDetectronGenerateProposalsSingleImage,1800,1800,1800.0,1800,1
FACTORY_intel_cpu,REG$NodesFactory$93$GenerateProposals,2400,2400,2400.0,2400,1
FACTORY_intel_cpu,REG$NodesFactory$87$ReverseSequence,3600,3600,3600.0,3600,1
FACTORY_intel_cpu,REG$NodesFactory$90$ExperimentalDetectronPriorGridGenerator,9200,9200,9200.0,9200,1
FACTORY_intel_cpu,REG$NodesFactory$61$GatherND,2400,2400,2400.0,2400,1
FACTORY_intel_cpu,REG$NodesFactory$80$LogSoftmax,2100,2100,2100.0,2100,1
FACTORY_intel_cpu,REG$NodesFactory$24$PSROIPooling,2300,2300,2300.0,2300,1
FACTORY_intel_cpu,REG$NodesFactory$35$RNN,2499,2499,2499.0,2499,1
FACTORY_intel_cpu,REG$NodesFactory$36$RNN,2501,2501,2501.0,2501,1
FACTORY_intel_cpu,REG$NodesFactory$73$CTCLoss,2200,2200,2200.0,2200,1
FACTORY_intel_cpu,REG$NodesFactory$13$Split,2100,2100,2100.0,2100,1
FACTORY_intel_cpu,REG$NodesFactory$78$DetectionOutput,2300,2300,2300.0,2300,1
FACTORY_intel_cpu,REG$NodesFactory$60$GatherElements,2400,2400,2400.0,2400,1
FACTORY_intel_cpu,REG$NodesFactory$76$CTCGreedyDecoderSeqLen,1800,1800,1800.0,1800,1
FACTORY_intel_cpu,REG$NodesFactory$74$Bucketize,2200,2200,2200.0,2200,1
FACTORY_intel_cpu,REG$NodesFactory$89$ExperimentalDetectronROIFeatureExtractor,2000,2000,2000.0,2000,1
FACTORY_intel_cpu,REG$NodesFactory$72$Math,2100,2100,2100.0,2100,1
FACTORY_intel_cpu,REG$NodesFactory$98$MultiClassNms,1600,1600,1600.0,1600,1
FACTORY_intel_cpu,REG$NodesFactory$41$Convert,2200,2200,2200.0,2200,1
FACTORY_intel_cpu,REG$NodesFactory$43$Col2Im,2800,2800,2800.0,2800,1
FACTORY_intel_cpu,REG$NodesFactory$42$ColorConvert,2400,2400,2400.0,2400,1
FACTORY_intel_cpu,REG$NodesFactory$58$EmbeddingBagOffset,2200,2200,2200.0,2200,1
FACTORY_intel_cpu,REG$NodesFactory$55$EmbeddingBagOffset,2900,2900,2900.0,2900,1
FACTORY_intel_cpu,REG$NodesFactory$65$Roll,1999,1999,1999.0,1999,1
FACTORY_intel_cpu,REG$NodesFactory$27$Pad,3000,3000,3000.0,3000,1
FACTORY_intel_cpu,REG$NodesFactory$17$Reshape,2301,2301,2301.0,2301,1
FACTORY_intel_cpu,REG$NodesFactory$44$MVN,2800,2800,2800.0,2800,1
FACTORY_intel_cpu,REG$NodesFactory$16$MatMul,2399,2399,2399.0,2399,1
FACTORY_intel_cpu,REG$NodesFactory$99$Multinomial,2599,2599,2599.0,2599,1
FACTORY_intel_cpu,REG$NodesFactory$46$ScatterUpdate,1900,1900,1900.0,1900,1
FACTORY_intel_cpu,REG$NodesFactory$47$ScatterUpdate,1500,1500,1500.0,1500,1
FACTORY_intel_cpu,REG$NodesFactory$48$ScatterUpdate,1600,1600,1600.0,1600,1
FACTORY_intel_cpu,REG$NodesFactory$49$StringTensorPack,9799,9799,9799.0,9799,1
FACTORY_intel_cpu,REG$NodesFactory$50$StringTensorUnpack,2099,2099,2099.0,2099,1
FACTORY_intel_cpu,REG$NodesFactory$67$ShuffleChannels,2099,2099,2099.0,2099,1
FACTORY_intel_cpu,REG$NodesFactory$40$TensorIterator,1900,1900,1900.0,1900,1
FACTORY_intel_cpu,REG$NodesFactory$14$Concat,2001,2001,2001.0,2001,1
FACTORY_intel_cpu,REG$NodesFactory$63$OneHot,2201,2201,2201.0,2201,1
FACTORY_intel_cpu,REG$NodesFactory$79$ExperimentalDetectronDetectionOutput,2499,2499,2499.0,2499,1
FACTORY_intel_cpu,REG$NodesFactory$7$Deconvolution,2700,2700,2700.0,2700,1
FACTORY_intel_cpu,REG$NodesFactory$39$DeformableConvolution,2400,2400,2400.0,2400,1
FACTORY_intel_cpu,REG$NodesFactory$84$Range,3100,3100,3100.0,3100,1
FACTORY_intel_cpu,REG$NodesFactory$32$StridedSlice,4300,4300,4300.0,4300,1
FACTORY_intel_cpu,REG$NodesFactory$83$GRN,2899,2899,2899.0,2899,1
FACTORY_intel_cpu,REG$NodesFactory$19$NonZero,2600,2600,2600.0,2600,1
FACTORY_intel_cpu,REG$NodesFactory$45$NormalizeL2,1500,1500,1500.0,1500,1
FACTORY_intel_cpu,REG$NodesFactory$102$PriorBox,1799,1799,1799.0,1799,1
FACTORY_intel_cpu,REG$NodesFactory$103$PriorBoxClustered,2300,2300,2300.0,2300,1
FACTORY_intel_cpu,REG$NodesFactory$5$Eye,1699,1699,1699.0,1699,1
FACTORY_intel_cpu,REG$NodesFactory$106$Unique,1701,1701,1701.0,1701,1
FACTORY_intel_cpu,REG$NodesFactory$107$Ngram,2400,2400,2400.0,2400,1
FACTORY_intel_cpu,REG$NodesFactory$110$RoPE,2100,2100,2100.0,2100,1
FACTORY_intel_cpu,REG$NodesFactory$111$CausalMaskPreprocess,2300,2300,2300.0,2300,1
FACTORY_intel_cpu,REG$NodesFactory$94$Identity,1700,1700,1700.0,1700,1
FACTORY_intel_cpu,REG$NodesFactory$51$Interpolate,1501,1501,1501.0,1501,1
FACTORY_intel_cpu,REG$NodesFactory$95$Inverse,2500,2500,2500.0,2500,1
FACTORY_intel_cpu,REG$NodesFactory$105$RandomUniform,1800,1800,1800.0,1800,1
FACTORY_intel_cpu,REG$NodesFactory$52$Reduce,2100,2100,2100.0,2100,1
FACTORY_intel_cpu,REG$NodesFactory$59$Gather,1801,1801,1801.0,1801,1
FACTORY_intel_cpu,REG$NodesFactory$96$NonMaxSuppression,2199,2199,2199.0,2199,1
FACTORY_intel_cpu,REG$NodesFactory$23$ROIPooling,1700,1700,1700.0,1700,1
FACTORY_intel_cpu,REG$NodesFactory$21$ROIAlign,2000,2000,2000.0,2000,1
FACTORY_intel_cpu,REG$NodesFactory$22$ROIAlignRotated,2601,2601,2601.0,2601,1
FACTORY_intel_cpu,REG$NodesFactory$81$TopK,2599,2599,2599.0,2599,1
FACTORY_intel_cpu,REG$NodesFactory$85$Proposal,2200,2200,2200.0,2200,1
FACTORY_intel_cpu,REG$NodesFactory$64$RegionYolo,2200,2200,2200.0,2200,1
FACTORY_intel_cpu,REG$NodesFactory$68$DFT,1699,1699,1699.0,1699,1
FACTORY_intel_cpu,REG$NodesFactory$69$RDFT,1999,1999,1999.0,1999,1
FACTORY_intel_cpu,REG$NodesFactory$70$STFT,1800,1800,1800.0,1800,1
FACTORY_intel_cpu,REG$NodesFactory$71$ISTFT,2500,2500,2500.0,2500,1
FACTORY_intel_cpu,REG$NodesFactory$92$ExtractImagePatches,2399,2399,2399.0,2399,1
FACTORY_intel_cpu,REG$NodesFactory$100$Subgraph,3301,3301,3301.0,3301,1
FACTORY_intel_cpu,REG$NodesFactory$101$Composite,1801,1801,1801.0,1801,1
FACTORY_intel_cpu,REG$NodesFactory$108$ScaledDotProductAttention,2199,2199,2199.0,2199,1
FACTORY_intel_cpu,REG$NodesFactory$115$SearchSorted,2100,2100,2100.0,2100,1
FACTORY_intel_cpu,REG$NodesFactory$116$SegmentMax,2199,2199,2199.0,2199,1
FACTORY_intel_cpu,REG$NodesFactory$117$LoRA,2200,2200,2200.0,2200,1
FACTORY_intel_cpu,REG$NodesFactory$118$GatherMatmul,1900,1900,1900.0,1900,1
FACTORY_intel_cpu,REG$NodesFactory$37$FakeQuantize,1700,1700,1700.0,1700,1
FACTORY_intel_cpu,REG$NodesFactory$62$GridSample,2001,2001,2001.0,2001,1
FACTORY_intel_cpu,REG$NodesFactory$104$Interaction,10801,10801,10801.0,10801,1
FACTORY_intel_cpu,REG$NodesFactory$112$LLMMLP,2801,2801,2801.0,2801,1
FACTORY_intel_cpu,REG$NodesFactory$113$QKVProjection,2300,2300,2300.0,2300,1
FACTORY_intel_cpu,REG$NodesFactory$109$PagedAttention,3600,3600,3600.0,3600,1
FACTORY_intel_cpu,REG$NodesFactory$114$RMSNorm,1900,1900,1900.0,1900,1
FACTORY_intel_cpu,CREATE$NodesFactory$3,2999,163649500,1322528.5317460317,166638595,126
FACTORY_intel_cpu,CREATE$NodesFactory$6,3900,5937699,117151.98148148147,6326207,54
FACTORY_intel_cpu,CREATE$NodesFactory$15,2800,5108000,55830.79807692308,5806403,104
FACTORY_intel_cpu,CREATE$NodesFactory$52,5901,5601800,570809.7,5708097,10
FACTORY_intel_cpu,CREATE$NodesFactory$100,88300,8310800,658481.1875,10535699,16
FACTORY_intel_cpu,CREATE$NodesFactory$51,6700,5104500,1707633.3333333333,5122900,3
FACTORY_intel_cpu,CREATE$NodesFactory$7,5556000,5556000,5556000.0,5556000,1
tbb,tbb_parallel_for,500,5169400,33163.61641487764,1876894871,56595
ov__intel_cpu__lt,Graph::Replicate_ov::Model,327925601,327925601,327925601.0,327925601,1
ov__intel_cpu__lt,Graph::SortTopologically,49000,185400,84799.85714285714,593599,7
ov__intel_cpu__lt,Graph::InitNodes,12500,12500,12500.0,12500,1
ov__intel_cpu__lt,ApplyCommonGraphOptimizations_FuseConvolutionAndZeroPoints,2810101,2810101,2810101.0,2810101,1
ov__intel_cpu__lt,ApplyCommonGraphOptimizations_FuseConvMatmulFCDeconvAndDQScales,715300,715300,715300.0,715300,1
ov__intel_cpu__lt,ApplyCommonGraphOptimizations_FuseConvolutionAndBias,3611501,3611501,3611501.0,3611501,1
ov__intel_cpu__lt,ApplyCommonGraphOptimizations_FuseMultiplyAndAdd,646700,646700,646700.0,646700,1
ov__intel_cpu__lt,ApplyCommonGraphOptimizations_MergeConvertAndEltwise,1667300,1667300,1667300.0,1667300,1
ov__intel_cpu__lt,ApplyCommonGraphOptimizations_FuseFCAndConvertOnWeights,828199,828199,828199.0,828199,1
ov__intel_cpu__lt,ApplyCommonGraphOptimizations_FuseFCAndTransposeOnWeights,759700,759700,759700.0,759700,1
ov__intel_cpu__lt,ApplyCommonGraphOptimizations_FuseDeconvolutionAndSimpleOperation,1529300,1529300,1529300.0,1529300,1
ov__intel_cpu__lt,ApplyCommonGraphOptimizations_FuseClampAndFakeQuantize,779900,779900,779900.0,779900,1
ov__intel_cpu__lt,ApplyCommonGraphOptimizations_FusePerformedAsScaleShiftAndFakeQuantize,719099,719099,719099.0,719099,1
ov__intel_cpu__lt,ApplyCommonGraphOptimizations_FuseConvolutionAndSimpleOperationThroughMaxPool,1353100,1353100,1353100.0,1353100,1
ov__intel_cpu__lt,ApplyCommonGraphOptimizations_FuseConvolutionAndSimpleOperation,674900,1769399,1222149.5,2444299,2
ov__intel_cpu__lt,ApplyCommonGraphOptimizations_RemoveDroppedEdges,33700,1065900,623899.6666666666,1871699,3
ov__intel_cpu__lt,ApplyCommonGraphOptimizations_FusePoolingAndFakeQuantize,8500,8500,8500.0,8500,1
ov__intel_cpu__lt,ApplyCommonGraphOptimizations_FuseConvolutionAndDWConvolution,2207300,2207300,2207300.0,2207300,1
ov__intel_cpu__lt,ApplyCommonGraphOptimizations_FuseConvolutionSumAndConvolutionSumActivation,117701,117701,117701.0,117701,1
ov__intel_cpu__lt,ApplyCommonGraphOptimizations_FuseFullyConnectedAndSimpleOperation,691400,691400,691400.0,691400,1
ov__intel_cpu__lt,ApplyCommonGraphOptimizations_FuseMatMulAndSimpleOperation,796400,796400,796400.0,796400,1
ov__intel_cpu__lt,ApplyCommonGraphOptimizations_FuseMVNAndSimpleOperation,660000,660000,660000.0,660000,1
ov__intel_cpu__lt,ApplyCommonGraphOptimizations_FuseInterpolateAndSimpleOperation,1215200,1215200,1215200.0,1215200,1
ov__intel_cpu__lt,ApplyCommonGraphOptimizations_FuseNormalizeL2AndSimpleOperation,631501,631501,631501.0,631501,1
ov__intel_cpu__lt,ApplyCommonGraphOptimizations_FuseReduceAndSimpleOperation,1460600,1460600,1460600.0,1460600,1
ov__intel_cpu__lt,ApplyCommonGraphOptimizations_FuseGatherAndConvert,727000,727000,727000.0,727000,1
ov__intel_cpu__lt,ApplyCommonGraphOptimizations_FuseEltwiseAndSimple,1612000,1612000,1612000.0,1612000,1
ov__intel_cpu__lt,ApplyCommonGraphOptimizations_MergeEltwiseAndConvert,700800,700800,700800.0,700800,1
ov__intel_cpu__lt,ApplyCommonGraphOptimizations_reshapeRnnSeq,694700,694700,694700.0,694700,1
ov__intel_cpu__lt,ApplyCommonGraphOptimizations_RemoveSameConvert,722800,722800,722800.0,722800,1
ov__intel_cpu__lt,ApplyCommonGraphOptimizations_RemoveMemoryInputConvert,652100,652100,652100.0,652100,1
ov__intel_cpu__lt,ApplyCommonGraphOptimizations_RemoveConvertMemoryOutput,617300,617300,617300.0,617300,1
ov__intel_cpu__lt,ApplyCommonGraphOptimizations_MatchSdpaKvCache,610100,610100,610100.0,610100,1
ov__intel_cpu__lt,ApplyCommonGraphOptimizations_DropRedundantMemoryOutput,21400,21400,21400.0,21400,1
ov__intel_cpu__lt,InitDescriptors_Prepare,1300,1300,1300.0,1300,1
ov__intel_cpu__lt,Node::getSupportedDescriptors,99,1400,176.58441558441558,13597,77
ov__intel_cpu__lt,Node::initSupportedPrimitiveDescriptors,601,32799,2091.9285714285716,234296,112
ov__intel_cpu__lt,Node::filterSupportedPrimitiveDescriptors,99,1400,184.75294117647059,15704,85
ov__intel_cpu__lt,Input::getSupportedDescriptors,99,4800,189.9318181818182,16714,88
ov__intel_cpu__lt,Input::initSupportedPrimitiveDescriptors,699,3300,1199.2777777777778,151109,126
ov__intel_cpu__lt,Input::filterSupportedPrimitiveDescriptors,99,400,146.61111111111111,13195,90
ov__intel_cpu__lt,Convolution::getSupportedDescriptors,99,700,160.52631578947367,6100,38
ov__intel_cpu__lt,Convolution::initSupportedPrimitiveDescriptors,10601,80800,18005.5,972297,54
ov__intel_cpu__lt,Convolution::filterSupportedPrimitiveDescriptors,99,301,176.04761904761904,7394,42
ov__intel_cpu__lt,Reduce::getSupportedDescriptors,199,1099,429.5,4295,10
ov__intel_cpu__lt,Reduce::initSupportedPrimitiveDescriptors,5500,24699,9430.0,94300,10
ov__intel_cpu__lt,Reduce::filterSupportedPrimitiveDescriptors,99,200,133.16666666666666,799,6
ov__intel_cpu__lt,Subgraph::getSupportedDescriptors,99,400,183.41666666666666,2201,12
ov__intel_cpu__lt,Subgraph::initSupportedPrimitiveDescriptors,4200,21300,6343.8125,101501,16
ov__intel_cpu__lt,Subgraph::filterSupportedPrimitiveDescriptors,99,301,161.46153846153845,2099,13
ov__intel_cpu__lt,Interpolate::getSupportedDescriptors,199,3600,1332.6666666666667,3998,3
ov__intel_cpu__lt,Interpolate::initSupportedPrimitiveDescriptors,6599,37200,18633.0,55899,3
ov__intel_cpu__lt,Interpolate::filterSupportedPrimitiveDescriptors,99,199,149.0,298,2
ov__intel_cpu__lt,Deconvolution::getSupportedDescriptors,103870900,103870900,103870900.0,103870900,1
ov__intel_cpu__lt,Deconvolution::initSupportedPrimitiveDescriptors,51499,51499,51499.0,51499,1
ov__intel_cpu__lt,Deconvolution::filterSupportedPrimitiveDescriptors,500,500,500.0,500,1
ov__intel_cpu__lt,Eltwise::getSupportedDescriptors,900,900,900.0,900,1
ov__intel_cpu__lt,Eltwise::initSupportedPrimitiveDescriptors,61100,61100,61100.0,61100,1
ov__intel_cpu__lt,Eltwise::filterSupportedPrimitiveDescriptors,500,500,500.0,500,1
ov__intel_cpu__lt,Node::selectOptimalPrimitiveDescriptor,99,6301,942.3963963963964,104606,111
ov__intel_cpu__lt,Input::selectOptimalPrimitiveDescriptor,99,2100,342.8174603174603,43195,126
ov__intel_cpu__lt,Convolution::selectOptimalPrimitiveDescriptor,99,3300,527.7222222222222,28497,54
ov__intel_cpu__lt,Reduce::selectOptimalPrimitiveDescriptor,1601,3999,2500.2,25002,10
ov__intel_cpu__lt,Subgraph::selectOptimalPrimitiveDescriptor,3200,12501,4543.75,72700,16
ov__intel_cpu__lt,Interpolate::selectOptimalPrimitiveDescriptor,2100,2999,2599.3333333333335,7798,3
ov__intel_cpu__lt,Deconvolution::selectOptimalPrimitiveDescriptor,2499,2499,2499.0,2499,1
ov__intel_cpu__lt,Eltwise::selectOptimalPrimitiveDescriptor,1400,1400,1400.0,1400,1
ov__intel_cpu__lt,Node::initOptimalPrimitiveDescriptor,600,9700,1789.3214285714287,200404,112
ov__intel_cpu__lt,Input::initOptimalPrimitiveDescriptor,699,8801,1209.515873015873,152399,126
ov__intel_cpu__lt,Convolution::initOptimalPrimitiveDescriptor,2400,6200,3433.3703703703704,185402,54
ov__intel_cpu__lt,Reduce::initOptimalPrimitiveDescriptor,2201,3099,2640.1,26401,10
ov__intel_cpu__lt,Subgraph::initOptimalPrimitiveDescriptor,2400,7600,3224.75,51596,16
ov__intel_cpu__lt,Interpolate::initOptimalPrimitiveDescriptor,2899,3300,3099.3333333333335,9298,3
ov__intel_cpu__lt,Deconvolution::initOptimalPrimitiveDescriptor,650700,650700,650700.0,650700,1
ov__intel_cpu__lt,Eltwise::initOptimalPrimitiveDescriptor,2900,2900,2900.0,2900,1
ov__intel_cpu__lt,Graph::ResolveEdgeConflicts,280801,280801,280801.0,280801,1
ov__intel_cpu__lt,Graph::ResolveComplexInplaceConflicts,74900,86500,80700.0,161400,2
ov__intel_cpu__lt,GraphOptimizer::ApplyImplSpecificGraphOptimizations,973800,973800,973800.0,973800,1
ov__intel_cpu__lt,Graph::ProcessDynNodes,2900,2900,2900.0,2900,1
ov__intel_cpu__lt,Graph::ExtractExecutableNodesAndSyncPoints,193099,193099,193099.0,193099,1
ov__intel_cpu__lt,Node::createPrimitive,200,137675599,1208526.3245614036,137772001,114
ov__intel_cpu__lt,Input::createPrimitive,199,2000,711.8492063492064,89693,126
ov__intel_cpu__lt,Convolution::createPrimitive,68700,21578500,1126629.6296296297,60838000,54
ov__intel_cpu__lt,Reduce::createPrimitive,78601,273799,130240.1,1302401,10
ov__intel_cpu__lt,Subgraph::createPrimitive,385201,67030400,4934906.1875,78958499,16
ov__intel_cpu__lt,Interpolate::createPrimitive,94200,140900,113033.33333333333,339100,3
ov__intel_cpu__lt,Deconvolution::createPrimitive,3813099,3813099,3813099.0,3813099,1
ov__intel_cpu__lt,Eltwise::createPrimitive,2899401,2899401,2899401.0,2899401,1
ov__intel_cpu__lt,Graph::CreatePrimitivesAndExecConstants,286127300,286127300,286127300.0,286127300,1
SIMPLE_intel_cpu,FuseConvolutionAndZeroPoints_ConvNode,301,434900,8816.796296296296,476107,54
SIMPLE_intel_cpu,FuseConvolutionMatMulDeconvAndBias_ChildNode,10900,211300,21821.81818181818,1200200,55
SIMPLE_intel_cpu,FuseConvolutionMatMulDeconvAndBias_ParentNode,11600,980400,36629.29090909091,2014611,55
SIMPLE_intel_cpu,MergeConvertAndEltwise,99,7601,219.56211180124222,70699,322
SIMPLE_intel_cpu,FuseDeconvolutionAndSimpleOperation_ParentNode,7999,7999,7999.0,7999,1
SIMPLE_intel_cpu,FuseConvolutionAndSimpleOperationThroughMaxPool_ParentNode,99,2600,253.65853658536585,10400,41
SIMPLE_intel_cpu,FuseConvolutionAndSimpleOperation_ParentNode,99,64100,2657.8842105263157,252499,95
SIMPLE_intel_cpu,FuseConvolutionAndDWConvolution_ParentConv,500,799001,48164.76470588235,818801,17
SIMPLE_intel_cpu,FuseConvolutionAndDWConvolution_ChildConv,4000,4000,4000.0,4000,1
SIMPLE_intel_cpu,FuseInterpolateAndSimpleOperation_ParentNode,900,12800,4866.666666666667,14600,3
SIMPLE_intel_cpu,FuseReduceAndSimpleOperation_ParentNode,299,20900,2500.2,25002,10
SIMPLE_intel_cpu,FuseEltwiseAndSimple_ParentNode,21400,21400,21400.0,21400,1
SIMPLE_intel_cpu,MergeTransposeAndReorder_ParentNode,5400,7000,6200.0,12400,2
FACTORY_DNNL,REG$CPUEngine$struct dnnl::impl::cpu::x64::brgemm_deconvolution_fwd_t<524274>::pd_t$brgemm_deconvolution_fwd_t_avx10_2_512_amx_2,419601,419601,419601.0,419601,1
FACTORY_DNNL,REG$CPUEngine$struct dnnl::impl::cpu::x64::brgemm_deconvolution_fwd_t<260081>::pd_t$brgemm_deconvolution_fwd_t_avx512_core_amx_fp16,900,900,900.0,900,1
FACTORY_DNNL,REG$CPUEngine$struct dnnl::impl::cpu::x64::brgemm_deconvolution_fwd_t<129009>::pd_t$brgemm_deconvolution_fwd_t_avx512_core_amx,800,800,800.0,800,1
FACTORY_DNNL,REG$CPUEngine$struct dnnl::impl::cpu::x64::jit_avx512_core_amx_deconvolution_fwd_t::pd_t$jit_avx512_core_amx_deconvolution_fwd_t,1300,1300,1300.0,1300,1
FACTORY_DNNL,REG$CPUEngine$struct dnnl::impl::cpu::x64::brgemm_deconvolution_fwd_t<32626>::pd_t$brgemm_deconvolution_fwd_t_avx10_2_512,900,900,900.0,900,1
FACTORY_DNNL,REG$CPUEngine$struct dnnl::impl::cpu::x64::brgemm_deconvolution_fwd_t<30577>::pd_t$brgemm_deconvolution_fwd_t_avx512_core_fp16,3200,3200,3200.0,3200,1
FACTORY_DNNL,REG$CPUEngine$struct dnnl::impl::cpu::x64::brgemm_deconvolution_fwd_t<13168>::pd_t$brgemm_deconvolution_fwd_t_avx512_core_bf16,1000,1000,1000.0,1000,1
FACTORY_DNNL,REG$CPUEngine$struct dnnl::impl::cpu::x64::brgemm_deconvolution_fwd_t<4976>::pd_t$brgemm_deconvolution_fwd_t_avx512_core_vnni,1100,1100,1100.0,1100,1
FACTORY_DNNL,REG$CPUEngine$struct dnnl::impl::cpu::x64::brgemm_deconvolution_fwd_t<880>::pd_t$brgemm_deconvolution_fwd_t_avx512_core,1700,1700,1700.0,1700,1
FACTORY_DNNL,REG$CPUEngine$struct dnnl::impl::cpu::x64::jit_avx512_core_x8s8s32x_1x1_deconvolution_fwd_t::pd_t$jit_avx512_core_x8s8s32x_1x1_deconvolution_fwd_t,900,900,900.0,900,1
FACTORY_DNNL,REG$CPUEngine$struct dnnl::impl::cpu::x64::jit_avx512_core_x8s8s32x_deconvolution_fwd_t::pd_t$jit_avx512_core_x8s8s32x_deconvolution_fwd_t,1101,1101,1101.0,1101,1
FACTORY_DNNL,REG$CPUEngine$struct dnnl::impl::cpu::x64::brgemm_deconvolution_fwd_t<3632>::pd_t$brgemm_deconvolution_fwd_t_avx2_vnni_2,1500,1500,1500.0,1500,1
FACTORY_DNNL,REG$CPUEngine$struct dnnl::impl::cpu::x64::brgemm_deconvolution_fwd_t<1584>::pd_t$brgemm_deconvolution_fwd_t_avx2_vnni,900,900,900.0,900,1
FACTORY_DNNL,REG$CPUEngine$struct dnnl::impl::cpu::x64::brgemm_deconvolution_fwd_t<560>::pd_t$brgemm_deconvolution_fwd_t_avx2,2099,2099,2099.0,2099,1
FACTORY_DNNL,REG$CPUEngine$struct dnnl::impl::cpu::x64::jit_uni_x8s8s32x_1x1_deconvolution_fwd_t<560>::pd_t$jit_uni_x8s8s32x_1x1_deconvolution_fwd_t_avx2,1200,1200,1200.0,1200,1
FACTORY_DNNL,REG$CPUEngine$struct dnnl::impl::cpu::x64::jit_uni_x8s8s32x_deconvolution_fwd_t<560>::pd_t$jit_uni_x8s8s32x_deconvolution_fwd_t_avx2,1501,1501,1501.0,1501,1
FACTORY_DNNL,REG$CPUEngine$struct dnnl::impl::cpu::x64::jit_uni_x8s8s32x_1x1_deconvolution_fwd_t<16>::pd_t$jit_uni_x8s8s32x_1x1_deconvolution_fwd_t_sse41,2101,2101,2101.0,2101,1
FACTORY_DNNL,REG$CPUEngine$struct dnnl::impl::cpu::x64::jit_uni_x8s8s32x_deconvolution_fwd_t<16>::pd_t$jit_uni_x8s8s32x_deconvolution_fwd_t_sse41,1100,1100,1100.0,1100,1
FACTORY_DNNL,REG$CPUEngine$struct dnnl::impl::cpu::ref_deconvolution_fwd_t::pd_t$ref_deconvolution_fwd_t,1200,1200,1200.0,1200,1
FACTORY_DNNL,REG$CPUEngine$struct dnnl::impl::cpu::x64::brdgmm_dw_convolution_fwd_t::pd_t$brdgmm_dw_convolution_fwd_t,99,1201,200.0909090909091,2201,11
FACTORY_DNNL,REG$CPUEngine$struct dnnl::impl::cpu::x64::ip_convolution_fwd_t::pd_t$ip_convolution_fwd_t,99,1101,225.0,1800,8
FACTORY_DNNL,REG$CPUEngine$struct dnnl::impl::cpu::x64::brgemm_1x1_convolution_fwd_t<524274>::pd_t$brgemm_1x1_convolution_fwd_t_avx10_2_512_amx_2,99,1101,149.9,2998,20
FACTORY_DNNL,REG$CPUEngine$struct dnnl::impl::cpu::x64::brgemm_convolution_fwd_t<524274>::pd_t$brgemm_convolution_fwd_t_avx10_2_512_amx_2,99,900,153.26666666666668,2299,15
FACTORY_DNNL,REG$CPUEngine$struct dnnl::impl::cpu::x64::brgemm_1x1_convolution_fwd_t<129009>::pd_t$brgemm_1x1_convolution_fwd_t_avx512_core_amx,99,1100,225.125,1801,8
FACTORY_DNNL,REG$CPUEngine$struct dnnl::impl::cpu::x64::brgemm_convolution_fwd_t<129009>::pd_t$brgemm_convolution_fwd_t_avx512_core_amx,99,4000,580.1,5801,10
FACTORY_DNNL,REG$CPUEngine$struct dnnl::impl::cpu::x64::_jit_uni_planar_convolution_fwd_t<880>::pd_t$jit_avx512_common_planar_convolution_fwd_t,1400,1400,1400.0,1400,1
FACTORY_DNNL,REG$CPUEngine$struct dnnl::impl::cpu::x64::brgemm_1x1_convolution_fwd_t<880>::pd_t$brgemm_1x1_convolution_fwd_t_avx512_core,99,1199,191.33333333333334,2296,12
FACTORY_DNNL,REG$CPUEngine$struct dnnl::impl::cpu::x64::brgemm_convolution_fwd_t<880>::pd_t$brgemm_convolution_fwd_t_avx512_core,99,1801,333.55555555555554,3002,9
FACTORY_DNNL,"REG$CPUEngine$struct dnnl::impl::cpu::x64::jit_uni_dw_convolution_fwd_t<880,3,3>::pd_t$jit_avx512_common_dw_convolution_fwd_t",2400,2400,2400.0,2400,1
FACTORY_DNNL,"REG$CPUEngine$struct dnnl::impl::cpu::x64::jit_uni_fork_dw_convolution_fwd_t<880,3,3>::pd_t$jit_avx512_common_fork_dw_convolution_fwd_t",1700,1700,1700.0,1700,1
FACTORY_DNNL,"REG$CPUEngine$struct dnnl::impl::cpu::x64::jit_avx512_common_1x1_convolution_fwd_t<3,3,3>::pd_t$jit_avx512_common_1x1_convolution_fwd_f32_t",1600,1600,1600.0,1600,1
FACTORY_DNNL,"REG$CPUEngine$struct dnnl::impl::cpu::x64::jit_avx512_common_convolution_fwd_t<3,3,3>::pd_t$jit_avx512_common_convolution_fwd_t_f32",1200,1200,1200.0,1200,1
FACTORY_DNNL,REG$CPUEngine$struct dnnl::impl::cpu::x64::_jit_uni_planar_convolution_fwd_t<560>::pd_t$jit_avx2_planar_convolution_fwd_t,2201,2201,2201.0,2201,1
FACTORY_DNNL,"REG$CPUEngine$struct dnnl::impl::cpu::x64::jit_uni_dw_convolution_fwd_t<560,3,3>::pd_t$jit_avx2_dw_convolution_fwd_t",1300,1300,1300.0,1300,1
FACTORY_DNNL,REG$CPUEngine$struct dnnl::impl::cpu::x64::brgemm_1x1_convolution_fwd_t<560>::pd_t$brgemm_1x1_convolution_fwd_t_avx2,99,1101,600.0,1200,2
FACTORY_DNNL,REG$CPUEngine$struct dnnl::impl::cpu::x64::brgemm_convolution_fwd_t<560>::pd_t$brgemm_convolution_fwd_t_avx2,100,1699,633.3333333333334,1900,3
FACTORY_DNNL,"REG$CPUEngine$struct dnnl::impl::cpu::x64::jit_uni_fork_dw_convolution_fwd_t<560,3,3>::pd_t$jit_avx2_fork_dw_convolution_fwd_t",1000,1000,1000.0,1000,1
FACTORY_DNNL,REG$CPUEngine$struct dnnl::impl::cpu::x64::jit_avx2_1x1_convolution_with_dw_conv_fwd_t::pd_t$jit_avx2_1x1_convolution_with_dw_conv_fwd_t,1201,1201,1201.0,1201,1
FACTORY_DNNL,REG$CPUEngine$struct dnnl::impl::cpu::x64::jit_avx2_1x1_convolution_fwd_t::pd_t$jit_avx2_1x1_convolution_fwd_t,1200,1200,1200.0,1200,1
FACTORY_DNNL,"REG$CPUEngine$struct dnnl::impl::cpu::x64::jit_uni_dw_convolution_fwd_t<16,3,3>::pd_t$jit_sse41_dw_convolution_fwd_t",1300,1300,1300.0,1300,1
FACTORY_DNNL,"REG$CPUEngine$struct dnnl::impl::cpu::x64::jit_uni_fork_dw_convolution_fwd_t<16,3,3>::pd_t$jit_sse41_fork_dw_convolution_fwd_t",1199,1199,1199.0,1199,1
FACTORY_DNNL,REG$CPUEngine$struct dnnl::impl::cpu::x64::jit_sse41_1x1_convolution_fwd_t::pd_t$jit_sse41_1x1_convolution_fwd_t,1000,1000,1000.0,1000,1
FACTORY_DNNL,REG$CPUEngine$struct dnnl::impl::cpu::x64::jit_avx2_convolution_fwd_t::pd_t$jit_avx2_convolution_fwd_t,2101,2101,2101.0,2101,1
FACTORY_DNNL,REG$CPUEngine$struct dnnl::impl::cpu::x64::jit_sse41_convolution_fwd_t::pd_t$jit_sse41_convolution_fwd_t,1100,1100,1100.0,1100,1
FACTORY_DNNL,REG$CPUEngine$struct dnnl::impl::cpu::gemm_convolution_fwd_t::pd_t$gemm_convolution_fwd_t,1000,1000,1000.0,1000,1
FACTORY_DNNL,REG$CPUEngine$struct dnnl::impl::cpu::ref_convolution_fwd_t::pd_t$ref_convolution_fwd_t,99,1200,158.10526315789474,3004,19
FACTORY_DNNL,REG$CPUEngine$struct dnnl::impl::cpu::ref_fused_convolution_fwd_t::pd_t$ref_fused_convolution_fwd_t,99,1199,283.1666666666667,1699,6
FACTORY_DNNL,REG$CPUEngine$struct dnnl::impl::cpu::x64::jit_avx512_core_amx_1x1_convolution_fwd_t::pd_t$jit_avx512_core_amx_1x1_convolution_fwd_t,99,1200,208.9090909090909,2298,11
FACTORY_DNNL,REG$CPUEngine$struct dnnl::impl::cpu::x64::jit_avx512_core_amx_convolution_fwd_t::pd_t$jit_avx512_core_amx_convolution_fwd_t,99,1500,400.0,3600,9
FACTORY_DNNL,REG$CPUEngine$struct dnnl::impl::cpu::x64::brgemm_1x1_convolution_fwd_t<13168>::pd_t$brgemm_1x1_convolution_fwd_t_avx512_core_bf16,100,1200,650.0,1300,2
FACTORY_DNNL,REG$CPUEngine$struct dnnl::impl::cpu::x64::brgemm_convolution_fwd_t<13168>::pd_t$brgemm_convolution_fwd_t_avx512_core_bf16,1801,1801,1801.0,1801,1
FACTORY_DNNL,"REG$CPUEngine$struct dnnl::impl::cpu::x64::jit_uni_dw_convolution_fwd_t<880,2,3>::pd_t$jit_uni_dw_convolution_fwd_t_avx512_core_bf16_f32",1400,1400,1400.0,1400,1
FACTORY_DNNL,"REG$CPUEngine$struct dnnl::impl::cpu::x64::jit_uni_fork_dw_convolution_fwd_t<880,2,3>::pd_t$jit_uni_fork_dw_convolution_fwd_t_avx512_core_bf16_f32",1299,1299,1299.0,1299,1
FACTORY_DNNL,REG$CPUEngine$struct dnnl::impl::cpu::x64::jit_avx512_core_bf16_1x1_convolution_fwd_t<3>::pd_t$jit_avx512_core_bf16_1x1_convolution_fwd_t_f32,1499,1499,1499.0,1499,1
FACTORY_DNNL,REG$CPUEngine$struct dnnl::impl::cpu::x64::jit_avx512_core_bf16_convolution_fwd_t::pd_t$jit_avx512_core_bf16_convolution_fwd_t,100,999,549.5,1099,2
FACTORY_DNNL,REG$CPUEngine$struct dnnl::impl::cpu::x64::gemm_bf16_convolution_fwd_t<3>::pd_t$gemm_bf16_convolution_fwd_t_f32,1099,1099,1099.0,1099,1
FACTORY_DNNL,REG$CPUEngine$struct dnnl::impl::cpu::x64::brgemm_1x1_convolution_fwd_t<3632>::pd_t$brgemm_1x1_convolution_fwd_t_avx2_vnni_2,99,2199,379.7,3797,10
FACTORY_DNNL,REG$CPUEngine$struct dnnl::impl::cpu::x64::brgemm_convolution_fwd_t<3632>::pd_t$brgemm_convolution_fwd_t_avx2_vnni_2,99,800,177.88888888888889,1601,9
FACTORY_DNNL,"REG$CPUEngine$struct dnnl::impl::cpu::x64::jit_uni_dw_convolution_fwd_t<880,2,2>::pd_t$jit_uni_dw_convolution_fwd_t_avx512_core_bf16_bf16",899,899,899.0,899,1
FACTORY_DNNL,"REG$CPUEngine$struct dnnl::impl::cpu::x64::jit_uni_fork_dw_convolution_fwd_t<880,2,2>::pd_t$jit_uni_fork_dw_convolution_fwd_t_avx512_core_bf16_bf16",2001,2001,2001.0,2001,1
FACTORY_DNNL,REG$CPUEngine$struct dnnl::impl::cpu::x64::jit_avx512_core_bf16_1x1_convolution_fwd_t<2>::pd_t$jit_avx512_core_bf16_1x1_convolution_fwd_t_bf16,1099,1099,1099.0,1099,1
FACTORY_DNNL,REG$CPUEngine$struct dnnl::impl::cpu::x64::gemm_bf16_convolution_fwd_t<2>::pd_t$gemm_bf16_convolution_fwd_t_bf16,999,999,999.0,999,1
FACTORY_DNNL,"REG$CPUEngine$struct dnnl::impl::cpu::x64::jit_uni_dw_convolution_fwd_t<30577,1,3>::pd_t$jit_uni_dw_convolution_fwd_t_avx512_core_fp16_f16_f32",999,999,999.0,999,1
FACTORY_DNNL,REG$CPUEngine$struct dnnl::impl::cpu::x64::brgemm_1x1_convolution_fwd_t<260081>::pd_t$brgemm_1x1_convolution_fwd_t_avx512_core_amx_fp16,101,899,500.0,1000,2
FACTORY_DNNL,REG$CPUEngine$struct dnnl::impl::cpu::x64::brgemm_convolution_fwd_t<260081>::pd_t$brgemm_convolution_fwd_t_avx512_core_amx_fp16,1099,1099,1099.0,1099,1
FACTORY_DNNL,REG$CPUEngine$struct dnnl::impl::cpu::x64::brgemm_1x1_convolution_fwd_t<32626>::pd_t$brgemm_1x1_convolution_fwd_t_avx10_2_512,99,4601,417.5882352941176,7099,17
FACTORY_DNNL,REG$CPUEngine$struct dnnl::impl::cpu::x64::brgemm_convolution_fwd_t<32626>::pd_t$brgemm_convolution_fwd_t_avx10_2_512,100,1501,193.66666666666666,2905,15
FACTORY_DNNL,REG$CPUEngine$struct dnnl::impl::cpu::x64::brgemm_1x1_convolution_fwd_t<30577>::pd_t$brgemm_1x1_convolution_fwd_t_avx512_core_fp16,99,1199,649.0,1298,2
FACTORY_DNNL,REG$CPUEngine$struct dnnl::impl::cpu::x64::brgemm_convolution_fwd_t<30577>::pd_t$brgemm_convolution_fwd_t_avx512_core_fp16,1601,1601,1601.0,1601,1
FACTORY_DNNL,"REG$CPUEngine$struct dnnl::impl::cpu::x64::jit_uni_dw_convolution_fwd_t<30577,1,1>::pd_t$jit_uni_dw_convolution_fwd_t_avx512_core_fp16_f16_f16",1201,1201,1201.0,1201,1
FACTORY_DNNL,REG$CPUEngine$struct dnnl::impl::cpu::x64::brgemm_1x1_convolution_fwd_t<260081>::pd_t$brgemm_1x1_convolution_fwd_t_avx10_1_512_amx_fp16,99,1100,162.5,2600,16
FACTORY_DNNL,REG$CPUEngine$struct dnnl::impl::cpu::x64::brgemm_convolution_fwd_t<260081>::pd_t$brgemm_convolution_fwd_t_avx10_1_512_amx_fp16,99,900,156.85714285714286,2196,14
FACTORY_DNNL,REG$CPUEngine$struct dnnl::impl::cpu::x64::ip_convolution_bwd_data_t::pd_t$ip_convolution_bwd_data_t,100,900,349.75,1399,4
FACTORY_DNNL,REG$CPUEngine$struct dnnl::impl::cpu::x64::brgemm_convolution_bwd_t<524274>::pd_t$brgemm_convolution_bwd_t_avx10_2_512_amx_2,99,1099,176.84615384615384,2299,13
FACTORY_DNNL,REG$CPUEngine$struct dnnl::impl::cpu::x64::brgemm_convolution_bwd_t<129009>::pd_t$brgemm_convolution_bwd_t_avx512_core_amx,99,900,499.5,999,2
FACTORY_DNNL,REG$CPUEngine$struct dnnl::impl::cpu::x64::brgemm_convolution_bwd_strided_t<524274>::pd_t$brgemm_convolution_bwd_strided_t_avx10_2_512_amx_2,100,1000,162.75,2604,16
FACTORY_DNNL,REG$CPUEngine$struct dnnl::impl::cpu::x64::brgemm_convolution_bwd_t<880>::pd_t$brgemm_convolution_bwd_t_avx512_core,1700,1700,1700.0,1700,1
FACTORY_DNNL,REG$CPUEngine$struct dnnl::impl::cpu::x64::brgemm_convolution_bwd_strided_t<880>::pd_t$brgemm_convolution_bwd_strided_t_avx512_core,99,1400,230.0,2300,10
FACTORY_DNNL,"REG$CPUEngine$struct dnnl::impl::cpu::x64::jit_uni_dw_convolution_bwd_data_t<880,3,3>::pd_t$jit_avx512_common_dw_convolution_bwd_data_t",1101,1101,1101.0,1101,1
FACTORY_DNNL,"REG$CPUEngine$struct dnnl::impl::cpu::x64::jit_uni_fork_dw_convolution_bwd_data_t<880,3,3>::pd_t$jit_avx512_common_fork_dw_convolution_bwd_data_t",3600,3600,3600.0,3600,1
FACTORY_DNNL,"REG$CPUEngine$struct dnnl::impl::cpu::x64::jit_avx512_common_1x1_convolution_bwd_data_t<3,3,3>::pd_t$jit_avx512_common_1x1_convolution_bwd_data_f32_t",1300,1300,1300.0,1300,1
FACTORY_DNNL,"REG$CPUEngine$struct dnnl::impl::cpu::x64::jit_avx512_common_convolution_bwd_data_t<3,3,3>::pd_t$jit_avx512_common_convolution_bwd_data_t_f32",1101,1101,1101.0,1101,1
FACTORY_DNNL,REG$CPUEngine$struct dnnl::impl::cpu::x64::brgemm_convolution_bwd_t<560>::pd_t$brgemm_convolution_bwd_t_avx2,1201,1201,1201.0,1201,1
FACTORY_DNNL,REG$CPUEngine$struct dnnl::impl::cpu::x64::brgemm_convolution_bwd_strided_t<560>::pd_t$brgemm_convolution_bwd_strided_t_avx2,1300,1300,1300.0,1300,1
FACTORY_DNNL,"REG$CPUEngine$struct dnnl::impl::cpu::x64::jit_uni_dw_convolution_bwd_data_t<560,3,3>::pd_t$jit_avx2_dw_convolution_bwd_data_t",1801,1801,1801.0,1801,1
FACTORY_DNNL,"REG$CPUEngine$struct dnnl::impl::cpu::x64::jit_uni_fork_dw_convolution_bwd_data_t<560,3,3>::pd_t$jit_avx2_fork_dw_convolution_bwd_data_t",1201,1201,1201.0,1201,1
FACTORY_DNNL,REG$CPUEngine$struct dnnl::impl::cpu::x64::jit_avx2_1x1_convolution_bwd_data_t::pd_t$jit_avx2_1x1_convolution_bwd_data_t,1201,1201,1201.0,1201,1
FACTORY_DNNL,"REG$CPUEngine$struct dnnl::impl::cpu::x64::jit_uni_fork_dw_convolution_bwd_data_t<16,3,3>::pd_t$jit_sse41_fork_dw_convolution_bwd_data_t",1801,1801,1801.0,1801,1
FACTORY_DNNL,REG$CPUEngine$struct dnnl::impl::cpu::x64::jit_avx2_convolution_bwd_data_t::pd_t$jit_avx2_convolution_bwd_data_t,1801,1801,1801.0,1801,1
FACTORY_DNNL,REG$CPUEngine$struct dnnl::impl::cpu::gemm_convolution_bwd_data_t::pd_t$gemm_convolution_bwd_data_t,1600,1600,1600.0,1600,1
FACTORY_DNNL,REG$CPUEngine$struct dnnl::impl::cpu::ref_convolution_bwd_data_t::pd_t$ref_convolution_bwd_data_t,99,6799,500.1578947368421,9503,19
FACTORY_DNNL,REG$CPUEngine$struct dnnl::impl::cpu::x64::brgemm_convolution_bwd_strided_t<129009>::pd_t$brgemm_convolution_bwd_strided_t_avx512_core_amx,99,8400,1483.1666666666667,8899,6
FACTORY_DNNL,REG$CPUEngine$struct dnnl::impl::cpu::x64::jit_avx512_core_amx_convolution_bwd_data_t::pd_t$jit_avx512_core_amx_convolution_bwd_data_t,99,800,275.0,1100,4
FACTORY_DNNL,REG$CPUEngine$struct dnnl::impl::cpu::x64::brgemm_convolution_bwd_t<13168>::pd_t$brgemm_convolution_bwd_t_avx512_core_bf16,101,1500,800.5,1601,2
FACTORY_DNNL,REG$CPUEngine$struct dnnl::impl::cpu::x64::brgemm_convolution_bwd_strided_t<13168>::pd_t$brgemm_convolution_bwd_strided_t_avx512_core_bf16,1000,1000,1000.0,1000,1
FACTORY_DNNL,"REG$CPUEngine$struct dnnl::impl::cpu::x64::jit_uni_dw_convolution_bwd_data_t<880,2,3>::pd_t$jit_uni_dw_convolution_bwd_data_t_avx512_core_bf16_f32",1400,1400,1400.0,1400,1
FACTORY_DNNL,"REG$CPUEngine$struct dnnl::impl::cpu::x64::jit_uni_fork_dw_convolution_bwd_data_t<880,2,3>::pd_t$jit_uni_fork_dw_convolution_bwd_data_t_avx512_core_bf16_f32",1500,1500,1500.0,1500,1
FACTORY_DNNL,REG$CPUEngine$struct dnnl::impl::cpu::x64::jit_avx512_core_bf16_1x1_convolution_bwd_data_t<3>::pd_t$jit_avx512_core_bf16_1x1_convolution_bwd_data_t_f32,1200,1200,1200.0,1200,1
FACTORY_DNNL,REG$CPUEngine$struct dnnl::impl::cpu::x64::jit_avx512_core_bf16_convolution_bwd_data_t::pd_t$jit_avx512_core_bf16_convolution_bwd_data_t,1100,1100,1100.0,1100,1
FACTORY_DNNL,REG$CPUEngine$struct dnnl::impl::cpu::x64::gemm_bf16_convolution_bwd_data_t<3>::pd_t$gemm_bf16_convolution_bwd_data_t_f32,901,901,901.0,901,1
FACTORY_DNNL,REG$CPUEngine$struct dnnl::impl::cpu::x64::brgemm_convolution_bwd_t<3632>::pd_t$brgemm_convolution_bwd_t_avx2_vnni_2,100,1000,325.5,1302,4
FACTORY_DNNL,REG$CPUEngine$struct dnnl::impl::cpu::x64::brgemm_convolution_bwd_strided_t<3632>::pd_t$brgemm_convolution_bwd_strided_t_avx2_vnni_2,99,1200,209.7,2097,10
FACTORY_DNNL,"REG$CPUEngine$struct dnnl::impl::cpu::x64::jit_uni_dw_convolution_bwd_data_t<880,2,2>::pd_t$jit_uni_dw_convolution_bwd_data_t_avx512_core_bf16_bf16",1900,1900,1900.0,1900,1
FACTORY_DNNL,"REG$CPUEngine$struct dnnl::impl::cpu::x64::jit_uni_fork_dw_convolution_bwd_data_t<880,2,2>::pd_t$jit_uni_fork_dw_convolution_bwd_data_t_avx512_core_bf16_bf16",1300,1300,1300.0,1300,1
FACTORY_DNNL,REG$CPUEngine$struct dnnl::impl::cpu::x64::jit_avx512_core_bf16_1x1_convolution_bwd_data_t<2>::pd_t$jit_avx512_core_bf16_1x1_convolution_bwd_data_t_bf16,1699,1699,1699.0,1699,1
FACTORY_DNNL,REG$CPUEngine$struct dnnl::impl::cpu::x64::gemm_bf16_convolution_bwd_data_t<2>::pd_t$gemm_bf16_convolution_bwd_data_t_bf16,1201,1201,1201.0,1201,1
FACTORY_DNNL,REG$CPUEngine$struct dnnl::impl::cpu::x64::brgemm_convolution_bwd_t<260081>::pd_t$brgemm_convolution_bwd_t_avx512_core_amx_fp16,101,1400,750.5,1501,2
FACTORY_DNNL,REG$CPUEngine$struct dnnl::impl::cpu::x64::brgemm_convolution_bwd_strided_t<260081>::pd_t$brgemm_convolution_bwd_strided_t_avx512_core_amx_fp16,100,1300,700.0,1400,2
FACTORY_DNNL,REG$CPUEngine$struct dnnl::impl::cpu::x64::brgemm_convolution_bwd_t<32626>::pd_t$brgemm_convolution_bwd_t_avx10_2_512,99,1101,177.07692307692307,2302,13
FACTORY_DNNL,REG$CPUEngine$struct dnnl::impl::cpu::x64::brgemm_convolution_bwd_strided_t<32626>::pd_t$brgemm_convolution_bwd_strided_t_avx10_2_512,99,1100,176.92307692307693,2300,13
FACTORY_DNNL,REG$CPUEngine$struct dnnl::impl::cpu::x64::brgemm_convolution_bwd_t<30577>::pd_t$brgemm_convolution_bwd_t_avx512_core_fp16,101,1400,750.5,1501,2
FACTORY_DNNL,REG$CPUEngine$struct dnnl::impl::cpu::x64::brgemm_convolution_bwd_strided_t<30577>::pd_t$brgemm_convolution_bwd_strided_t_avx512_core_fp16,100,1201,650.5,1301,2
FACTORY_DNNL,REG$CPUEngine$struct dnnl::impl::cpu::x64::brgemm_convolution_bwd_t<260081>::pd_t$brgemm_convolution_bwd_t_avx10_1_512_amx_fp16,99,1000,184.69230769230768,2401,13
FACTORY_DNNL,REG$CPUEngine$struct dnnl::impl::cpu::x64::brgemm_convolution_bwd_strided_t<260081>::pd_t$brgemm_convolution_bwd_strided_t_avx10_1_512_amx_fp16,99,2400,277.0769230769231,3602,13
FACTORY_DNNL,REG$CPUEngine$struct dnnl::impl::cpu::x64::brgemm_1x1_convolution_fwd_t<4976>::pd_t$brgemm_1x1_convolution_fwd_t_avx512_core_vnni,99,2000,311.22222222222223,2801,9
FACTORY_DNNL,REG$CPUEngine$struct dnnl::impl::cpu::x64::brgemm_convolution_fwd_t<4976>::pd_t$brgemm_convolution_fwd_t_avx512_core_vnni,99,1201,257.2857142857143,1801,7
FACTORY_DNNL,REG$CPUEngine$struct dnnl::impl::cpu::x64::jit_avx512_core_x8s8s32x_1x1_convolution_fwd_t::pd_t$jit_avx512_core_x8s8s32x_1x1_convolution_fwd_t,99,1299,233.22222222222223,2099,9
FACTORY_DNNL,REG$CPUEngine$struct dnnl::impl::cpu::x64::jit_avx512_core_x8s8s32x_convolution_fwd_t::pd_t$jit_avx512_core_x8s8s32x_convolution_fwd_t,99,1300,300.1666666666667,1801,6
FACTORY_DNNL,REG$CPUEngine$struct dnnl::impl::cpu::x64::brgemm_1x1_convolution_fwd_t<1584>::pd_t$brgemm_1x1_convolution_fwd_t_avx2_vnni,99,899,259.8,1299,5
FACTORY_DNNL,REG$CPUEngine$struct dnnl::impl::cpu::x64::brgemm_convolution_fwd_t<1584>::pd_t$brgemm_convolution_fwd_t_avx2_vnni,100,1099,300.2,1501,5
FACTORY_DNNL,REG$CPUEngine$struct dnnl::impl::cpu::x64::jit_uni_x8s8s32x_1x1_convolution_fwd_t<560>::pd_t$jit_uni_x8s8s32x_1x1_convolution_fwd_t_avx2,99,900,233.33333333333334,1400,6
FACTORY_DNNL,REG$CPUEngine$struct dnnl::impl::cpu::x64::jit_uni_x8s8s32x_convolution_fwd_t<560>::pd_t$jit_uni_x8s8s32x_convolution_fwd_t_avx2,99,1099,242.71428571428572,1699,7
FACTORY_DNNL,REG$CPUEngine$struct dnnl::impl::cpu::x64::jit_uni_x8s8s32x_1x1_convolution_fwd_t<16>::pd_t$jit_uni_x8s8s32x_1x1_convolution_fwd_t_sse41,100,1500,380.4,1902,5
FACTORY_DNNL,REG$CPUEngine$struct dnnl::impl::cpu::x64::jit_uni_x8s8s32x_convolution_fwd_t<16>::pd_t$jit_uni_x8s8s32x_convolution_fwd_t_sse41,100,1801,343.2857142857143,2403,7
FACTORY_DNNL,REG$CPUEngine$struct dnnl::impl::cpu::gemm_x8s8s32x_convolution_fwd_t::pd_t$gemm_x8s8s32x_convolution_fwd_t,99,2101,433.55555555555554,3902,9
FACTORY_DNNL,REG$CPUEngine$struct dnnl::impl::cpu::ref_convolution_int8_fwd_t::pd_t$ref_convolution_int8_fwd_t,99,1301,299.8333333333333,1799,6
FACTORY_DNNL,REG$CPUEngine$struct dnnl::impl::cpu::x64::brgemm_convolution_bwd_strided_t<4976>::pd_t$brgemm_convolution_bwd_strided_t_avx512_core_vnni,100,1700,420.0,2100,5
FACTORY_DNNL,REG$CPUEngine$struct dnnl::impl::cpu::x64::brgemm_convolution_bwd_strided_t<1584>::pd_t$brgemm_convolution_bwd_strided_t_avx2_vnni,99,1300,399.75,1599,4
FACTORY_DNNL,REG$CPUEngine$struct dnnl::impl::cpu::gemm_x8s8s32x_convolution_bwd_data_t::pd_t$gemm_x8s8s32x_convolution_bwd_data_t,101,1100,434.0,1302,3
FACTORY_DNNL,REG$CPUEngine$struct dnnl::impl::cpu::ref_convolution_int8_bwd_data_t::pd_t$ref_convolution_int8_bwd_data_t,99,1300,300.0,1800,6
FACTORY_DNNL,"REG$CPUEngine$struct dnnl::impl::cpu::simple_reorder_t<3,1,14,1,1,struct dnnl::impl::cpu::spec::reference>::pd_t$simple_reorder_t_f32_any_f4_e2m1_any_fmt_order::any_spec::reference",3500,3500,3500.0,3500,1
FACTORY_DNNL,"REG$CPUEngine$struct dnnl::impl::cpu::simple_reorder_t<14,1,3,1,1,struct dnnl::impl::cpu::spec::reference>::pd_t$simple_reorder_t_f4_e2m1_any_f32_any_fmt_order::any_spec::reference",3100,3100,3100.0,3100,1
FACTORY_DNNL,"REG$CPUEngine$struct dnnl::impl::cpu::simple_reorder_t<14,1,14,722,1,void>::pd_t$simple_reorder_t_f4_e2m1_any_f4_e2m1_OI8i8o2i_fmt_order_keep",1701,1701,1701.0,1701,1
FACTORY_DNNL,"REG$CPUEngine$struct dnnl::impl::cpu::simple_reorder_t<14,1,14,243,1,void>::pd_t$simple_reorder_t_f4_e2m1_any_f4_e2m1_OI8i16o2i_fmt_order_keep",1100,1100,1100.0,1100,1
FACTORY_DNNL,"REG$CPUEngine$struct dnnl::impl::cpu::simple_reorder_t<14,1,14,718,1,void>::pd_t$simple_reorder_t_f4_e2m1_any_f4_e2m1_OI8i24o2i_fmt_order_keep",1700,1700,1700.0,1700,1
FACTORY_DNNL,"REG$CPUEngine$struct dnnl::impl::cpu::simple_reorder_t<14,1,14,244,1,void>::pd_t$simple_reorder_t_f4_e2m1_any_f4_e2m1_OI8i32o2i_fmt_order_keep",1400,1400,1400.0,1400,1
FACTORY_DNNL,"REG$CPUEngine$struct dnnl::impl::cpu::simple_reorder_t<14,1,14,245,1,void>::pd_t$simple_reorder_t_f4_e2m1_any_f4_e2m1_OI8i64o2i_fmt_order_keep",1001,1001,1001.0,1001,1
FACTORY_DNNL,"REG$CPUEngine$struct dnnl::impl::cpu::simple_reorder_t<14,1,14,348,1,void>::pd_t$simple_reorder_t_f4_e2m1_any_f4_e2m1_OI16i16o2i_fmt_order_keep",1701,1701,1701.0,1701,1
FACTORY_DNNL,"REG$CPUEngine$struct dnnl::impl::cpu::simple_reorder_t<14,1,14,349,1,void>::pd_t$simple_reorder_t_f4_e2m1_any_f4_e2m1_OI16i32o2i_fmt_order_keep",1800,1800,1800.0,1800,1
FACTORY_DNNL,"REG$CPUEngine$struct dnnl::impl::cpu::simple_reorder_t<14,1,14,350,1,void>::pd_t$simple_reorder_t_f4_e2m1_any_f4_e2m1_OI16i48o2i_fmt_order_keep",1400,1400,1400.0,1400,1
FACTORY_DNNL,"REG$CPUEngine$struct dnnl::impl::cpu::simple_reorder_t<14,1,14,351,1,void>::pd_t$simple_reorder_t_f4_e2m1_any_f4_e2m1_OI16i64o2i_fmt_order_keep",1500,1500,1500.0,1500,1
FACTORY_DNNL,"REG$CPUEngine$struct dnnl::impl::cpu::simple_reorder_t<3,1,15,1,1,struct dnnl::impl::cpu::spec::reference>::pd_t$simple_reorder_t_f32_any_f4_e3m0_any_fmt_order::any_spec::reference",1000,1000,1000.0,1000,1
FACTORY_DNNL,"REG$CPUEngine$struct dnnl::impl::cpu::simple_reorder_t<15,1,3,1,1,struct dnnl::impl::cpu::spec::reference>::pd_t$simple_reorder_t_f4_e3m0_any_f32_any_fmt_order::any_spec::reference",1401,1401,1401.0,1401,1
FACTORY_DNNL,"REG$CPUEngine$struct dnnl::impl::cpu::simple_reorder_t<3,1,13,1,1,struct dnnl::impl::cpu::spec::reference>::pd_t$simple_reorder_t_f32_any_e8m0_any_fmt_order::any_spec::reference",1300,1300,1300.0,1300,1
FACTORY_DNNL,REG$CPUEngine$struct dnnl::impl::cpu::x64::jit_uni_reorder_direct_copy_t::pd_t$x64::jit_uni_reorder_direct_copy_t,99,1200,191.83333333333334,2302,12
FACTORY_DNNL,REG$CPUEngine$struct dnnl::impl::cpu::x64::jit_blk_reorder_t::pd_t$x64::jit_blk_reorder_t,100,1500,566.6666666666666,1700,3
FACTORY_DNNL,REG$CPUEngine$struct dnnl::impl::cpu::x64::jit_uni_reorder_t::pd_t$x64::jit_uni_reorder_t,101,1000,400.6666666666667,1202,3
FACTORY_DNNL,"REG$CPUEngine$struct dnnl::impl::cpu::simple_reorder_t<3,1,9,1,1,struct dnnl::impl::cpu::spec::reference>::pd_t$simple_reorder_t_f32_any_f8_e5m2_any_fmt_order::any_spec::reference",1299,1299,1299.0,1299,1
FACTORY_DNNL,"REG$CPUEngine$struct dnnl::impl::cpu::simple_reorder_t<3,1,10,1,1,struct dnnl::impl::cpu::spec::reference>::pd_t$simple_reorder_t_f32_any_f8_e4m3_any_fmt_order::any_spec::reference",1500,1500,1500.0,1500,1
FACTORY_DNNL,"REG$CPUEngine$struct dnnl::impl::cpu::rnn_weights_reorder_t<3,2>::pd_t$rnn_weights_reorder_t_f32_bf16",1000,1000,1000.0,1000,1
FACTORY_DNNL,REG$CPUEngine$struct dnnl::impl::cpu::x64::jit_blk_reorder_t::pd_t$x64_jit_blk_reorder_t,99,2500,299.9166666666667,3599,12
FACTORY_DNNL,REG$CPUEngine$struct dnnl::impl::cpu::x64::jit_uni_reorder_t::pd_t$x64_jit_uni_reorder_t,99,1599,287.375,2299,8
FACTORY_DNNL,"REG$CPUEngine$struct dnnl::impl::cpu::simple_reorder_t<3,1,2,1,1,struct dnnl::impl::cpu::spec::reference>::pd_t$simple_reorder_t_f32_any_bf16_any_fmt_order_any_spec_reference",1301,1301,1301.0,1301,1
FACTORY_DNNL,"REG$CPUEngine$struct dnnl::impl::cpu::simple_reorder_t<3,1,1,1,1,struct dnnl::impl::cpu::spec::reference>::pd_t$simple_reorder_t_f32_any_f16_any_fmt_order::any_spec::reference",1301,1301,1301.0,1301,1
FACTORY_DNNL,REG$CPUEngine$struct dnnl::impl::cpu::x64::brgemm_matmul_copy_reorder_t::pd_t$x64_brgemm_matmul_copy_reorder_t,99,1101,243.14285714285714,1702,7
FACTORY_DNNL,REG$CPUEngine$struct dnnl::impl::cpu::x64::jit_uni_reorder_direct_copy_t::pd_t$x64_jit_uni_reorder_direct_copy_t,99,1300,399.75,1599,4
FACTORY_DNNL,"REG$CPUEngine$struct dnnl::impl::cpu::simple_reorder_t<3,1,3,1,1,struct dnnl::impl::cpu::spec::reference>::pd_t$simple_reorder_t_f32_any_f32_any_fmt_order_any_spec::reference",1200,1200,1200.0,1200,1
FACTORY_DNNL,"REG$CPUEngine$struct dnnl::impl::cpu::simple_reorder_t<3,1,3,1,1,struct dnnl::impl::cpu::spec::reference>::pd_t$simple_reorder_t_f32_any_f32_any_fmt_order_any_spec_reference",1400,1400,1400.0,1400,1
FACTORY_DNNL,"REG$CPUEngine$struct dnnl::impl::cpu::rnn_weights_reorder_t<3,3>::pd_t$rnn_weights_reorder_t_f32_f32",1200,1200,1200.0,1200,1
FACTORY_DNNL,"REG$CPUEngine$struct dnnl::impl::cpu::simple_reorder_t<3,1,4,1,1,struct dnnl::impl::cpu::spec::reference>::pd_t$simple_reorder_t_f32_any_s32_any_fmt_order_any_spec_reference",1400,1400,1400.0,1400,1
FACTORY_DNNL,"REG$CPUEngine$struct dnnl::impl::cpu::rnn_data_reorder_t<3,5>::pd_t$rnn_data_reorder_t_f32_s8",1201,1201,1201.0,1201,1
FACTORY_DNNL,REG$CPUEngine$struct dnnl::impl::cpu::rnn_weights_reorder_s8_t<3>::pd_t$rnn_weights_reorder_s8_t_f32,1301,1301,1301.0,1301,1
FACTORY_DNNL,"REG$CPUEngine$struct dnnl::impl::cpu::rnn_brgemm_weights_reorder_s8_t<3,5>::pd_t$rnn_brgemm_weights_reorder_s8_t_f32_s8",900,900,900.0,900,1
FACTORY_DNNL,"REG$CPUEngine$struct dnnl::impl::cpu::simple_reorder_t<3,1,5,1,1,struct dnnl::impl::cpu::spec::reference>::pd_t$simple_reorder_t_f32_any_s8_any_fmt_order_any_spec_reference",1199,1199,1199.0,1199,1
FACTORY_DNNL,"REG$CPUEngine$struct dnnl::impl::cpu::simple_sparse_reorder_v0_t<3,3,5,347,1,struct dnnl::impl::cpu::sparse_spec::reference>::pd_t$simple_sparse_reorder_v0_t_f32_format_tag::oi_s8_OI16i64o4i_sparse_inputs_order::keep_sparse_spec::reference",1900,1900,1900.0,1900,1
FACTORY_DNNL,"REG$CPUEngine$struct dnnl::impl::cpu::simple_sparse_reorder_v0_t<3,14,5,347,1,struct dnnl::impl::cpu::sparse_spec::reference>::pd_t$simple_sparse_reorder_v0_t_f32_format_tag::io_s8_OI16i64o4i_sparse_inputs_order::keep_sparse_spec::reference",1499,1499,1499.0,1499,1
FACTORY_DNNL,"REG$CPUEngine$struct dnnl::impl::cpu::simple_sparse_reorder_t<3,enum dnnl_format_tag_t,1,5,enum dnnl_format_tag_t,1,void>::pd_t$simple_sparse_reorder_t_f32_impl::format_tag_t_any_s8_impl::format_tag_t_any",2099,2099,2099.0,2099,1
FACTORY_DNNL,"REG$CPUEngine$struct dnnl::impl::cpu::rnn_data_reorder_t<3,6>::pd_t$rnn_data_reorder_t_f32_u8",1501,1501,1501.0,1501,1
FACTORY_DNNL,"REG$CPUEngine$struct dnnl::impl::cpu::simple_reorder_t<3,1,6,1,1,struct dnnl::impl::cpu::spec::reference>::pd_t$simple_reorder_t_f32_any_u8_any_fmt_order_any_spec_reference",1500,1500,1500.0,1500,1
FACTORY_DNNL,"REG$CPUEngine$struct dnnl::impl::cpu::simple_reorder_t<9,1,9,1,1,struct dnnl::impl::cpu::spec::reference>::pd_t$simple_reorder_t_f8_e5m2_any_f8_e5m2_any_fmt_order::any_spec::reference",999,999,999.0,999,1
FACTORY_DNNL,"REG$CPUEngine$struct dnnl::impl::cpu::simple_reorder_t<9,1,1,1,1,struct dnnl::impl::cpu::spec::reference>::pd_t$simple_reorder_t_f8_e5m2_any_f16_any_fmt_order::any_spec::reference",1199,1199,1199.0,1199,1
FACTORY_DNNL,"REG$CPUEngine$struct dnnl::impl::cpu::simple_reorder_t<9,1,2,1,1,struct dnnl::impl::cpu::spec::reference>::pd_t$simple_reorder_t_f8_e5m2_any_bf16_any_fmt_order::any_spec::reference",1200,1200,1200.0,1200,1
FACTORY_DNNL,"REG$CPUEngine$struct dnnl::impl::cpu::simple_reorder_t<9,1,3,1,1,struct dnnl::impl::cpu::spec::reference>::pd_t$simple_reorder_t_f8_e5m2_any_f32_any_fmt_order::any_spec::reference",1299,1299,1299.0,1299,1
FACTORY_DNNL,"REG$CPUEngine$struct dnnl::impl::cpu::simple_reorder_t<10,1,10,1,1,struct dnnl::impl::cpu::spec::reference>::pd_t$simple_reorder_t_f8_e4m3_any_f8_e4m3_any_fmt_order::any_spec::reference",1400,1400,1400.0,1400,1
FACTORY_DNNL,"REG$CPUEngine$struct dnnl::impl::cpu::simple_reorder_t<10,1,1,1,1,struct dnnl::impl::cpu::spec::reference>::pd_t$simple_reorder_t_f8_e4m3_any_f16_any_fmt_order::any_spec::reference",1401,1401,1401.0,1401,1
FACTORY_DNNL,"REG$CPUEngine$struct dnnl::impl::cpu::simple_reorder_t<10,1,2,1,1,struct dnnl::impl::cpu::spec::reference>::pd_t$simple_reorder_t_f8_e4m3_any_bf16_any_fmt_order::any_spec::reference",1400,1400,1400.0,1400,1
FACTORY_DNNL,"REG$CPUEngine$struct dnnl::impl::cpu::simple_reorder_t<10,1,3,1,1,struct dnnl::impl::cpu::spec::reference>::pd_t$simple_reorder_t_f8_e4m3_any_f32_any_fmt_order::any_spec::reference",1099,1099,1099.0,1099,1
FACTORY_DNNL,"REG$CPUEngine$struct dnnl::impl::cpu::simple_reorder_t<13,1,13,1,1,struct dnnl::impl::cpu::spec::reference>::pd_t$simple_reorder_t_e8m0_any_e8m0_any_fmt_order::any_spec::reference",1600,1600,1600.0,1600,1
FACTORY_DNNL,"REG$CPUEngine$struct dnnl::impl::cpu::simple_reorder_t<3,5,17,22,1,void>::pd_t$simple_reorder_t_f32_nchw_bin_nhwc_fmt_order_keep",1800,1800,1800.0,1800,1
FACTORY_DNNL,"REG$CPUEngine$struct dnnl::impl::cpu::simple_reorder_t<3,5,17,22,0,void>::pd_t$simple_reorder_t_f32_nchw_bin_nhwc_fmt_order_reverse",1799,1799,1799.0,1799,1
FACTORY_DNNL,"REG$CPUEngine$struct dnnl::impl::cpu::simple_reorder_t<3,22,17,22,1,void>::pd_t$simple_reorder_t_f32_nhwc_bin_nhwc_fmt_order_keep",1400,1400,1400.0,1400,1
FACTORY_DNNL,"REG$CPUEngine$struct dnnl::impl::cpu::simple_reorder_t<3,22,17,22,0,void>::pd_t$simple_reorder_t_f32_nhwc_bin_nhwc_fmt_order_reverse",1600,1600,1600.0,1600,1
FACTORY_DNNL,"REG$CPUEngine$struct dnnl::impl::cpu::rnn_weights_reorder_t<2,2>::pd_t$rnn_weights_reorder_t_bf16_bf16",1000,1000,1000.0,1000,1
FACTORY_DNNL,"REG$CPUEngine$struct dnnl::impl::cpu::simple_reorder_t<2,1,2,1,1,struct dnnl::impl::cpu::spec::reference>::pd_t$simple_reorder_t_bf16_any_bf16_any_fmt_order_any_spec_reference",1400,1400,1400.0,1400,1
FACTORY_DNNL,"REG$CPUEngine$struct dnnl::impl::cpu::simple_reorder_t<2,1,3,1,1,struct dnnl::impl::cpu::spec::reference>::pd_t$simple_reorder_t_bf16_any_f32_any_fmt_order_any_spec_reference",3201,3201,3201.0,3201,1
FACTORY_DNNL,"REG$CPUEngine$struct dnnl::impl::cpu::simple_reorder_t<2,1,5,1,1,struct dnnl::impl::cpu::spec::reference>::pd_t$simple_reorder_t_bf16_any_s8_any_fmt_order_any_spec_reference",1400,1400,1400.0,1400,1
FACTORY_DNNL,"REG$CPUEngine$struct dnnl::impl::cpu::simple_reorder_t<2,1,6,1,1,struct dnnl::impl::cpu::spec::reference>::pd_t$simple_reorder_t_bf16_any_u8_any_fmt_order_any_spec_reference",1201,1201,1201.0,1201,1
FACTORY_DNNL,"REG$CPUEngine$struct dnnl::impl::cpu::simple_reorder_t<2,1,9,1,1,struct dnnl::impl::cpu::spec::reference>::pd_t$simple_reorder_t_bf16_any_f8_e5m2_any_fmt_order_any_spec_reference",1000,1000,1000.0,1000,1
FACTORY_DNNL,"REG$CPUEngine$struct dnnl::impl::cpu::simple_reorder_t<2,1,10,1,1,struct dnnl::impl::cpu::spec::reference>::pd_t$simple_reorder_t_bf16_any_f8_e4m3_any_fmt_order_any_spec_reference",1300,1300,1300.0,1300,1
FACTORY_DNNL,"REG$CPUEngine$struct dnnl::impl::cpu::simple_reorder_t<1,1,9,1,1,struct dnnl::impl::cpu::spec::reference>::pd_t$simple_reorder_t_f16_any_f8_e5m2_any_fmt_order_any_spec_reference",900,900,900.0,900,1
FACTORY_DNNL,"REG$CPUEngine$struct dnnl::impl::cpu::simple_reorder_t<1,1,10,1,1,struct dnnl::impl::cpu::spec::reference>::pd_t$simple_reorder_t_f16_any_f8_e4m3_any_fmt_order_any_spec_reference",1199,1199,1199.0,1199,1
FACTORY_DNNL,"REG$CPUEngine$struct dnnl::impl::cpu::simple_reorder_t<1,1,1,1,1,struct dnnl::impl::cpu::spec::reference>::pd_t$simple_reorder_t_f16_any_f16_any_fmt_order_any_spec_reference",1100,1100,1100.0,1100,1
FACTORY_DNNL,"REG$CPUEngine$struct dnnl::impl::cpu::simple_reorder_t<1,1,3,1,1,struct dnnl::impl::cpu::spec::reference>::pd_t$simple_reorder_t_f16_any_f32_any_fmt_order_any_spec_reference",1500,1500,1500.0,1500,1
FACTORY_DNNL,"REG$CPUEngine$struct dnnl::impl::cpu::simple_reorder_t<1,1,5,1,1,struct dnnl::impl::cpu::spec::reference>::pd_t$simple_reorder_t_f16_any_s8_any_fmt_order_any_spec_reference",1100,1100,1100.0,1100,1
FACTORY_DNNL,"REG$CPUEngine$struct dnnl::impl::cpu::simple_reorder_t<1,1,6,1,1,struct dnnl::impl::cpu::spec::reference>::pd_t$simple_reorder_t_f16_any_u8_any_fmt_order_any_spec_reference",1400,1400,1400.0,1400,1
FACTORY_DNNL,"REG$CPUEngine$struct dnnl::impl::cpu::simple_reorder_t<4,1,3,1,1,struct dnnl::impl::cpu::spec::reference>::pd_t$simple_reorder_t_s32_any_f32_any_fmt_order_any_spec_reference",2200,2200,2200.0,2200,1
FACTORY_DNNL,"REG$CPUEngine$struct dnnl::impl::cpu::simple_reorder_t<4,1,4,1,1,struct dnnl::impl::cpu::spec::reference>::pd_t$simple_reorder_t_s32_any_s32_any_fmt_order_any_spec_reference",1301,1301,1301.0,1301,1
FACTORY_DNNL,"REG$CPUEngine$struct dnnl::impl::cpu::simple_reorder_t<4,1,5,1,1,struct dnnl::impl::cpu::spec::reference>::pd_t$simple_reorder_t_s32_any_s8_any_fmt_order_any_spec_reference",1099,1099,1099.0,1099,1
FACTORY_DNNL,"REG$CPUEngine$struct dnnl::impl::cpu::simple_reorder_t<4,1,6,1,1,struct dnnl::impl::cpu::spec::reference>::pd_t$simple_reorder_t_s32_any_u8_any_fmt_order_any_spec_reference",1100,1100,1100.0,1100,1
FACTORY_DNNL,REG$CPUEngine$struct dnnl::impl::cpu::rnn_weights_reorder_s8_t<5>::pd_t$rnn_weights_reorder_s8_t_s8,900,900,900.0,900,1
FACTORY_DNNL,"REG$CPUEngine$struct dnnl::impl::cpu::rnn_brgemm_weights_reorder_s8_t<5,5>::pd_t$rnn_brgemm_weights_reorder_s8_t_s8_s8",1300,1300,1300.0,1300,1
FACTORY_DNNL,"REG$CPUEngine$struct dnnl::impl::cpu::simple_reorder_t<5,1,3,1,1,struct dnnl::impl::cpu::spec::reference>::pd_t$simple_reorder_t_s8_any_f32_any_fmt_order_any_spec_reference",1100,1100,1100.0,1100,1
FACTORY_DNNL,"REG$CPUEngine$struct dnnl::impl::cpu::simple_reorder_t<5,1,4,1,1,struct dnnl::impl::cpu::spec::reference>::pd_t$simple_reorder_t_s8_any_s32_any_fmt_order_any_spec_reference",1400,1400,1400.0,1400,1
FACTORY_DNNL,"REG$CPUEngine$struct dnnl::impl::cpu::simple_reorder_t<5,1,2,1,1,struct dnnl::impl::cpu::spec::reference>::pd_t$simple_reorder_t_s8_any_bf16_any_fmt_order_any_spec_reference",1000,1000,1000.0,1000,1
FACTORY_DNNL,"REG$CPUEngine$struct dnnl::impl::cpu::simple_reorder_t<5,1,1,1,1,struct dnnl::impl::cpu::spec::reference>::pd_t$simple_reorder_t_s8_any_f16_any_fmt_order_any_spec_reference",1201,1201,1201.0,1201,1
FACTORY_DNNL,"REG$CPUEngine$struct dnnl::impl::cpu::simple_reorder_t<5,1,5,1,1,struct dnnl::impl::cpu::spec::reference>::pd_t$simple_reorder_t_s8_any_s8_any_fmt_order_any_spec_reference",1401,1401,1401.0,1401,1
FACTORY_DNNL,"REG$CPUEngine$struct dnnl::impl::cpu::simple_reorder_t<5,1,6,1,1,struct dnnl::impl::cpu::spec::reference>::pd_t$simple_reorder_t_s8_any_u8_any_fmt_order_any_spec_reference",1000,1000,1000.0,1000,1
FACTORY_DNNL,"REG$CPUEngine$struct dnnl::impl::cpu::simple_sparse_reorder_v0_t<5,3,5,347,1,struct dnnl::impl::cpu::sparse_spec::reference>::pd_t$simple_sparse_reorder_v0_t_s8_format_tag::oi_s8_OI16i64o4i_sparse_inputs_order::keep_sparse_spec::reference",1000,1000,1000.0,1000,1
FACTORY_DNNL,"REG$CPUEngine$struct dnnl::impl::cpu::simple_sparse_reorder_v0_t<5,14,5,347,1,struct dnnl::impl::cpu::sparse_spec::reference>::pd_t$simple_sparse_reorder_v0_t_s8_format_tag::io_s8_OI16i64o4i_sparse_inputs_order::keep_sparse_spec::reference",900,900,900.0,900,1
FACTORY_DNNL,"REG$CPUEngine$struct dnnl::impl::cpu::simple_sparse_reorder_t<5,enum dnnl_format_tag_t,1,5,enum dnnl_format_tag_t,1,void>::pd_t$simple_sparse_reorder_t_s8_impl::format_tag_t_any_s8_impl::format_tag_t_any",1200,1200,1200.0,1200,1
FACTORY_DNNL,"REG$CPUEngine$struct dnnl::impl::cpu::simple_reorder_t<6,1,3,1,1,struct dnnl::impl::cpu::spec::reference>::pd_t$simple_reorder_t_u8_any_f32_any_fmt_order_any_spec_reference",1200,1200,1200.0,1200,1
FACTORY_DNNL,"REG$CPUEngine$struct dnnl::impl::cpu::simple_reorder_t<6,1,4,1,1,struct dnnl::impl::cpu::spec::reference>::pd_t$simple_reorder_t_u8_any_s32_any_fmt_order_any_spec_reference",1700,1700,1700.0,1700,1
FACTORY_DNNL,"REG$CPUEngine$struct dnnl::impl::cpu::simple_reorder_t<6,1,2,1,1,struct dnnl::impl::cpu::spec::reference>::pd_t$simple_reorder_t_u8_any_bf16_any_fmt_order_any_spec_reference",1600,1600,1600.0,1600,1
FACTORY_DNNL,"REG$CPUEngine$struct dnnl::impl::cpu::simple_reorder_t<6,1,6,1,1,struct dnnl::impl::cpu::spec::reference>::pd_t$simple_reorder_t_u8_any_u8_any_fmt_order_any_spec_reference",1500,1500,1500.0,1500,1
FACTORY_DNNL,"REG$CPUEngine$struct dnnl::impl::cpu::simple_reorder_t<6,1,5,1,1,struct dnnl::impl::cpu::spec::reference>::pd_t$simple_reorder_t_u8_any_s8_any_fmt_order_any_spec_reference",1099,1099,1099.0,1099,1
FACTORY_DNNL,"REG$CPUEngine$struct dnnl::impl::cpu::simple_reorder_t<3,1,11,1,1,struct dnnl::impl::cpu::spec::reference>::pd_t$simple_reorder_t_f32_any_s4_any_fmt_order::any_spec::reference",1000,1000,1000.0,1000,1
FACTORY_DNNL,"REG$CPUEngine$struct dnnl::impl::cpu::simple_reorder_t<11,1,11,722,1,void>::pd_t$simple_reorder_t_s4_any_s4_OI8i8o2i_fmt_order_keep",1000,1000,1000.0,1000,1
FACTORY_DNNL,"REG$CPUEngine$struct dnnl::impl::cpu::simple_reorder_t<11,1,11,243,1,void>::pd_t$simple_reorder_t_s4_any_s4_OI8i16o2i_fmt_order_keep",1300,1300,1300.0,1300,1
FACTORY_DNNL,"REG$CPUEngine$struct dnnl::impl::cpu::simple_reorder_t<11,1,11,718,1,void>::pd_t$simple_reorder_t_s4_any_s4_OI8i24o2i_fmt_order_keep",1000,1000,1000.0,1000,1
FACTORY_DNNL,"REG$CPUEngine$struct dnnl::impl::cpu::simple_reorder_t<11,1,11,244,1,void>::pd_t$simple_reorder_t_s4_any_s4_OI8i32o2i_fmt_order_keep",1000,1000,1000.0,1000,1
FACTORY_DNNL,"REG$CPUEngine$struct dnnl::impl::cpu::simple_reorder_t<11,1,11,245,1,void>::pd_t$simple_reorder_t_s4_any_s4_OI8i64o2i_fmt_order_keep",1101,1101,1101.0,1101,1
FACTORY_DNNL,"REG$CPUEngine$struct dnnl::impl::cpu::simple_reorder_t<11,1,11,348,1,void>::pd_t$simple_reorder_t_s4_any_s4_OI16i16o2i_fmt_order_keep",1100,1100,1100.0,1100,1
FACTORY_DNNL,"REG$CPUEngine$struct dnnl::impl::cpu::simple_reorder_t<11,1,11,349,1,void>::pd_t$simple_reorder_t_s4_any_s4_OI16i32o2i_fmt_order_keep",2301,2301,2301.0,2301,1
FACTORY_DNNL,"REG$CPUEngine$struct dnnl::impl::cpu::simple_reorder_t<11,1,11,350,1,void>::pd_t$simple_reorder_t_s4_any_s4_OI16i48o2i_fmt_order_keep",1100,1100,1100.0,1100,1
FACTORY_DNNL,"REG$CPUEngine$struct dnnl::impl::cpu::simple_reorder_t<11,1,11,351,1,void>::pd_t$simple_reorder_t_s4_any_s4_OI16i64o2i_fmt_order_keep",999,999,999.0,999,1
FACTORY_DNNL,"REG$CPUEngine$struct dnnl::impl::cpu::simple_reorder_t<11,1,11,528,1,void>::pd_t$simple_reorder_t_s4_any_s4_aBC8c8b2c_fmt_order_keep",801,801,801.0,801,1
FACTORY_DNNL,"REG$CPUEngine$struct dnnl::impl::cpu::simple_reorder_t<11,1,11,529,1,void>::pd_t$simple_reorder_t_s4_any_s4_aBC8c16b2c_fmt_order_keep",1000,1000,1000.0,1000,1
FACTORY_DNNL,"REG$CPUEngine$struct dnnl::impl::cpu::simple_reorder_t<11,1,11,530,1,void>::pd_t$simple_reorder_t_s4_any_s4_aBC8c24b2c_fmt_order_keep",1000,1000,1000.0,1000,1
FACTORY_DNNL,"REG$CPUEngine$struct dnnl::impl::cpu::simple_reorder_t<11,1,11,531,1,void>::pd_t$simple_reorder_t_s4_any_s4_aBC8c32b2c_fmt_order_keep",900,900,900.0,900,1
FACTORY_DNNL,"REG$CPUEngine$struct dnnl::impl::cpu::simple_reorder_t<11,1,11,532,1,void>::pd_t$simple_reorder_t_s4_any_s4_aBC8c64b2c_fmt_order_keep",1199,1199,1199.0,1199,1
FACTORY_DNNL,"REG$CPUEngine$struct dnnl::impl::cpu::simple_reorder_t<11,1,11,533,1,void>::pd_t$simple_reorder_t_s4_any_s4_aBC16c16b2c_fmt_order_keep",1099,1099,1099.0,1099,1
FACTORY_DNNL,"REG$CPUEngine$struct dnnl::impl::cpu::simple_reorder_t<11,1,11,534,1,void>::pd_t$simple_reorder_t_s4_any_s4_aBC16c32b2c_fmt_order_keep",1701,1701,1701.0,1701,1
FACTORY_DNNL,"REG$CPUEngine$struct dnnl::impl::cpu::simple_reorder_t<11,1,11,535,1,void>::pd_t$simple_reorder_t_s4_any_s4_aBC16c48b2c_fmt_order_keep",2101,2101,2101.0,2101,1
FACTORY_DNNL,"REG$CPUEngine$struct dnnl::impl::cpu::simple_reorder_t<11,1,11,536,1,void>::pd_t$simple_reorder_t_s4_any_s4_aBC16c64b2c_fmt_order_keep",1301,1301,1301.0,1301,1
FACTORY_DNNL,"REG$CPUEngine$struct dnnl::impl::cpu::simple_reorder_t<11,1,11,537,1,void>::pd_t$simple_reorder_t_s4_any_s4_aBC16c16b4c_fmt_order_keep",999,999,999.0,999,1
FACTORY_DNNL,"REG$CPUEngine$struct dnnl::impl::cpu::simple_reorder_t<11,1,11,538,1,void>::pd_t$simple_reorder_t_s4_any_s4_aBC16c32b4c_fmt_order_keep",1001,1001,1001.0,1001,1
FACTORY_DNNL,"REG$CPUEngine$struct dnnl::impl::cpu::simple_reorder_t<11,1,11,539,1,void>::pd_t$simple_reorder_t_s4_any_s4_aBC16c48b4c_fmt_order_keep",1000,1000,1000.0,1000,1
FACTORY_DNNL,"REG$CPUEngine$struct dnnl::impl::cpu::simple_reorder_t<11,1,11,540,1,void>::pd_t$simple_reorder_t_s4_any_s4_aBC16c64b4c_fmt_order_keep",1101,1101,1101.0,1101,1
FACTORY_DNNL,"REG$CPUEngine$struct dnnl::impl::cpu::simple_reorder_t<11,1,6,1,1,struct dnnl::impl::cpu::spec::reference>::pd_t$simple_reorder_t_s4_any_u8_any_fmt_order_keep_spec::reference",1300,1300,1300.0,1300,1
FACTORY_DNNL,"REG$CPUEngine$struct dnnl::impl::cpu::simple_reorder_t<11,1,3,1,1,struct dnnl::impl::cpu::spec::reference>::pd_t$simple_reorder_t_s4_any_f32_any_fmt_order_keep_spec::reference",900,900,900.0,900,1
FACTORY_DNNL,"REG$CPUEngine$struct dnnl::impl::cpu::simple_reorder_t<11,1,3,1,1,struct dnnl::impl::cpu::spec::reference>::pd_t$simple_reorder_t_s4_any_f32_any_fmt_order::any_spec::reference",100,1799,949.5,1899,2
FACTORY_DNNL,"REG$CPUEngine$struct dnnl::impl::cpu::simple_reorder_t<11,1,2,1,1,struct dnnl::impl::cpu::spec::reference>::pd_t$simple_reorder_t_s4_any_bf16_any_fmt_order::any_spec::reference",1500,1500,1500.0,1500,1
FACTORY_DNNL,"REG$CPUEngine$struct dnnl::impl::cpu::simple_reorder_t<11,1,1,1,1,struct dnnl::impl::cpu::spec::reference>::pd_t$simple_reorder_t_s4_any_f16_any_fmt_order::any_spec::reference",1500,1500,1500.0,1500,1
FACTORY_DNNL,"REG$CPUEngine$struct dnnl::impl::cpu::simple_reorder_t<3,1,12,1,1,struct dnnl::impl::cpu::spec::reference>::pd_t$simple_reorder_t_f32_any_u4_any_fmt_order::any_spec::reference",1101,1101,1101.0,1101,1
FACTORY_DNNL,"REG$CPUEngine$struct dnnl::impl::cpu::simple_reorder_t<12,1,12,722,1,void>::pd_t$simple_reorder_t_u4_any_u4_OI8i8o2i_fmt_order_keep",1000,1000,1000.0,1000,1
FACTORY_DNNL,"REG$CPUEngine$struct dnnl::impl::cpu::simple_reorder_t<12,1,12,243,1,void>::pd_t$simple_reorder_t_u4_any_u4_OI8i16o2i_fmt_order_keep",1100,1100,1100.0,1100,1
FACTORY_DNNL,"REG$CPUEngine$struct dnnl::impl::cpu::simple_reorder_t<12,1,12,718,1,void>::pd_t$simple_reorder_t_u4_any_u4_OI8i24o2i_fmt_order_keep",1100,1100,1100.0,1100,1
FACTORY_DNNL,"REG$CPUEngine$struct dnnl::impl::cpu::simple_reorder_t<12,1,12,244,1,void>::pd_t$simple_reorder_t_u4_any_u4_OI8i32o2i_fmt_order_keep",899,899,899.0,899,1
FACTORY_DNNL,"REG$CPUEngine$struct dnnl::impl::cpu::simple_reorder_t<12,1,12,245,1,void>::pd_t$simple_reorder_t_u4_any_u4_OI8i64o2i_fmt_order_keep",1000,1000,1000.0,1000,1
FACTORY_DNNL,"REG$CPUEngine$struct dnnl::impl::cpu::simple_reorder_t<12,1,12,348,1,void>::pd_t$simple_reorder_t_u4_any_u4_OI16i16o2i_fmt_order_keep",1000,1000,1000.0,1000,1
FACTORY_DNNL,"REG$CPUEngine$struct dnnl::impl::cpu::simple_reorder_t<12,1,12,349,1,void>::pd_t$simple_reorder_t_u4_any_u4_OI16i32o2i_fmt_order_keep",1301,1301,1301.0,1301,1
FACTORY_DNNL,"REG$CPUEngine$struct dnnl::impl::cpu::simple_reorder_t<12,1,12,350,1,void>::pd_t$simple_reorder_t_u4_any_u4_OI16i48o2i_fmt_order_keep",800,800,800.0,800,1
FACTORY_DNNL,"REG$CPUEngine$struct dnnl::impl::cpu::simple_reorder_t<12,1,12,351,1,void>::pd_t$simple_reorder_t_u4_any_u4_OI16i64o2i_fmt_order_keep",1199,1199,1199.0,1199,1
FACTORY_DNNL,"REG$CPUEngine$struct dnnl::impl::cpu::simple_reorder_t<12,1,12,249,1,void>::pd_t$simple_reorder_t_u4_any_u4_OI16i16o4i_fmt_order_keep",1301,1301,1301.0,1301,1
FACTORY_DNNL,"REG$CPUEngine$struct dnnl::impl::cpu::simple_reorder_t<12,1,12,345,1,void>::pd_t$simple_reorder_t_u4_any_u4_OI16i32o4i_fmt_order_keep",1301,1301,1301.0,1301,1
FACTORY_DNNL,"REG$CPUEngine$struct dnnl::impl::cpu::simple_reorder_t<12,1,12,346,1,void>::pd_t$simple_reorder_t_u4_any_u4_OI16i48o4i_fmt_order_keep",1101,1101,1101.0,1101,1
FACTORY_DNNL,"REG$CPUEngine$struct dnnl::impl::cpu::simple_reorder_t<12,1,12,347,1,void>::pd_t$simple_reorder_t_u4_any_u4_OI16i64o4i_fmt_order_keep",799,799,799.0,799,1
FACTORY_DNNL,"REG$CPUEngine$struct dnnl::impl::cpu::simple_reorder_t<12,1,12,528,1,void>::pd_t$simple_reorder_t_u4_any_u4_aBC8c8b2c_fmt_order_keep",1100,1100,1100.0,1100,1
FACTORY_DNNL,"REG$CPUEngine$struct dnnl::impl::cpu::simple_reorder_t<12,1,12,529,1,void>::pd_t$simple_reorder_t_u4_any_u4_aBC8c16b2c_fmt_order_keep",1400,1400,1400.0,1400,1
FACTORY_DNNL,"REG$CPUEngine$struct dnnl::impl::cpu::simple_reorder_t<12,1,12,530,1,void>::pd_t$simple_reorder_t_u4_any_u4_aBC8c24b2c_fmt_order_keep",1599,1599,1599.0,1599,1
FACTORY_DNNL,"REG$CPUEngine$struct dnnl::impl::cpu::simple_reorder_t<12,1,12,531,1,void>::pd_t$simple_reorder_t_u4_any_u4_aBC8c32b2c_fmt_order_keep",1700,1700,1700.0,1700,1
FACTORY_DNNL,"REG$CPUEngine$struct dnnl::impl::cpu::simple_reorder_t<12,1,12,532,1,void>::pd_t$simple_reorder_t_u4_any_u4_aBC8c64b2c_fmt_order_keep",900,900,900.0,900,1
FACTORY_DNNL,"REG$CPUEngine$struct dnnl::impl::cpu::simple_reorder_t<12,1,12,533,1,void>::pd_t$simple_reorder_t_u4_any_u4_aBC16c16b2c_fmt_order_keep",1199,1199,1199.0,1199,1
FACTORY_DNNL,"REG$CPUEngine$struct dnnl::impl::cpu::simple_reorder_t<12,1,12,534,1,void>::pd_t$simple_reorder_t_u4_any_u4_aBC16c32b2c_fmt_order_keep",700,700,700.0,700,1
FACTORY_DNNL,"REG$CPUEngine$struct dnnl::impl::cpu::simple_reorder_t<12,1,12,535,1,void>::pd_t$simple_reorder_t_u4_any_u4_aBC16c48b2c_fmt_order_keep",900,900,900.0,900,1
FACTORY_DNNL,"REG$CPUEngine$struct dnnl::impl::cpu::simple_reorder_t<12,1,12,536,1,void>::pd_t$simple_reorder_t_u4_any_u4_aBC16c64b2c_fmt_order_keep",800,800,800.0,800,1
FACTORY_DNNL,"REG$CPUEngine$struct dnnl::impl::cpu::simple_reorder_t<12,1,12,537,1,void>::pd_t$simple_reorder_t_u4_any_u4_aBC16c16b4c_fmt_order_keep",1300,1300,1300.0,1300,1
FACTORY_DNNL,"REG$CPUEngine$struct dnnl::impl::cpu::simple_reorder_t<12,1,12,538,1,void>::pd_t$simple_reorder_t_u4_any_u4_aBC16c32b4c_fmt_order_keep",900,900,900.0,900,1
FACTORY_DNNL,"REG$CPUEngine$struct dnnl::impl::cpu::simple_reorder_t<12,1,12,539,1,void>::pd_t$simple_reorder_t_u4_any_u4_aBC16c48b4c_fmt_order_keep",2800,2800,2800.0,2800,1
FACTORY_DNNL,"REG$CPUEngine$struct dnnl::impl::cpu::simple_reorder_t<12,1,12,540,1,void>::pd_t$simple_reorder_t_u4_any_u4_aBC16c64b4c_fmt_order_keep",1400,1400,1400.0,1400,1
FACTORY_DNNL,"REG$CPUEngine$struct dnnl::impl::cpu::simple_reorder_t<12,1,6,1,1,struct dnnl::impl::cpu::spec::reference>::pd_t$simple_reorder_t_u4_any_u8_any_fmt_order_keep_spec::reference",1200,1200,1200.0,1200,1
FACTORY_DNNL,"REG$CPUEngine$struct dnnl::impl::cpu::simple_reorder_t<12,1,3,1,1,struct dnnl::impl::cpu::spec::reference>::pd_t$simple_reorder_t_u4_any_f32_any_fmt_order_keep_spec::reference",1000,1000,1000.0,1000,1
FACTORY_DNNL,"REG$CPUEngine$struct dnnl::impl::cpu::simple_reorder_t<12,1,3,1,1,struct dnnl::impl::cpu::spec::reference>::pd_t$simple_reorder_t_u4_any_f32_any_fmt_order::any_spec::reference",2600,2600,2600.0,2600,1
FACTORY_DNNL,"REG$CPUEngine$struct dnnl::impl::cpu::simple_reorder_t<12,1,2,1,1,struct dnnl::impl::cpu::spec::reference>::pd_t$simple_reorder_t_u4_any_bf16_any_fmt_order::any_spec::reference",2700,2700,2700.0,2700,1
FACTORY_DNNL,"REG$CPUEngine$struct dnnl::impl::cpu::simple_reorder_t<12,1,1,1,1,struct dnnl::impl::cpu::spec::reference>::pd_t$simple_reorder_t_u4_any_f16_any_fmt_order::any_spec::reference",1100,1100,1100.0,1100,1
FACTORY_DNNL,"REG$CPUEngine$struct dnnl::impl::cpu::simple_reorder_t<18,1,18,348,1,void>::pd_t$simple_reorder_t_u2_any_u2_OI16i16o2i_fmt_order_keep",1699,1699,1699.0,1699,1
FACTORY_DNNL,"REG$CPUEngine$struct dnnl::impl::cpu::simple_reorder_t<18,1,18,349,1,void>::pd_t$simple_reorder_t_u2_any_u2_OI16i32o2i_fmt_order_keep",4800,4800,4800.0,4800,1
FACTORY_DNNL,"REG$CPUEngine$struct dnnl::impl::cpu::simple_reorder_t<18,1,18,350,1,void>::pd_t$simple_reorder_t_u2_any_u2_OI16i48o2i_fmt_order_keep",2800,2800,2800.0,2800,1
FACTORY_DNNL,"REG$CPUEngine$struct dnnl::impl::cpu::simple_reorder_t<18,1,18,351,1,void>::pd_t$simple_reorder_t_u2_any_u2_OI16i64o2i_fmt_order_keep",1500,1500,1500.0,1500,1
FACTORY_DNNL,"REG$CPUEngine$struct dnnl::impl::cpu::simple_reorder_t<18,1,18,710,1,void>::pd_t$simple_reorder_t_u2_any_u2_OI4i8o4i_fmt_order_keep",1200,1200,1200.0,1200,1
FACTORY_DNNL,"REG$CPUEngine$struct dnnl::impl::cpu::simple_reorder_t<18,1,18,246,1,void>::pd_t$simple_reorder_t_u2_any_u2_OI4i16o4i_fmt_order_keep",900,900,900.0,900,1
FACTORY_DNNL,"REG$CPUEngine$struct dnnl::impl::cpu::simple_reorder_t<18,1,18,711,1,void>::pd_t$simple_reorder_t_u2_any_u2_OI4i24o4i_fmt_order_keep",1101,1101,1101.0,1101,1
FACTORY_DNNL,"REG$CPUEngine$struct dnnl::impl::cpu::simple_reorder_t<18,1,18,247,1,void>::pd_t$simple_reorder_t_u2_any_u2_OI4i32o4i_fmt_order_keep",11099,11099,11099.0,11099,1
FACTORY_DNNL,"REG$CPUEngine$struct dnnl::impl::cpu::simple_reorder_t<18,1,18,249,1,void>::pd_t$simple_reorder_t_u2_any_u2_OI16i16o4i_fmt_order_keep",2900,2900,2900.0,2900,1
FACTORY_DNNL,"REG$CPUEngine$struct dnnl::impl::cpu::simple_reorder_t<18,1,18,345,1,void>::pd_t$simple_reorder_t_u2_any_u2_OI16i32o4i_fmt_order_keep",1601,1601,1601.0,1601,1
FACTORY_DNNL,"REG$CPUEngine$struct dnnl::impl::cpu::simple_reorder_t<18,1,18,346,1,void>::pd_t$simple_reorder_t_u2_any_u2_OI16i48o4i_fmt_order_keep",1000,1000,1000.0,1000,1
FACTORY_DNNL,"REG$CPUEngine$struct dnnl::impl::cpu::simple_reorder_t<18,1,18,347,1,void>::pd_t$simple_reorder_t_u2_any_u2_OI16i64o4i_fmt_order_keep",1100,1100,1100.0,1100,1
FACTORY_DNNL,"REG$CPUEngine$struct dnnl::impl::cpu::simple_reorder_t<17,1,17,1,1,struct dnnl::impl::cpu::spec::direct_copy>::pd_t$simple_reorder_t_bin_any_bin_any_fmt_order_any_spec_direct_copy",1000,1000,1000.0,1000,1
FACTORY_DNNL,"REG$CPUEngine$struct dnnl::impl::cpu::simple_reorder_t<17,1,17,1,1,struct dnnl::impl::cpu::spec::direct_copy_except_dim_0>::pd_t$simple_reorder_t_bin_any_bin_any_fmt_order_any_spec_direct_copy_except_dim_0",1599,1599,1599.0,1599,1
FACTORY_DNNL,"REG$CPUEngine$struct dnnl::impl::cpu::simple_reorder_t<17,1,17,101,1,void>::pd_t$simple_reorder_t_bin_any_bin_OIhw8o32i_fmt_order_keep",1700,1700,1700.0,1700,1
FACTORY_DNNL,"REG$CPUEngine$struct dnnl::impl::cpu::simple_reorder_t<17,1,17,554,1,void>::pd_t$simple_reorder_t_bin_any_bin_OIhw16o32i_fmt_order_keep",2001,2001,2001.0,2001,1
FACTORY_DNNL,"REG$CPUEngine$struct dnnl::impl::cpu::simple_reorder_t<6,1,6,103,1,void>::pd_t$simple_reorder_t_u8_any_u8_nChw8c_fmt_order_keep",2500,2500,2500.0,2500,1
FACTORY_DNNL,"REG$CPUEngine$struct dnnl::impl::cpu::simple_reorder_t<6,1,6,103,0,void>::pd_t$simple_reorder_t_u8_any_u8_nChw8c_fmt_order_reverse",1000,1000,1000.0,1000,1
FACTORY_DNNL,"REG$CPUEngine$struct dnnl::impl::cpu::simple_reorder_t<16,1,16,722,1,void>::pd_t$simple_reorder_t_nf4_any_nf4_OI8i8o2i_fmt_order_keep",1200,1200,1200.0,1200,1
FACTORY_DNNL,"REG$CPUEngine$struct dnnl::impl::cpu::simple_reorder_t<16,1,16,243,1,void>::pd_t$simple_reorder_t_nf4_any_nf4_OI8i16o2i_fmt_order_keep",900,900,900.0,900,1
FACTORY_DNNL,"REG$CPUEngine$struct dnnl::impl::cpu::simple_reorder_t<16,1,16,718,1,void>::pd_t$simple_reorder_t_nf4_any_nf4_OI8i24o2i_fmt_order_keep",900,900,900.0,900,1
FACTORY_DNNL,"REG$CPUEngine$struct dnnl::impl::cpu::simple_reorder_t<16,1,16,244,1,void>::pd_t$simple_reorder_t_nf4_any_nf4_OI8i32o2i_fmt_order_keep",901,901,901.0,901,1
FACTORY_DNNL,"REG$CPUEngine$struct dnnl::impl::cpu::simple_reorder_t<16,1,16,245,1,void>::pd_t$simple_reorder_t_nf4_any_nf4_OI8i64o2i_fmt_order_keep",801,801,801.0,801,1
FACTORY_DNNL,"REG$CPUEngine$struct dnnl::impl::cpu::simple_reorder_t<16,1,16,348,1,void>::pd_t$simple_reorder_t_nf4_any_nf4_OI16i16o2i_fmt_order_keep",900,900,900.0,900,1
FACTORY_DNNL,"REG$CPUEngine$struct dnnl::impl::cpu::simple_reorder_t<16,1,16,349,1,void>::pd_t$simple_reorder_t_nf4_any_nf4_OI16i32o2i_fmt_order_keep",1399,1399,1399.0,1399,1
FACTORY_DNNL,"REG$CPUEngine$struct dnnl::impl::cpu::simple_reorder_t<16,1,16,350,1,void>::pd_t$simple_reorder_t_nf4_any_nf4_OI16i48o2i_fmt_order_keep",699,699,699.0,699,1
FACTORY_DNNL,"REG$CPUEngine$struct dnnl::impl::cpu::simple_reorder_t<16,1,16,351,1,void>::pd_t$simple_reorder_t_nf4_any_nf4_OI16i64o2i_fmt_order_keep",801,801,801.0,801,1
FACTORY_DNNL,"REG$CPUEngine$struct dnnl::impl::cpu::simple_reorder_t<16,1,3,1,1,struct dnnl::impl::cpu::spec::reference>::pd_t$simple_reorder_t_nf4_any_f32_any_fmt_order_keep_spec::reference",1000,1000,1000.0,1000,1
FACTORY_DNNL,CREATE$CPUEngine$struct dnnl::impl::cpu::x64::jit_uni_reorder_t::pd_t,62000,234501,88228.05555555556,1588105,18
FACTORY_DNNL,CREATE$CPUEngine$struct dnnl::impl::cpu::x64::brgemm_convolution_fwd_t<560>::pd_t,427400,427400,427400.0,427400,1
FACTORY_DNNL,CREATE$CPUEngine$struct dnnl::impl::cpu::x64::brgemm_1x1_convolution_fwd_t<560>::pd_t,80601,625200,179828.64285714287,5035202,28
FACTORY_DNNL,CREATE$CPUEngine$struct dnnl::impl::cpu::x64::jit_blk_reorder_t::pd_t,55900,95900,68783.33333333333,825400,12
FACTORY_DNNL,CREATE$CPUEngine$struct dnnl::impl::cpu::x64::brdgmm_dw_convolution_fwd_t::pd_t,327900,599501,493678.0,4443102,9
FACTORY_DNNL,CREATE$CPUEngine$struct dnnl::impl::cpu::x64::brgemm_convolution_bwd_strided_t<560>::pd_t,606200,606200,606200.0,606200,1
FACTORY_DNNL,CREATE$CPUEngine$struct dnnl::impl::cpu::x64::brgemm_deconvolution_fwd_t<560>::pd_t,1570900,1570900,1570900.0,1570900,1
ov__intel_cpu,Graph::ResolveInplaceDirections,595300,595300,595300.0,595300,1
ov__intel_cpu,Graph::InitOptimalPrimitiveDescriptors,1316599,1316599,1316599.0,1316599,1
ov__intel_cpu,Plugin::compile_model,957193900,957193900,957193900.0,957193900,1
ov__intel_cpu,init_tensor,12999,56201,34600.0,69200,2
ov__intel_cpu,set_tensor,32699,49900,36814.89189189189,2724302,74
dnnl__primitive__execute,reorder,300,5173501,80860.06995230525,50860984,629
dnnl__primitive__execute,convolution,99,867400,5489.747132889566,273806628,49876
dnnl__primitive__execute,deconvolution,15901,216401,39904.76119402985,40104285,1005
SWITCH_intel_cpu,"SupportedPrecisions$OV_CASE ( Algorithm::EltwiseSigmoid, jit_dnnl_aux_emitter )",528000,528000,528000.0,528000,1
SWITCH_intel_cpu,"EltwiseEmitter$OV_CASE ( Algorithm::EltwiseSigmoid, jit_dnnl_aux_emitter )",7899,7899,7899.0,7899,1
ov__op__cpu__details,pixel_values_abcd_acdb_/conv1/Conv/WithoutBiases,3701,1636901,26170.485072281583,166548967,6364
ov__op__cpu__exec,Node::execute,97099,3361001,208605.36486486485,15436797,74
ov__op__cpu__exec,Convolution::execute,4500,877299,25730.433683683685,102818813,3996
ov__op__cpu__exec,Reduce::execute,8301,170201,21757.714864864865,16100709,740
ov__op__cpu__exec,Subgraph::execute,4000,716700,16333.463682432432,19338821,1184
ov__op__cpu__exec,Interpolate::execute,11799,277001,34678.00900900901,7698518,222
ov__op__cpu__exec,Deconvolution::execute,60400,225700,105635.18918918919,7817004,74
ov__op__cpu__exec,Eltwise::execute,16700,198700,36832.37837837838,2725596,74
ov__phases__cpu__inference,SyncInferenceCPU::infer::Model5,1684300,7255701,2390467.5675675673,176894600,74
