domain,name,min,max,avg,total,count
OpenCVTrace,"void __cdecl cv::utils::logging::LogTagManager::assign(const class std::basic_string<char,struct std::char_traits<char>,class std::allocator<char> > &,struct cv::utils::logging::LogTag *)",14600,14600,14600.0,14600,1
OpenCVTrace,"struct cv::utils::logging::LogTag *__cdecl cv::utils::logging::LogTagManager::get(const class std::basic_string<char,struct std::char_traits<char>,class std::allocator<char> > &)",2100,2100,2100.0,2100,1
OpenCVTrace,"__cdecl cv::VideoCapture::VideoCapture(int,int)",633950100,633950100,633950100.0,633950100,1
OpenCVTrace,bool __cdecl cv::VideoCapture::read(const class cv::_OutputArray &),572101,114437500,1437339.9708333334,344961593,240
OpenCVTrace,__cdecl cv::VideoCapture::~VideoCapture(void),3100,529726100,264864600.0,529729200,2
OpenCVTrace,"void __cdecl cv::flip(const class cv::_InputArray &,const class cv::_OutputArray &,int)",282300,1204999,335901.7029288703,80280507,239
OpenCVTrace,"void __cdecl cv::cvtColor(const class cv::_InputArray &,const class cv::_OutputArray &,int,int)",60300,6251900,371955.9867503487,533384885,1434
OpenCVTrace,"void __cdecl cv::resize(const class cv::_InputArray &,const class cv::_OutputArray &,class cv::Size_<int>,double,double,int)",103501,3311000,399412.28870292887,286378611,717
OpenCVTrace,"void __cdecl cv::Mat::convertTo(const class cv::_OutputArray &,int,double,double) const",7700,1610900,388725.58667287976,834205109,2146
OpenCVTrace,"void __cdecl cv::split(const class cv::_InputArray &,const class cv::_OutputArray &)",33100,871599,216133.89260808926,154968001,717
OpenCVTrace,"void __cdecl cv::min(const class cv::_InputArray &,const class cv::_InputArray &,const class cv::_OutputArray &)",71200,4750300,575668.6813880126,547460916,951
OpenCVTrace,"void __cdecl cv::max(const class cv::_InputArray &,const class cv::_InputArray &,const class cv::_OutputArray &)",51199,907200,405221.7865404837,385365919,951
OpenCVTrace,void __cdecl cv::Mat::copyTo(const class cv::_OutputArray &) const,1701,1639300,467183.9693165969,669941812,1434
OpenCVTrace,"double __cdecl cv::threshold(const class cv::_InputArray &,const class cv::_OutputArray &,double,double,int)",47800,1633801,361069.90308988764,257081771,712
OpenCVTrace,"void __cdecl cv::findContours(const class cv::_InputArray &,const class cv::_OutputArray &,const class cv::_OutputArray &,int,int,class cv::Point_<int>)",38499,861099,57538.903765690375,13751798,239
OpenCVTrace,"class cv::MatExpr __cdecl cv::Mat::zeros(class cv::Size_<int>,int)",500,10200,997.9456066945606,238509,239
OpenCVTrace,class cv::Mat &__cdecl cv::Mat::operator =(const class cv::Scalar_<double> &),900,10200,1216.7866108786611,290812,239
OpenCVTrace,"double __cdecl cv::contourArea(const class cv::_InputArray &,bool)",99,10300,369.01217391304345,212182,575
OpenCVTrace,"void __cdecl cv::drawContours(const class cv::_InputOutputArray &,const class cv::_InputArray &,int,const class cv::Scalar_<double> &,int,int,const class cv::_InputArray &,int,class cv::Point_<int>)",799,773000,19197.957575757577,9502989,495
OpenCVTrace,"void __cdecl cv::morphologyEx(const class cv::_InputArray &,const class cv::_OutputArray &,int,const class cv::_InputArray &,class cv::Point_<int>,int,int,const class cv::Scalar_<double> &)",73201,1582699,84400.46443514644,20171711,239
OpenCVTrace,"class cv::MatExpr __cdecl cv::Mat::mul(const class cv::_InputArray &,double) const",199,8301,517.581589958159,247404,478
OpenCVTrace,"void __cdecl cv::multiply(const class cv::_InputArray &,const class cv::_InputArray &,const class cv::_OutputArray &,double,int)",167399,999200,264014.4163179916,126198891,478
OpenCVTrace,"void __cdecl cv::MatOp_AddEx::multiply(const class cv::MatExpr &,double,class cv::MatExpr &) const",99,8400,290.77824267782427,69496,239
OpenCVTrace,"void __cdecl cv::sqrt(const class cv::_InputArray &,const class cv::_OutputArray &)",84600,753201,93647.28451882846,22381701,239
OpenCVTrace,"void __cdecl cv::max(const class cv::Mat &,const class cv::Mat &,class cv::Mat &)",201200,738999,261038.12343096235,124776223,478
OpenCVTrace,"void __cdecl cv::bitwise_and(const class cv::_InputArray &,const class cv::_InputArray &,const class cv::_OutputArray &,const class cv::_InputArray &)",39900,932000,55645.66527196653,13299314,239
OpenCVTrace,"void __cdecl cv::blur(const class cv::_InputArray &,const class cv::_OutputArray &,class cv::Size_<int>,class cv::Point_<int>,int)",1520200,2327400,1656473.2468619247,395897106,239
OpenCVTrace,"void __cdecl cv::inRange(const class cv::_InputArray &,const class cv::_InputArray &,const class cv::_InputArray &,const class cv::_OutputArray &)",175500,537900,235264.6039051604,168684721,717
OpenCVTrace,"void __cdecl cv::Mat::copyTo(const class cv::_OutputArray &,const class cv::_InputArray &) const",150901,445700,187928.49260042285,88890177,473
OpenCVTrace,"class cv::Mat &__cdecl cv::Mat::setTo(const class cv::_InputArray &,const class cv::_InputArray &)",14800,862500,130252.05160390516,93390721,717
OpenCVTrace,"void __cdecl cv::merge(const class cv::_InputArray &,const class cv::_OutputArray &)",108700,790400,134293.68619246862,32096191,239
OpenCVTrace,"void __cdecl cv::putText(const class cv::_InputOutputArray &,const class std::basic_string<char,struct std::char_traits<char>,class std::allocator<char> > &,class cv::Point_<int>,int,double,class cv::Scalar_<double>,int,int,bool)",69800,3661600,711881.5041841004,680558718,956
OpenCVTrace,"void __cdecl cv::dilate(const class cv::_InputArray &,const class cv::_OutputArray &,const class cv::_InputArray &,class cv::Point_<int>,int,int,const class cv::Scalar_<double> &)",169300,1560501,228530.76495726497,53476199,234
OpenCVTrace,"void __cdecl cv::erode(const class cv::_InputArray &,const class cv::_OutputArray &,const class cv::_InputArray &,class cv::Point_<int>,int,int,const class cv::Scalar_<double> &)",153200,351299,188143.5170940171,44025583,234
OpenCVTrace,"void __cdecl cv::absdiff(const class cv::_InputArray &,const class cv::_InputArray &,const class cv::_OutputArray &)",40799,1357200,100843.13247863248,23597293,234
OpenCVTrace,"void __cdecl cv::MatOp::add(const class cv::MatExpr &,const class cv::MatExpr &,class cv::MatExpr &) const",100,11400,395.0491452991453,184883,468
OpenCVTrace,"void __cdecl cv::addWeighted(const class cv::_InputArray &,double,const class cv::_InputArray &,double,double,const class cv::_OutputArray &,int)",697199,1767701,832863.6730769231,389780199,468
intel_gpu_plugin,Plugin::get_property,12600,418599,215599.5,431199,2
intel_gpu_plugin,TransformationsPipeline::apply::run_passes,4229200,4229200,4229200.0,4229200,1
intel_gpu_plugin,TransformationsPipeline::apply::activations_scaling,29213601,29213601,29213601.0,29213601,1
intel_gpu_plugin,TransformationsPipeline::apply,544514400,544514400,544514400.0,544514400,1
intel_gpu_plugin,Plugin::transform_model,545167500,545167500,545167500.0,545167500,1
intel_gpu_plugin,Plugin::clone_and_transform_model,579030400,579030400,579030400.0,579030400,1
intel_gpu_plugin,CustomLayer::LoadFromFile,200,115200,57700.0,115400,2
intel_gpu_plugin,ProgramBuilder::CreateSingleLayerPrimitive,100,675700,10907.066153846154,7089593,650
intel_gpu_plugin,Program::init_graph,386300,1689400,1037850.0,2075700,2
intel_gpu_plugin,pass::select_preferred_formats,8443500,8443500,8443500.0,8443500,1
intel_gpu_plugin,Program::pre_optimize_graph,339000,41778401,21058700.5,42117401,2
intel_gpu_plugin,KernelsCache::BuildAll::GetProgramSource,36701,8591799,4314250.0,8628500,2
intel_gpu_plugin,KernelsCache::build_batch,512100,12257600,9132300.25,109587603,12
intel_gpu_plugin,KernelsCache::BuildAll,401,21526500,8469700.333333334,25409101,3
intel_gpu_plugin,pass::CompileGraph,25582000,492122000,258852000.0,517704000,2
intel_gpu_plugin,Program::post_optimize_graph,185600,576099700,288142650.0,576285300,2
intel_gpu_plugin,pass::BasicMemoryDependencies,104299,190500,147399.5,294799,2
intel_gpu_plugin,pass::SkippedBranchMemoryDependencies,565800,725401,645600.5,1291201,2
intel_gpu_plugin,pass::OooqMemoryDependencies,956000,1092399,1024199.5,2048399,2
intel_gpu_plugin,pass::build_implementations,308800,24604300,12456550.0,24913100,2
intel_gpu_plugin,set_arguments: constant:refiner.conv.6.weight,2000,2000,2000.0,2000,1
intel_gpu_plugin,set_arguments: constant:project_mat.conv.weight,1101,1101,1101.0,1101,1
intel_gpu_plugin,set_arguments: constant:decoder.decode4.gru.ih.0.weight,1300,1300,1300.0,1300,1
intel_gpu_plugin,set_arguments: constant:decoder.decode4.gru.hh.0.weight,1000,1000,1000.0,1000,1
intel_gpu_plugin,set_arguments: constant:decoder.decode3.gru.ih.0.weight,1400,1400,1400.0,1400,1
intel_gpu_plugin,set_arguments: constant:decoder.decode3.gru.hh.0.weight,1700,1700,1700.0,1700,1
intel_gpu_plugin,set_arguments: constant:decoder.decode2.gru.ih.0.weight,1000,1000,1000.0,1000,1
intel_gpu_plugin,set_arguments: constant:decoder.decode2.gru.hh.0.weight,1100,1100,1100.0,1100,1
intel_gpu_plugin,set_arguments: constant:decoder.decode1.gru.ih.0.weight,1399,1399,1399.0,1399,1
intel_gpu_plugin,set_arguments: constant:decoder.decode1.gru.hh.0.weight,1799,1799,1799.0,1799,1
intel_gpu_plugin,set_arguments: constant:backbone.features.6.block.2.fc2.weight,2700,2700,2700.0,2700,1
intel_gpu_plugin,set_arguments: constant:backbone.features.6.block.2.fc1.weight,3200,3200,3200.0,3200,1
intel_gpu_plugin,set_arguments: constant:backbone.features.5.block.2.fc2.weight,1899,1899,1899.0,1899,1
intel_gpu_plugin,set_arguments: constant:backbone.features.5.block.2.fc1.weight,3300,3300,3300.0,3300,1
intel_gpu_plugin,set_arguments: constant:backbone.features.4.block.2.fc2.weight,1800,1800,1800.0,1800,1
intel_gpu_plugin,set_arguments: constant:backbone.features.4.block.2.fc1.weight,1199,1199,1199.0,1199,1
intel_gpu_plugin,set_arguments: constant:backbone.features.15.block.2.fc2.weight,1400,1400,1400.0,1400,1
intel_gpu_plugin,set_arguments: constant:backbone.features.15.block.2.fc1.weight,1101,1101,1101.0,1101,1
intel_gpu_plugin,set_arguments: constant:backbone.features.14.block.2.fc2.weight,1699,1699,1699.0,1699,1
intel_gpu_plugin,set_arguments: constant:backbone.features.14.block.2.fc1.weight,1801,1801,1801.0,1801,1
intel_gpu_plugin,set_arguments: constant:backbone.features.13.block.2.fc2.weight,1700,1700,1700.0,1700,1
intel_gpu_plugin,set_arguments: constant:backbone.features.13.block.2.fc1.weight,1801,1801,1801.0,1801,1
intel_gpu_plugin,set_arguments: constant:backbone.features.12.block.2.fc2.weight,1499,1499,1499.0,1499,1
intel_gpu_plugin,set_arguments: constant:backbone.features.12.block.2.fc1.weight,1100,1100,1100.0,1100,1
intel_gpu_plugin,set_arguments: constant:backbone.features.11.block.2.fc2.weight,1600,1600,1600.0,1600,1
intel_gpu_plugin,set_arguments: constant:backbone.features.11.block.2.fc1.weight,1099,1099,1099.0,1099,1
intel_gpu_plugin,set_arguments: constant:aspp.aspp2.1.weight,1100,1100,1100.0,1100,1
intel_gpu_plugin,set_arguments: constant:Reshape_99,1300,1300,1300.0,1300,1
intel_gpu_plugin,set_arguments: constant:Reshape_949,1100,1100,1100.0,1100,1
intel_gpu_plugin,set_arguments: constant:Reshape_850,901,901,901.0,901,1
intel_gpu_plugin,set_arguments: constant:Reshape_708,1000,1000,1000.0,1000,1
intel_gpu_plugin,set_arguments: constant:Reshape_569,1200,1200,1200.0,1200,1
intel_gpu_plugin,set_arguments: constant:Reshape_46,1499,1499,1499.0,1499,1
intel_gpu_plugin,set_arguments: constant:Reshape_431,2200,2200,2200.0,2200,1
intel_gpu_plugin,set_arguments: constant:Reshape_337,1500,1500,1500.0,1500,1
intel_gpu_plugin,set_arguments: constant:Reshape_244,1500,1500,1500.0,1500,1
intel_gpu_plugin,set_arguments: constant:Reshape_2379,1200,1200,1200.0,1200,1
intel_gpu_plugin,set_arguments: constant:Reshape_2329,1100,1100,1100.0,1100,1
intel_gpu_plugin,set_arguments: constant:Reshape_1827,1401,1401,1401.0,1401,1
intel_gpu_plugin,set_arguments: constant:Reshape_1682,1300,1300,1300.0,1300,1
intel_gpu_plugin,set_arguments: constant:Reshape_1538,1400,1400,1400.0,1400,1
intel_gpu_plugin,set_arguments: constant:Reshape_150,1501,1501,1501.0,1501,1
intel_gpu_plugin,set_arguments: constant:Reshape_1393,1500,1500,1500.0,1500,1
intel_gpu_plugin,set_arguments: constant:Reshape_1249,2400,2400,2400.0,2400,1
intel_gpu_plugin,set_arguments: constant:Reshape_1149,1999,1999,1999.0,1999,1
intel_gpu_plugin,set_arguments: constant:Reshape_1049,2199,2199,2199.0,2199,1
intel_gpu_plugin,set_arguments: constant:983,2199,2199,2199.0,2199,1
intel_gpu_plugin,set_arguments: constant:980,900,900,900.0,900,1
intel_gpu_plugin,set_arguments: constant:977,1600,1600,1600.0,1600,1
intel_gpu_plugin,set_arguments: constant:974,1500,1500,1500.0,1500,1
intel_gpu_plugin,set_arguments: constant:971,1400,1400,1400.0,1400,1
intel_gpu_plugin,set_arguments: constant:968,1799,1799,1799.0,1799,1
intel_gpu_plugin,set_arguments: constant:965,1701,1701,1701.0,1701,1
intel_gpu_plugin,set_arguments: constant:962,4300,4300,4300.0,4300,1
intel_gpu_plugin,set_arguments: constant:959,2600,2600,2600.0,2600,1
intel_gpu_plugin,set_arguments: constant:956,1799,1799,1799.0,1799,1
intel_gpu_plugin,set_arguments: constant:950,1300,1300,1300.0,1300,1
intel_gpu_plugin,set_arguments: constant:947,1700,1700,1700.0,1700,1
intel_gpu_plugin,set_arguments: constant:941,1700,1700,1700.0,1700,1
intel_gpu_plugin,set_arguments: constant:938,1301,1301,1301.0,1301,1
intel_gpu_plugin,set_arguments: constant:932,1200,1200,1200.0,1200,1
intel_gpu_plugin,set_arguments: constant:929,1300,1300,1300.0,1300,1
intel_gpu_plugin,set_arguments: constant:923,3700,3700,3700.0,3700,1
intel_gpu_plugin,set_arguments: constant:920,1701,1701,1701.0,1701,1
intel_gpu_plugin,set_arguments: constant:914,1801,1801,1801.0,1801,1
intel_gpu_plugin,set_arguments: constant:911,1400,1400,1400.0,1400,1
intel_gpu_plugin,set_arguments: constant:905,1799,1799,1799.0,1799,1
intel_gpu_plugin,set_arguments: constant:902,1701,1701,1701.0,1701,1
intel_gpu_plugin,set_arguments: constant:896,1401,1401,1401.0,1401,1
intel_gpu_plugin,set_arguments: constant:893,1201,1201,1201.0,1201,1
intel_gpu_plugin,set_arguments: constant:887,1101,1101,1101.0,1101,1
intel_gpu_plugin,set_arguments: constant:884,1101,1101,1101.0,1101,1
intel_gpu_plugin,set_arguments: constant:878,2000,2000,2000.0,2000,1
intel_gpu_plugin,set_arguments: constant:875,3600,3600,3600.0,3600,1
intel_gpu_plugin,set_arguments: constant:869,1501,1501,1501.0,1501,1
intel_gpu_plugin,set_arguments: constant:866,1900,1900,1900.0,1900,1
intel_gpu_plugin,set_arguments: constant:860,1500,1500,1500.0,1500,1
intel_gpu_plugin,set_arguments: constant:857,1400,1400,1400.0,1400,1
intel_gpu_plugin,set_arguments: constant:851,1700,1700,1700.0,1700,1
intel_gpu_plugin,set_arguments: constant:848,1101,1101,1101.0,1101,1
intel_gpu_plugin,set_arguments: constant:842,1400,1400,1400.0,1400,1
intel_gpu_plugin,set_arguments: constant:839,1400,1400,1400.0,1400,1
intel_gpu_plugin,set_arguments: constant:833,2400,2400,2400.0,2400,1
intel_gpu_plugin,set_arguments: constant:830,1599,1599,1599.0,1599,1
intel_gpu_plugin,set_arguments: constant:824,1500,1500,1500.0,1500,1
intel_gpu_plugin,set_arguments: constant:refiner.conv.6.weight_weights_reorder_84,39400,100400,69900.0,139800,2
intel_gpu_plugin,set_arguments: constant:project_mat.conv.weight_weights_reorder_79,19400,21600,20500.0,41000,2
intel_gpu_plugin,set_arguments: constant:decoder.decode4.gru.ih.0.weight_weights_reorder_66,21500,42901,32200.5,64401,2
intel_gpu_plugin,set_arguments: constant:decoder.decode4.gru.hh.0.weight_weights_reorder_67,24900,34101,29500.5,59001,2
intel_gpu_plugin,set_arguments: constant:decoder.decode3.gru.ih.0.weight_weights_reorder_69,18700,24900,21800.0,43600,2
intel_gpu_plugin,set_arguments: constant:decoder.decode3.gru.hh.0.weight_weights_reorder_70,22000,27399,24699.5,49399,2
intel_gpu_plugin,set_arguments: constant:decoder.decode2.gru.ih.0.weight_weights_reorder_72,16500,18900,17700.0,35400,2
intel_gpu_plugin,set_arguments: constant:decoder.decode2.gru.hh.0.weight_weights_reorder_73,13699,23100,18399.5,36799,2
intel_gpu_plugin,set_arguments: constant:decoder.decode1.gru.ih.0.weight_weights_reorder_75,17200,32101,24650.5,49301,2
intel_gpu_plugin,set_arguments: constant:decoder.decode1.gru.hh.0.weight_weights_reorder_76,11700,19901,15800.5,31601,2
intel_gpu_plugin,set_arguments: constant:backbone.features.6.block.2.fc2.weight_weights_reorder_24,12000,23300,17650.0,35300,2
intel_gpu_plugin,set_arguments: constant:backbone.features.6.block.2.fc1.weight_weights_reorder_23,15401,43000,29200.5,58401,2
intel_gpu_plugin,set_arguments: constant:backbone.features.5.block.2.fc2.weight_weights_reorder_19,15100,23900,19500.0,39000,2
intel_gpu_plugin,set_arguments: constant:backbone.features.5.block.2.fc1.weight_weights_reorder_18,13500,27300,20400.0,40800,2
intel_gpu_plugin,set_arguments: constant:backbone.features.4.block.2.fc2.weight_weights_reorder_14,16199,20899,18549.0,37098,2
intel_gpu_plugin,set_arguments: constant:backbone.features.4.block.2.fc1.weight_weights_reorder_13,15300,18000,16650.0,33300,2
intel_gpu_plugin,set_arguments: constant:backbone.features.15.block.2.fc2.weight_weights_reorder_61,20399,25000,22699.5,45399,2
intel_gpu_plugin,set_arguments: constant:backbone.features.15.block.2.fc1.weight_weights_reorder_60,13100,20699,16899.5,33799,2
intel_gpu_plugin,set_arguments: constant:backbone.features.14.block.2.fc2.weight_weights_reorder_56,12900,20699,16799.5,33599,2
intel_gpu_plugin,set_arguments: constant:backbone.features.14.block.2.fc1.weight_weights_reorder_55,12900,45000,28950.0,57900,2
intel_gpu_plugin,set_arguments: constant:backbone.features.13.block.2.fc2.weight_weights_reorder_51,23899,25800,24849.5,49699,2
intel_gpu_plugin,set_arguments: constant:backbone.features.13.block.2.fc1.weight_weights_reorder_50,13900,17900,15900.0,31800,2
intel_gpu_plugin,set_arguments: constant:backbone.features.12.block.2.fc2.weight_weights_reorder_46,14001,20600,17300.5,34601,2
intel_gpu_plugin,set_arguments: constant:backbone.features.12.block.2.fc1.weight_weights_reorder_45,23501,24500,24000.5,48001,2
intel_gpu_plugin,set_arguments: constant:backbone.features.11.block.2.fc2.weight_weights_reorder_41,21099,25700,23399.5,46799,2
intel_gpu_plugin,set_arguments: constant:backbone.features.11.block.2.fc1.weight_weights_reorder_40,19299,22600,20949.5,41899,2
intel_gpu_plugin,set_arguments: constant:aspp.aspp2.1.weight_weights_reorder_64,15401,25200,20300.5,40601,2
intel_gpu_plugin,set_arguments: constant:Reshape_99_weights_reorder_0,13600,30700,22150.0,44300,2
intel_gpu_plugin,set_arguments: constant:Reshape_949_weights_reorder_30,16399,25300,20849.5,41699,2
intel_gpu_plugin,set_arguments: constant:Reshape_850_weights_reorder_27,13500,21400,17450.0,34900,2
intel_gpu_plugin,set_arguments: constant:Reshape_708_weights_reorder_22,10800,23400,17100.0,34200,2
intel_gpu_plugin,set_arguments: constant:Reshape_569_weights_reorder_17,10500,22401,16450.5,32901,2
intel_gpu_plugin,set_arguments: constant:Reshape_46_weights_reorder_1,16800,23600,20200.0,40400,2
intel_gpu_plugin,set_arguments: constant:Reshape_431_weights_reorder_12,14200,22100,18150.0,36300,2
intel_gpu_plugin,set_arguments: constant:Reshape_337_weights_reorder_9,12599,17800,15199.5,30399,2
intel_gpu_plugin,set_arguments: constant:Reshape_244_weights_reorder_6,11501,19000,15250.5,30501,2
intel_gpu_plugin,set_arguments: constant:Reshape_2379_weights_reorder_80,16901,19600,18250.5,36501,2
intel_gpu_plugin,set_arguments: constant:Reshape_2329_weights_reorder_81,16199,34800,25499.5,50999,2
intel_gpu_plugin,set_arguments: constant:Reshape_1827_weights_reorder_59,16700,30300,23500.0,47000,2
intel_gpu_plugin,set_arguments: constant:Reshape_1682_weights_reorder_54,13500,23801,18650.5,37301,2
intel_gpu_plugin,set_arguments: constant:Reshape_1538_weights_reorder_49,12099,23000,17549.5,35099,2
intel_gpu_plugin,set_arguments: constant:Reshape_150_weights_reorder_3,14300,21400,17850.0,35700,2
intel_gpu_plugin,set_arguments: constant:Reshape_1393_weights_reorder_44,24000,26301,25150.5,50301,2
intel_gpu_plugin,set_arguments: constant:Reshape_1249_weights_reorder_39,23300,55201,39250.5,78501,2
intel_gpu_plugin,set_arguments: constant:Reshape_1149_weights_reorder_36,23000,35900,29450.0,58900,2
intel_gpu_plugin,set_arguments: constant:Reshape_1049_weights_reorder_33,19400,20900,20150.0,40300,2
intel_gpu_plugin,set_arguments: constant:983_weights_reorder_83,13800,24900,19350.0,38700,2
intel_gpu_plugin,set_arguments: constant:980_weights_reorder_82,14600,17700,16150.0,32300,2
intel_gpu_plugin,set_arguments: constant:977_weights_reorder_78,18799,19300,19049.5,38099,2
intel_gpu_plugin,set_arguments: constant:974_weights_reorder_77,26500,26700,26600.0,53200,2
intel_gpu_plugin,set_arguments: constant:971_weights_reorder_74,18499,24701,21600.0,43200,2
intel_gpu_plugin,set_arguments: constant:968_weights_reorder_71,15500,31901,23700.5,47401,2
intel_gpu_plugin,set_arguments: constant:965_weights_reorder_68,13301,20600,16950.5,33901,2
intel_gpu_plugin,set_arguments: constant:962_weights_reorder_65,21500,22200,21850.0,43700,2
intel_gpu_plugin,set_arguments: constant:959_weights_reorder_63,17401,21599,19500.0,39000,2
intel_gpu_plugin,set_arguments: constant:956_weights_reorder_62,11200,22701,16950.5,33901,2
intel_gpu_plugin,set_arguments: constant:950_weights_reorder_58,12201,18200,15200.5,30401,2
intel_gpu_plugin,set_arguments: constant:947_weights_reorder_57,15400,31301,23350.5,46701,2
intel_gpu_plugin,set_arguments: constant:941_weights_reorder_53,13001,22201,17601.0,35202,2
intel_gpu_plugin,set_arguments: constant:938_weights_reorder_52,13000,26600,19800.0,39600,2
intel_gpu_plugin,set_arguments: constant:932_weights_reorder_48,15200,18100,16650.0,33300,2
intel_gpu_plugin,set_arguments: constant:929_weights_reorder_47,17501,19200,18350.5,36701,2
intel_gpu_plugin,set_arguments: constant:923_weights_reorder_43,17800,21201,19500.5,39001,2
intel_gpu_plugin,set_arguments: constant:920_weights_reorder_42,18200,29001,23600.5,47201,2
intel_gpu_plugin,set_arguments: constant:914_weights_reorder_38,13101,25700,19400.5,38801,2
intel_gpu_plugin,set_arguments: constant:911_weights_reorder_37,13900,34700,24300.0,48600,2
intel_gpu_plugin,set_arguments: constant:905_weights_reorder_35,12801,25700,19250.5,38501,2
intel_gpu_plugin,set_arguments: constant:902_weights_reorder_34,13600,21600,17600.0,35200,2
intel_gpu_plugin,set_arguments: constant:896_weights_reorder_32,13800,18600,16200.0,32400,2
intel_gpu_plugin,set_arguments: constant:893_weights_reorder_31,20799,23500,22149.5,44299,2
intel_gpu_plugin,set_arguments: constant:887_weights_reorder_29,15100,21699,18399.5,36799,2
intel_gpu_plugin,set_arguments: constant:884_weights_reorder_28,14100,21201,17650.5,35301,2
intel_gpu_plugin,set_arguments: constant:878_weights_reorder_26,12499,34100,23299.5,46599,2
intel_gpu_plugin,set_arguments: constant:875_weights_reorder_25,14400,27400,20900.0,41800,2
intel_gpu_plugin,set_arguments: constant:869_weights_reorder_21,17100,24800,20950.0,41900,2
intel_gpu_plugin,set_arguments: constant:866_weights_reorder_20,14599,20901,17750.0,35500,2
intel_gpu_plugin,set_arguments: constant:860_weights_reorder_16,12000,22099,17049.5,34099,2
intel_gpu_plugin,set_arguments: constant:857_weights_reorder_15,13000,20800,16900.0,33800,2
intel_gpu_plugin,set_arguments: constant:851_weights_reorder_11,14500,27999,21249.5,42499,2
intel_gpu_plugin,set_arguments: constant:848_weights_reorder_10,17200,22599,19899.5,39799,2
intel_gpu_plugin,set_arguments: constant:842_weights_reorder_8,13501,23400,18450.5,36901,2
intel_gpu_plugin,set_arguments: constant:839_weights_reorder_7,12399,20200,16299.5,32599,2
intel_gpu_plugin,set_arguments: constant:833_weights_reorder_5,15700,18000,16850.0,33700,2
intel_gpu_plugin,set_arguments: constant:830_weights_reorder_4,15600,16000,15800.0,31600,2
intel_gpu_plugin,set_arguments: constant:824_weights_reorder_2,12000,75101,43550.5,87101,2
intel_gpu_plugin,constant:refiner.conv.6.weight::prepare,16801,16801,16801.0,16801,1
intel_gpu_plugin,constant:refiner.conv.6.weight::execute,2400,2400,2400.0,2400,1
intel_gpu_plugin,constant:project_mat.conv.weight::prepare,11401,11401,11401.0,11401,1
intel_gpu_plugin,constant:project_mat.conv.weight::execute,2900,2900,2900.0,2900,1
intel_gpu_plugin,constant:decoder.decode4.gru.ih.0.weight::prepare,8700,8700,8700.0,8700,1
intel_gpu_plugin,constant:decoder.decode4.gru.ih.0.weight::execute,2600,2600,2600.0,2600,1
intel_gpu_plugin,constant:decoder.decode4.gru.hh.0.weight::prepare,8799,8799,8799.0,8799,1
intel_gpu_plugin,constant:decoder.decode4.gru.hh.0.weight::execute,2400,2400,2400.0,2400,1
intel_gpu_plugin,constant:decoder.decode3.gru.ih.0.weight::prepare,10300,10300,10300.0,10300,1
intel_gpu_plugin,constant:decoder.decode3.gru.ih.0.weight::execute,3001,3001,3001.0,3001,1
intel_gpu_plugin,constant:decoder.decode3.gru.hh.0.weight::prepare,9600,9600,9600.0,9600,1
intel_gpu_plugin,constant:decoder.decode3.gru.hh.0.weight::execute,2699,2699,2699.0,2699,1
intel_gpu_plugin,constant:decoder.decode2.gru.ih.0.weight::prepare,9299,9299,9299.0,9299,1
intel_gpu_plugin,constant:decoder.decode2.gru.ih.0.weight::execute,3100,3100,3100.0,3100,1
intel_gpu_plugin,constant:decoder.decode2.gru.hh.0.weight::prepare,11100,11100,11100.0,11100,1
intel_gpu_plugin,constant:decoder.decode2.gru.hh.0.weight::execute,2199,2199,2199.0,2199,1
intel_gpu_plugin,constant:decoder.decode1.gru.ih.0.weight::prepare,18500,18500,18500.0,18500,1
intel_gpu_plugin,constant:decoder.decode1.gru.ih.0.weight::execute,2100,2100,2100.0,2100,1
intel_gpu_plugin,constant:decoder.decode1.gru.hh.0.weight::prepare,7500,7500,7500.0,7500,1
intel_gpu_plugin,constant:decoder.decode1.gru.hh.0.weight::execute,2000,2000,2000.0,2000,1
intel_gpu_plugin,constant:backbone.features.6.block.2.fc2.weight::prepare,6001,6001,6001.0,6001,1
intel_gpu_plugin,constant:backbone.features.6.block.2.fc2.weight::execute,2200,2200,2200.0,2200,1
intel_gpu_plugin,constant:backbone.features.6.block.2.fc1.weight::prepare,9301,9301,9301.0,9301,1
intel_gpu_plugin,constant:backbone.features.6.block.2.fc1.weight::execute,2600,2600,2600.0,2600,1
intel_gpu_plugin,constant:backbone.features.5.block.2.fc2.weight::prepare,7099,7099,7099.0,7099,1
intel_gpu_plugin,constant:backbone.features.5.block.2.fc2.weight::execute,1900,1900,1900.0,1900,1
intel_gpu_plugin,constant:backbone.features.5.block.2.fc1.weight::prepare,7799,7799,7799.0,7799,1
intel_gpu_plugin,constant:backbone.features.5.block.2.fc1.weight::execute,2400,2400,2400.0,2400,1
intel_gpu_plugin,constant:backbone.features.4.block.2.fc2.weight::prepare,10900,10900,10900.0,10900,1
intel_gpu_plugin,constant:backbone.features.4.block.2.fc2.weight::execute,2700,2700,2700.0,2700,1
intel_gpu_plugin,constant:backbone.features.4.block.2.fc1.weight::prepare,7200,7200,7200.0,7200,1
intel_gpu_plugin,constant:backbone.features.4.block.2.fc1.weight::execute,8799,8799,8799.0,8799,1
intel_gpu_plugin,constant:backbone.features.15.block.2.fc2.weight::prepare,7401,7401,7401.0,7401,1
intel_gpu_plugin,constant:backbone.features.15.block.2.fc2.weight::execute,3100,3100,3100.0,3100,1
intel_gpu_plugin,constant:backbone.features.15.block.2.fc1.weight::prepare,7900,7900,7900.0,7900,1
intel_gpu_plugin,constant:backbone.features.15.block.2.fc1.weight::execute,2199,2199,2199.0,2199,1
intel_gpu_plugin,constant:backbone.features.14.block.2.fc2.weight::prepare,7100,7100,7100.0,7100,1
intel_gpu_plugin,constant:backbone.features.14.block.2.fc2.weight::execute,2501,2501,2501.0,2501,1
intel_gpu_plugin,constant:backbone.features.14.block.2.fc1.weight::prepare,6601,6601,6601.0,6601,1
intel_gpu_plugin,constant:backbone.features.14.block.2.fc1.weight::execute,2101,2101,2101.0,2101,1
intel_gpu_plugin,constant:backbone.features.13.block.2.fc2.weight::prepare,5801,5801,5801.0,5801,1
intel_gpu_plugin,constant:backbone.features.13.block.2.fc2.weight::execute,2200,2200,2200.0,2200,1
intel_gpu_plugin,constant:backbone.features.13.block.2.fc1.weight::prepare,9699,9699,9699.0,9699,1
intel_gpu_plugin,constant:backbone.features.13.block.2.fc1.weight::execute,3099,3099,3099.0,3099,1
intel_gpu_plugin,constant:backbone.features.12.block.2.fc2.weight::prepare,9200,9200,9200.0,9200,1
intel_gpu_plugin,constant:backbone.features.12.block.2.fc2.weight::execute,2800,2800,2800.0,2800,1
intel_gpu_plugin,constant:backbone.features.12.block.2.fc1.weight::prepare,7301,7301,7301.0,7301,1
intel_gpu_plugin,constant:backbone.features.12.block.2.fc1.weight::execute,2099,2099,2099.0,2099,1
intel_gpu_plugin,constant:backbone.features.11.block.2.fc2.weight::prepare,7001,7001,7001.0,7001,1
intel_gpu_plugin,constant:backbone.features.11.block.2.fc2.weight::execute,2701,2701,2701.0,2701,1
intel_gpu_plugin,constant:backbone.features.11.block.2.fc1.weight::prepare,8999,8999,8999.0,8999,1
intel_gpu_plugin,constant:backbone.features.11.block.2.fc1.weight::execute,2500,2500,2500.0,2500,1
intel_gpu_plugin,constant:aspp.aspp2.1.weight::prepare,8300,8300,8300.0,8300,1
intel_gpu_plugin,constant:aspp.aspp2.1.weight::execute,2201,2201,2201.0,2201,1
intel_gpu_plugin,constant:Reshape_99::prepare,7100,7100,7100.0,7100,1
intel_gpu_plugin,constant:Reshape_99::execute,2500,2500,2500.0,2500,1
intel_gpu_plugin,constant:Reshape_949::prepare,10699,10699,10699.0,10699,1
intel_gpu_plugin,constant:Reshape_949::execute,2400,2400,2400.0,2400,1
intel_gpu_plugin,constant:Reshape_850::prepare,9200,9200,9200.0,9200,1
intel_gpu_plugin,constant:Reshape_850::execute,2800,2800,2800.0,2800,1
intel_gpu_plugin,constant:Reshape_708::prepare,8400,8400,8400.0,8400,1
intel_gpu_plugin,constant:Reshape_708::execute,2800,2800,2800.0,2800,1
intel_gpu_plugin,constant:Reshape_569::prepare,8900,8900,8900.0,8900,1
intel_gpu_plugin,constant:Reshape_569::execute,2900,2900,2900.0,2900,1
intel_gpu_plugin,constant:Reshape_46::prepare,10401,10401,10401.0,10401,1
intel_gpu_plugin,constant:Reshape_46::execute,2800,2800,2800.0,2800,1
intel_gpu_plugin,constant:Reshape_431::prepare,6101,6101,6101.0,6101,1
intel_gpu_plugin,constant:Reshape_431::execute,2600,2600,2600.0,2600,1
intel_gpu_plugin,constant:Reshape_337::prepare,9200,9200,9200.0,9200,1
intel_gpu_plugin,constant:Reshape_337::execute,3000,3000,3000.0,3000,1
intel_gpu_plugin,constant:Reshape_244::prepare,8301,8301,8301.0,8301,1
intel_gpu_plugin,constant:Reshape_244::execute,2800,2800,2800.0,2800,1
intel_gpu_plugin,constant:Reshape_2379::prepare,7300,7300,7300.0,7300,1
intel_gpu_plugin,constant:Reshape_2379::execute,3200,3200,3200.0,3200,1
intel_gpu_plugin,constant:Reshape_2329::prepare,8500,8500,8500.0,8500,1
intel_gpu_plugin,constant:Reshape_2329::execute,2999,2999,2999.0,2999,1
intel_gpu_plugin,constant:Reshape_1827::prepare,8600,8600,8600.0,8600,1
intel_gpu_plugin,constant:Reshape_1827::execute,2099,2099,2099.0,2099,1
intel_gpu_plugin,constant:Reshape_1682::prepare,8500,8500,8500.0,8500,1
intel_gpu_plugin,constant:Reshape_1682::execute,3000,3000,3000.0,3000,1
intel_gpu_plugin,constant:Reshape_1538::prepare,6899,6899,6899.0,6899,1
intel_gpu_plugin,constant:Reshape_1538::execute,3300,3300,3300.0,3300,1
intel_gpu_plugin,constant:Reshape_150::prepare,11299,11299,11299.0,11299,1
intel_gpu_plugin,constant:Reshape_150::execute,2800,2800,2800.0,2800,1
intel_gpu_plugin,constant:Reshape_1393::prepare,8499,8499,8499.0,8499,1
intel_gpu_plugin,constant:Reshape_1393::execute,2300,2300,2300.0,2300,1
intel_gpu_plugin,constant:Reshape_1249::prepare,6200,6200,6200.0,6200,1
intel_gpu_plugin,constant:Reshape_1249::execute,2699,2699,2699.0,2699,1
intel_gpu_plugin,constant:Reshape_1149::prepare,10301,10301,10301.0,10301,1
intel_gpu_plugin,constant:Reshape_1149::execute,2501,2501,2501.0,2501,1
intel_gpu_plugin,constant:Reshape_1049::prepare,7601,7601,7601.0,7601,1
intel_gpu_plugin,constant:Reshape_1049::execute,2099,2099,2099.0,2099,1
intel_gpu_plugin,constant,1800,16800,6310.346153846154,492207,78
intel_gpu_plugin,constant:refiner.conv.6.weight_weights_reorder_84::prepare,49999,49999,49999.0,49999,1
intel_gpu_plugin,constant:refiner.conv.6.weight_weights_reorder_84::execute,232800,232800,232800.0,232800,1
intel_gpu_plugin,constant:project_mat.conv.weight_weights_reorder_79::prepare,41400,41400,41400.0,41400,1
intel_gpu_plugin,constant:project_mat.conv.weight_weights_reorder_79::execute,70000,70000,70000.0,70000,1
intel_gpu_plugin,constant:decoder.decode4.gru.ih.0.weight_weights_reorder_66::prepare,38200,38200,38200.0,38200,1
intel_gpu_plugin,constant:decoder.decode4.gru.ih.0.weight_weights_reorder_66::execute,91900,91900,91900.0,91900,1
intel_gpu_plugin,constant:decoder.decode4.gru.hh.0.weight_weights_reorder_67::prepare,51100,51100,51100.0,51100,1
intel_gpu_plugin,constant:decoder.decode4.gru.hh.0.weight_weights_reorder_67::execute,90999,90999,90999.0,90999,1
intel_gpu_plugin,constant:decoder.decode3.gru.ih.0.weight_weights_reorder_69::prepare,35501,35501,35501.0,35501,1
intel_gpu_plugin,constant:decoder.decode3.gru.ih.0.weight_weights_reorder_69::execute,96399,96399,96399.0,96399,1
intel_gpu_plugin,constant:decoder.decode3.gru.hh.0.weight_weights_reorder_70::prepare,40099,40099,40099.0,40099,1
intel_gpu_plugin,constant:decoder.decode3.gru.hh.0.weight_weights_reorder_70::execute,101100,101100,101100.0,101100,1
intel_gpu_plugin,constant:decoder.decode2.gru.ih.0.weight_weights_reorder_72::prepare,27501,27501,27501.0,27501,1
intel_gpu_plugin,constant:decoder.decode2.gru.ih.0.weight_weights_reorder_72::execute,72800,72800,72800.0,72800,1
intel_gpu_plugin,constant:decoder.decode2.gru.hh.0.weight_weights_reorder_73::prepare,34000,34000,34000.0,34000,1
intel_gpu_plugin,constant:decoder.decode2.gru.hh.0.weight_weights_reorder_73::execute,114100,114100,114100.0,114100,1
intel_gpu_plugin,constant:decoder.decode1.gru.ih.0.weight_weights_reorder_75::prepare,46499,46499,46499.0,46499,1
intel_gpu_plugin,constant:decoder.decode1.gru.ih.0.weight_weights_reorder_75::execute,114301,114301,114301.0,114301,1
intel_gpu_plugin,constant:decoder.decode1.gru.hh.0.weight_weights_reorder_76::prepare,29100,29100,29100.0,29100,1
intel_gpu_plugin,constant:decoder.decode1.gru.hh.0.weight_weights_reorder_76::execute,121700,121700,121700.0,121700,1
intel_gpu_plugin,constant:backbone.features.6.block.2.fc2.weight_weights_reorder_24::prepare,35801,35801,35801.0,35801,1
intel_gpu_plugin,constant:backbone.features.6.block.2.fc2.weight_weights_reorder_24::execute,129400,129400,129400.0,129400,1
intel_gpu_plugin,constant:backbone.features.6.block.2.fc1.weight_weights_reorder_23::prepare,60799,60799,60799.0,60799,1
intel_gpu_plugin,constant:backbone.features.6.block.2.fc1.weight_weights_reorder_23::execute,124600,124600,124600.0,124600,1
intel_gpu_plugin,constant:backbone.features.5.block.2.fc2.weight_weights_reorder_19::prepare,35500,35500,35500.0,35500,1
intel_gpu_plugin,constant:backbone.features.5.block.2.fc2.weight_weights_reorder_19::execute,74899,74899,74899.0,74899,1
intel_gpu_plugin,constant:backbone.features.5.block.2.fc1.weight_weights_reorder_18::prepare,39400,39400,39400.0,39400,1
intel_gpu_plugin,constant:backbone.features.5.block.2.fc1.weight_weights_reorder_18::execute,73300,73300,73300.0,73300,1
intel_gpu_plugin,constant:backbone.features.4.block.2.fc2.weight_weights_reorder_14::prepare,30600,30600,30600.0,30600,1
intel_gpu_plugin,constant:backbone.features.4.block.2.fc2.weight_weights_reorder_14::execute,89600,89600,89600.0,89600,1
intel_gpu_plugin,constant:backbone.features.4.block.2.fc1.weight_weights_reorder_13::prepare,25600,25600,25600.0,25600,1
intel_gpu_plugin,constant:backbone.features.4.block.2.fc1.weight_weights_reorder_13::execute,77900,77900,77900.0,77900,1
intel_gpu_plugin,constant:backbone.features.15.block.2.fc2.weight_weights_reorder_61::prepare,34900,34900,34900.0,34900,1
intel_gpu_plugin,constant:backbone.features.15.block.2.fc2.weight_weights_reorder_61::execute,96000,96000,96000.0,96000,1
intel_gpu_plugin,constant:backbone.features.15.block.2.fc1.weight_weights_reorder_60::prepare,30801,30801,30801.0,30801,1
intel_gpu_plugin,constant:backbone.features.15.block.2.fc1.weight_weights_reorder_60::execute,88099,88099,88099.0,88099,1
intel_gpu_plugin,constant:backbone.features.14.block.2.fc2.weight_weights_reorder_56::prepare,30900,30900,30900.0,30900,1
intel_gpu_plugin,constant:backbone.features.14.block.2.fc2.weight_weights_reorder_56::execute,76000,76000,76000.0,76000,1
intel_gpu_plugin,constant:backbone.features.14.block.2.fc1.weight_weights_reorder_55::prepare,67400,67400,67400.0,67400,1
intel_gpu_plugin,constant:backbone.features.14.block.2.fc1.weight_weights_reorder_55::execute,104401,104401,104401.0,104401,1
intel_gpu_plugin,constant:backbone.features.13.block.2.fc2.weight_weights_reorder_51::prepare,36700,36700,36700.0,36700,1
intel_gpu_plugin,constant:backbone.features.13.block.2.fc2.weight_weights_reorder_51::execute,86500,86500,86500.0,86500,1
intel_gpu_plugin,constant:backbone.features.13.block.2.fc1.weight_weights_reorder_50::prepare,27400,27400,27400.0,27400,1
intel_gpu_plugin,constant:backbone.features.13.block.2.fc1.weight_weights_reorder_50::execute,77400,77400,77400.0,77400,1
intel_gpu_plugin,constant:backbone.features.12.block.2.fc2.weight_weights_reorder_46::prepare,30100,30100,30100.0,30100,1
intel_gpu_plugin,constant:backbone.features.12.block.2.fc2.weight_weights_reorder_46::execute,66900,66900,66900.0,66900,1
intel_gpu_plugin,constant:backbone.features.12.block.2.fc1.weight_weights_reorder_45::prepare,35600,35600,35600.0,35600,1
intel_gpu_plugin,constant:backbone.features.12.block.2.fc1.weight_weights_reorder_45::execute,74600,74600,74600.0,74600,1
intel_gpu_plugin,constant:backbone.features.11.block.2.fc2.weight_weights_reorder_41::prepare,30601,30601,30601.0,30601,1
intel_gpu_plugin,constant:backbone.features.11.block.2.fc2.weight_weights_reorder_41::execute,89300,89300,89300.0,89300,1
intel_gpu_plugin,constant:backbone.features.11.block.2.fc1.weight_weights_reorder_40::prepare,41900,41900,41900.0,41900,1
intel_gpu_plugin,constant:backbone.features.11.block.2.fc1.weight_weights_reorder_40::execute,103101,103101,103101.0,103101,1
intel_gpu_plugin,constant:aspp.aspp2.1.weight_weights_reorder_64::prepare,36600,36600,36600.0,36600,1
intel_gpu_plugin,constant:aspp.aspp2.1.weight_weights_reorder_64::execute,170800,170800,170800.0,170800,1
intel_gpu_plugin,constant:Reshape_99_weights_reorder_0::prepare,44299,44299,44299.0,44299,1
intel_gpu_plugin,constant:Reshape_99_weights_reorder_0::execute,130701,130701,130701.0,130701,1
intel_gpu_plugin,constant:Reshape_949_weights_reorder_30::prepare,36200,36200,36200.0,36200,1
intel_gpu_plugin,constant:Reshape_949_weights_reorder_30::execute,89301,89301,89301.0,89301,1
intel_gpu_plugin,constant:Reshape_850_weights_reorder_27::prepare,41600,41600,41600.0,41600,1
intel_gpu_plugin,constant:Reshape_850_weights_reorder_27::execute,84800,84800,84800.0,84800,1
intel_gpu_plugin,constant:Reshape_708_weights_reorder_22::prepare,34101,34101,34101.0,34101,1
intel_gpu_plugin,constant:Reshape_708_weights_reorder_22::execute,95900,95900,95900.0,95900,1
intel_gpu_plugin,constant:Reshape_569_weights_reorder_17::prepare,32101,32101,32101.0,32101,1
intel_gpu_plugin,constant:Reshape_569_weights_reorder_17::execute,53900,53900,53900.0,53900,1
intel_gpu_plugin,constant:Reshape_46_weights_reorder_1::prepare,34300,34300,34300.0,34300,1
intel_gpu_plugin,constant:Reshape_46_weights_reorder_1::execute,89800,89800,89800.0,89800,1
intel_gpu_plugin,constant:Reshape_431_weights_reorder_12::prepare,32399,32399,32399.0,32399,1
intel_gpu_plugin,constant:Reshape_431_weights_reorder_12::execute,155499,155499,155499.0,155499,1
intel_gpu_plugin,constant:Reshape_337_weights_reorder_9::prepare,25399,25399,25399.0,25399,1
intel_gpu_plugin,constant:Reshape_337_weights_reorder_9::execute,59200,59200,59200.0,59200,1
intel_gpu_plugin,constant:Reshape_244_weights_reorder_6::prepare,27200,27200,27200.0,27200,1
intel_gpu_plugin,constant:Reshape_244_weights_reorder_6::execute,62000,62000,62000.0,62000,1
intel_gpu_plugin,constant:Reshape_2379_weights_reorder_80::prepare,23500,23500,23500.0,23500,1
intel_gpu_plugin,constant:Reshape_2379_weights_reorder_80::execute,69799,69799,69799.0,69799,1
intel_gpu_plugin,constant:Reshape_2329_weights_reorder_81::prepare,50300,50300,50300.0,50300,1
intel_gpu_plugin,constant:Reshape_2329_weights_reorder_81::execute,118000,118000,118000.0,118000,1
intel_gpu_plugin,constant:Reshape_1827_weights_reorder_59::prepare,43600,43600,43600.0,43600,1
intel_gpu_plugin,constant:Reshape_1827_weights_reorder_59::execute,115800,115800,115800.0,115800,1
intel_gpu_plugin,constant:Reshape_1682_weights_reorder_54::prepare,34699,34699,34699.0,34699,1
intel_gpu_plugin,constant:Reshape_1682_weights_reorder_54::execute,72701,72701,72701.0,72701,1
intel_gpu_plugin,constant:Reshape_1538_weights_reorder_49::prepare,32500,32500,32500.0,32500,1
intel_gpu_plugin,constant:Reshape_1538_weights_reorder_49::execute,92399,92399,92399.0,92399,1
intel_gpu_plugin,constant:Reshape_150_weights_reorder_3::prepare,30901,30901,30901.0,30901,1
intel_gpu_plugin,constant:Reshape_150_weights_reorder_3::execute,94699,94699,94699.0,94699,1
intel_gpu_plugin,constant:Reshape_1393_weights_reorder_44::prepare,38700,38700,38700.0,38700,1
intel_gpu_plugin,constant:Reshape_1393_weights_reorder_44::execute,105100,105100,105100.0,105100,1
intel_gpu_plugin,constant:Reshape_1249_weights_reorder_39::prepare,33101,33101,33101.0,33101,1
intel_gpu_plugin,constant:Reshape_1249_weights_reorder_39::execute,96801,96801,96801.0,96801,1
intel_gpu_plugin,constant:Reshape_1149_weights_reorder_36::prepare,32601,32601,32601.0,32601,1
intel_gpu_plugin,constant:Reshape_1149_weights_reorder_36::execute,82000,82000,82000.0,82000,1
intel_gpu_plugin,constant:Reshape_1049_weights_reorder_33::prepare,28000,28000,28000.0,28000,1
intel_gpu_plugin,constant:Reshape_1049_weights_reorder_33::execute,76700,76700,76700.0,76700,1
intel_gpu_plugin,constant:983_weights_reorder_83::prepare,36600,36600,36600.0,36600,1
intel_gpu_plugin,constant:983_weights_reorder_83::execute,89300,89300,89300.0,89300,1
intel_gpu_plugin,constant:980_weights_reorder_82::prepare,21699,21699,21699.0,21699,1
intel_gpu_plugin,constant:980_weights_reorder_82::execute,65700,65700,65700.0,65700,1
intel_gpu_plugin,constant:977_weights_reorder_78::prepare,26700,26700,26700.0,26700,1
intel_gpu_plugin,constant:977_weights_reorder_78::execute,96100,96100,96100.0,96100,1
intel_gpu_plugin,constant:974_weights_reorder_77::prepare,37800,37800,37800.0,37800,1
intel_gpu_plugin,constant:974_weights_reorder_77::execute,98501,98501,98501.0,98501,1
intel_gpu_plugin,constant:971_weights_reorder_74::prepare,35800,35800,35800.0,35800,1
intel_gpu_plugin,constant:971_weights_reorder_74::execute,102499,102499,102499.0,102499,1
intel_gpu_plugin,constant:968_weights_reorder_71::prepare,42500,42500,42500.0,42500,1
intel_gpu_plugin,constant:968_weights_reorder_71::execute,101401,101401,101401.0,101401,1
intel_gpu_plugin,constant:965_weights_reorder_68::prepare,31100,31100,31100.0,31100,1
intel_gpu_plugin,constant:965_weights_reorder_68::execute,97500,97500,97500.0,97500,1
intel_gpu_plugin,constant:962_weights_reorder_65::prepare,31900,31900,31900.0,31900,1
intel_gpu_plugin,constant:962_weights_reorder_65::execute,69600,69600,69600.0,69600,1
intel_gpu_plugin,constant:959_weights_reorder_63::prepare,32099,32099,32099.0,32099,1
intel_gpu_plugin,constant:959_weights_reorder_63::execute,77800,77800,77800.0,77800,1
intel_gpu_plugin,constant:956_weights_reorder_62::prepare,33300,33300,33300.0,33300,1
intel_gpu_plugin,constant:956_weights_reorder_62::execute,94101,94101,94101.0,94101,1
intel_gpu_plugin,constant:950_weights_reorder_58::prepare,25901,25901,25901.0,25901,1
intel_gpu_plugin,constant:950_weights_reorder_58::execute,116799,116799,116799.0,116799,1
intel_gpu_plugin,constant:947_weights_reorder_57::prepare,43801,43801,43801.0,43801,1
intel_gpu_plugin,constant:947_weights_reorder_57::execute,118700,118700,118700.0,118700,1
intel_gpu_plugin,constant:941_weights_reorder_53::prepare,32300,32300,32300.0,32300,1
intel_gpu_plugin,constant:941_weights_reorder_53::execute,153499,153499,153499.0,153499,1
intel_gpu_plugin,constant:938_weights_reorder_52::prepare,37900,37900,37900.0,37900,1
intel_gpu_plugin,constant:938_weights_reorder_52::execute,92000,92000,92000.0,92000,1
intel_gpu_plugin,constant:932_weights_reorder_48::prepare,25900,25900,25900.0,25900,1
intel_gpu_plugin,constant:932_weights_reorder_48::execute,78599,78599,78599.0,78599,1
intel_gpu_plugin,constant:929_weights_reorder_47::prepare,28299,28299,28299.0,28299,1
intel_gpu_plugin,constant:929_weights_reorder_47::execute,85599,85599,85599.0,85599,1
intel_gpu_plugin,constant:923_weights_reorder_43::prepare,30300,30300,30300.0,30300,1
intel_gpu_plugin,constant:923_weights_reorder_43::execute,68000,68000,68000.0,68000,1
intel_gpu_plugin,constant:920_weights_reorder_42::prepare,41901,41901,41901.0,41901,1
intel_gpu_plugin,constant:920_weights_reorder_42::execute,104899,104899,104899.0,104899,1
intel_gpu_plugin,constant:914_weights_reorder_38::prepare,36701,36701,36701.0,36701,1
intel_gpu_plugin,constant:914_weights_reorder_38::execute,156000,156000,156000.0,156000,1
intel_gpu_plugin,constant:911_weights_reorder_37::prepare,49399,49399,49399.0,49399,1
intel_gpu_plugin,constant:911_weights_reorder_37::execute,119699,119699,119699.0,119699,1
intel_gpu_plugin,constant:905_weights_reorder_35::prepare,37000,37000,37000.0,37000,1
intel_gpu_plugin,constant:905_weights_reorder_35::execute,98000,98000,98000.0,98000,1
intel_gpu_plugin,constant:902_weights_reorder_34::prepare,31800,31800,31800.0,31800,1
intel_gpu_plugin,constant:902_weights_reorder_34::execute,53801,53801,53801.0,53801,1
intel_gpu_plugin,constant:896_weights_reorder_32::prepare,26499,26499,26499.0,26499,1
intel_gpu_plugin,constant:896_weights_reorder_32::execute,65500,65500,65500.0,65500,1
intel_gpu_plugin,constant:893_weights_reorder_31::prepare,33599,33599,33599.0,33599,1
intel_gpu_plugin,constant:893_weights_reorder_31::execute,98301,98301,98301.0,98301,1
intel_gpu_plugin,constant:887_weights_reorder_29::prepare,30401,30401,30401.0,30401,1
intel_gpu_plugin,constant:887_weights_reorder_29::execute,74500,74500,74500.0,74500,1
intel_gpu_plugin,constant:884_weights_reorder_28::prepare,29401,29401,29401.0,29401,1
intel_gpu_plugin,constant:884_weights_reorder_28::execute,78699,78699,78699.0,78699,1
intel_gpu_plugin,constant:878_weights_reorder_26::prepare,49400,49400,49400.0,49400,1
intel_gpu_plugin,constant:878_weights_reorder_26::execute,116799,116799,116799.0,116799,1
intel_gpu_plugin,constant:875_weights_reorder_25::prepare,39700,39700,39700.0,39700,1
intel_gpu_plugin,constant:875_weights_reorder_25::execute,98300,98300,98300.0,98300,1
intel_gpu_plugin,constant:869_weights_reorder_21::prepare,36501,36501,36501.0,36501,1
intel_gpu_plugin,constant:869_weights_reorder_21::execute,107000,107000,107000.0,107000,1
intel_gpu_plugin,constant:866_weights_reorder_20::prepare,31600,31600,31600.0,31600,1
intel_gpu_plugin,constant:866_weights_reorder_20::execute,74700,74700,74700.0,74700,1
intel_gpu_plugin,constant:860_weights_reorder_16::prepare,32200,32200,32200.0,32200,1
intel_gpu_plugin,constant:860_weights_reorder_16::execute,67299,67299,67299.0,67299,1
intel_gpu_plugin,constant:857_weights_reorder_15::prepare,30100,30100,30100.0,30100,1
intel_gpu_plugin,constant:857_weights_reorder_15::execute,182400,182400,182400.0,182400,1
intel_gpu_plugin,constant:851_weights_reorder_11::prepare,41100,41100,41100.0,41100,1
intel_gpu_plugin,constant:851_weights_reorder_11::execute,90400,90400,90400.0,90400,1
intel_gpu_plugin,constant:848_weights_reorder_10::prepare,32701,32701,32701.0,32701,1
intel_gpu_plugin,constant:848_weights_reorder_10::execute,62099,62099,62099.0,62099,1
intel_gpu_plugin,constant:842_weights_reorder_8::prepare,33699,33699,33699.0,33699,1
intel_gpu_plugin,constant:842_weights_reorder_8::execute,72000,72000,72000.0,72000,1
intel_gpu_plugin,constant:839_weights_reorder_7::prepare,29300,29300,29300.0,29300,1
intel_gpu_plugin,constant:839_weights_reorder_7::execute,92700,92700,92700.0,92700,1
intel_gpu_plugin,constant:833_weights_reorder_5::prepare,26101,26101,26101.0,26101,1
intel_gpu_plugin,constant:833_weights_reorder_5::execute,59300,59300,59300.0,59300,1
intel_gpu_plugin,constant:830_weights_reorder_4::prepare,21900,21900,21900.0,21900,1
intel_gpu_plugin,constant:830_weights_reorder_4::execute,50001,50001,50001.0,50001,1
intel_gpu_plugin,constant:824_weights_reorder_2::prepare,90399,90399,90399.0,90399,1
intel_gpu_plugin,constant:824_weights_reorder_2::execute,107100,107100,107100.0,107100,1
intel_gpu_plugin,NetworkImpl::Execute,2522900,851654401,26762282.42105263,1525450098,57
intel_gpu_plugin,pass::PropagateConstants,573080100,573080100,573080100.0,573080100,1
intel_gpu_plugin,Program::transfer_memory_to_device,6768100,6768100,6768100.0,6768100,1
intel_gpu_plugin,ProgramBuilder::CreateProgram,1153594900,1153594900,1153594900.0,1153594900,1
intel_gpu_plugin,ProgramBuilder::build,1162448600,1162448600,1162448600.0,1162448600,1
intel_gpu_plugin,NetworkImpl::TransferMemory,99,13600,503.56804733727813,85103,169
intel_gpu_plugin,Graph::build,24194199,24194199,24194199.0,24194199,1
intel_gpu_plugin,Plugin::compile_model::CreateCompiledModel,1252926000,1252926000,1252926000.0,1252926000,1
intel_gpu_plugin,Plugin::compile_model,1837331400,1837331400,1837331400.0,1837331400,1
intel_gpu_plugin,RemoteTensorImpl::Allocate,3501,210901,69081.4375,1105303,16
intel_gpu_plugin,SyncInferRequest::create_host_tensor,4200,944201,128409.0,1412499,11
intel_gpu_plugin,SyncInferRequest::allocate_inputs,3072699,3072699,3072699.0,3072699,1
intel_gpu_plugin,SyncInferRequest::allocate_outputs,979200,979200,979200.0,979200,1
intel_gpu_plugin,CompiledModel::create_sync_infer_request,5577600,5577600,5577600.0,5577600,1
intel_gpu_plugin,SyncInferRequest::set_tensor,1400,47200,5996.071428571428,1678900,280
intel_gpu_plugin,SyncInferRequest::prepare_input: parameter:src,211499,594400,241900.10714285713,13546406,56
intel_gpu_plugin,SyncInferRequest::prepare_input: parameter:r1i,114301,407100,144685.73214285713,8102401,56
intel_gpu_plugin,SyncInferRequest::prepare_input: parameter:r2i,64500,555001,83078.55357142857,4652399,56
intel_gpu_plugin,SyncInferRequest::prepare_input: parameter:r3i,38399,193300,48642.82142857143,2723998,56
intel_gpu_plugin,SyncInferRequest::prepare_input: parameter:r4i,22500,228501,30358.928571428572,1700100,56
intel_gpu_plugin,SyncInferRequest::prepare_output,5800,58500,10119.967261904761,3400309,336
intel_gpu_plugin,set_arguments: parameter:src,2199,2199,2199.0,2199,1
intel_gpu_plugin,set_arguments: convert:Convert_6386,1499,35499,2805.2631578947367,159900,57
intel_gpu_plugin,set_arguments: reducemean:ReduceMean_296,39399,46300,42849.5,85699,2
intel_gpu_plugin,set_arguments: interpolate:Resize_3,1800,3099,2449.5,4899,2
intel_gpu_plugin,set_arguments: interpolate:Resize_3_0_reorder_0,15501,22300,18900.5,37801,2
intel_gpu_plugin,set_arguments: reducemean:ReduceMean_298,28999,34000,31499.5,62999,2
intel_gpu_plugin,set_arguments: concat:Concat_299,25601,27200,26400.5,52801,2
intel_gpu_plugin,set_arguments: concat:Concat_299_0_reorder_1,18400,27099,22749.5,45499,2
intel_gpu_plugin,set_arguments: multiply:Mul_307,11900,27401,19650.5,39301,2
intel_gpu_plugin,set_arguments: multiply:Mul_307_0_reorder_2,17101,31000,24050.5,48101,2
intel_gpu_plugin,set_arguments: avgpool:AveragePool_169,21801,30399,26100.0,52200,2
intel_gpu_plugin,set_arguments: avgpool:AveragePool_169_0_reorder_3,17200,21500,19350.0,38700,2
intel_gpu_plugin,set_arguments: avgpool:AveragePool_170,19200,21300,20250.0,40500,2
intel_gpu_plugin,set_arguments: avgpool:AveragePool_170_0_reorder_4,15599,25100,20349.5,40699,2
intel_gpu_plugin,set_arguments: avgpool:AveragePool_171,16900,21299,19099.5,38199,2
intel_gpu_plugin,set_arguments: avgpool:AveragePool_171_0_reorder_5,16300,17399,16849.5,33699,2
intel_gpu_plugin,set_arguments: concat:Concat_297,36601,62200,49400.5,98801,2
intel_gpu_plugin,set_arguments: parameter:r4i,3000,3000,3000.0,3000,1
intel_gpu_plugin,set_arguments: convert:Convert_6390,1400,26800,2491.2105263157896,141999,57
intel_gpu_plugin,set_arguments: convert:Convert_6390_0_reorder_6,17301,32200,24750.5,49501,2
intel_gpu_plugin,set_arguments: parameter:r3i,1699,1699,1699.0,1699,1
intel_gpu_plugin,set_arguments: convert:Convert_6389,1299,21300,2378.877192982456,135596,57
intel_gpu_plugin,set_arguments: convert:Convert_6389_0_reorder_7,19401,32000,25700.5,51401,2
intel_gpu_plugin,set_arguments: parameter:r2i,1900,1900,1900.0,1900,1
intel_gpu_plugin,set_arguments: convert:Convert_6388,1499,39400,2938.5789473684213,167499,57
intel_gpu_plugin,set_arguments: convert:Convert_6388_0_reorder_8,25800,41500,33650.0,67300,2
intel_gpu_plugin,set_arguments: parameter:r1i,3400,3400,3400.0,3400,1
intel_gpu_plugin,set_arguments: convert:Convert_6387,1100,26800,2194.59649122807,125092,57
intel_gpu_plugin,set_arguments: convert:Convert_6387_0_reorder_9,21200,29400,25300.0,50600,2
intel_gpu_plugin,set_arguments: convolution:Conv_308,25101,39000,32050.5,64101,2
intel_gpu_plugin,set_arguments: convolution:Conv_301,21000,32900,26950.0,53900,2
intel_gpu_plugin,set_arguments: multiply:Mul_309,13400,25000,19200.0,38400,2
intel_gpu_plugin,set_arguments: multiply:Mul_309_0_reorder_12,14499,32300,23399.5,46799,2
intel_gpu_plugin,set_arguments: multiply:Multiply_10867,14999,22499,18749.0,37498,2
intel_gpu_plugin,set_arguments: convolution:Conv_8/WithoutBiases,31200,42700,36950.0,73900,2
intel_gpu_plugin,set_arguments: hardsigmoid:HardSigmoid_9,11000,15000,13000.0,26000,2
intel_gpu_plugin,set_arguments: multiply:Mul_10,11000,12301,11650.5,23301,2
intel_gpu_plugin,set_arguments: convolution:Conv_11/WithoutBiases,28401,41200,34800.5,69601,2
intel_gpu_plugin,set_arguments: convolution:Conv_13/WithoutBiases,28100,46400,37250.0,74500,2
intel_gpu_plugin,set_arguments: convolution:Conv_15/WithoutBiases,31400,37200,34300.0,68600,2
intel_gpu_plugin,set_arguments: convolution:Conv_17/WithoutBiases,22300,29701,26000.5,52001,2
intel_gpu_plugin,set_arguments: convolution:Conv_19/WithoutBiases,21899,43699,32799.0,65598,2
intel_gpu_plugin,set_arguments: convolution:Conv_20/WithoutBiases,23500,33799,28649.5,57299,2
intel_gpu_plugin,set_arguments: convolution:Conv_22/WithoutBiases,17899,35900,26899.5,53799,2
intel_gpu_plugin,set_arguments: convolution:Conv_24/WithoutBiases,20499,47800,34149.5,68299,2
intel_gpu_plugin,set_arguments: convolution:Conv_26/WithoutBiases,19500,33500,26500.0,53000,2
intel_gpu_plugin,set_arguments: convolution:Conv_28/WithoutBiases,19000,28501,23750.5,47501,2
intel_gpu_plugin,set_arguments: reducemean:GlobalAveragePool_30,15300,31801,23550.5,47101,2
intel_gpu_plugin,set_arguments: convolution:Conv_31/WithoutBiases,18700,34099,26399.5,52799,2
intel_gpu_plugin,set_arguments: convolution:Conv_33/WithoutBiases,18900,29801,24350.5,48701,2
intel_gpu_plugin,set_arguments: multiply:Mul_35,14201,39499,26850.0,53700,2
intel_gpu_plugin,set_arguments: convolution:Conv_36/WithoutBiases,24300,39600,31950.0,63900,2
intel_gpu_plugin,set_arguments: convolution:Conv_37/WithoutBiases,23700,30799,27249.5,54499,2
intel_gpu_plugin,set_arguments: convolution:Conv_39/WithoutBiases,20499,38399,29449.0,58898,2
intel_gpu_plugin,set_arguments: reducemean:GlobalAveragePool_41,14800,28301,21550.5,43101,2
intel_gpu_plugin,set_arguments: convolution:Conv_42/WithoutBiases,21599,40301,30950.0,61900,2
intel_gpu_plugin,set_arguments: convolution:Conv_44/WithoutBiases,19400,40700,30050.0,60100,2
intel_gpu_plugin,set_arguments: multiply:Mul_46,12599,29200,20899.5,41799,2
intel_gpu_plugin,set_arguments: convolution:Conv_47/WithoutBiases,25500,48501,37000.5,74001,2
intel_gpu_plugin,set_arguments: convolution:Conv_49/WithoutBiases,19001,29700,24350.5,48701,2
intel_gpu_plugin,set_arguments: convolution:Conv_51/WithoutBiases,20701,49200,34950.5,69901,2
intel_gpu_plugin,set_arguments: reducemean:GlobalAveragePool_53,18200,33800,26000.0,52000,2
intel_gpu_plugin,set_arguments: convolution:Conv_54/WithoutBiases,29000,33500,31250.0,62500,2
intel_gpu_plugin,set_arguments: convolution:Conv_56/WithoutBiases,20400,36999,28699.5,57399,2
intel_gpu_plugin,set_arguments: multiply:Mul_58,12900,30901,21900.5,43801,2
intel_gpu_plugin,set_arguments: convolution:Conv_59/WithoutBiases,25500,39701,32600.5,65201,2
intel_gpu_plugin,set_arguments: convolution:Conv_61/WithoutBiases,22601,39200,30900.5,61801,2
intel_gpu_plugin,set_arguments: hardsigmoid:HardSigmoid_62,11699,27599,19649.0,39298,2
intel_gpu_plugin,set_arguments: multiply:Mul_63,10800,15499,13149.5,26299,2
intel_gpu_plugin,set_arguments: convolution:Conv_64/WithoutBiases,36201,42500,39350.5,78701,2
intel_gpu_plugin,set_arguments: hardsigmoid:HardSigmoid_65,11301,15300,13300.5,26601,2
intel_gpu_plugin,set_arguments: multiply:Mul_66,10100,14800,12450.0,24900,2
intel_gpu_plugin,set_arguments: convolution:Conv_67/WithoutBiases,42799,65099,53949.0,107898,2
intel_gpu_plugin,set_arguments: convolution:Conv_68/WithoutBiases,20199,45799,32999.0,65998,2
intel_gpu_plugin,set_arguments: hardsigmoid:HardSigmoid_69,13500,20100,16800.0,33600,2
intel_gpu_plugin,set_arguments: multiply:Mul_70,7700,13700,10700.0,21400,2
intel_gpu_plugin,set_arguments: convolution:Conv_71/WithoutBiases,26499,59401,42950.0,85900,2
intel_gpu_plugin,set_arguments: hardsigmoid:HardSigmoid_72,12700,12900,12800.0,25600,2
intel_gpu_plugin,set_arguments: multiply:Mul_73,9300,15500,12400.0,24800,2
intel_gpu_plugin,set_arguments: convolution:Conv_74/WithoutBiases,36300,51099,43699.5,87399,2
intel_gpu_plugin,set_arguments: convolution:Conv_76/WithoutBiases,23700,46200,34950.0,69900,2
intel_gpu_plugin,set_arguments: hardsigmoid:HardSigmoid_77,12600,19901,16250.5,32501,2
intel_gpu_plugin,set_arguments: multiply:Mul_78,9801,18900,14350.5,28701,2
intel_gpu_plugin,set_arguments: convolution:Conv_79/WithoutBiases,35700,41800,38750.0,77500,2
intel_gpu_plugin,set_arguments: hardsigmoid:HardSigmoid_80,14100,16700,15400.0,30800,2
intel_gpu_plugin,set_arguments: multiply:Mul_81,12599,14701,13650.0,27300,2
intel_gpu_plugin,set_arguments: convolution:Conv_82/WithoutBiases,41400,47500,44450.0,88900,2
intel_gpu_plugin,set_arguments: convolution:Conv_84/WithoutBiases,27101,35700,31400.5,62801,2
intel_gpu_plugin,set_arguments: hardsigmoid:HardSigmoid_85,13801,19899,16850.0,33700,2
intel_gpu_plugin,set_arguments: multiply:Mul_86,11400,17501,14450.5,28901,2
intel_gpu_plugin,set_arguments: convolution:Conv_87/WithoutBiases,35701,45000,40350.5,80701,2
intel_gpu_plugin,set_arguments: hardsigmoid:HardSigmoid_88,13700,18799,16249.5,32499,2
intel_gpu_plugin,set_arguments: multiply:Mul_89,9800,14100,11950.0,23900,2
intel_gpu_plugin,set_arguments: convolution:Conv_90/WithoutBiases,35700,50299,42999.5,85999,2
intel_gpu_plugin,set_arguments: convolution:Conv_92/WithoutBiases,22101,59499,40800.0,81600,2
intel_gpu_plugin,set_arguments: hardsigmoid:HardSigmoid_93,13300,18799,16049.5,32099,2
intel_gpu_plugin,set_arguments: multiply:Mul_94,11201,25601,18401.0,36802,2
intel_gpu_plugin,set_arguments: convolution:Conv_95/WithoutBiases,29201,40900,35050.5,70101,2
intel_gpu_plugin,set_arguments: hardsigmoid:HardSigmoid_96,12601,19799,16200.0,32400,2
intel_gpu_plugin,set_arguments: multiply:Mul_97,10599,21100,15849.5,31699,2
intel_gpu_plugin,set_arguments: reducemean:GlobalAveragePool_98,33500,37600,35550.0,71100,2
intel_gpu_plugin,set_arguments: convolution:Conv_99/WithoutBiases,25700,44000,34850.0,69700,2
intel_gpu_plugin,set_arguments: convolution:Conv_101/WithoutBiases,22500,35899,29199.5,58399,2
intel_gpu_plugin,set_arguments: multiply:Mul_103,11801,24799,18300.0,36600,2
intel_gpu_plugin,set_arguments: convolution:Conv_104/WithoutBiases,28499,46900,37699.5,75399,2
intel_gpu_plugin,set_arguments: convolution:Conv_105/WithoutBiases,32100,38201,35150.5,70301,2
intel_gpu_plugin,set_arguments: hardsigmoid:HardSigmoid_106,14001,33600,23800.5,47601,2
intel_gpu_plugin,set_arguments: multiply:Mul_107,11699,28700,20199.5,40399,2
intel_gpu_plugin,set_arguments: convolution:Conv_108/WithoutBiases,39999,43499,41749.0,83498,2
intel_gpu_plugin,set_arguments: hardsigmoid:HardSigmoid_109,12400,16299,14349.5,28699,2
intel_gpu_plugin,set_arguments: multiply:Mul_110,11500,12600,12050.0,24100,2
intel_gpu_plugin,set_arguments: reducemean:GlobalAveragePool_111,30100,78401,54250.5,108501,2
intel_gpu_plugin,set_arguments: convolution:Conv_112/WithoutBiases,35499,35800,35649.5,71299,2
intel_gpu_plugin,set_arguments: convolution:Conv_114/WithoutBiases,20899,37800,29349.5,58699,2
intel_gpu_plugin,set_arguments: multiply:Mul_116,15899,18801,17350.0,34700,2
intel_gpu_plugin,set_arguments: convolution:Conv_117/WithoutBiases,37400,53500,45450.0,90900,2
intel_gpu_plugin,set_arguments: convolution:Conv_119/WithoutBiases,18600,33300,25950.0,51900,2
intel_gpu_plugin,set_arguments: hardsigmoid:HardSigmoid_120,9900,21201,15550.5,31101,2
intel_gpu_plugin,set_arguments: multiply:Mul_121,8400,13800,11100.0,22200,2
intel_gpu_plugin,set_arguments: convolution:Conv_122/WithoutBiases,24901,39800,32350.5,64701,2
intel_gpu_plugin,set_arguments: hardsigmoid:HardSigmoid_123,10801,18500,14650.5,29301,2
intel_gpu_plugin,set_arguments: multiply:Mul_124,9901,14099,12000.0,24000,2
intel_gpu_plugin,set_arguments: reducemean:GlobalAveragePool_125,26000,33700,29850.0,59700,2
intel_gpu_plugin,set_arguments: convolution:Conv_126/WithoutBiases,24399,36700,30549.5,61099,2
intel_gpu_plugin,set_arguments: convolution:Conv_128/WithoutBiases,26200,38600,32400.0,64800,2
intel_gpu_plugin,set_arguments: multiply:Mul_130,14600,28599,21599.5,43199,2
intel_gpu_plugin,set_arguments: convolution:Conv_131/WithoutBiases,29301,44200,36750.5,73501,2
intel_gpu_plugin,set_arguments: convolution:Conv_132/WithoutBiases,20800,28200,24500.0,49000,2
intel_gpu_plugin,set_arguments: hardsigmoid:HardSigmoid_133,12301,22300,17300.5,34601,2
intel_gpu_plugin,set_arguments: multiply:Mul_134,12500,16101,14300.5,28601,2
intel_gpu_plugin,set_arguments: convolution:Conv_135/WithoutBiases,31700,43801,37750.5,75501,2
intel_gpu_plugin,set_arguments: hardsigmoid:HardSigmoid_136,11199,15500,13349.5,26699,2
intel_gpu_plugin,set_arguments: multiply:Mul_137,10200,11999,11099.5,22199,2
intel_gpu_plugin,set_arguments: reducemean:GlobalAveragePool_138,34000,49800,41900.0,83800,2
intel_gpu_plugin,set_arguments: convolution:Conv_139/WithoutBiases,28600,34800,31700.0,63400,2
intel_gpu_plugin,set_arguments: convolution:Conv_141/WithoutBiases,21200,35999,28599.5,57199,2
intel_gpu_plugin,set_arguments: multiply:Mul_143,11900,26200,19050.0,38100,2
intel_gpu_plugin,set_arguments: convolution:Conv_144/WithoutBiases,27300,48601,37950.5,75901,2
intel_gpu_plugin,set_arguments: convolution:Conv_146/WithoutBiases,19300,36700,28000.0,56000,2
intel_gpu_plugin,set_arguments: hardsigmoid:HardSigmoid_147,11700,22000,16850.0,33700,2
intel_gpu_plugin,set_arguments: multiply:Mul_148,7500,12100,9800.0,19600,2
intel_gpu_plugin,set_arguments: convolution:Conv_149/WithoutBiases,27901,37000,32450.5,64901,2
intel_gpu_plugin,set_arguments: hardsigmoid:HardSigmoid_150,8899,20900,14899.5,29799,2
intel_gpu_plugin,set_arguments: multiply:Mul_151,6100,17799,11949.5,23899,2
intel_gpu_plugin,set_arguments: reducemean:GlobalAveragePool_152,31100,32601,31850.5,63701,2
intel_gpu_plugin,set_arguments: convolution:Conv_153/WithoutBiases,26501,33200,29850.5,59701,2
intel_gpu_plugin,set_arguments: convolution:Conv_155/WithoutBiases,20700,33399,27049.5,54099,2
intel_gpu_plugin,set_arguments: multiply:Mul_157,20600,21000,20800.0,41600,2
intel_gpu_plugin,set_arguments: convolution:Conv_158/WithoutBiases,25000,46800,35900.0,71800,2
intel_gpu_plugin,set_arguments: convolution:Conv_160/WithoutBiases,20400,36800,28600.0,57200,2
intel_gpu_plugin,set_arguments: hardsigmoid:HardSigmoid_161,14700,22699,18699.5,37399,2
intel_gpu_plugin,set_arguments: multiply:Mul_162,10099,22701,16400.0,32800,2
intel_gpu_plugin,set_arguments: reducemean:GlobalAveragePool_165,33699,37900,35799.5,71599,2
intel_gpu_plugin,set_arguments: convolution:Conv_166,29800,31200,30500.0,61000,2
intel_gpu_plugin,set_arguments: convolution:Conv_163/WithoutBiases,34700,36499,35599.5,71199,2
intel_gpu_plugin,set_arguments: variadicsplit:Split_172.out1,11700,24900,18300.0,36600,2
intel_gpu_plugin,set_arguments: concat:Concat_175,16800,35100,25950.0,51900,2
intel_gpu_plugin,set_arguments: convolution:Conv_176/WithoutBiases,19000,62101,40550.5,81101,2
intel_gpu_plugin,set_arguments: variadicsplit:Split_178.out1,12300,12799,12549.5,25099,2
intel_gpu_plugin,set_arguments: variadicsplit:Split_178.out1_0_reorder_13,13300,29200,21250.0,42500,2
intel_gpu_plugin,set_arguments: multiply:Multiply_11097,13500,17700,15600.0,31200,2
intel_gpu_plugin,set_arguments: multiply:Multiply_11097_0_reorder_14,22599,28700,25649.5,51299,2
intel_gpu_plugin,set_arguments: variadicsplit:Split_178.out0,12199,23600,17899.5,35799,2
intel_gpu_plugin,set_arguments: variadicsplit:Split_178.out0_0_reorder_15,24200,33500,28850.0,57700,2
intel_gpu_plugin,set_arguments: multiply:Mul_179,13801,21800,17800.5,35601,2
intel_gpu_plugin,set_arguments: multiply:Mul_179_0_reorder_16,18001,32300,25150.5,50301,2
intel_gpu_plugin,set_arguments: concat:Concat_180,18200,30901,24550.5,49101,2
intel_gpu_plugin,set_arguments: convolution:Conv_181/WithoutBiases,25700,30899,28299.5,56599,2
intel_gpu_plugin,set_arguments: tanh:Tanh_182,12201,19500,15850.5,31701,2
intel_gpu_plugin,set_arguments: multiply:Mul_186,13499,14900,14199.5,28399,2
intel_gpu_plugin,set_arguments: result:r4o/sink_port_0,1000,14201,2376.785714285714,266200,112
intel_gpu_plugin,set_arguments: variadicsplit:Split_172.out0,10299,11800,11049.5,22099,2
intel_gpu_plugin,set_arguments: concat:Concat_188,1900,2301,2100.5,4201,2
intel_gpu_plugin,set_arguments: interpolate:Resize_190,12301,15000,13650.5,27301,2
intel_gpu_plugin,set_arguments: concat:Concat_199_1,20201,22799,21500.0,43000,2
intel_gpu_plugin,set_arguments: convolution:Conv_200/WithoutBiases,40200,45100,42650.0,85300,2
intel_gpu_plugin,set_arguments: variadicsplit:Split_202.out1,14600,17799,16199.5,32399,2
intel_gpu_plugin,set_arguments: concat:Concat_205,22399,37100,29749.5,59499,2
intel_gpu_plugin,set_arguments: convolution:Conv_206/WithoutBiases,24200,30000,27100.0,54200,2
intel_gpu_plugin,set_arguments: variadicsplit:Split_208.out1,9700,17400,13550.0,27100,2
intel_gpu_plugin,set_arguments: variadicsplit:Split_208.out1_0_reorder_18,17401,30600,24000.5,48001,2
intel_gpu_plugin,set_arguments: multiply:Multiply_11100,14999,24200,19599.5,39199,2
intel_gpu_plugin,set_arguments: multiply:Multiply_11100_0_reorder_19,17500,31401,24450.5,48901,2
intel_gpu_plugin,set_arguments: variadicsplit:Split_208.out0,12301,18700,15500.5,31001,2
intel_gpu_plugin,set_arguments: variadicsplit:Split_208.out0_0_reorder_20,20201,30600,25400.5,50801,2
intel_gpu_plugin,set_arguments: multiply:Mul_209,11601,25800,18700.5,37401,2
intel_gpu_plugin,set_arguments: multiply:Mul_209_0_reorder_21,21400,27401,24400.5,48801,2
intel_gpu_plugin,set_arguments: concat:Concat_210,19899,33699,26799.0,53598,2
intel_gpu_plugin,set_arguments: convolution:Conv_211/WithoutBiases,28700,37099,32899.5,65799,2
intel_gpu_plugin,set_arguments: tanh:Tanh_212,12699,28300,20499.5,40999,2
intel_gpu_plugin,set_arguments: multiply:Mul_216,8899,32800,20849.5,41699,2
intel_gpu_plugin,set_arguments: result:r3o/sink_port_0,800,15401,2012.4017857142858,225389,112
intel_gpu_plugin,set_arguments: variadicsplit:Split_202.out0,9099,13700,11399.5,22799,2
intel_gpu_plugin,set_arguments: concat:Concat_218,29100,32299,30699.5,61399,2
intel_gpu_plugin,set_arguments: interpolate:Resize_220,11500,11801,11650.5,23301,2
intel_gpu_plugin,set_arguments: concat:Concat_229,15199,21500,18349.5,36699,2
intel_gpu_plugin,set_arguments: convolution:Conv_230/WithoutBiases,32101,41100,36600.5,73201,2
intel_gpu_plugin,set_arguments: variadicsplit:Split_232.out1,12300,14101,13200.5,26401,2
intel_gpu_plugin,set_arguments: concat:Concat_235,13600,18000,15800.0,31600,2
intel_gpu_plugin,set_arguments: convolution:Conv_236/WithoutBiases,35300,43300,39300.0,78600,2
intel_gpu_plugin,set_arguments: variadicsplit:Split_238.out1,11601,18900,15250.5,30501,2
intel_gpu_plugin,set_arguments: variadicsplit:Split_238.out1_0_reorder_23,20401,27000,23700.5,47401,2
intel_gpu_plugin,set_arguments: multiply:Multiply_11103,13499,23000,18249.5,36499,2
intel_gpu_plugin,set_arguments: multiply:Multiply_11103_0_reorder_24,15200,28600,21900.0,43800,2
intel_gpu_plugin,set_arguments: variadicsplit:Split_238.out0,10799,23599,17199.0,34398,2
intel_gpu_plugin,set_arguments: variadicsplit:Split_238.out0_0_reorder_25,19299,30600,24949.5,49899,2
intel_gpu_plugin,set_arguments: multiply:Mul_239,16799,23799,20299.0,40598,2
intel_gpu_plugin,set_arguments: multiply:Mul_239_0_reorder_26,25700,83600,54650.0,109300,2
intel_gpu_plugin,set_arguments: concat:Concat_240,14599,33200,23899.5,47799,2
intel_gpu_plugin,set_arguments: convolution:Conv_241/WithoutBiases,33299,37700,35499.5,70999,2
intel_gpu_plugin,set_arguments: tanh:Tanh_242,12201,16399,14300.0,28600,2
intel_gpu_plugin,set_arguments: multiply:Mul_246,11200,13400,12300.0,24600,2
intel_gpu_plugin,set_arguments: result:r2o/sink_port_0,900,13101,2088.410714285714,233902,112
intel_gpu_plugin,set_arguments: variadicsplit:Split_232.out0,9500,11401,10450.5,20901,2
intel_gpu_plugin,set_arguments: concat:Concat_248,12400,19000,15700.0,31400,2
intel_gpu_plugin,set_arguments: interpolate:Resize_250,10399,12699,11549.0,23098,2
intel_gpu_plugin,set_arguments: concat:Concat_259,12601,20101,16351.0,32702,2
intel_gpu_plugin,set_arguments: convolution:Conv_260/WithoutBiases,38101,41700,39900.5,79801,2
intel_gpu_plugin,set_arguments: variadicsplit:Split_262.out1,13501,17300,15400.5,30801,2
intel_gpu_plugin,set_arguments: concat:Concat_265,23400,73699,48549.5,97099,2
intel_gpu_plugin,set_arguments: convolution:Conv_266/WithoutBiases,29100,43499,36299.5,72599,2
intel_gpu_plugin,set_arguments: variadicsplit:Split_268.out1,11299,21099,16199.0,32398,2
intel_gpu_plugin,set_arguments: variadicsplit:Split_268.out1_0_reorder_28,15800,27801,21800.5,43601,2
intel_gpu_plugin,set_arguments: multiply:Multiply_11106,15000,19201,17100.5,34201,2
intel_gpu_plugin,set_arguments: multiply:Multiply_11106_0_reorder_29,14200,29700,21950.0,43900,2
intel_gpu_plugin,set_arguments: variadicsplit:Split_268.out0,10600,12199,11399.5,22799,2
intel_gpu_plugin,set_arguments: variadicsplit:Split_268.out0_0_reorder_30,30500,40500,35500.0,71000,2
intel_gpu_plugin,set_arguments: multiply:Mul_269,12000,28000,20000.0,40000,2
intel_gpu_plugin,set_arguments: multiply:Mul_269_0_reorder_31,18399,26000,22199.5,44399,2
intel_gpu_plugin,set_arguments: concat:Concat_270,31901,62500,47200.5,94401,2
intel_gpu_plugin,set_arguments: convolution:Conv_271/WithoutBiases,35200,35900,35550.0,71100,2
intel_gpu_plugin,set_arguments: tanh:Tanh_272,11299,31500,21399.5,42799,2
intel_gpu_plugin,set_arguments: multiply:Mul_276,17000,33599,25299.5,50599,2
intel_gpu_plugin,set_arguments: result:r1o/sink_port_0,799,16800,2065.1339285714284,231295,112
intel_gpu_plugin,set_arguments: variadicsplit:Split_262.out0,10200,18701,14450.5,28901,2
intel_gpu_plugin,set_arguments: concat:Concat_278,1900,2700,2300.0,4600,2
intel_gpu_plugin,set_arguments: interpolate:Resize_280,12400,17200,14800.0,29600,2
intel_gpu_plugin,set_arguments: concat:Concat_289,1400,1900,1650.0,3300,2
intel_gpu_plugin,set_arguments: convolution:Conv_290/WithoutBiases,41100,41500,41300.0,82600,2
intel_gpu_plugin,set_arguments: convolution:Conv_292/WithoutBiases,20200,31500,25850.0,51700,2
intel_gpu_plugin,set_arguments: convolution:Conv_294/WithoutBiases,18799,34900,26849.5,53699,2
intel_gpu_plugin,set_arguments: multiply:Mul_303,12101,19900,16000.5,32001,2
intel_gpu_plugin,set_arguments: multiply:Mul_303_0_reorder_34,27700,28301,28000.5,56001,2
intel_gpu_plugin,set_arguments: convolution:Conv_304,18500,31500,25000.0,50000,2
intel_gpu_plugin,set_arguments: convolution:Conv_302,21401,27401,24401.0,48802,2
intel_gpu_plugin,set_arguments: multiply:Mul_305,12100,34400,23250.0,46500,2
intel_gpu_plugin,set_arguments: multiply:Mul_305_0_reorder_37,24101,30900,27500.5,55001,2
intel_gpu_plugin,set_arguments: concat:Concat_311,21100,27800,24450.0,48900,2
intel_gpu_plugin,set_arguments: convolution:Conv_312/WithoutBiases,29600,48401,39000.5,78001,2
intel_gpu_plugin,set_arguments: convolution:Conv_314/WithoutBiases,19600,36300,27950.0,55900,2
intel_gpu_plugin,set_arguments: convolution:Conv_316/WithoutBiases,18001,26599,22300.0,44600,2
intel_gpu_plugin,set_arguments: convolution:Conv_316/WithoutBiases_0_reorder_38,12201,21199,16700.0,33400,2
intel_gpu_plugin,set_arguments: multiply:Mul_317,14800,23700,19250.0,38500,2
intel_gpu_plugin,set_arguments: interpolate:Resize_332,8100,13599,10849.5,21699,2
intel_gpu_plugin,set_arguments: interpolate:Resize_346,5901,13701,9801.0,19602,2
intel_gpu_plugin,set_arguments: variadicsplit:Split_349.out1,8799,12301,10550.0,21100,2
intel_gpu_plugin,set_arguments: result:pha/sink_port_0,700,15599,2202.7053571428573,246703,112
intel_gpu_plugin,set_arguments: variadicsplit:Split_349.out0,1799,2100,1949.5,3899,2
intel_gpu_plugin,set_arguments: add:Add_350,15199,17099,16149.0,32298,2
intel_gpu_plugin,set_arguments: result:fgr/sink_port_0,800,13600,5150.857142857143,576896,112
intel_gpu_plugin,parameter:src::prepare,2201,11000,3057.25,171206,56
intel_gpu_plugin,parameter:src::execute,2900,21199,4328.464285714285,242394,56
intel_gpu_plugin,convert:Convert_6386::prepare,3400,22501,5128.625,287203,56
intel_gpu_plugin,convert:Convert_6386::execute,10500,106000,13953.55357142857,781399,56
intel_gpu_plugin,reducemean:ReduceMean_296::prepare,1199,53100,2860.6428571428573,160196,56
intel_gpu_plugin,reducemean:ReduceMean_296::execute,26100,190300,32964.30357142857,1846001,56
intel_gpu_plugin,interpolate:Resize_3::prepare,1601,13000,2496.464285714286,139802,56
intel_gpu_plugin,interpolate:Resize_3::execute,599,2900,819.75,45906,56
intel_gpu_plugin,interpolate:Resize_3_0_reorder_0::prepare,900,29201,1716.125,96103,56
intel_gpu_plugin,interpolate:Resize_3_0_reorder_0::execute,4100,78799,6121.392857142857,342798,56
intel_gpu_plugin,reducemean:ReduceMean_298::prepare,1000,46400,2167.875,121401,56
intel_gpu_plugin,reducemean:ReduceMean_298::execute,6200,76900,8544.67857142857,478502,56
intel_gpu_plugin,concat:Concat_299::prepare,1099,33500,1912.517857142857,107101,56
intel_gpu_plugin,concat:Concat_299::execute,16300,95000,19676.803571428572,1101901,56
intel_gpu_plugin,concat:Concat_299_0_reorder_1::prepare,1000,39200,2012.5357142857142,112702,56
intel_gpu_plugin,concat:Concat_299_0_reorder_1::execute,11000,92600,14060.785714285714,787404,56
intel_gpu_plugin,multiply:Mul_307::prepare,1199,31899,2064.3035714285716,115601,56
intel_gpu_plugin,multiply:Mul_307::execute,5401,61600,7217.803571428572,404197,56
intel_gpu_plugin,multiply:Mul_307_0_reorder_2::prepare,700,56300,1957.232142857143,109605,56
intel_gpu_plugin,multiply:Mul_307_0_reorder_2::execute,4999,73800,7021.428571428572,393200,56
intel_gpu_plugin,avgpool:AveragePool_169::prepare,1299,43301,2392.8214285714284,133998,56
intel_gpu_plugin,avgpool:AveragePool_169::execute,10499,114099,13394.714285714286,750104,56
intel_gpu_plugin,avgpool:AveragePool_169_0_reorder_3::prepare,999,31201,1846.3392857142858,103395,56
intel_gpu_plugin,avgpool:AveragePool_169_0_reorder_3::execute,7300,68700,9580.357142857143,536500,56
intel_gpu_plugin,avgpool:AveragePool_170::prepare,1099,27901,1766.1785714285713,98906,56
intel_gpu_plugin,avgpool:AveragePool_170::execute,6600,67801,8749.964285714286,489998,56
intel_gpu_plugin,avgpool:AveragePool_170_0_reorder_4::prepare,900,37900,1782.2142857142858,99804,56
intel_gpu_plugin,avgpool:AveragePool_170_0_reorder_4::execute,6501,82200,9116.232142857143,510509,56
intel_gpu_plugin,avgpool:AveragePool_171::prepare,1000,29500,1814.3214285714287,101602,56
intel_gpu_plugin,avgpool:AveragePool_171::execute,6799,70500,9367.767857142857,524595,56
intel_gpu_plugin,avgpool:AveragePool_171_0_reorder_5::prepare,900,25899,1733.9464285714287,97101,56
intel_gpu_plugin,avgpool:AveragePool_171_0_reorder_5::execute,6700,75201,9023.285714285714,505304,56
intel_gpu_plugin,concat:Concat_297::prepare,699,50800,1851.892857142857,103706,56
intel_gpu_plugin,concat:Concat_297::execute,7600,90500,10301.75,576898,56
intel_gpu_plugin,parameter:r4i::prepare,699,9100,1116.0,62496,56
intel_gpu_plugin,parameter:r4i::execute,1100,14000,1807.125,101199,56
intel_gpu_plugin,convert:Convert_6390::prepare,3000,18400,4325.017857142857,242201,56
intel_gpu_plugin,convert:Convert_6390::execute,3600,65200,5366.053571428572,300499,56
intel_gpu_plugin,convert:Convert_6390_0_reorder_6::prepare,900,46800,2028.5714285714287,113600,56
intel_gpu_plugin,convert:Convert_6390_0_reorder_6::execute,7400,117801,10483.839285714286,587095,56
intel_gpu_plugin,parameter:r3i::prepare,900,10100,1339.357142857143,75004,56
intel_gpu_plugin,parameter:r3i::execute,599,16800,1315.9107142857142,73691,56
intel_gpu_plugin,convert:Convert_6389::prepare,3000,21600,4369.482142857143,244691,56
intel_gpu_plugin,convert:Convert_6389::execute,3300,73100,5144.714285714285,288104,56
intel_gpu_plugin,convert:Convert_6389_0_reorder_7::prepare,1000,43000,2110.75,118202,56
intel_gpu_plugin,convert:Convert_6389_0_reorder_7::execute,8001,105600,11303.535714285714,632998,56
intel_gpu_plugin,parameter:r2i::prepare,500,11100,1167.9285714285713,65404,56
intel_gpu_plugin,parameter:r2i::execute,401,18299,1115.9464285714287,62493,56
intel_gpu_plugin,convert:Convert_6388::prepare,2800,22600,3960.5178571428573,221789,56
intel_gpu_plugin,convert:Convert_6388::execute,3100,75100,5355.357142857143,299900,56
intel_gpu_plugin,convert:Convert_6388_0_reorder_8::prepare,900,53600,2212.535714285714,123902,56
intel_gpu_plugin,convert:Convert_6388_0_reorder_8::execute,7799,106000,11908.92857142857,666900,56
intel_gpu_plugin,parameter:r1i::prepare,799,8500,1215.9642857142858,68094,56
intel_gpu_plugin,parameter:r1i::execute,500,16299,1051.732142857143,58897,56
intel_gpu_plugin,convert:Convert_6387::prepare,1999,22700,3107.0535714285716,173995,56
intel_gpu_plugin,convert:Convert_6387::execute,3399,72299,5921.392857142857,331598,56
intel_gpu_plugin,convert:Convert_6387_0_reorder_9::prepare,900,41401,2007.1785714285713,112402,56
intel_gpu_plugin,convert:Convert_6387_0_reorder_9::execute,7500,113000,11648.19642857143,652299,56
intel_gpu_plugin,convolution:Conv_308::prepare,900,52399,2428.5178571428573,135997,56
intel_gpu_plugin,convolution:Conv_308::execute,12400,126600,17950.10714285714,1005206,56
intel_gpu_plugin,convolution:Conv_301::prepare,801,44799,2035.7142857142858,114000,56
intel_gpu_plugin,convolution:Conv_301::execute,5900,81901,8796.55357142857,492607,56
intel_gpu_plugin,multiply:Mul_309::prepare,1200,23500,2237.4464285714284,125297,56
intel_gpu_plugin,multiply:Mul_309::execute,5100,65500,7648.107142857143,428294,56
intel_gpu_plugin,multiply:Mul_309_0_reorder_12::prepare,1000,42800,2216.035714285714,124098,56
intel_gpu_plugin,multiply:Mul_309_0_reorder_12::execute,6901,123200,10269.625,575099,56
intel_gpu_plugin,multiply:Multiply_10867::prepare,1200,27899,2314.3035714285716,129601,56
intel_gpu_plugin,multiply:Multiply_10867::execute,4700,75400,7637.446428571428,427697,56
intel_gpu_plugin,convolution:Conv_8/WithoutBiases::prepare,1101,55000,2521.464285714286,141202,56
intel_gpu_plugin,convolution:Conv_8/WithoutBiases::execute,18399,129300,24305.285714285714,1361096,56
intel_gpu_plugin,hardsigmoid:HardSigmoid_9::prepare,799,22700,1610.6607142857142,90197,56
intel_gpu_plugin,hardsigmoid:HardSigmoid_9::execute,4499,70600,7058.910714285715,395299,56
intel_gpu_plugin,multiply:Mul_10::prepare,901,131599,4094.785714285714,229308,56
intel_gpu_plugin,multiply:Mul_10::execute,3700,67800,5783.857142857143,323896,56
intel_gpu_plugin,convolution:Conv_11/WithoutBiases::prepare,1101,49200,2382.1071428571427,133398,56
intel_gpu_plugin,convolution:Conv_11/WithoutBiases::execute,8500,77400,11619.714285714286,650704,56
intel_gpu_plugin,convolution:Conv_13/WithoutBiases::prepare,899,37300,1833.9464285714287,102701,56
intel_gpu_plugin,convolution:Conv_13/WithoutBiases::execute,8299,97000,11560.69642857143,647399,56
intel_gpu_plugin,convolution:Conv_15/WithoutBiases::prepare,1099,49899,2341.0535714285716,131099,56
intel_gpu_plugin,convolution:Conv_15/WithoutBiases::execute,8500,98900,11814.32142857143,661602,56
intel_gpu_plugin,convolution:Conv_17/WithoutBiases::prepare,1000,40300,2123.2321428571427,118901,56
intel_gpu_plugin,convolution:Conv_17/WithoutBiases::execute,8500,91300,11142.892857142857,624002,56
intel_gpu_plugin,convolution:Conv_19/WithoutBiases::prepare,1000,54000,2498.2321428571427,139901,56
intel_gpu_plugin,convolution:Conv_19/WithoutBiases::execute,8000,104200,11133.892857142857,623498,56
intel_gpu_plugin,convolution:Conv_20/WithoutBiases::prepare,1000,44700,2080.2678571428573,116495,56
intel_gpu_plugin,convolution:Conv_20/WithoutBiases::execute,8401,98500,11414.25,639198,56
intel_gpu_plugin,convolution:Conv_22/WithoutBiases::prepare,1000,48401,2255.375,126301,56
intel_gpu_plugin,convolution:Conv_22/WithoutBiases::execute,8600,101000,11587.57142857143,648904,56
intel_gpu_plugin,convolution:Conv_24/WithoutBiases::prepare,999,67600,2632.1428571428573,147400,56
intel_gpu_plugin,convolution:Conv_24/WithoutBiases::execute,7700,121299,11598.214285714286,649500,56
intel_gpu_plugin,convolution:Conv_26/WithoutBiases::prepare,799,44900,1874.9285714285713,104996,56
intel_gpu_plugin,convolution:Conv_26/WithoutBiases::execute,6399,62500,8150.035714285715,456402,56
intel_gpu_plugin,convolution:Conv_28/WithoutBiases::prepare,1000,37000,2101.714285714286,117696,56
intel_gpu_plugin,convolution:Conv_28/WithoutBiases::execute,7600,77600,10289.30357142857,576201,56
intel_gpu_plugin,reducemean:GlobalAveragePool_30::prepare,1100,45000,2192.8571428571427,122800,56
intel_gpu_plugin,reducemean:GlobalAveragePool_30::execute,8701,230201,14544.607142857143,814498,56
intel_gpu_plugin,convolution:Conv_31/WithoutBiases::prepare,1099,44699,2407.1428571428573,134800,56
intel_gpu_plugin,convolution:Conv_31/WithoutBiases::execute,8400,90300,11351.82142857143,635702,56
intel_gpu_plugin,convolution:Conv_33/WithoutBiases::prepare,1199,38500,2364.1428571428573,132392,56
intel_gpu_plugin,convolution:Conv_33/WithoutBiases::execute,8100,92800,10805.392857142857,605102,56
intel_gpu_plugin,multiply:Mul_35::prepare,1000,28100,1798.25,100702,56
intel_gpu_plugin,multiply:Mul_35::execute,4999,83501,7276.732142857143,407497,56
intel_gpu_plugin,convolution:Conv_36/WithoutBiases::prepare,1000,50501,2208.875,123697,56
intel_gpu_plugin,convolution:Conv_36/WithoutBiases::execute,8400,95001,12007.232142857143,672405,56
intel_gpu_plugin,convolution:Conv_37/WithoutBiases::prepare,999,40000,1996.4464285714287,111801,56
intel_gpu_plugin,convolution:Conv_37/WithoutBiases::execute,8899,95701,12239.357142857143,685404,56
intel_gpu_plugin,convolution:Conv_39/WithoutBiases::prepare,900,50401,2216.0535714285716,124099,56
intel_gpu_plugin,convolution:Conv_39/WithoutBiases::execute,8700,110599,12196.410714285714,682999,56
intel_gpu_plugin,reducemean:GlobalAveragePool_41::prepare,1199,38999,2173.1428571428573,121696,56
intel_gpu_plugin,reducemean:GlobalAveragePool_41::execute,5200,68000,7144.625,400099,56
intel_gpu_plugin,convolution:Conv_42/WithoutBiases::prepare,800,53201,1976.7857142857142,110700,56
intel_gpu_plugin,convolution:Conv_42/WithoutBiases::execute,9701,112900,14164.44642857143,793209,56
intel_gpu_plugin,convolution:Conv_44/WithoutBiases::prepare,1099,53500,2425.035714285714,135802,56
intel_gpu_plugin,convolution:Conv_44/WithoutBiases::execute,8600,110301,11964.232142857143,669997,56
intel_gpu_plugin,multiply:Mul_46::prepare,799,24599,1762.4464285714287,98697,56
intel_gpu_plugin,multiply:Mul_46::execute,4400,75500,7126.678571428572,399094,56
intel_gpu_plugin,convolution:Conv_47/WithoutBiases::prepare,1000,61600,2506.9821428571427,140391,56
intel_gpu_plugin,convolution:Conv_47/WithoutBiases::execute,8700,105301,12942.767857142857,724795,56
intel_gpu_plugin,convolution:Conv_49/WithoutBiases::prepare,1200,39300,2321.285714285714,129992,56
intel_gpu_plugin,convolution:Conv_49/WithoutBiases::execute,6601,60700,8873.214285714286,496900,56
intel_gpu_plugin,convolution:Conv_51/WithoutBiases::prepare,800,61000,2303.535714285714,128998,56
intel_gpu_plugin,convolution:Conv_51/WithoutBiases::execute,5999,181901,10114.30357142857,566401,56
intel_gpu_plugin,reducemean:GlobalAveragePool_53::prepare,900,48300,2292.7678571428573,128395,56
intel_gpu_plugin,reducemean:GlobalAveragePool_53::execute,4300,82600,6573.196428571428,368099,56
intel_gpu_plugin,convolution:Conv_54/WithoutBiases::prepare,999,42801,2294.6071428571427,128498,56
intel_gpu_plugin,convolution:Conv_54/WithoutBiases::execute,6700,69900,8908.80357142857,498893,56
intel_gpu_plugin,convolution:Conv_56/WithoutBiases::prepare,999,50100,2603.4821428571427,145795,56
intel_gpu_plugin,convolution:Conv_56/WithoutBiases::execute,5901,77500,8660.67857142857,484998,56
intel_gpu_plugin,multiply:Mul_58::prepare,801,24900,1783.9464285714287,99901,56
intel_gpu_plugin,multiply:Mul_58::execute,3300,56900,5098.214285714285,285500,56
intel_gpu_plugin,convolution:Conv_59/WithoutBiases::prepare,899,50500,2216.0535714285716,124099,56
intel_gpu_plugin,convolution:Conv_59/WithoutBiases::execute,6100,76700,8710.660714285714,487797,56
intel_gpu_plugin,convolution:Conv_61/WithoutBiases::prepare,1099,51200,2664.1785714285716,149194,56
intel_gpu_plugin,convolution:Conv_61/WithoutBiases::execute,7499,106801,11203.482142857143,627395,56
intel_gpu_plugin,hardsigmoid:HardSigmoid_62::prepare,1000,22599,1732.142857142857,97000,56
intel_gpu_plugin,hardsigmoid:HardSigmoid_62::execute,4899,151699,9083.785714285714,508692,56
intel_gpu_plugin,multiply:Mul_63::prepare,900,22000,1685.625,94395,56
intel_gpu_plugin,multiply:Mul_63::execute,4000,123500,7403.625,414603,56
intel_gpu_plugin,convolution:Conv_64/WithoutBiases::prepare,1100,54401,2566.1428571428573,143704,56
intel_gpu_plugin,convolution:Conv_64/WithoutBiases::execute,7700,114600,11442.839285714286,640799,56
intel_gpu_plugin,hardsigmoid:HardSigmoid_65::prepare,700,21600,1603.482142857143,89795,56
intel_gpu_plugin,hardsigmoid:HardSigmoid_65::execute,4501,62500,7169.607142857143,401498,56
intel_gpu_plugin,multiply:Mul_66::prepare,701,19900,1514.3035714285713,84801,56
intel_gpu_plugin,multiply:Mul_66::execute,4201,66200,6330.375,354501,56
intel_gpu_plugin,convolution:Conv_67/WithoutBiases::prepare,900,56599,2501.8214285714284,140102,56
intel_gpu_plugin,convolution:Conv_67/WithoutBiases::execute,7800,110400,11666.07142857143,653300,56
intel_gpu_plugin,convolution:Conv_68/WithoutBiases::prepare,799,58300,2387.535714285714,133702,56
intel_gpu_plugin,convolution:Conv_68/WithoutBiases::execute,7801,114000,11094.660714285714,621301,56
intel_gpu_plugin,hardsigmoid:HardSigmoid_69::prepare,799,26400,1516.017857142857,84897,56
intel_gpu_plugin,hardsigmoid:HardSigmoid_69::execute,4600,70500,7432.160714285715,416201,56
intel_gpu_plugin,multiply:Mul_70::prepare,701,17200,1551.9642857142858,86910,56
intel_gpu_plugin,multiply:Mul_70::execute,4399,74100,6576.857142857143,368304,56
intel_gpu_plugin,convolution:Conv_71/WithoutBiases::prepare,600,74000,2396.5178571428573,134205,56
intel_gpu_plugin,convolution:Conv_71/WithoutBiases::execute,7700,111600,12675.107142857143,709806,56
intel_gpu_plugin,hardsigmoid:HardSigmoid_72::prepare,600,24900,1460.7857142857142,81804,56
intel_gpu_plugin,hardsigmoid:HardSigmoid_72::execute,3499,58500,5183.857142857143,290296,56
intel_gpu_plugin,multiply:Mul_73::prepare,800,20001,1580.267857142857,88495,56
intel_gpu_plugin,multiply:Mul_73::execute,3201,101099,5630.339285714285,315299,56
intel_gpu_plugin,convolution:Conv_74/WithoutBiases::prepare,799,66000,2387.339285714286,133691,56
intel_gpu_plugin,convolution:Conv_74/WithoutBiases::execute,8400,125801,12937.5,724500,56
intel_gpu_plugin,convolution:Conv_76/WithoutBiases::prepare,899,61100,2357.125,131999,56
intel_gpu_plugin,convolution:Conv_76/WithoutBiases::execute,9100,119699,12996.482142857143,727803,56
intel_gpu_plugin,hardsigmoid:HardSigmoid_77::prepare,800,23200,1641.107142857143,91902,56
intel_gpu_plugin,hardsigmoid:HardSigmoid_77::execute,4099,59299,5960.785714285715,333804,56
intel_gpu_plugin,multiply:Mul_78::prepare,900,29299,1885.642857142857,105596,56
intel_gpu_plugin,multiply:Mul_78::execute,4300,79101,6569.589285714285,367897,56
intel_gpu_plugin,convolution:Conv_79/WithoutBiases::prepare,799,53300,2171.5,121604,56
intel_gpu_plugin,convolution:Conv_79/WithoutBiases::execute,9001,186600,14424.94642857143,807797,56
intel_gpu_plugin,hardsigmoid:HardSigmoid_80::prepare,400,27899,1262.4642857142858,70698,56
intel_gpu_plugin,hardsigmoid:HardSigmoid_80::execute,3399,66500,5857.178571428572,328002,56
intel_gpu_plugin,multiply:Mul_81::prepare,899,41000,1955.392857142857,109502,56
intel_gpu_plugin,multiply:Mul_81::execute,3599,67900,5510.821428571428,308606,56
intel_gpu_plugin,convolution:Conv_82/WithoutBiases::prepare,900,61300,2423.3035714285716,135705,56
intel_gpu_plugin,convolution:Conv_82/WithoutBiases::execute,8900,119199,12665.94642857143,709293,56
intel_gpu_plugin,convolution:Conv_84/WithoutBiases::prepare,799,47599,2089.125,116991,56
intel_gpu_plugin,convolution:Conv_84/WithoutBiases::execute,5700,78000,8016.071428571428,448900,56
intel_gpu_plugin,hardsigmoid:HardSigmoid_85::prepare,799,27200,1717.7142857142858,96192,56
intel_gpu_plugin,hardsigmoid:HardSigmoid_85::execute,3699,171500,8649.892857142857,484394,56
intel_gpu_plugin,multiply:Mul_86::prepare,799,23699,1598.2142857142858,89500,56
intel_gpu_plugin,multiply:Mul_86::execute,3300,62301,5348.160714285715,299497,56
intel_gpu_plugin,convolution:Conv_87/WithoutBiases::prepare,799,57000,2135.6785714285716,119598,56
intel_gpu_plugin,convolution:Conv_87/WithoutBiases::execute,6099,81000,8665.982142857143,485295,56
intel_gpu_plugin,hardsigmoid:HardSigmoid_88::prepare,699,25199,1508.892857142857,84498,56
intel_gpu_plugin,hardsigmoid:HardSigmoid_88::execute,3499,56200,5126.75,287098,56
intel_gpu_plugin,multiply:Mul_89::prepare,600,20600,1369.732142857143,76705,56
intel_gpu_plugin,multiply:Mul_89::execute,3500,53699,5289.196428571428,296195,56
intel_gpu_plugin,convolution:Conv_90/WithoutBiases::prepare,800,60000,2223.3214285714284,124506,56
intel_gpu_plugin,convolution:Conv_90/WithoutBiases::execute,6800,85601,9887.535714285714,553702,56
intel_gpu_plugin,convolution:Conv_92/WithoutBiases::prepare,999,81700,2951.910714285714,165307,56
intel_gpu_plugin,convolution:Conv_92/WithoutBiases::execute,7900,119000,11412.660714285714,639109,56
intel_gpu_plugin,hardsigmoid:HardSigmoid_93::prepare,799,26100,1460.8035714285713,81805,56
intel_gpu_plugin,hardsigmoid:HardSigmoid_93::execute,4300,79600,6626.678571428572,371094,56
intel_gpu_plugin,multiply:Mul_94::prepare,1000,23400,1744.642857142857,97700,56
intel_gpu_plugin,multiply:Mul_94::execute,4000,69400,6257.142857142857,350400,56
intel_gpu_plugin,convolution:Conv_95/WithoutBiases::prepare,800,50600,2289.2321428571427,128197,56
intel_gpu_plugin,convolution:Conv_95/WithoutBiases::execute,7800,149100,12075.25,676214,56
intel_gpu_plugin,hardsigmoid:HardSigmoid_96::prepare,900,32801,1873.232142857143,104901,56
intel_gpu_plugin,hardsigmoid:HardSigmoid_96::execute,3600,64100,5539.285714285715,310200,56
intel_gpu_plugin,multiply:Mul_97::prepare,899,22700,1626.8392857142858,91103,56
intel_gpu_plugin,multiply:Mul_97::execute,3399,58800,5085.785714285715,284804,56
intel_gpu_plugin,reducemean:GlobalAveragePool_98::prepare,1099,54601,2594.5,145292,56
intel_gpu_plugin,reducemean:GlobalAveragePool_98::execute,7600,207101,13448.339285714286,753107,56
intel_gpu_plugin,convolution:Conv_99/WithoutBiases::prepare,1000,57999,2574.9285714285716,144196,56
intel_gpu_plugin,convolution:Conv_99/WithoutBiases::execute,8200,128700,12391.17857142857,693906,56
intel_gpu_plugin,convolution:Conv_101/WithoutBiases::prepare,800,47199,2074.9821428571427,116199,56
intel_gpu_plugin,convolution:Conv_101/WithoutBiases::execute,7600,86199,11142.839285714286,623999,56
intel_gpu_plugin,multiply:Mul_103::prepare,700,22100,1539.125,86191,56
intel_gpu_plugin,multiply:Mul_103::execute,4200,77599,6926.785714285715,387900,56
intel_gpu_plugin,convolution:Conv_104/WithoutBiases::prepare,800,62300,2371.339285714286,132795,56
intel_gpu_plugin,convolution:Conv_104/WithoutBiases::execute,7900,115399,12257.05357142857,686395,56
intel_gpu_plugin,convolution:Conv_105/WithoutBiases::prepare,900,43600,2276.8214285714284,127502,56
intel_gpu_plugin,convolution:Conv_105/WithoutBiases::execute,8901,109800,12876.892857142857,721106,56
intel_gpu_plugin,hardsigmoid:HardSigmoid_106::prepare,799,27299,1714.2142857142858,95996,56
intel_gpu_plugin,hardsigmoid:HardSigmoid_106::execute,4499,77900,6975.035714285715,390602,56
intel_gpu_plugin,multiply:Mul_107::prepare,1000,23600,1862.5892857142858,104305,56
intel_gpu_plugin,multiply:Mul_107::execute,3901,86300,6817.839285714285,381799,56
intel_gpu_plugin,convolution:Conv_108/WithoutBiases::prepare,901,56499,2510.625,140595,56
intel_gpu_plugin,convolution:Conv_108/WithoutBiases::execute,8400,108500,11946.375,668997,56
intel_gpu_plugin,hardsigmoid:HardSigmoid_109::prepare,900,22700,1708.875,95697,56
intel_gpu_plugin,hardsigmoid:HardSigmoid_109::execute,3399,77000,5503.660714285715,308205,56
intel_gpu_plugin,multiply:Mul_110::prepare,899,24600,1717.8392857142858,96199,56
intel_gpu_plugin,multiply:Mul_110::execute,3601,50701,5334.017857142857,298705,56
intel_gpu_plugin,reducemean:GlobalAveragePool_111::prepare,1100,91401,3141.1964285714284,175907,56
intel_gpu_plugin,reducemean:GlobalAveragePool_111::execute,6100,88200,8682.214285714286,486204,56
intel_gpu_plugin,convolution:Conv_112/WithoutBiases::prepare,900,45800,2248.160714285714,125897,56
intel_gpu_plugin,convolution:Conv_112/WithoutBiases::execute,9199,104399,12775.07142857143,715404,56
intel_gpu_plugin,convolution:Conv_114/WithoutBiases::prepare,1099,49900,2359.0,132104,56
intel_gpu_plugin,convolution:Conv_114/WithoutBiases::execute,9499,105401,12785.82142857143,716006,56
intel_gpu_plugin,multiply:Mul_116::prepare,799,34400,1864.1607142857142,104393,56
intel_gpu_plugin,multiply:Mul_116::execute,4300,93299,7053.589285714285,395001,56
intel_gpu_plugin,convolution:Conv_117/WithoutBiases::prepare,1099,65000,2623.1964285714284,146899,56
intel_gpu_plugin,convolution:Conv_117/WithoutBiases::execute,8799,107600,13469.482142857143,754291,56
intel_gpu_plugin,convolution:Conv_119/WithoutBiases::prepare,800,43000,2014.142857142857,112792,56
intel_gpu_plugin,convolution:Conv_119/WithoutBiases::execute,6200,63500,8882.125,497399,56
intel_gpu_plugin,hardsigmoid:HardSigmoid_120::prepare,800,19000,1674.9464285714287,93797,56
intel_gpu_plugin,hardsigmoid:HardSigmoid_120::execute,3400,243300,9121.44642857143,510801,56
intel_gpu_plugin,multiply:Mul_121::prepare,700,18000,1407.25,78806,56
intel_gpu_plugin,multiply:Mul_121::execute,3501,58899,5044.625,282499,56
intel_gpu_plugin,convolution:Conv_122/WithoutBiases::prepare,900,50800,2274.9464285714284,127397,56
intel_gpu_plugin,convolution:Conv_122/WithoutBiases::execute,7900,98399,11387.517857142857,637701,56
intel_gpu_plugin,hardsigmoid:HardSigmoid_123::prepare,700,22400,1605.3035714285713,89897,56
intel_gpu_plugin,hardsigmoid:HardSigmoid_123::execute,3601,50600,5417.946428571428,303405,56
intel_gpu_plugin,multiply:Mul_124::prepare,700,20699,1346.3214285714287,75394,56
intel_gpu_plugin,multiply:Mul_124::execute,3499,51600,5035.714285714285,282000,56
intel_gpu_plugin,reducemean:GlobalAveragePool_125::prepare,799,46300,1844.642857142857,103300,56
intel_gpu_plugin,reducemean:GlobalAveragePool_125::execute,4100,82400,6583.910714285715,368699,56
intel_gpu_plugin,convolution:Conv_126/WithoutBiases::prepare,1000,48700,2176.839285714286,121903,56
intel_gpu_plugin,convolution:Conv_126/WithoutBiases::execute,5900,75400,8683.875,486297,56
intel_gpu_plugin,convolution:Conv_128/WithoutBiases::prepare,900,52401,2241.125,125503,56
intel_gpu_plugin,convolution:Conv_128/WithoutBiases::execute,6000,114200,9273.464285714286,519314,56
intel_gpu_plugin,multiply:Mul_130::prepare,799,28400,1721.4285714285713,96400,56
intel_gpu_plugin,multiply:Mul_130::execute,3499,67400,5371.375,300797,56
intel_gpu_plugin,convolution:Conv_131/WithoutBiases::prepare,899,52200,2282.0714285714284,127796,56
intel_gpu_plugin,convolution:Conv_131/WithoutBiases::execute,8300,86200,11207.142857142857,627600,56
intel_gpu_plugin,convolution:Conv_132/WithoutBiases::prepare,900,35500,1967.9642857142858,110206,56
intel_gpu_plugin,convolution:Conv_132/WithoutBiases::execute,8600,80299,11603.517857142857,649797,56
intel_gpu_plugin,hardsigmoid:HardSigmoid_133::prepare,799,24201,1455.3392857142858,81499,56
intel_gpu_plugin,hardsigmoid:HardSigmoid_133::execute,4000,76799,6278.660714285715,351605,56
intel_gpu_plugin,multiply:Mul_134::prepare,700,24701,1489.3035714285713,83401,56
intel_gpu_plugin,multiply:Mul_134::execute,3800,79000,6246.464285714285,349802,56
intel_gpu_plugin,convolution:Conv_135/WithoutBiases::prepare,899,58100,2292.839285714286,128399,56
intel_gpu_plugin,convolution:Conv_135/WithoutBiases::execute,8301,110100,11541.0,646296,56
intel_gpu_plugin,hardsigmoid:HardSigmoid_136::prepare,699,22300,1401.8035714285713,78501,56
intel_gpu_plugin,hardsigmoid:HardSigmoid_136::execute,3401,54400,4823.267857142857,270103,56
intel_gpu_plugin,multiply:Mul_137::prepare,500,19400,1299.9285714285713,72796,56
intel_gpu_plugin,multiply:Mul_137::execute,3399,51299,5007.160714285715,280401,56
intel_gpu_plugin,reducemean:GlobalAveragePool_138::prepare,1000,67501,2537.5,142100,56
intel_gpu_plugin,reducemean:GlobalAveragePool_138::execute,5300,75800,7544.696428571428,422503,56
intel_gpu_plugin,convolution:Conv_139/WithoutBiases::prepare,899,45001,2040.982142857143,114295,56
intel_gpu_plugin,convolution:Conv_139/WithoutBiases::execute,9000,108900,12619.625,706699,56
intel_gpu_plugin,convolution:Conv_141/WithoutBiases::prepare,900,46500,2024.9285714285713,113396,56
intel_gpu_plugin,convolution:Conv_141/WithoutBiases::execute,8299,92899,11308.910714285714,633299,56
intel_gpu_plugin,multiply:Mul_143::prepare,1000,21500,1632.0892857142858,91397,56
intel_gpu_plugin,multiply:Mul_143::execute,4300,63100,6212.428571428572,347896,56
intel_gpu_plugin,convolution:Conv_144/WithoutBiases::prepare,800,63500,2346.4464285714284,131401,56
intel_gpu_plugin,convolution:Conv_144/WithoutBiases::execute,8800,115400,12460.82142857143,697806,56
intel_gpu_plugin,convolution:Conv_146/WithoutBiases::prepare,900,48999,2160.5714285714284,120992,56
intel_gpu_plugin,convolution:Conv_146/WithoutBiases::execute,6200,80900,8480.42857142857,474904,56
intel_gpu_plugin,hardsigmoid:HardSigmoid_147::prepare,800,23300,1594.642857142857,89300,56
intel_gpu_plugin,hardsigmoid:HardSigmoid_147::execute,3700,120900,7498.285714285715,419904,56
intel_gpu_plugin,multiply:Mul_148::prepare,900,15000,1412.5357142857142,79102,56
intel_gpu_plugin,multiply:Mul_148::execute,3400,37399,4875.107142857143,273006,56
intel_gpu_plugin,convolution:Conv_149/WithoutBiases::prepare,799,44601,2044.5,114492,56
intel_gpu_plugin,convolution:Conv_149/WithoutBiases::execute,5899,67499,8126.732142857143,455097,56
intel_gpu_plugin,hardsigmoid:HardSigmoid_150::prepare,900,15100,1416.142857142857,79304,56
intel_gpu_plugin,hardsigmoid:HardSigmoid_150::execute,3500,28899,4750.053571428572,266003,56
intel_gpu_plugin,multiply:Mul_151::prepare,700,16301,1394.732142857143,78105,56
intel_gpu_plugin,multiply:Mul_151::execute,3300,33500,4416.178571428572,247306,56
intel_gpu_plugin,reducemean:GlobalAveragePool_152::prepare,800,44799,2080.25,116494,56
intel_gpu_plugin,reducemean:GlobalAveragePool_152::execute,4399,77900,6407.178571428572,358802,56
intel_gpu_plugin,convolution:Conv_153/WithoutBiases::prepare,699,43600,1862.4642857142858,104298,56
intel_gpu_plugin,convolution:Conv_153/WithoutBiases::execute,5700,74200,7889.428571428572,441808,56
intel_gpu_plugin,convolution:Conv_155/WithoutBiases::prepare,701,54100,2300.0535714285716,128803,56
intel_gpu_plugin,convolution:Conv_155/WithoutBiases::execute,5700,72600,7830.375,438501,56
intel_gpu_plugin,multiply:Mul_157::prepare,799,34901,1755.4285714285713,98304,56
intel_gpu_plugin,multiply:Mul_157::execute,3699,70400,6121.392857142857,342798,56
intel_gpu_plugin,convolution:Conv_158/WithoutBiases::prepare,1000,59100,2432.160714285714,136201,56
intel_gpu_plugin,convolution:Conv_158/WithoutBiases::execute,6299,214199,12626.82142857143,707102,56
intel_gpu_plugin,convolution:Conv_160/WithoutBiases::prepare,800,48800,2216.0535714285716,124099,56
intel_gpu_plugin,convolution:Conv_160/WithoutBiases::execute,5900,89601,9723.375,544509,56
intel_gpu_plugin,hardsigmoid:HardSigmoid_161::prepare,799,30799,1889.1607142857142,105793,56
intel_gpu_plugin,hardsigmoid:HardSigmoid_161::execute,3200,101100,6783.821428571428,379894,56
intel_gpu_plugin,multiply:Mul_162::prepare,800,20499,1517.767857142857,84995,56
intel_gpu_plugin,multiply:Mul_162::execute,3400,66500,6323.25,354102,56
intel_gpu_plugin,reducemean:GlobalAveragePool_165::prepare,999,43500,1944.625,108899,56
intel_gpu_plugin,reducemean:GlobalAveragePool_165::execute,3600,63700,5687.357142857143,318492,56
intel_gpu_plugin,convolution:Conv_166::prepare,1000,40801,2267.785714285714,126996,56
intel_gpu_plugin,convolution:Conv_166::execute,7200,83799,10308.75,577290,56
intel_gpu_plugin,convolution:Conv_163/WithoutBiases::prepare,1000,44100,2225.089285714286,124605,56
intel_gpu_plugin,convolution:Conv_163/WithoutBiases::execute,7899,83700,11644.69642857143,652103,56
intel_gpu_plugin,variadicsplit:Split_172.out1::prepare,1200,22500,2123.160714285714,118897,56
intel_gpu_plugin,variadicsplit:Split_172.out1::execute,4800,64800,7106.982142857143,397991,56
intel_gpu_plugin,concat:Concat_175::prepare,999,44799,2142.7678571428573,119995,56
intel_gpu_plugin,concat:Concat_175::execute,9501,95300,13200.017857142857,739201,56
intel_gpu_plugin,convolution:Conv_176/WithoutBiases::prepare,800,135001,3594.75,201306,56
intel_gpu_plugin,convolution:Conv_176/WithoutBiases::execute,8301,118000,12133.892857142857,679498,56
intel_gpu_plugin,variadicsplit:Split_178.out1::prepare,901,26700,1855.375,103901,56
intel_gpu_plugin,variadicsplit:Split_178.out1::execute,3501,67699,5471.464285714285,306402,56
intel_gpu_plugin,variadicsplit:Split_178.out1_0_reorder_13::prepare,1000,40501,2148.25,120302,56
intel_gpu_plugin,variadicsplit:Split_178.out1_0_reorder_13::execute,6800,99800,10246.482142857143,573803,56
intel_gpu_plugin,multiply:Multiply_11097::prepare,799,22200,1664.232142857143,93197,56
intel_gpu_plugin,multiply:Multiply_11097::execute,4700,58500,6801.839285714285,380903,56
intel_gpu_plugin,multiply:Multiply_11097_0_reorder_14::prepare,799,40301,1864.232142857143,104397,56
intel_gpu_plugin,multiply:Multiply_11097_0_reorder_14::execute,5400,139701,9685.67857142857,542398,56
intel_gpu_plugin,variadicsplit:Split_178.out0::prepare,799,26499,1508.7857142857142,84492,56
intel_gpu_plugin,variadicsplit:Split_178.out0::execute,3800,78799,5894.482142857143,330091,56
intel_gpu_plugin,variadicsplit:Split_178.out0_0_reorder_15::prepare,700,46100,1909.017857142857,106905,56
intel_gpu_plugin,variadicsplit:Split_178.out0_0_reorder_15::execute,4199,86400,6383.875,357497,56
intel_gpu_plugin,multiply:Mul_179::prepare,700,26699,1482.0892857142858,82997,56
intel_gpu_plugin,multiply:Mul_179::execute,3800,86200,6173.285714285715,345704,56
intel_gpu_plugin,multiply:Mul_179_0_reorder_16::prepare,600,43701,1783.9464285714287,99901,56
intel_gpu_plugin,multiply:Mul_179_0_reorder_16::execute,3900,97500,6164.303571428572,345201,56
intel_gpu_plugin,concat:Concat_180::prepare,800,41500,1883.982142857143,105503,56
intel_gpu_plugin,concat:Concat_180::execute,5401,71400,7296.464285714285,408602,56
intel_gpu_plugin,convolution:Conv_181/WithoutBiases::prepare,701,39999,1855.2142857142858,103892,56
intel_gpu_plugin,convolution:Conv_181/WithoutBiases::execute,7699,96699,11137.357142857143,623692,56
intel_gpu_plugin,tanh:Tanh_182::prepare,699,21900,1503.5714285714287,84200,56
intel_gpu_plugin,tanh:Tanh_182::execute,4201,82501,6416.053571428572,359299,56
intel_gpu_plugin,multiply:Mul_186::prepare,799,26601,1537.5,86100,56
intel_gpu_plugin,multiply:Mul_186::execute,4100,85400,7912.535714285715,443102,56
intel_gpu_plugin,result:r4o/sink_port_0::prepare,2400,26900,3909.0535714285716,218907,56
intel_gpu_plugin,result:r4o/sink_port_0::execute,4500,85401,6960.696428571428,389799,56
intel_gpu_plugin,variadicsplit:Split_172.out0::prepare,899,24999,1760.6785714285713,98598,56
intel_gpu_plugin,variadicsplit:Split_172.out0::execute,3900,82601,6051.910714285715,338907,56
intel_gpu_plugin,concat:Concat_188::prepare,401,8400,882.2321428571429,49405,56
intel_gpu_plugin,concat:Concat_188::execute,99,2200,176.03703703703704,9506,54
intel_gpu_plugin,interpolate:Resize_190::prepare,900,22300,1710.8035714285713,95805,56
intel_gpu_plugin,interpolate:Resize_190::execute,3601,76699,5914.357142857143,331204,56
intel_gpu_plugin,concat:Concat_199_1::prepare,900,32800,1882.0,105392,56
intel_gpu_plugin,concat:Concat_199_1::execute,11801,181700,17010.73214285714,952601,56
intel_gpu_plugin,convolution:Conv_200/WithoutBiases::prepare,1000,58200,2469.6964285714284,138303,56
intel_gpu_plugin,convolution:Conv_200/WithoutBiases::execute,8500,115399,12180.30357142857,682097,56
intel_gpu_plugin,variadicsplit:Split_202.out1::prepare,699,38500,1708.9642857142858,95702,56
intel_gpu_plugin,variadicsplit:Split_202.out1::execute,4201,88300,6726.732142857143,376697,56
intel_gpu_plugin,concat:Concat_205::prepare,899,48300,2087.4285714285716,116896,56
intel_gpu_plugin,concat:Concat_205::execute,10100,105100,13666.089285714286,765301,56
intel_gpu_plugin,convolution:Conv_206/WithoutBiases::prepare,799,39299,1921.482142857143,107603,56
intel_gpu_plugin,convolution:Conv_206/WithoutBiases::execute,8500,80400,11455.285714285714,641496,56
intel_gpu_plugin,variadicsplit:Split_208.out1::prepare,699,18200,1403.5357142857142,78598,56
intel_gpu_plugin,variadicsplit:Split_208.out1::execute,3300,46199,4825.071428571428,270204,56
intel_gpu_plugin,variadicsplit:Split_208.out1_0_reorder_18::prepare,799,45200,1962.482142857143,109899,56
intel_gpu_plugin,variadicsplit:Split_208.out1_0_reorder_18::execute,6400,115600,9784.0,547904,56
intel_gpu_plugin,multiply:Multiply_11100::prepare,900,26801,1619.5714285714287,90696,56
intel_gpu_plugin,multiply:Multiply_11100::execute,4300,74600,6578.660714285715,368405,56
intel_gpu_plugin,multiply:Multiply_11100_0_reorder_19::prepare,899,44201,1964.2857142857142,110000,56
intel_gpu_plugin,multiply:Multiply_11100_0_reorder_19::execute,5400,91501,8600.05357142857,481603,56
intel_gpu_plugin,variadicsplit:Split_208.out0::prepare,700,25100,1573.232142857143,88101,56
intel_gpu_plugin,variadicsplit:Split_208.out0::execute,3699,78399,5703.625,319403,56
intel_gpu_plugin,variadicsplit:Split_208.out0_0_reorder_20::prepare,699,41001,1721.4285714285713,96400,56
intel_gpu_plugin,variadicsplit:Split_208.out0_0_reorder_20::execute,4000,69400,6076.857142857143,340304,56
intel_gpu_plugin,multiply:Mul_209::prepare,800,20700,1467.75,82194,56
intel_gpu_plugin,multiply:Mul_209::execute,3800,62001,5582.071428571428,312596,56
intel_gpu_plugin,multiply:Mul_209_0_reorder_21::prepare,600,37800,1708.767857142857,95691,56
intel_gpu_plugin,multiply:Mul_209_0_reorder_21::execute,4199,68900,5833.928571428572,326700,56
intel_gpu_plugin,concat:Concat_210::prepare,700,46201,1994.6964285714287,111703,56
intel_gpu_plugin,concat:Concat_210::execute,5300,78999,7303.5,408996,56
intel_gpu_plugin,convolution:Conv_211/WithoutBiases::prepare,901,48100,2255.410714285714,126303,56
intel_gpu_plugin,convolution:Conv_211/WithoutBiases::execute,8100,120200,11451.80357142857,641301,56
intel_gpu_plugin,tanh:Tanh_212::prepare,999,34700,1746.5357142857142,97806,56
intel_gpu_plugin,tanh:Tanh_212::execute,3900,71800,5751.839285714285,322103,56
intel_gpu_plugin,multiply:Mul_216::prepare,700,17900,1396.4107142857142,78199,56
intel_gpu_plugin,multiply:Mul_216::execute,3500,48700,4924.857142857143,275792,56
intel_gpu_plugin,result:r3o/sink_port_0::prepare,1799,17700,2805.339285714286,157099,56
intel_gpu_plugin,result:r3o/sink_port_0::execute,3501,68499,5341.071428571428,299100,56
intel_gpu_plugin,variadicsplit:Split_202.out0::prepare,800,19300,1633.8035714285713,91493,56
intel_gpu_plugin,variadicsplit:Split_202.out0::execute,3101,49300,4682.178571428572,262202,56
intel_gpu_plugin,concat:Concat_218::prepare,800,41799,1949.9107142857142,109195,56
intel_gpu_plugin,concat:Concat_218::execute,6299,134300,9271.32142857143,519194,56
intel_gpu_plugin,interpolate:Resize_220::prepare,799,24800,1582.1785714285713,88602,56
intel_gpu_plugin,interpolate:Resize_220::execute,3700,66100,5587.392857142857,312894,56
intel_gpu_plugin,concat:Concat_229::prepare,1099,24801,1898.1964285714287,106299,56
intel_gpu_plugin,concat:Concat_229::execute,11400,67800,14132.07142857143,791396,56
intel_gpu_plugin,convolution:Conv_230/WithoutBiases::prepare,1101,52900,2367.8035714285716,132597,56
intel_gpu_plugin,convolution:Conv_230/WithoutBiases::execute,8500,111900,11783.839285714286,659895,56
intel_gpu_plugin,variadicsplit:Split_232.out1::prepare,799,25900,1608.857142857143,90096,56
intel_gpu_plugin,variadicsplit:Split_232.out1::execute,3399,73500,5183.839285714285,290295,56
intel_gpu_plugin,concat:Concat_235::prepare,800,22400,1558.9285714285713,87300,56
intel_gpu_plugin,concat:Concat_235::execute,7099,62799,9185.607142857143,514394,56
intel_gpu_plugin,convolution:Conv_236/WithoutBiases::prepare,899,61200,2458.9821428571427,137703,56
intel_gpu_plugin,convolution:Conv_236/WithoutBiases::execute,7899,118901,11241.035714285714,629498,56
intel_gpu_plugin,variadicsplit:Split_238.out1::prepare,799,23701,1600.0535714285713,89603,56
intel_gpu_plugin,variadicsplit:Split_238.out1::execute,3099,51600,4539.339285714285,254203,56
intel_gpu_plugin,variadicsplit:Split_238.out1_0_reorder_23::prepare,699,36901,1594.6607142857142,89301,56
intel_gpu_plugin,variadicsplit:Split_238.out1_0_reorder_23::execute,6400,83801,8764.392857142857,490806,56
intel_gpu_plugin,multiply:Multiply_11103::prepare,699,23800,1516.0357142857142,84898,56
intel_gpu_plugin,multiply:Multiply_11103::execute,4499,64900,6651.839285714285,372503,56
intel_gpu_plugin,multiply:Multiply_11103_0_reorder_24::prepare,801,41799,1850.0,103600,56
intel_gpu_plugin,multiply:Multiply_11103_0_reorder_24::execute,5299,74700,8199.910714285714,459195,56
intel_gpu_plugin,variadicsplit:Split_238.out0::prepare,599,21900,1208.9642857142858,67702,56
intel_gpu_plugin,variadicsplit:Split_238.out0::execute,3099,137001,7382.125,413399,56
intel_gpu_plugin,variadicsplit:Split_238.out0_0_reorder_25::prepare,799,42900,1832.0357142857142,102594,56
intel_gpu_plugin,variadicsplit:Split_238.out0_0_reorder_25::execute,3800,97300,5973.321428571428,334506,56
intel_gpu_plugin,multiply:Mul_239::prepare,699,33301,1430.267857142857,80095,56
intel_gpu_plugin,multiply:Mul_239::execute,4300,139000,7612.464285714285,426298,56
intel_gpu_plugin,multiply:Mul_239_0_reorder_26::prepare,699,103200,2894.589285714286,162097,56
intel_gpu_plugin,multiply:Mul_239_0_reorder_26::execute,3999,85399,6387.446428571428,357697,56
intel_gpu_plugin,concat:Concat_240::prepare,601,25000,1439.267857142857,80599,56
intel_gpu_plugin,concat:Concat_240::execute,5901,46200,7464.232142857143,417997,56
intel_gpu_plugin,convolution:Conv_241/WithoutBiases::prepare,900,43100,1991.142857142857,111504,56
intel_gpu_plugin,convolution:Conv_241/WithoutBiases::execute,7901,101800,11225.07142857143,628604,56
intel_gpu_plugin,tanh:Tanh_242::prepare,900,23401,1555.392857142857,87102,56
intel_gpu_plugin,tanh:Tanh_242::execute,3400,59999,5114.267857142857,286399,56
intel_gpu_plugin,multiply:Mul_246::prepare,799,24000,1453.5357142857142,81398,56
intel_gpu_plugin,multiply:Mul_246::execute,3500,76800,5273.25,295302,56
intel_gpu_plugin,result:r2o/sink_port_0::prepare,1900,26200,3023.3571428571427,169308,56
intel_gpu_plugin,result:r2o/sink_port_0::execute,3501,76801,5671.553571428572,317607,56
intel_gpu_plugin,variadicsplit:Split_232.out0::prepare,600,20301,1237.6964285714287,69311,56
intel_gpu_plugin,variadicsplit:Split_232.out0::execute,2700,48900,3982.3035714285716,223009,56
intel_gpu_plugin,concat:Concat_248::prepare,800,21200,1469.6964285714287,82303,56
intel_gpu_plugin,concat:Concat_248::execute,5599,48200,7321.446428571428,410001,56
intel_gpu_plugin,interpolate:Resize_250::prepare,1099,22701,1762.517857142857,98701,56
intel_gpu_plugin,interpolate:Resize_250::execute,3600,67501,6505.321428571428,364298,56
intel_gpu_plugin,concat:Concat_259::prepare,799,21900,1599.982142857143,89599,56
intel_gpu_plugin,concat:Concat_259::execute,10600,54201,12998.19642857143,727899,56
intel_gpu_plugin,convolution:Conv_260/WithoutBiases::prepare,799,46000,2089.3214285714284,117002,56
intel_gpu_plugin,convolution:Conv_260/WithoutBiases::execute,8000,140800,11803.55357142857,660999,56
intel_gpu_plugin,variadicsplit:Split_262.out1::prepare,900,28600,1853.4285714285713,103792,56
intel_gpu_plugin,variadicsplit:Split_262.out1::execute,3299,73699,5217.875,292201,56
intel_gpu_plugin,concat:Concat_265::prepare,899,92300,2978.464285714286,166794,56
intel_gpu_plugin,concat:Concat_265::execute,7100,84400,10185.767857142857,570403,56
intel_gpu_plugin,convolution:Conv_266/WithoutBiases::prepare,900,62100,2358.964285714286,132102,56
intel_gpu_plugin,convolution:Conv_266/WithoutBiases::execute,7900,115500,11260.69642857143,630599,56
intel_gpu_plugin,variadicsplit:Split_268.out1::prepare,699,22500,1514.232142857143,84797,56
intel_gpu_plugin,variadicsplit:Split_268.out1::execute,3301,50600,4816.160714285715,269705,56
intel_gpu_plugin,variadicsplit:Split_268.out1_0_reorder_28::prepare,900,38200,1874.857142857143,104992,56
intel_gpu_plugin,variadicsplit:Split_268.out1_0_reorder_28::execute,5800,99701,8641.125,483903,56
intel_gpu_plugin,multiply:Multiply_11106::prepare,900,26500,1652.0,92512,56
intel_gpu_plugin,multiply:Multiply_11106::execute,4099,91800,6512.517857142857,364701,56
intel_gpu_plugin,multiply:Multiply_11106_0_reorder_29::prepare,599,42000,1803.625,101003,56
intel_gpu_plugin,multiply:Multiply_11106_0_reorder_29::execute,5100,71299,8223.17857142857,460498,56
intel_gpu_plugin,variadicsplit:Split_268.out0::prepare,799,20100,1555.3035714285713,87097,56
intel_gpu_plugin,variadicsplit:Split_268.out0::execute,3300,61499,4951.785714285715,277300,56
intel_gpu_plugin,variadicsplit:Split_268.out0_0_reorder_30::prepare,799,42899,1889.1964285714287,105795,56
intel_gpu_plugin,variadicsplit:Split_268.out0_0_reorder_30::execute,4099,77800,5964.375,334005,56
intel_gpu_plugin,multiply:Mul_269::prepare,899,23201,1594.6785714285713,89302,56
intel_gpu_plugin,multiply:Mul_269::execute,3400,66000,5178.571428571428,290000,56
intel_gpu_plugin,multiply:Mul_269_0_reorder_31::prepare,699,35700,1694.5714285714287,94896,56
intel_gpu_plugin,multiply:Mul_269_0_reorder_31::execute,3899,101100,6228.464285714285,348794,56
intel_gpu_plugin,concat:Concat_270::prepare,699,43700,1930.3214285714287,108098,56
intel_gpu_plugin,concat:Concat_270::execute,4999,68300,6730.410714285715,376903,56
intel_gpu_plugin,convolution:Conv_271/WithoutBiases::prepare,799,47400,1887.5714285714287,105704,56
intel_gpu_plugin,convolution:Conv_271/WithoutBiases::execute,7501,106600,10791.0,604296,56
intel_gpu_plugin,tanh:Tanh_272::prepare,699,21800,1492.875,83601,56
intel_gpu_plugin,tanh:Tanh_272::execute,4101,132199,7342.857142857143,411200,56
intel_gpu_plugin,multiply:Mul_276::prepare,700,35001,1705.2857142857142,95496,56
intel_gpu_plugin,multiply:Mul_276::execute,3600,89700,5907.160714285715,330801,56
intel_gpu_plugin,result:r1o/sink_port_0::prepare,1999,22100,2846.4285714285716,159400,56
intel_gpu_plugin,result:r1o/sink_port_0::execute,3499,63400,5196.5,291004,56
intel_gpu_plugin,variadicsplit:Split_262.out0::prepare,699,21601,1417.892857142857,79402,56
intel_gpu_plugin,variadicsplit:Split_262.out0::execute,3299,69500,5021.321428571428,281194,56
intel_gpu_plugin,concat:Concat_278::prepare,299,8401,548.3928571428571,30710,56
intel_gpu_plugin,concat:Concat_278::execute,99,2700,209.72549019607843,10696,51
intel_gpu_plugin,interpolate:Resize_280::prepare,700,23601,1469.642857142857,82300,56
intel_gpu_plugin,interpolate:Resize_280::execute,3499,76599,5641.125,315903,56
intel_gpu_plugin,concat:Concat_289::prepare,401,8799,846.4285714285714,47400,56
intel_gpu_plugin,concat:Concat_289::execute,99,3000,196.41071428571428,10999,56
intel_gpu_plugin,convolution:Conv_290/WithoutBiases::prepare,800,54400,2282.1071428571427,127798,56
intel_gpu_plugin,convolution:Conv_290/WithoutBiases::execute,7800,111999,11399.857142857143,638392,56
intel_gpu_plugin,convolution:Conv_292/WithoutBiases::prepare,801,41001,1939.25,108598,56
intel_gpu_plugin,convolution:Conv_292/WithoutBiases::execute,7700,84600,10500.035714285714,588002,56
intel_gpu_plugin,convolution:Conv_294/WithoutBiases::prepare,1000,47399,2156.910714285714,120787,56
intel_gpu_plugin,convolution:Conv_294/WithoutBiases::execute,8600,95200,11860.607142857143,664194,56
intel_gpu_plugin,multiply:Mul_303::prepare,801,21600,1544.642857142857,86500,56
intel_gpu_plugin,multiply:Mul_303::execute,3599,48300,5285.553571428572,295991,56
intel_gpu_plugin,multiply:Mul_303_0_reorder_34::prepare,700,36000,1624.9107142857142,90995,56
intel_gpu_plugin,multiply:Mul_303_0_reorder_34::execute,5800,52800,8389.19642857143,469795,56
intel_gpu_plugin,convolution:Conv_304::prepare,601,42800,1644.5535714285713,92095,56
intel_gpu_plugin,convolution:Conv_304::execute,6700,75399,10108.857142857143,566096,56
intel_gpu_plugin,convolution:Conv_302::prepare,799,29800,1724.9464285714287,96597,56
intel_gpu_plugin,convolution:Conv_302::execute,4900,58101,6532.053571428572,365795,56
intel_gpu_plugin,multiply:Mul_305::prepare,800,19200,1426.767857142857,79899,56
intel_gpu_plugin,multiply:Mul_305::execute,3800,39100,5241.053571428572,293499,56
intel_gpu_plugin,multiply:Mul_305_0_reorder_37::prepare,599,44900,1694.6607142857142,94901,56
intel_gpu_plugin,multiply:Mul_305_0_reorder_37::execute,4900,87199,8515.982142857143,476895,56
intel_gpu_plugin,concat:Concat_311::prepare,799,35300,1933.7142857142858,108288,56
intel_gpu_plugin,concat:Concat_311::execute,9799,90200,12964.42857142857,726008,56
intel_gpu_plugin,convolution:Conv_312/WithoutBiases::prepare,900,59800,2253.6071428571427,126202,56
intel_gpu_plugin,convolution:Conv_312/WithoutBiases::execute,8100,110900,11135.660714285714,623597,56
intel_gpu_plugin,convolution:Conv_314/WithoutBiases::prepare,900,47800,2083.910714285714,116699,56
intel_gpu_plugin,convolution:Conv_314/WithoutBiases::execute,7199,86299,9789.267857142857,548199,56
intel_gpu_plugin,convolution:Conv_316/WithoutBiases::prepare,899,36400,2001.8392857142858,112103,56
intel_gpu_plugin,convolution:Conv_316/WithoutBiases::execute,6000,56400,7816.035714285715,437698,56
intel_gpu_plugin,convolution:Conv_316/WithoutBiases_0_reorder_38::prepare,700,31000,1637.5714285714287,91704,56
intel_gpu_plugin,convolution:Conv_316/WithoutBiases_0_reorder_38::execute,6099,85800,8671.42857142857,485600,56
intel_gpu_plugin,multiply:Mul_317::prepare,700,24900,1432.232142857143,80205,56
intel_gpu_plugin,multiply:Mul_317::execute,4399,107000,6876.75,385098,56
intel_gpu_plugin,interpolate:Resize_332::prepare,900,16000,1476.875,82705,56
intel_gpu_plugin,interpolate:Resize_332::execute,3699,43300,5228.5,292796,56
intel_gpu_plugin,interpolate:Resize_346::prepare,700,12400,1251.8035714285713,70101,56
intel_gpu_plugin,interpolate:Resize_346::execute,3300,38301,4375.071428571428,245004,56
intel_gpu_plugin,variadicsplit:Split_349.out1::prepare,1000,17400,1742.6607142857142,97589,56
intel_gpu_plugin,variadicsplit:Split_349.out1::execute,3601,57499,5385.696428571428,301599,56
intel_gpu_plugin,result:pha/sink_port_0::prepare,1700,40400,3305.3035714285716,185097,56
intel_gpu_plugin,result:pha/sink_port_0::execute,3401,80200,5412.5,303100,56
intel_gpu_plugin,variadicsplit:Split_349.out0::prepare,599,11600,1051.857142857143,58904,56
intel_gpu_plugin,variadicsplit:Split_349.out0::execute,99,4200,182.1,9105,50
intel_gpu_plugin,add:Add_350::prepare,899,26999,1726.5892857142858,96689,56
intel_gpu_plugin,add:Add_350::execute,3800,81900,5914.267857142857,331199,56
intel_gpu_plugin,result:fgr/sink_port_0::prepare,1799,23700,2994.625,167699,56
intel_gpu_plugin,result:fgr/sink_port_0::execute,3100,79800,6033.910714285715,337899,56
intel_gpu_plugin,SyncInferRequest::wait::reinterpret_memory,399,20400,1836.892857142857,617196,336
ov__LoadTime,CoreImpl::get_plugin,42270500,204484100,123377300.0,246754600,2
ov__LoadTime,Core::compile_model::Path,1385044999,2155866400,1770455699.5,3540911399,2
SIMPLE_ov_op_exec,v0_Parameter_validate_and_infer_types,99,542901,929.0868454661559,2182425,2349
SIMPLE_ov_op_exec,util_InterpolateBase_validate_and_infer_types,99,2301,171.00806451612902,42410,248
SIMPLE_ov_op_exec,v11_Interpolate_validate_and_infer_types,799,652600,6281.097142857143,1099192,175
SIMPLE_ov_op_exec,v0_util_ArithmeticReductionKeepDims_validate_and_infer_types,599,1223300,4664.541589648798,2523517,541
SIMPLE_ov_op_exec,v0_util_BinaryElementwiseArithmetic_validate_and_infer_types,100,46400,714.5727958563225,6346121,8881
SIMPLE_ov_op_exec,util_AvgPoolBase_validate_and_infer_types,99,900,266.8333333333333,1601,6
SIMPLE_ov_op_exec,v1_AvgPool_validate_and_infer_types,399,21400,1606.0816326530612,236094,147
SIMPLE_ov_op_exec,v0_Concat_validate_and_infer_types,499,44500,922.766016713092,1325092,1436
SIMPLE_ov_op_exec,v1_Convolution_validate_and_infer_types,499,52200,896.6540900443881,2828047,3154
SIMPLE_ov_op_exec,v3_ShapeOf_validate_and_infer_types,99,30300,267.4754566210046,468617,1752
SIMPLE_ov_op_exec,evaluate_shape_of_i64,99,20000,141.7789029535865,168008,1185
SIMPLE_ov_op_exec,v1_Subtract_evaluate,600,2382501,2199.5057291666667,4223051,1920
SIMPLE_ov_op_exec,v3_Broadcast_validate_and_infer_types,600,4130600,20095.242081447963,8882097,442
SIMPLE_ov_op_exec,util_BroadcastBase_evaluate_axes,199,19900,396.03018867924527,209896,530
SIMPLE_ov_op_exec,util_BroadcastBase_evaluate,899,1312499,4544.3,2408479,530
SIMPLE_ov_op_exec,v3_Broadcast_evaluate,1000,2155301,6289.020754716981,3333181,530
SIMPLE_ov_op_exec,v0_Concat_evaluate,699,33699,1066.7895622895624,633673,594
SIMPLE_ov_op_exec,v1_Reshape_validate_and_infer_types,1099,11300199,26509.647413793104,30751191,1160
SIMPLE_ov_op_exec,v1_VariadicSplit_validate_and_infer_types,799,31901,1872.2901459854015,1026015,548
SIMPLE_ov_op_exec,v1_VariadicSplit_evaluate,1199,21600,2178.9210526315787,248397,114
SIMPLE_ov_op_exec,v1_Split_evaluate_lower,1699,909700,18540.456140350878,1056806,57
SIMPLE_ov_op_exec,v1_Split_evaluate_upper,1400,9900,1914.017543859649,109099,57
SIMPLE_ov_op_exec,v0_util_BinaryElementwiseComparison_validate_and_infer_types,299,10399,591.4181034482758,137209,232
SIMPLE_ov_op_exec,v1_Equal_evaluate,699,618801,3266.642105263158,930993,285
SIMPLE_ov_op_exec,v0_util_BinaryElementwiseLogical_validate_and_infer_types,399,3700,530.1810344827586,61501,116
SIMPLE_ov_op_exec,v1_LogicalOr_evaluate,500,11200,791.2719298245614,90205,114
SIMPLE_ov_op_exec,v1_Less_evaluate,600,624300,3660.9210526315787,834690,228
SIMPLE_ov_op_exec,v1_LogicalAnd_evaluate,499,9800,770.2280701754386,87806,114
SIMPLE_ov_op_exec,v1_Select_evaluate,1099,773200,2821.0508771929826,1607999,570
SIMPLE_ov_op_exec,v1_Divide_evaluate,699,636000,6502.710526315789,741309,114
SIMPLE_ov_op_exec,v1_GroupConvolution_validate_and_infer_types,499,11099,994.4900442477876,899019,904
SIMPLE_ov_op_exec,v0_HardSigmoid_validate_and_infer_types,99,40399,278.1715328467153,381095,1370
SIMPLE_ov_op_exec,util_UnaryElementwiseArithmetic_validate_and_infer_types,99,9501,195.6693502012651,340269,1739
SIMPLE_ov_op_exec,v0_Squeeze_validate_and_infer_types,199,9401,662.7051282051282,51691,78
SIMPLE_ov_op_exec,v0_Squeeze_evaluate,199,30800,540.5722222222222,97303,180
SIMPLE_ov_op_exec,util_SqueezeBase_evaluate_lower,301,612000,7803.355555555556,702302,90
SIMPLE_ov_op_exec,util_SqueezeBase_evaluate_upper,299,4700,471.1333333333333,42402,90
SIMPLE_ov_op_exec,util_SqueezeBase_evaluate_symbol,699,9100,1071.0222222222221,96392,90
SIMPLE_ov_op_exec,v4_Range_validate_and_infer_types,1601,2404600,41633.38888888889,2997604,72
SIMPLE_ov_op_exec,v4_Range_evaluate,699,582600,7655.444444444444,688990,90
SIMPLE_ov_op_exec,v8_Slice_validate_and_infer_types,1900,68800,12968.045454545454,570594,44
SIMPLE_ov_op_exec,v0_Result_validate_and_infer_types,99,23400,728.7966101694915,386991,531
SIMPLE_ov_op_exec,v0_Parameter_clone_with_new_inputs,500,20599,1433.2844036697247,468684,327
SIMPLE_ov_op_exec,v0_Constant_clone_with_new_inputs,300,96599,1283.4645669291338,1304000,1016
SIMPLE_ov_op_exec,v11_Interpolate_clone_with_new_inputs,2199,39200,7721.285714285715,108098,14
SIMPLE_ov_op_exec,v1_Subtract_clone_with_new_inputs,1100,58199,2652.244318181818,466795,176
SIMPLE_ov_op_exec,v1_Divide_clone_with_new_inputs,1201,16900,2707.5,108300,40
SIMPLE_ov_op_exec,v1_Convolution_clone_with_new_inputs,1499,53901,3140.121212121212,414496,132
SIMPLE_ov_op_exec,v3_ShapeOf_clone_with_new_inputs,699,88499,1636.1085409252669,919493,562
SIMPLE_ov_op_exec,v3_Broadcast_clone_with_new_inputs,3001,84001,6261.928571428572,1052004,168
SIMPLE_ov_op_exec,v0_Concat_clone_with_new_inputs,1200,78699,2456.6890756302523,584692,238
SIMPLE_ov_op_exec,v1_Reshape_clone_with_new_inputs,2099,79100,4599.323232323232,1365999,297
SIMPLE_ov_op_exec,v1_Add_clone_with_new_inputs,1200,19801,2126.9471365638765,482817,227
SIMPLE_ov_op_exec,v0_HardSigmoid_clone_with_new_inputs,999,43599,2707.035714285714,151594,56
SIMPLE_ov_op_exec,v1_Multiply_clone_with_new_inputs,1200,47300,2723.6493506493507,838884,308
SIMPLE_ov_op_exec,v1_VariadicSplit_clone_with_new_inputs,2099,31301,4663.775862068966,270499,58
SIMPLE_ov_op_exec,v1_GroupConvolution_clone_with_new_inputs,1699,15300,3492.0263157894738,132697,38
SIMPLE_ov_op_exec,v0_Relu_clone_with_new_inputs,600,10801,1457.4814814814815,78704,54
SIMPLE_ov_op_exec,v0_Squeeze_clone_with_new_inputs,999,14400,2638.9444444444443,47501,18
SIMPLE_ov_op_exec,v4_Range_clone_with_new_inputs,2800,30299,6610.833333333333,118995,18
SIMPLE_ov_op_exec,v1_ReduceMean_clone_with_new_inputs,2300,36600,5077.045454545455,111695,22
SIMPLE_ov_op_exec,v0_Sigmoid_clone_with_new_inputs,799,12600,2360.1,23601,10
SIMPLE_ov_op_exec,v0_Tanh_clone_with_new_inputs,700,8000,2049.875,16399,8
SIMPLE_ov_op_exec,v0_Result_clone_with_new_inputs,1000,29600,3979.2916666666665,95503,24
SIMPLE_ov_op_exec,v8_Slice_clone_with_new_inputs,4601,80399,18037.125,144297,8
SIMPLE_ov_op_exec,v1_AvgPool_clone_with_new_inputs,1800,14899,5200.0,31200,6
SIMPLE_ov_op_exec,v1_Maximum_clone_with_new_inputs,1300,12299,4474.5,17898,4
SIMPLE_ov_op_exec,v1_Minimum_clone_with_new_inputs,1199,9301,3775.25,15101,4
SIMPLE_ov_op_exec,util_SqueezeBase_is_dynamic,99,4300,458.25,5499,12
SIMPLE_ov_op_exec,v0_Convert_validate_and_infer_types,99,4700,235.10515463917525,114026,485
SIMPLE_ov_op_exec,v11_Interpolate_has_evaluate,99,2100,290.5151515151515,9587,33
SIMPLE_ov_op_exec,v1_Subtract_has_evaluate,99,4700,366.51851851851853,9896,27
SIMPLE_ov_op_exec,v1_Divide_has_evaluate,100,1699,633.0,1899,3
SIMPLE_ov_op_exec,v3_ShapeOf_has_evaluate,99,1999,403.7741935483871,75102,186
SIMPLE_ov_op_exec,v1_Reshape_has_evaluate,99,2901,205.768115942029,14198,69
SIMPLE_ov_op_exec,v1_Add_has_evaluate,99,7300,163.0990990990991,90520,555
SIMPLE_ov_op_exec,v1_Multiply_has_evaluate,99,5399,188.55516014234877,52984,281
SIMPLE_ov_op_exec,v0_Relu_has_evaluate,99,4000,161.2625,25802,160
SIMPLE_ov_op_exec,v1_ReduceMean_has_evaluate,99,2300,147.6865671641791,9895,67
SIMPLE_ov_op_exec,v0_Sigmoid_has_evaluate,99,2701,189.68965517241378,5501,29
SIMPLE_ov_op_exec,v1_VariadicSplit_has_evaluate,99,10600,380.5438596491228,21691,57
SIMPLE_ov_op_exec,v0_Concat_has_evaluate,99,1400,118.04,11804,100
SIMPLE_ov_op_exec,v0_Tanh_has_evaluate,99,1400,151.82758620689654,4403,29
SIMPLE_ov_op_exec,v8_Slice_has_evaluate,800,1900,1350.0,2700,2
SIMPLE_ov_op_exec,v1_Maximum_has_evaluate,100,1700,500.25,2001,4
SIMPLE_ov_op_exec,v1_Minimum_has_evaluate,99,1200,466.3333333333333,1399,3
SIMPLE_ov_op_exec,v0_Convert_evaluate,4500,1561400,19605.84888888889,4411316,225
SIMPLE_ov_op_exec,util_ScatterBase_validate_and_infer_types,500,7600,1558.5833333333333,18703,12
SIMPLE_ov_op_exec,v3_ScatterUpdate_evaluate,2000,23101,4250.333333333333,51004,12
SIMPLE_ov_op_exec,v1_StridedSlice_validate_and_infer_types,1900,39501,7983.5,95802,12
SIMPLE_ov_op_exec,v1_LogicalNot_validate_and_infer_types,99,3001,899.75,3599,4
SIMPLE_ov_op_exec,v3_NonZero_validate_and_infer_types,4600,22400,13500.0,27000,2
SIMPLE_ov_op_exec,v1_Transpose_validate_and_infer_types,2099,14901,8500.0,17000,2
SIMPLE_ov_op_exec,v1_Select_validate_and_infer_types,1299,6501,3900.0,7800,2
SIMPLE_ov_op_exec,util_ScatterElementsUpdateBase_validate_and_infer_types,601,7500,2675.75,10703,4
SIMPLE_ov_op_exec,v1_StridedSlice_has_evaluate,900,900,900.0,900,1
SIMPLE_ov_op_exec,v1_StridedSlice_clone_with_new_inputs,3400,34800,8437.5,67500,8
SIMPLE_ov_op_exec,v0_util_BinaryElementwiseArithmetic_visit_attributes,500,28400,986.69099756691,1216590,1233
SIMPLE_ov_op_exec,v0_Clamp_validate_and_infer_types,99,5401,301.0652173913044,27698,92
SIMPLE_ov_op_exec,v1_Multiply_evaluate,900,938600,132260.06666666668,1983901,15
SIMPLE_ov_op_exec,v1_Power_evaluate,801,943100,157600.25,1891203,12
SIMPLE_ov_op_exec,v0_Clamp_has_evaluate,100,83801,10687.875,85503,8
SIMPLE_ov_op_exec,v3_ShapeOf_constant_fold,1300,21799,3317.714285714286,92896,28
SIMPLE_ov_op_exec,v4_Interpolate_validate_and_infer_types,999,37901,2915.0444444444443,524708,180
SIMPLE_ov_op_exec,v4_SoftPlus_validate_and_infer_types,3800,3800,3800.0,3800,1
SIMPLE_ov_op_exec,v4_Interpolate_has_evaluate,99,3300,430.84615384615387,5601,13
SIMPLE_ov_op_exec,v0_Concat_visit_attributes,499,12001,1017.1822916666666,195299,192
SIMPLE_ov_op_exec,v3_ShapeOf_visit_attributes,401,40399,5637.5,45100,8
SIMPLE_ov_op_exec,v3_Broadcast_visit_attributes,700,8100,2600.25,10401,4
SIMPLE_ov_op_exec,v1_Divide_visit_attributes,1300,8200,3075.0,12300,4
SIMPLE_ov_op_exec,v1_Reshape_visit_attributes,499,9300,2749.5,10998,4
SIMPLE_ov_op_exec,v0_MatMul_validate_and_infer_types,8300,8300,8300.0,8300,1
SIMPLE_ov_op_exec,v0_Clamp_clone_with_new_inputs,1100,17101,3750.375,30003,8
SIMPLE_ov_op_exec,v0_Parameter_visit_attributes,1499,20600,2628.783505154639,254992,97
SIMPLE_ov_op_exec,v0_Constant_visit_attributes,1601,30400,5363.909090909091,59003,11
SIMPLE_ov_op_exec,v0_Clamp_visit_attributes,800,22900,11850.0,23700,2
TYPE_LIST_ov_eval,v1_Subtract_evaluate$i64,99,436001,371.2117333333333,696022,1875
TYPE_LIST_ov_eval,v1_Equal_evaluate$i64,99,3601,170.11971830985917,48314,284
TYPE_LIST_ov_eval,v1_Less_evaluate$i64,99,2499,137.1769911504425,31002,226
TYPE_LIST_ov_eval,v1_Select_evaluate$i64,99,2900,136.05860805860806,74288,546
TYPE_LIST_ov_eval,v1_Divide_evaluate$i64,99,2900,137.6578947368421,15693,114
TYPE_LIST_ov_eval,v4_Range_evaluate$i64,99,2199,199.94444444444446,17995,90
TYPE_LIST_ov_eval,v0_Convert_in_et$f16,99,2699,187.23076923076923,21906,117
TYPE_LIST_ov_eval,Convert_out$f32,99,3099,161.84126984126985,10196,63
TYPE_LIST_ov_eval,v0_Convert_in_et$f32,99,3200,177.78703703703704,19201,108
TYPE_LIST_ov_eval,Convert_out$f16,99,1900,150.71698113207546,7988,53
TYPE_LIST_ov_eval,v1_Multiply_evaluate$f32,100,34999,3980.0,39800,10
TYPE_LIST_ov_eval,v1_Power_evaluate$f32,100,3201,525.375,4203,8
ov__core,Model::get_ordered_ops,199,1339200,15537.480449657869,31789685,2046
ov__core,Model::check_all_parameters_registered,199,93000,3392.6845637583892,505510,149
ov__core,Model::auto_detect_variables,99,54700,1481.6478873239437,105197,71
ov__core,Model::prerequirements,1900,4366400,73736.22818791946,10986698,149
ov__core,pass::GraphRewrite::apply_matcher_passes,399,65074301,423267.60116959066,361893799,855
ov__core,pass::Manager::run_passes,8200,456496700,13454956.028368793,1897148800,141
ov__core,MarkDequantization,10000,70500,12428.140939597315,1851793,149
ov__core,ConvertMOEToMOECompressed,400,11800,547.46542893726,855141,1562
ov__core,SoftmaxFusion,199,17601,332.17059748427675,422521,1272
ov__core,MVNFusionWithoutConstants,400,24401,660.4179104477612,1858416,2814
ov__core,MVNFusionWithConstantsInside,199,38000,440.228144989339,1238802,2814
ov__core,GroupNormalizationFusion,2100,15500,3386.4583333333335,325100,96
ov__core,BroadcastElementwiseFusion,1000,13599,1782.142857142857,1010475,567
ov__core,BroadcastTransition,399,218201,1153.0199004975125,3244598,2814
ov__core,KeepConstantsPrecisionAndAddConverts,601,20700,1319.7337398373984,649309,492
ov__core,KeepConstPrecision,10000,38901,11009.031847133758,1728418,157
ov__core,RMSFusion,399,17300,846.3098330241187,1368483,1617
ov__core,KeepDequantizationPrecision,9799,36500,11385.191489361701,535104,47
ov__core,MarkFloatingPointRange,1400,11999,2781.2393162393164,325405,117
ov__core,MarkDivWithEps,499,17301,699.0467349551857,1091911,1562
ov__core,PropagateMarkUpReduceOpPath,800,55200,1962.3815439219165,2211604,1127
ov__core,InitMarkReduceOpPath,699,20100,3009.3636363636365,33103,11
ov__core,PropagateDownDisableSensitivityForQuantized,900,76799,2406.1296296296296,909517,378
ov__core,PropagateDownMarkToKeepInMixedPrecision,699,41299,1406.980667838313,1601144,1138
ov__core,PropagateUpMarkToKeepInMixedPrecision,699,13400,1542.0360281195078,1754837,1138
ov__core,EnableDecompressionConvertConstantFolding,500,7100,1186.409090909091,26101,22
ov__core,Node::can_constant_fold,99,35800,204.44628193430657,1792585,8768
ov__core,Node::constant_fold,201,2331800,16065.406349206349,10121206,630
ov__core,Model::validate_nodes_and_infer_types,4200,1476099,81042.67741935483,22610907,279
ov__core,DisableDecompressionConvertConstantFolding,900,7801,2300.090909090909,25301,11
ov__core,SliceToStridedSlice,54900,2640500,708675.0,2834700,4
ov__core,TransposeConvert,500,9799,1766.6060606060605,58298,33
ov__core,EliminateConvert,199,14700,260.5523342084237,2282699,8761
ov__core,RemoveConcatZeroDimInput,801,49099,3169.1794871794873,123598,39
ov__core,RemoveFilteringBoxesBySize,700,13000,2236.5454545454545,24602,11
ov__core,SubtractFusion,199,131500,1053.2596952908586,1520907,1444
ov__core,ConvertQuantizeDequantize,5601,31800,6919.202127659574,650405,94
ov__core,EliminatePad,199,43400,262.6801142857143,2298451,8750
ov__core,EliminateReduceReshape,199,40100,276.04034285714283,2415353,8750
ov__core,EliminateConvertNonZero,199,19900,245.3768,2147047,8750
ov__core,EliminateConcat,199,14900,261.71394285714285,2289997,8750
ov__core,EliminateSplit,199,152900,267.17794285714285,2337807,8750
ov__core,EliminateTranspose,199,12101,237.2409142857143,2075858,8750
ov__core,EliminateEltwise,499,21700,965.3565714285714,8446870,8750
ov__core,EliminateSplitConcat,199,31001,304.48914285714284,2664280,8750
ov__core,EliminateStridedSlice,199,15800,247.9255829903978,2168853,8748
ov__core,EliminateSlice,199,177001,269.4997713763146,2357584,8748
ov__core,EliminateConcatStridedSlice,199,13500,301.070987654321,2633769,8748
ov__core,EliminateIdentity,199,15800,240.28680841335162,2102029,8748
ov__core,EliminateScatterUpdate,199,72900,320.3327617741198,2802271,8748
ov__core,EliminateReshape,199,37999,271.5316643804298,2375359,8748
ov__core,EliminateSqueeze,199,15800,249.75983219716832,952584,3814
ov__core,EliminateUnsqueeze,199,15700,250.06607236497115,953752,3814
ov__core,PrepareShapeOpsForEliminationAroundBE,199,22099,265.861987114276,2352081,8847
ov__core,EliminateBroadcast,199,16601,270.9389574759945,2370174,8748
ov__core,EliminateNopBroadcast,199,25700,303.51600365797896,2655158,8748
ov__core,EliminateSliceBeforeGatherElements,199,30100,247.80498399634203,2167798,8748
ov__core,EliminateStridedSliceByShape,399,37300,586.3971193415638,5129802,8748
ov__core,EliminateGather,199,25501,281.24336384439357,2458067,8740
ov__core,GroupedGatherElimination,199,3600,374.63157894736844,35590,95
ov__core,PropagateNMSPath,800,14201,2271.5671641791046,152195,67
ov__core,PullUnsqueezeThroughReduce,700,9801,1759.1363636363637,38701,22
ov__core,PullReshapeThroughReduce,699,7801,1191.0,26202,22
ov__core,LSTMCellFusionWithJointWeights,1099,9600,1768.0531914893618,166197,94
ov__core,LSTMCellFusionWithSplitWeights,1099,11000,1485.2340425531916,139612,94
ov__core,GRUCellFusion,900,12900,1856.3072916666667,356411,192
ov__core,ConcatToBroadcast,400,10899,1500.078947368421,57003,38
ov__core,TransposeFQReduction,699,9300,1601.9772727272727,70487,44
ov__core,TransposeReduction,699,8100,1088.4772727272727,47893,44
ov__core,SplitSqueezeConcatFusion,500,39800,2218.2894736842104,84295,38
ov__core,EliminateUnsqueezeGather,199,11900,269.1956869009585,337033,1252
ov__core,SelectWithOneValueCondition,199,13700,288.46964856230034,361164,1252
ov__core,ConvertScatterElementsToScatter,199,56501,448.31847133757964,563088,1256
ov__core,SoftPlusFusion,199,206001,448.63535031847135,563486,1256
ov__core,SoftPlusToMishFusion,199,4700,420.5390127388535,528197,1256
ov__core,SwishFusionWithSigmoid,199,4000,345.4092356687898,433834,1256
ov__core,SwishFusionWithSigmoidWithBeta,199,12100,345.4984076433121,433946,1256
ov__core,SwishFusionWithBeta,199,13300,282.9641719745223,355403,1256
ov__core,SwishFusionWithoutBeta,199,4700,262.65047770700636,329889,1256
ov__core,HSwishFusionWithReluDiv,199,5400,263.4729299363057,330922,1256
ov__core,HSwishFusionWithReluMul,199,11800,327.5613057324841,411417,1256
ov__core,HSwishFusionWithHSigmoid,199,6001,343.0581210191083,430881,1256
ov__core,HSwishFusionWithClamp,199,12299,356.30971337579615,447525,1256
ov__core,HSigmoidFusionWithReluDiv,199,21400,331.87261146496814,416832,1256
ov__core,HSigmoidFusionWithReluMul,199,15600,324.1703821656051,407158,1256
ov__core,HSigmoidFusionWithoutRelu,199,4200,234.70541401273886,294790,1256
ov__core,HSigmoidFusionWithClampMul,199,6500,307.1998407643312,385843,1256
ov__core,HSigmoidFusionWithClampDiv,199,4800,238.85031847133757,299996,1256
ov__core,NormalizeL2Fusion,499,11199,703.3996815286624,883470,1256
ov__core,ClampFusion,499,1217201,1686.0406050955414,2117667,1256
ov__core,PadFusionAvgPool,199,6801,241.38338658146964,302212,1252
ov__core,PadFusionConvolution,199,4200,360.1461661341853,450903,1252
ov__core,PadFusionConvolutionBackpropData,199,4800,235.7643769968051,295177,1252
ov__core,PadFusionGroupConvolution,199,5400,273.42492012779553,342328,1252
ov__core,PadFusionGroupConvolutionBackpropData,199,14800,243.5447284345048,304918,1252
ov__core,ReduceReshapeFusion,199,5400,232.60543130990416,291222,1252
ov__core,DilatedConvolutionConverter,199,4300,233.11980830670927,291866,1252
ov__core,GeluFusionWithErfOne,199,11300,361.4209265175719,452499,1252
ov__core,GeluFusionWithErfTwo,199,18900,388.5742811501597,486495,1252
ov__core,GeluFusionWithErfThree,199,12900,372.40814696485626,466255,1252
ov__core,GeluFusionWithErfFour,199,5800,372.1373801916933,465916,1252
ov__core,GeluFusionWithTanh,499,25100,804.30910543131,1006995,1252
ov__core,GeluFusionWithTanhNoPower,199,7600,344.34744408945687,431123,1252
ov__core,GeluFusionWithTanhNoPower2,599,11200,1018.3897763578275,1275024,1252
ov__core,LeakyReluFusion,199,25601,269.54392971246006,337469,1252
ov__core,RandomUniformFusion,199,24800,1072.3865814696485,1342628,1252
ov__core,ConvertTensorIteratorToLSTMSequence,199,47800,273.3266773162939,342205,1252
ov__core,ConvertTensorIteratorToRNNSequence,199,6101,236.17811501597444,295695,1252
ov__core,ConvertTensorIteratorToGRUSequence,199,5500,230.36421725239617,288416,1252
ov__core,ConvertLoopWithScatterUpdateToLSTMSequence,199,29299,320.12539936102235,400797,1252
ov__core,ConvertLoopWithSlicedInputConcatOutputToLSTMSequence,199,7101,236.42012779552715,295998,1252
ov__core,EliminateGatherWithRange,199,7600,238.7755591054313,298947,1252
ov__core,FuseReverseLSTMSequence,199,5500,234.6741214057508,293812,1252
ov__core,FuseLSTMSequencesToBidirectionalLSTMSequence,199,12099,279.84984025559106,350372,1252
ov__core,SplitConcatPairToInterpolateFusion,199,5200,258.22364217252397,323296,1252
ov__core,ConvolutionToGroupConvolutionFusion,199,31500,304.47364217252397,381201,1252
ov__core,NearestNeighborUpsamplingFusion,199,5100,237.1373801916933,296896,1252
ov__core,DivideFusion,199,12300,338.6845047923323,424033,1252
ov__core,TransposeToReshape,199,11700,243.49361022364218,304854,1252
ov__core,ReshapeSequenceFusion,199,4500,232.99840255591053,291714,1252
ov__core,MatMulConstTransposesExtraction,199,15100,344.90521327014216,218325,633
ov__core,PReluFusionNegativeAdd,199,4400,374.017571884984,468270,1252
ov__core,PReluFusionNegativeSub,199,18799,268.5391373801917,336211,1252
ov__core,PReluFusionMultiplyAdd,199,10700,377.4049520766773,472511,1252
ov__core,PReluFusionMultiplySub,199,5800,245.09105431309905,306854,1252
ov__core,PReluFusionAbsSubMulMulAdd,199,6600,376.8921725239617,471869,1252
ov__core,PReluFusionNegReluMulAdd,199,16900,444.2164536741214,556159,1252
ov__core,DepthToSpaceFusion,199,4201,230.6038338658147,288716,1252
ov__core,ShuffleChannelsFusion,199,4400,230.26517571884983,288292,1252
ov__core,NonZeroHorizontalFusion,199,4500,234.1261980830671,293126,1252
ov__core,AdaptivePoolToReduce,199,6300,256.7228434504792,321417,1252
ov__core,ConvertU4WeightsZeroPointToScalar,199,15800,254.31070287539936,318397,1252
ov__core,MergeUnrolledSDPA,4899,24700,5537.4375,1063188,192
ov__core,MergeKVCaches,500,7600,1105.2631578947369,42000,38
ov__core,MergeUnrolledRoPE,500,8400,1455.342105263158,55303,38
ov__core,MergeLinearProjections,500,8900,1470.9473684210527,55896,38
ov__core,MergeDQ,600,19001,3008.0526315789475,114306,38
ov__core,ConcatFusion,399,5200,744.7105263157895,56598,76
ov__core,BinarizeWeights,699,9699,1019.7272727272727,134604,132
ov__core,ConvToBinaryConv,699,6399,917.3636363636364,121092,132
ov__core,BatchNormDecomposition,499,28300,596.2181964573269,1481006,2484
ov__core,ConvertDivideWithConstant,199,1927300,1829.830658105939,2279969,1246
ov__core,ConvertSubtractWithConstant,199,1920900,1877.7676848874598,2335943,1244
ov__core,ConvertNegative,199,4999,239.11996779388085,296987,1242
ov__core,ConvertConvertPromoteTypes,199,6300,235.65539452495975,292684,1242
ov__core,AddAddFusion,900,9801,1333.6069651741293,536110,402
ov__core,AddMultiplyFusion,1001,115500,2294.230769230769,477200,208
ov__core,MultiplyMultiplyFusion,1000,20401,1341.2621359223301,276300,206
ov__core,ConvolutionMultiplyFusion,999,12000,1538.3349514563106,316897,206
ov__core,GroupConvolutionMultiplyFusion,1000,11301,1250.509708737864,257605,206
ov__core,ConvolutionBackpropDataMultiplyFusion,1499,50700,2076.6893203883496,427798,206
ov__core,GroupConvolutionBackpropDataMultiplyFusion,1499,11300,1769.878640776699,364595,206
ov__core,MultiplyConvolutionFusion,699,11700,1602.6325757575758,423095,264
ov__core,MultiplyGroupConvolutionFusion,699,19100,2878.9210526315787,218798,76
ov__core,FakeQuantizeMulFusion,400,14500,1967.514563106796,405308,206
ov__core,pass::init::SplitConcat,599,6000,1221.157894736842,46404,38
ov__core,AlignEltwiseInputRanks,800,22599,1653.2730263157894,502595,304
ov__core,NopBroadcast,499,31401,682.5803127221037,1920781,2814
ov__core,SpaceToBatchFusion,499,7500,556.6333865814696,696905,1252
ov__core,BatchToSpaceFusion,399,39500,615.6461661341853,770789,1252
ov__core,InterpolateSequenceFusion,199,3500,250.54233226837061,313679,1252
ov__core,SkipGatherBeforeTransposeAndReshape,199,3999,249.0335463258786,311790,1252
ov__core,ReduceMerge,1499,15100,1677.1964856230031,2099850,1252
ov__core,GroupQueryAttentionDecomposition,199,16601,285.48961661341855,357433,1252
ov__core,ScaledDotProductAttentionDecomposition,199,8200,248.34345047923324,310926,1252
ov__core,BidirectionalLSTMSequenceDecomposition,199,8301,242.38019169329073,303460,1252
ov__core,BidirectionalGRUSequenceDecomposition,199,12701,252.58865814696486,316241,1252
ov__core,BidirectionalRNNSequenceDecomposition,199,7600,235.86421725239617,295302,1252
ov__core,ConvertBroadcastToTiles,199,4900,246.26698262243286,155887,633
ov__core,ConvertSubtract,199,259299,942.9512779552716,1180575,1252
ov__core,ConvertDivide,199,13100,263.87156704361877,326673,1238
ov__core,ConvertDepthToSpace,199,4499,234.47334410339258,290278,1238
ov__core,ConvertSpaceToDepth,199,12799,254.04119547657513,314503,1238
ov__core,ConvertConvertLike,199,4200,231.00080775444266,285979,1238
ov__core,MVN6Decomposition,199,21900,252.00565428109854,311983,1238
ov__core,EinsumDecomposition,199,1500,235.58400646203555,291653,1238
ov__core,SoftmaxDecomposition,199,12400,261.36510500807753,323570,1238
ov__core,SoftSignDecomposition,199,14000,267.1150159744409,167214,626
ov__core,DropoutWithRandomUniformReplacer,199,14700,252.87075928917608,313054,1238
ov__core,TransposeReshapeEliminationForMatmul,199,4600,235.46768982229403,291509,1238
ov__core,UniqueDecomposition,199,13599,262.01277955271564,164020,626
ov__core,MatMulMultiplyFusion,1000,7501,1235.4818181818182,135903,110
ov__core,ConvertInterpolate11ToInterpolate4,23900,1613200,150114.42857142858,2101602,14
ov__core,ConvStridesPropagation,199,43299,731.514683153014,946580,1294
ov__core,SupportedNodesStridesPropagation,199,25300,601.7555938037866,699240,1162
ov__core,UnsupportedNodesStridesPropagation,699,16800,1272.2874354561102,1478398,1162
ov__core,KeepMOE3GemmConstPrecision,499,7300,554.2981651376147,362511,654
ov__core,WrapInterpolateIntoTransposes,699,5401,1421.357142857143,19899,14
ov__core,ConvertReduceMeanToReshape,2300,14299,3591.2727272727275,39504,11
ov__core,ConvertAvgPoolingToReduce,1300,10301,4500.333333333333,13501,3
ov__core,DecomposeReduceForFalseKeepDims,2699,18600,4481.909090909091,49301,11
ov__core,LoraSubgraphFusion,2999,35299,6625.889423076923,1378185,208
ov__core,MoveEltwiseUpThroughDataMovScalar,700,20299,1464.4340101522844,576987,394
ov__core,RoPEFusionFlux,2000,44700,3146.673076923077,654508,208
ov__core,RoPEFusionGPTNEOX,1900,771400,4551.165865384615,1893285,416
ov__core,RoPEFusionGPTOSS,1000,9200,1623.5526315789473,61695,38
ov__core,RoPEFusionPreprocess,499,28800,609.273570324575,788400,1294
ov__core,RoPEFusionChatGLM,399,30301,608.9648377125193,1576001,2588
ov__core,RoPEFusionChatGLMHF,999,13900,2141.9736842105262,81395,38
ov__core,RoPEFusionQwen,2000,36999,3559.548076923077,740386,208
ov__core,RoPEFusionLtxVideo,1000,13900,1574.9326923076924,163793,104
ov__core,ConvertWeightCompressedConv1x1ToMatmul,499,6099,553.2364760432766,715888,1294
ov__core,LoRASubgraphHorizontalFusion,1500,14099,3377.8888888888887,30401,9
ov__core,LoRAHorizontalFusion,1000,9100,3400.1111111111113,30601,9
ov__core,SDPAScaleFusionPass,699,30100,878.4189602446484,574486,654
ov__core,FullyConnectedConvertFusion,299,8501,2745.2727272727275,30198,11
ov__core,TransposeMatMulTransposeMatcher,199,27999,321.85779816513764,210495,654
ov__core,TransposeMatMulMatcher,199,5600,258.30886850152905,168934,654
ov__core,TransposeSDPAMatcher,599,11999,720.5825688073395,471261,654
ov__core,TransposeVLSDPAMatcher,199,5200,249.83639143730886,163393,654
ov__core,UnsqueezeBroadcastReshapeSDPAFusion,599,7100,695.4128440366973,454800,654
ov__core,GLUFusion,2000,13801,3356.418181818182,184603,55
ov__core,IndirectGemmOpt,400,29600,644.1743119266055,421290,654
ov__core,IndirectSDPAOpt,599,18899,736.934250764526,481955,654
ov__core,KVCacheCompressionMatcher,99,5500,142.619335347432,47207,331
ov__core,AsymmetricConvolutionMatcher,2100,11200,2734.1294117647058,232401,85
ov__core,ConvolutionMatcher,12601,78299,16136.364705882354,1371591,85
ov__core,MoveEltwiseUpThroughDataMovPerChannel,299,10700,1832.062893081761,291298,159
ov__core,BroadcastAndPadZeroPointBuffers,699,8300,1194.1764705882354,101505,85
ov__core,DynamicQuantizeFullyConnected,400,33600,624.2368064952639,461311,739
ov__core,AUGRUCellFusion,1300,11401,2004.15625,192399,96
ov__core,ChainedMaximumOptimization,1601,10000,5800.5,11601,2
ov__core,LabelResolvingThroughSelect,599,9400,789.8484848484849,78195,99
ov__core,DeReshapeMatMul,199,5300,624.3535353535353,61811,99
ov__core,DeReshapeFullyConnected,2199,7600,2477.717171717172,245294,99
ov__core,ReshapeOptimizations,5100,43101,11912.141414141413,1179302,99
ov__core,EliminateGatherUnsqueeze,200,5700,490.59375,47097,96
ov__core,SimplifyGatherShapeOf,599,2400,805.3684210526316,30604,38
ov__core,SimplifySecondInputOfReshape,899,2999,1015.6354166666666,97501,96
ov__core,TSShapeOfForward,299,10400,936.6842105263158,17797,19
ov__core,StatefulSDPAFusion,2100,16501,2383.3463751438435,2071128,869
ov__core,SDPAFuseTransposeReshape,1000,14100,1716.6875,164802,96
ov__core,LogSoftmaxDecomposition,199,31800,292.8546042003231,181277,619
ov__core,GroupNormalizationDecomposition,199,4001,231.41993464052288,141629,612
ov__core,NormalizeL2Decomposition,199,9400,265.70098039215685,162609,612
ov__core,InsertConvertAfterExtension,199,55600,433.325,277328,640
ov__core,ConvertToInteraction,499,10900,627.040625,401306,640
ov__core,ConvertInteractionInt8,699,5599,1052.4736842105262,19997,19
ov__core,PermuteSliceAndInterpolation,1201,4100,2557.0,17899,7
ov__core,ConvertFqRnnToQuantizedRnn,499,6300,549.66875,351788,640
ov__core,RoPEFusionGPTJ,1000,10800,1757.9473684210527,33401,19
ov__core,RoPEFusionIOSlicing,1099,8200,1857.8947368421052,35300,19
ov__core,NgramFusion,700,24400,2105.315789473684,40001,19
ov__core,snippets::pass::TokenizeGNSnippets,199,8800,330.471875,211502,640
ov__core,snippets::pass::TokenizeSnippets,399,9398200,28204.5171875,18050891,640
ov__core,snippets::pass::TransformConvertToConvertTruncation,199,7500,349.7085201793722,77985,223
ov__core,snippets::pass::CommonOptimizations,13999,2354900,71534.86956521739,3290604,46
ov__core,FullyConnectedBiasFusion,1000,9500,1510.9239130434783,139005,92
ov__core,ConvertToPowerStatic,799,21700,1517.4950495049504,919602,606
ov__core,snippets::pass::ConvertConstantsToScalars,199,2123601,5658.562780269059,2523719,446
ov__core,snippets::pass::ConvertPowerToPowerStatic,199,4800,353.8385650224215,78906,223
ov__core,MulAddToFMA,2600,711400,70866.58333333333,850399,12
SIMPLE_ov_pass,GraphRewrite_run_on_model,900,65118999,444925.6180963572,378631701,851
SIMPLE_ov_pass,ResolveNameCollisions_run_on_model,348101,1480400,817320.2,4086601,5
SIMPLE_ov_pass,SDPAToVLSDPA_run_on_model,3199,3199,3199.0,3199,1
SIMPLE_ov_pass,InitNodeInfo_run_on_function,591700,1568800,1159274.75,4637099,4
SIMPLE_ov_pass,KeepConstantsPrecisionAndAddConverts,299,18200,868.0813008130082,427096,492
SIMPLE_ov_pass,MarkFloatingPointRange,800,6500,2141.940170940171,250607,117
SIMPLE_ov_pass,PropagateMarkUpReduceOpPath,200,21500,1212.1614906832299,1366106,1127
SIMPLE_ov_pass,InitMarkReduceOpPath,300,5200,1054.909090909091,11604,11
SIMPLE_ov_pass,BackwardGraphRewrite_run_on_model,1851300,4184800,3187225.0,12748900,4
SIMPLE_ov_pass,PropagateDownDisableSensitivityForQuantized,401,10599,1539.7010582010582,582007,378
SIMPLE_ov_pass,PropagateDownMarkToKeepInMixedPrecision,99,34700,753.6318101933216,857633,1138
SIMPLE_ov_pass,PropagateUpMarkToKeepInMixedPrecision,200,10401,925.2390158172232,1052922,1138
SIMPLE_ov_pass,MarkPrecisionSensitiveShapeOfSubgraphs_run_on_model,193800,1075400,639375.0,2557500,4
SIMPLE_ov_pass,MarkSugraphsToKeepInMixedPrecision_run_on_model,22008099,22008099,22008099.0,22008099,1
SIMPLE_ov_pass,AlignMixedFP32FP16Types_run_on_model,887901,887901,887901.0,887901,1
SIMPLE_ov_pass,EnableDecompressionConvertConstantFolding,99,1600,309.1363636363636,6801,22
SIMPLE_ov_pass,ConstantFolding_run_on_model,9200,31614400,461328.8679245283,73351290,159
SIMPLE_ov_pass,Validate_run_on_model,900,2490100,121413.33070866142,15419493,127
SIMPLE_ov_pass,DisableDecompressionConvertConstantFolding,301,1900,663.6363636363636,7300,11
SIMPLE_ov_pass,SliceToStridedSlice,54201,2636701,706326.0,2825304,4
SIMPLE_ov_pass,EliminateConvert,400,6799,1304.6363636363637,86106,66
SIMPLE_ov_pass,RemoveConcatZeroDimInput,400,6401,1340.8974358974358,52295,39
SIMPLE_ov_pass,RemoveMultiSubGraphOpDanglingParamsResults_run_on_model,37400,63201,50300.5,100601,2
SIMPLE_ov_pass,PushConstantToSubgraph_run_on_function,37601,46701,42151.0,84302,2
SIMPLE_ov_pass,SharedOpOptimization_run_on_function,209801,4429999,986808.4166666666,11841701,12
SIMPLE_ov_pass,EliminateEltwise,199,8901,505.5058201058201,477703,945
SIMPLE_ov_pass,EliminateConcat,100,2601,288.1276595744681,94794,329
SIMPLE_ov_pass,EliminateSplitConcat,500,22100,1308.775075987842,430587,329
SIMPLE_ov_pass,EliminateConcatStridedSlice,399,6500,1083.8073394495414,354405,327
SIMPLE_ov_pass,EliminateStridedSlice,1499,4800,2574.75,10299,4
SIMPLE_ov_pass,EliminateStridedSliceByShape,4599,28600,10000.0,80000,8
SIMPLE_ov_pass,SimplifyShapeOfSubGraph_run_on_function,6833099,35017300,13931619.8,69658099,5
SIMPLE_ov_pass,PropagateNMSPath,299,5600,1480.6119402985075,99201,67
SIMPLE_ov_pass,UselessSliceEraser_run_on_function,45000,86300,65650.0,131300,2
SIMPLE_ov_pass,GroupedStridedSliceOptimizer_run_on_function,139500,495900,317700.0,635400,2
SIMPLE_ov_pass,GroupedSliceToVSplitOptimization_run_on_function,38500,71900,55200.0,110400,2
SIMPLE_ov_pass,StridedSliceOptimization_run_on_function,532801,6786801,3659801.0,7319602,2
SIMPLE_ov_pass,SplitSqueezeConcatFusion,199,31100,1473.7368421052631,56002,38
SIMPLE_ov_pass,SplitConcatPairToInterpolateFusion,200,3200,515.921052631579,19605,38
SIMPLE_ov_pass,ClampFusion,8200,1210000,315025.0,1260100,4
SIMPLE_ov_pass,PackMultiHeadAttention_run_on_model,1677501,6837000,4257250.5,8514501,2
SIMPLE_ov_pass,SymbolicPropagation_run_on_model,693500,8039701,1659381.9090909092,18253201,11
SIMPLE_ov_pass,ApplySymbolEquivalence_run_on_function,130300,1102599,326236.1818181818,3588598,11
SIMPLE_ov_pass,SymbolicOptimizations_run_on_function,2849900,54640099,13253727.181818182,145790999,11
SIMPLE_ov_pass,SDPAFusion_run_on_model,8402100,8402100,8402100.0,8402100,1
SIMPLE_ov_pass,ConvertSubtractWithConstant,55900,1910200,983050.0,1966100,2
SIMPLE_ov_pass,ConvertDivideWithConstant,27600,1910700,969150.0,1938300,2
SIMPLE_ov_pass,AddMultiplyFusion,25600,101499,63549.5,127099,2
SIMPLE_ov_pass,ReverseInputChannelsFusion_run_on_model,150000,776400,463200.0,926400,2
SIMPLE_ov_pass,AlignEltwiseInputRanks,199,18400,885.7631578947369,269272,304
SIMPLE_ov_pass,OptimizeSymbolsUsedAsValues_run_on_function,856799,2271399,1424233.0,4272699,3
SIMPLE_ov_pass,FuseMOE_run_on_model,910100,1830900,1370500.0,2741000,2
SIMPLE_ov_pass,MOCTransformations_run_on_function,72275401,238994899,155635150.0,311270300,2
SIMPLE_ov_pass,ConvertSubtract,11500,256200,62914.357142857145,880801,14
SIMPLE_ov_pass,UnrollIf_run_on_function,40500,48699,44599.5,89199,2
SIMPLE_ov_pass,ConvertInterpolate11ToInterpolate4,23400,1604401,147721.7142857143,2068104,14
SIMPLE_ov_pass,UnsupportedNodesStridesPropagation,200,8699,725.2745266781411,842769,1162
SIMPLE_ov_pass,SupportedNodesStridesPropagation,300,2899,762.2208121827412,300315,394
SIMPLE_ov_pass,ConvStridesPropagation,700,39899,1784.090909090909,235500,132
SIMPLE_ov_pass,CommonOptimizations_run_on_function,103689500,308145899,205917699.5,411835399,2
SIMPLE_ov_pass,WrapInterpolateIntoTransposes,300,2400,714.2857142857143,10000,14
SIMPLE_ov_pass,ConvertOpSet3ToOpSet2_run_on_function,1491700,1491700,1491700.0,1491700,1
SIMPLE_ov_pass,ConvertOpSet2ToOpSet1_run_on_function,145799,1698900,922349.5,1844699,2
SIMPLE_ov_pass,ConvertReduceMeanToReshape,399,2201,627.2727272727273,6900,11
SIMPLE_ov_pass,ConvertAvgPoolingToReduce,700,7301,3033.6666666666665,9101,3
SIMPLE_ov_pass,DecomposeReduceForFalseKeepDims,900,10901,2063.6363636363635,22700,11
SIMPLE_ov_pass,UnrollTensorIterator_run_on_function,232500,232500,232500.0,232500,1
SIMPLE_ov_pass,MoveEltwiseUpThroughDataMovScalar,199,13000,762.1218274111675,300276,394
SIMPLE_ov_pass,RoPEFusion_run_on_model,11677600,17033701,14355650.5,28711301,2
SIMPLE_ov_pass,SDPAScaleFusion_run_on_model,3497300,3497300,3497300.0,3497300,1
SIMPLE_ov_pass,ConvolutionMatcher,10600,67599,13624.847058823529,1158112,85
SIMPLE_ov_pass,ConstantsReduce_run_on_function,746699,746699,746699.0,746699,1
SIMPLE_ov_pass,EliminateBroadcast,300,2400,648.2352941176471,55100,85
SIMPLE_ov_pass,EliminateNopBroadcast,1199,20100,2237.741176470588,190208,85
SIMPLE_ov_pass,EliminateReshape,400,6000,858.8974358974359,167485,195
SIMPLE_ov_pass,ReshapeOptimizations,3400,36199,10243.494949494949,1014106,99
SIMPLE_ov_pass,SDPASubgraphFusion_run_on_function,55527000,55527000,55527000.0,55527000,1
SIMPLE_ov_pass,EliminateSlice,699,1599,924.25,3697,4
SIMPLE_ov_pass,CausalMaskPreprocessFusion_run_on_model,3563500,3563500,3563500.0,3563500,1
SIMPLE_ov_pass,SnippetsMarkSkipped_run_on_model,938499,938499,938499.0,938499,1
SIMPLE_ov_pass,TokenizeSnippets,24300,8289101,204931.85507246378,14140298,69
SIMPLE_ov_pass,CommonOptimizations,13500,2351000,70919.69565217392,3262306,46
SIMPLE_ov_pass,SnippetsTokenization_run_on_function,32271399,32271399,32271399.0,32271399,1
SIMPLE_ov_pass,ConvertToPowerStatic,500,6300,1155.5326086956522,106309,92
SIMPLE_ov_pass,ConvertToCPUSpecificOpset_run_on_function,16400400,16400400,16400400.0,16400400,1
SIMPLE_ov_pass,Canonicalization_run_on_model,1199,786801,18828.152173913044,866095,46
SIMPLE_ov_pass,AnalyzeBroadcastableInputs_run_on_model,399,1038500,28154.304347826088,1295098,46
SIMPLE_ov_pass,AlignElementTypes_run_on_model,300,783000,17504.32608695652,805199,46
SIMPLE_ov_pass,BrgemmToBrgemmCPU_run_on_model,3300,805500,21765.195652173912,1001199,46
SIMPLE_ov_pass,PropagatePrecision_run_on_model,5201,806699,24837.065217391304,1142505,46
SIMPLE_ov_pass,MulAddToFMA,5099,691200,70618.09090909091,776799,11
SIMPLE_ov_pass,ConvertConstantsToScalars,3601,957000,51000.13636363636,1122003,22
ov__pass,ov::frontend::pass::SequenceConcatReplacer,168600,3439699,1804149.5,3608299,2
ov__pass,ResolveNameCollisions,348900,2138000,949720.0,4748600,5
ov__pass,Model::check_all_variables_registered,200,407600,7719.282051282052,602104,78
ov__pass,SDPAToVLSDPA,671700,671700,671700.0,671700,1
ov__pass,TransposeMatMul,61200,254100,116571.71428571429,816002,7
ov__pass,MarkDequantization,714400,967799,799499.6666666666,2398499,3
ov__pass,FuseVectorizedMOE2GEMM,228000,228000,228000.0,228000,1
ov__pass,FuseVectorizedMOE3GEMM,179599,179599,179599.0,179599,1
ov__pass,ConvertMOEToMOECompressed,1217300,1217300,1217300.0,1217300,1
ov__pass,FuseMOE3GemmCompressed,170100,170100,170100.0,170100,1
ov__pass,InitNodeInfo,593301,2204199,1333350.0,5333400,4
ov__pass,EinsumDecomposition,191901,191901,191901.0,191901,1
ov__pass,SoftmaxFusion,214900,214900,214900.0,214900,1
ov__pass,MVNFusion,3458199,3458199,3458199.0,3458199,1
ov__pass,GroupNormalizationFusion,552800,552800,552800.0,552800,1
ov__pass,MVN6Decomposition,178300,178300,178300.0,178300,1
ov__pass,BroadcastElementwiseFusion,293400,667301,457700.3333333333,1373101,3
ov__pass,BroadcastTransition,929700,1829500,1275366.6666666667,3826100,3
ov__pass,KeepConstantsPrecisionAndAddConverts,880301,880301,880301.0,880301,1
ov__pass,KeepConstPrecision,669600,713400,688967.0,2066901,3
ov__pass,RMSFusion,286899,1478499,882699.0,1765398,2
ov__pass,DisableFP16CompForGemma3RMSPattern,168500,168500,168500.0,168500,1
ov__pass,DisableFP16ComForROPEPattern,159100,159100,159100.0,159100,1
ov__pass,DisableFP16ComSinGenPatternForHiFiGAN,164400,164400,164400.0,164400,1
ov__pass,KeepDequantizationPrecision,719400,719400,719400.0,719400,1
ov__pass,MarkFloatingPointRange,570400,570400,570400.0,570400,1
ov__pass,MarkDivWithEps,1429700,1429700,1429700.0,1429700,1
ov__pass,MarkExpInReduceOpPath,4991900,4991900,4991900.0,4991900,1
ov__pass,MarkRandomUniform,208800,208800,208800.0,208800,1
ov__pass,PropagateDownDisableSensitivityForQuantized,1141900,1141900,1141900.0,1141900,1
ov__pass,PropagateDownMarkToKeepInMixedPrecision,1945300,1945300,1945300.0,1945300,1
ov__pass,ov::pass::BackwardGraphRewrite,2780900,2780900,2780900.0,2780900,1
ov__pass,MarkPrecisionSensitiveShapeOfSubgraphs,1759600,1759600,1759600.0,1759600,1
ov__pass,MarkSugraphsToKeepInMixedPrecision,22825500,22825500,22825500.0,22825500,1
ov__pass,AlignMixedFP32FP16Types,1661000,1661000,1661000.0,1661000,1
ov__pass,EnableDecompressionConvertConstantFolding,63600,777500,347666.3333333333,1042999,3
ov__pass,ConstantFolding,16100,32232400,1077638.8358208956,72201802,67
ov__pass,ov::pass::Validate,7000,3139999,189149.22222222222,15321087,81
ov__pass,ConvertPrecision,287599,78141300,21108749.5,84434998,4
ov__pass,DisableDecompressionConvertConstantFolding,149600,149600,149600.0,149600,1
ov__pass,SliceToStridedSlice,3020500,3020500,3020500.0,3020500,1
ov__pass,TransposeConvert,89000,452700,270850.0,541700,2
ov__pass,EliminateConvert,1499,169301,10398.08,519904,50
ov__pass,EliminateScatterUpdate,79699,86600,83149.5,166299,2
ov__pass,RemoveConcatZeroDimInput,134100,158800,146450.0,292900,2
ov__pass,EliminateLoopInputsOutputs,82800,84400,83600.0,167200,2
ov__pass,EliminateDuplicateTIInputs,81301,81700,81500.5,163001,2
ov__pass,RemoveMultiSubGraphOpDanglingParamsResults,37899,760901,399400.0,798800,2
ov__pass,FoldSubgraphEmptyInputs,83501,108501,96001.0,192002,2
ov__pass,DisableRandomUniformConstantFolding,81000,87300,84150.0,168300,2
ov__pass,PushConstantToSubgraph,37900,663200,350550.0,701100,2
ov__pass,FuseFilteringBoxesBySize,465400,1928100,1196750.0,2393500,2
ov__pass,ConvertQuantizeDequantize,354500,494899,424699.5,849399,2
ov__pass,PrepareShapeOpsForEliminationAroundBE,62200,328001,127160.2,635801,5
ov__pass,AbsSinking,60700,89500,71760.0,358800,5
ov__pass,SharedOpOptimization,210200,4432400,1040391.8333333334,12484702,12
ov__pass,EliminateGatherUnsqueeze,173701,497200,293640.0,1468200,5
ov__pass,NopElimination,5236001,22561500,8607340.1,86073401,10
ov__pass,GroupedGatherElimination,71600,510100,193020.2,965101,5
ov__pass,GatherNopElimination,62899,90800,72359.6,361798,5
ov__pass,SimplifyGatherShapeOf,60200,111101,78933.16666666667,473599,6
ov__pass,SimplifySecondInputOfReshape,59601,195000,90520.4,452602,5
ov__pass,SimplifyShapeOfSubGraph,6833699,35665400,14061899.6,70309498,5
ov__pass,ConvertNmsGatherPathToUnsigned,102801,1057701,580251.0,1160502,2
ov__pass,UselessSliceEraser,45400,752901,399150.5,798301,2
ov__pass,GroupedStridedSliceOptimizer,140200,1327300,733750.0,1467500,2
ov__pass,GroupedSliceToVSplitOptimization,38900,755601,397250.5,794501,2
ov__pass,SliceSequenceToSingleSlice,60500,108300,84400.0,168800,2
ov__pass,StridedSliceOptimization,533501,7472701,4003101.0,8006202,2
ov__pass,PullThroughReduce,86700,1389999,738349.5,1476699,2
ov__pass,LSTMCellFusion,200299,1524699,862499.0,1724998,2
ov__pass,GRUCellFusion,191399,443800,317599.5,635199,2
ov__pass,SequenceFusion,59600,101800,80700.0,161400,2
ov__pass,ConcatToBroadcast,73401,142301,107851.0,215702,2
ov__pass,ov::pass::GraphRewrite,101700,65119901,7594873.826086956,174682098,23
ov__pass,MergeUnrolledSDPA,915701,1097701,1006701.0,2013402,2
ov__pass,MergeKVCaches,80500,142299,111399.5,222799,2
ov__pass,MergeUnrolledRoPE,83100,132000,107550.0,215100,2
ov__pass,MergeLinearProjections,85700,128800,107250.0,214500,2
ov__pass,MergeDQ,108101,148300,128200.5,256401,2
ov__pass,ConcatFusion,70300,97300,85650.25,342601,4
ov__pass,PackMultiHeadAttention,1678299,7441601,4559950.0,9119900,2
ov__pass,SymbolicPropagation,693900,8041200,1713554.4545454546,18849099,11
ov__pass,ApplySymbolEquivalence,130800,1104000,380772.45454545453,4188497,11
ov__pass,SDPAFusionMatcher,89200,89200,89200.0,89200,1
ov__pass,SDPAFusionMatcherSinks,77799,77799,77799.0,77799,1
ov__pass,SDPAReshapeFusion,77500,77500,77500.0,77500,1
ov__pass,SDPAFusion,9284000,9284000,9284000.0,9284000,1
ov__pass,BinarizeWeights,123500,186200,154850.0,309700,2
ov__pass,ConvToBinaryConv,118699,170800,144749.5,289499,2
ov__pass,LinOpSequenceFusion,378701,2895300,1034275.5,4137102,4
ov__pass,ReverseInputChannelsFusion,150599,1359600,755099.5,1510199,2
ov__pass,AlignEltwiseInputRanks,317700,395701,356700.5,713401,2
ov__pass,ChainedMaximumOptimization,79401,192299,119600.0,358800,3
ov__pass,NopBroadcast,539300,1395100,851700.0,2555100,3
ov__pass,OptimizeSymbolsUsedAsValues,857501,2273001,1651733.6666666667,4955201,3
ov__pass,LabelResolvingThroughSelect,66700,301599,152366.66666666666,457100,3
ov__pass,DeReshapeMatMul,59900,229600,104660.4,523302,5
ov__pass,DeReshapeFullyConnected,59300,414500,135099.8,675499,5
ov__pass,ReshapeOptimizations,59000,1359999,498333.0,1494999,3
ov__pass,SymbolicOptimizations,2850900,24194399,14746733.0,44240199,3
ov__pass,FuseMOEExperts,661499,757000,709249.5,1418499,2
ov__pass,FuseMOE,910501,2610800,1760650.5,3521301,2
ov__pass,VectorizedMOE2GEMMTransposeWeights,61399,111201,86300.0,172600,2
ov__pass,MOCTransformations,72277100,239689001,155983050.5,311966101,2
ov__pass,MarkDividesInShapeSubgraphs,194700,305899,250299.5,500599,2
ov__pass,ConcatReduceFusion,67600,105500,86550.0,173100,2
ov__pass,ConvertInterpolate1ToInterpolate4,64199,85000,74599.5,149199,2
ov__pass,UnrollIf,41200,698599,369899.5,739799,2
ov__pass,ConvertDeformableConv8To1,69500,101300,85400.0,170800,2
ov__pass,ConvertMaxPool14ToMaxPool8,64500,83301,73900.5,147801,2
ov__pass,ConvertMaxPool8ToMaxPool1,62899,79700,71299.5,142599,2
ov__pass,ConvertDetectionOutput8ToDetectionOutput1,91100,91100,91100.0,91100,1
ov__pass,ConvertROIAlign9To3,95899,95899,95899.0,95899,1
ov__pass,ConvertMulticlassNms8ToMulticlassNms9,66700,89701,78200.5,156401,2
ov__pass,ConvertXorToLogicalXor,61499,79601,70550.0,141100,2
ov__pass,ConvertInterpolate11ToInterpolate4,378700,1967301,1173000.5,2346001,2
ov__pass,ConvertScatterElementsUpdate12ToScatterElementsUpdate3,63900,468900,266400.0,532800,2
ov__pass,ConvertAvgPool14ToAvgPool1,62899,95400,79149.5,158299,2
ov__pass,ConvertEmbeddingBagOffsets15ToEmbeddingBagOffsetsSum3,61899,81500,71699.5,143399,2
ov__pass,ConvertEmbeddingBagPacked15ToEmbeddingBagPackedSum3,61300,91400,76350.0,152700,2
ov__pass,ConvertScatterNDUpdate15ToScatterNDUpdate3,78201,78201,78201.0,78201,1
ov__pass,ConvertSliceScatter,103800,103800,103800.0,103800,1
ov__pass,ConvertSqueeze15ToSqueeze0,62000,81801,71900.5,143801,2
ov__pass,ConvertOneHot16To1,60600,84899,72749.5,145499,2
ov__pass,ConvertBitwiseToLogical,68100,84900,76500.0,153000,2
ov__pass,StridesOptimization,1852000,3937400,2894700.0,5789400,2
ov__pass,CommonOptimizations,103690699,308797900,206244299.5,412488599,2
ov__pass,KeepMOE3GemmConstPrecision,518900,518900,518900.0,518900,1
ov__pass,ConvertPagedAttnInputs,75200,92700,83950.0,167900,2
ov__pass,WrapInterpolateIntoTransposes,72700,90500,81600.0,163200,2
ov__pass,TransposeSinking,92301,146800,119550.5,239101,2
ov__pass,ConvertBinaryConvolutionToConvolution,89000,89000,89000.0,89000,1
ov__pass,ConvertSequenceToTensorIterator,65800,104200,85000.0,170000,2
ov__pass,ConvertTopK3,125500,125500,125500.0,125500,1
ov__pass,ConvertOpSet3ToOpSet2,2095700,2095700,2095700.0,2095700,1
ov__pass,ConvertSpaceToBatch,63701,125900,94800.5,189601,2
ov__pass,ConvertBatchToSpace,60600,90499,75549.5,151099,2
ov__pass,ConvertOpSet2ToOpSet1,146100,2619799,1382949.5,2765899,2
ov__pass,LSTMCellDecomposition,64899,94901,79900.0,159800,2
ov__pass,GRUCellDecomposition,62800,82500,72650.0,145300,2
ov__pass,RNNCellDecomposition,61999,110001,86000.0,172000,2
ov__pass,BidirectionalLSTMSequenceDecomposition,70700,70700,70700.0,70700,1
ov__pass,BidirectionalGRUSequenceDecomposition,64299,64299,64299.0,64299,1
ov__pass,BidirectionalRNNSequenceDecomposition,63900,63900,63900.0,63900,1
ov__pass,ConvertShapeOf1To3,86300,86300,86300.0,86300,1
ov__pass,ConvertNMS1ToNMS9,62700,78499,70599.5,141199,2
ov__pass,ConvertNMS3ToNMS9,62199,84800,73499.5,146999,2
ov__pass,ConvertNMS4ToNMS9,68199,75899,72049.0,144098,2
ov__pass,ConvertNMS5ToNMS9,62500,81700,72100.0,144200,2
ov__pass,ConvertNMS9ToNMSIEInternal,84300,84300,84300.0,84300,1
ov__pass,ConvertNMSRotatedToNMSIEInternal,100199,100199,100199.0,100199,1
ov__pass,ConvertGP9ToGPIEInternal,83001,83001,83001.0,83001,1
ov__pass,ConvertMatrixNmsToMatrixNmsIE,77699,77699,77699.0,77699,1
ov__pass,ConvertGather0D,78100,78100,78100.0,78100,1
ov__pass,ConvertMulticlassNmsToMulticlassNmsIE,75500,75500,75500.0,75500,1
ov__pass,DecomposeReduceForScalarOutput,83099,83099,83099.0,83099,1
ov__pass,ConvertReduceToReshape,767400,767400,767400.0,767400,1
ov__pass,ConvertAvgPoolingToReduce,96901,96901,96901.0,96901,1
ov__pass,DecomposeReduceForFalseKeepDims,131700,131700,131700.0,131700,1
ov__pass,NormalizeL2DecompositionGPU,91100,91100,91100.0,91100,1
ov__pass,LoraSubgraphFusion,688000,889600,788800.0,1577600,2
ov__pass,UnrollTensorIterator,835301,835301,835301.0,835301,1
ov__pass,MoveEltwiseUpThroughDataMovScalar,357401,357401,357401.0,357401,1
ov__pass,RoPEFusionFlux,367000,483800,425400.0,850800,2
ov__pass,RoPEFusionGPTNEOX,324100,1157000,561000.0,2244000,4
ov__pass,RoPEFusionGPTOSS,96800,118500,107650.0,215300,2
ov__pass,RoPEFusionCosSinPreprocess,62701,79300,71000.5,142001,2
ov__pass,RoPEFusionPreprocess,531600,544000,537800.0,1075600,2
ov__pass,RoPEFusionChatGLM,512400,595000,542200.25,2168801,4
ov__pass,RoPEFusionChatGLMHF,115400,172200,143800.0,287600,2
ov__pass,RoPEFusionQwen,452300,503799,478049.5,956099,2
ov__pass,RoPEFusionLtxVideo,257000,257000,257000.0,257000,1
ov__pass,RoPEFusion,11678700,17620000,14649350.0,29298700,2
ov__pass,IncreasePositionIdsPrecisionBase,84300,84300,84300.0,84300,1
ov__pass,IncreasePositionIdsPrecisionForQwen25VL,78100,78100,78100.0,78100,1
ov__pass,IncreasePositionIdsPrecisionForQwen3VL,77000,77000,77000.0,77000,1
ov__pass,IncreasePositionIdsPrecisionForLtxVideo,75599,75599,75599.0,75599,1
ov__pass,IncreasePositionIdsPrecisionForGPTOSS,88700,88700,88700.0,88700,1
ov__pass,IncreasePositionIdsPrecision,7101700,7101700,7101700.0,7101700,1
ov__pass,SwiGluFusionWithClamp,100000,100000,100000.0,100000,1
ov__pass,ConvertWeightCompressedConv1x1ToMatmul,501700,506400,504050.0,1008100,2
ov__pass,IncreasePrecisionForQwenVLMerger,93499,93499,93499.0,93499,1
ov__pass,IncreaseRMSInputPrecision,3880400,3880400,3880400.0,3880400,1
ov__pass,ov::intel_gpu::ClampFP16Output,82700,82700,82700.0,82700,1
ov__pass,ConvertMatMulToFullyConnected,91599,91599,91599.0,91599,1
ov__pass,MoveFCReshapeToWeights,61499,75000,68249.5,136499,2
ov__pass,ConvertFullyConnectedToFullyConnectedCompressed,62900,75099,68999.5,137999,2
ov__pass,FullyConnectedHorizontalFusion,78299,78299,78299.0,78299,1
ov__pass,LoRASubgraphHorizontalFusion,133100,133100,133100.0,133100,1
ov__pass,LoRAHorizontalFusion,117700,117700,117700.0,117700,1
ov__pass,SDPAScaleFusionPass,783500,783500,783500.0,783500,1
ov__pass,SDPAScaleFusion,4143100,4143100,4143100.0,4143100,1
ov__pass,ConvertGatherToGatherCompressed,80900,80900,80900.0,80900,1
ov__pass,KVCacheFusion,75299,75299,75299.0,75299,1
ov__pass,FullyConnectedConvertFusion,121700,121700,121700.0,121700,1
ov__pass,TransposeFusion,4275900,4275900,4275900.0,4275900,1
ov__pass,UnsqueezeBroadcastReshapeSDPAFusion,625400,625400,625400.0,625400,1
ov__pass,GLUFusion,275501,275501,275501.0,275501,1
ov__pass,IndirectKVCache,2437899,2437899,2437899.0,2437899,1
ov__pass,KVCacheCompression,869500,869500,869500.0,869500,1
ov__pass,AsymmetricConvolutionMatcher,513701,513701,513701.0,513701,1
ov__pass,ConvolutionMatcher,1617400,1617400,1617400.0,1617400,1
ov__pass,ConvertConvolutionToInternal,3517300,3517300,3517300.0,3517300,1
ov__pass,MoveEltwiseUpThroughDataMovPerChannel,850701,850701,850701.0,850701,1
ov__pass,ConvertStridedSlicesToVariadicSplit,96800,96800,96800.0,96800,1
ov__pass,BroadcastAndPadZeroPointBuffers,198700,198700,198700.0,198700,1
ov__pass,OptimizeSubsequentReshapes,85201,85201,85201.0,85201,1
ov__pass,SinkReshapeIfNeeded,84500,84500,84500.0,84500,1
ov__pass,DynamicQuantizeFullyConnected,623700,623700,623700.0,623700,1
ov__pass,EliminatePad,79901,79901,79901.0,79901,1
ov__pass,ConstantsReduce,1312300,1312300,1312300.0,1312300,1
ov__pass,CompressedGatherTransformation,218600,218600,218600.0,218600,1
ov__pass,MarkShapeOfSubgraphs,988401,988401,988401.0,988401,1
ov__pass,KeepConstAndDecompression,62201,226601,144401.0,288802,2
ov__pass,AUGRUCellFusion,387301,387301,387301.0,387301,1
ov__pass,TSShapeOfForward,124399,124399,124399.0,124399,1
ov__pass,StatefulSDPAFusion,2289199,2289199,2289199.0,2289199,1
ov__pass,SDPAFuseTransposeReshape,337100,337100,337100.0,337100,1
ov__pass,SDPASubgraphFusion,56597001,56597001,56597001.0,56597001,1
ov__pass,ConvertGather1ToGather7,82900,82900,82900.0,82900,1
ov__pass,ConvertSoftMax8ToSoftMax1,73800,73800,73800.0,73800,1
ov__pass,ConvertPriorBox8To0,79601,79601,79601.0,79601,1
ov__pass,ConvertDetectionOutput1ToDetectionOutput8,83800,83800,83800.0,83800,1
ov__pass,ConvertROIAlign3To9,93001,93001,93001.0,93001,1
ov__pass,ConvertPad12ToPad1,425901,425901,425901.0,425901,1
ov__pass,ConvertShapeOf3,98600,98600,98600.0,98600,1
ov__pass,InsertConvertAfterExtension,434199,434199,434199.0,434199,1
ov__pass,EliminateIdentityConvert,87701,87701,87701.0,87701,1
ov__pass,SwapConvertTranspose,75200,75200,75200.0,75200,1
ov__pass,ConvertToInteraction,549100,549100,549100.0,549100,1
ov__pass,ConvertInteractionInt8,98999,98999,98999.0,98999,1
ov__pass,PermuteSliceAndInterpolation,101200,101200,101200.0,101200,1
ov__pass,ConvertBroadcast3,81300,81300,81300.0,81300,1
ov__pass,ReshapePRelu,75100,75100,75100.0,75100,1
ov__pass,MoveEltwiseUpThroughDataMov,438500,438500,438500.0,438500,1
ov__pass,FuseFQtoInteraction,81001,81001,81001.0,81001,1
ov__pass,ConvertFqRnnToQuantizedRnn,492700,492700,492700.0,492700,1
ov__pass,RoPEFusionGPTJ,119000,119000,119000.0,119000,1
ov__pass,RoPEFusionIOSlicing,112700,112700,112700.0,112700,1
ov__pass,RoPEShareCosSin,81400,81400,81400.0,81400,1
ov__pass,CausalMaskPreprocess,84600,84600,84600.0,84600,1
ov__pass,CausalMaskPreprocessFusion,4309000,4309000,4309000.0,4309000,1
ov__pass,DecomposeRMSNorm,72600,72600,72600.0,72600,1
ov__pass,NgramFusion,123900,123900,123900.0,123900,1
ov__pass,SnippetsMarkSkipped,1729200,1729200,1729200.0,1729200,1
ov__pass,snippets::pass::EnumerateNodes,2957001,2957001,2957001.0,2957001,1
ov__pass,ExtractReshapesFromMHA,109301,109301,109301.0,109301,1
ov__pass,snippets::pass::TokenizeMHASnippets,104100,104100,104100.0,104100,1
ov__pass,snippets::pass::TokenizeMLPSeqSnippets,77400,77400,77400.0,77400,1
ov__pass,snippets::pass::TransformConvertToConvertTruncation,3099,36700,8228.173913043478,378496,46
ov__pass,snippets::pass::CommonOptimizations,3812100,3812100,3812100.0,3812100,1
ov__pass,snippets::pass::SnippetsTokenization,32952000,32952000,32952000.0,32952000,1
ov__pass,FakeQuantizeDecomposition,108699,108699,108699.0,108699,1
ov__pass,FakeConvertDecomposition,79199,79199,79199.0,79199,1
ov__pass,MoEMatMulsFusion,84201,84201,84201.0,84201,1
ov__pass,ConvertBatchGatherMatmulToBatchGatherMatmulCompressed,73501,73501,73501.0,73501,1
ov__pass,ConvertMatMulToFC,81899,81899,81899.0,81899,1
ov__pass,FullyConnectedBiasFusion,230101,230101,230101.0,230101,1
ov__pass,ConvertFCToFCQuantizedLegacy,74200,74200,74200.0,74200,1
ov__pass,AlignMatMulInputRanks,74699,74699,74699.0,74699,1
ov__pass,ConvertTileToSeqTiles,97699,97699,97699.0,97699,1
ov__pass,ConvertToPowerStatic,1123899,1123899,1123899.0,1123899,1
ov__pass,ConvertToLeakyRelu,93700,93700,93700.0,93700,1
ov__pass,ConvertToSwishCPU,7301,715000,28736.23404255319,1350603,47
ov__pass,OptimizeSequenceTransposes,85399,85399,85399.0,85399,1
ov__pass,ReshapeSequenceFusion,66001,66001,66001.0,66001,1
ov__pass,MoveReadValueInputsToSubgraph,79000,79000,79000.0,79000,1
ov__pass,snippets::pass::Canonicalization,1601,1538301,35678.30434782609,1641202,46
ov__pass,snippets::pass::AnalyzeBroadcastableInputs,599,1776300,44413.108695652176,2043003,46
ov__pass,snippets::pass::AlignElementTypes,500,1605900,35743.45652173913,1644199,46
ov__pass,snippets::pass::BroadcastToMoveBroadcast,1799,23900,2910.7391304347825,133894,46
ov__pass,snippets::pass::ReduceToSnippetsReduce,1400,12900,2336.891304347826,107497,46
ov__pass,snippets::pass::ConvertConstantsToScalars,2700,2152300,30366.282608695652,2793698,92
ov__pass,snippets::pass::ConvertPowerToPowerStatic,2499,17300,4025.913043478261,185192,46
ov__pass,BrgemmToBrgemmCPU,3500,1657800,40619.5,1868497,46
ov__pass,snippets::pass::PropagatePrecision,5399,1757400,45734.67391304348,2103795,46
ov__pass,RemoveConverts,1400,10600,1939.1739130434783,89202,46
ov__pass,MulAddToFMA,1399,733900,21180.347826086956,974296,46
ov__ReadTime,CoreImpl::read_model from file,36617600,108113700,72365650.0,144731300,2
ov__op__gpu,constant:refiner.conv.6.weight,1878300,1878300,1878300.0,1878300,1
ov__op__gpu,constant:project_mat.conv.weight,1421100,1421100,1421100.0,1421100,1
ov__op__gpu,constant:decoder.decode4.gru.ih.0.weight,1226199,1226199,1226199.0,1226199,1
ov__op__gpu,constant:decoder.decode4.gru.hh.0.weight,1199401,1199401,1199401.0,1199401,1
ov__op__gpu,constant:decoder.decode3.gru.ih.0.weight,1438600,1438600,1438600.0,1438600,1
ov__op__gpu,constant:decoder.decode3.gru.hh.0.weight,1391701,1391701,1391701.0,1391701,1
ov__op__gpu,constant:decoder.decode2.gru.ih.0.weight,1317000,1317000,1317000.0,1317000,1
ov__op__gpu,constant:decoder.decode2.gru.hh.0.weight,1390500,1390500,1390500.0,1390500,1
ov__op__gpu,constant:decoder.decode1.gru.ih.0.weight,1238201,1238201,1238201.0,1238201,1
ov__op__gpu,constant:decoder.decode1.gru.hh.0.weight,1242700,1242700,1242700.0,1242700,1
ov__op__gpu,constant:backbone.features.6.block.2.fc2.weight,1318399,1318399,1318399.0,1318399,1
ov__op__gpu,constant:backbone.features.6.block.2.fc1.weight,1509200,1509200,1509200.0,1509200,1
ov__op__gpu,constant:backbone.features.5.block.2.fc2.weight,1267400,1267400,1267400.0,1267400,1
ov__op__gpu,constant:backbone.features.5.block.2.fc1.weight,1305500,1305500,1305500.0,1305500,1
ov__op__gpu,constant:backbone.features.4.block.2.fc2.weight,1350799,1350799,1350799.0,1350799,1
ov__op__gpu,constant:backbone.features.4.block.2.fc1.weight,1251700,1251700,1251700.0,1251700,1
ov__op__gpu,constant:backbone.features.15.block.2.fc2.weight,1361300,1361300,1361300.0,1361300,1
ov__op__gpu,constant:backbone.features.15.block.2.fc1.weight,1439900,1439900,1439900.0,1439900,1
ov__op__gpu,constant:backbone.features.14.block.2.fc2.weight,1242200,1242200,1242200.0,1242200,1
ov__op__gpu,constant:backbone.features.14.block.2.fc1.weight,1331100,1331100,1331100.0,1331100,1
ov__op__gpu,constant:backbone.features.13.block.2.fc2.weight,1230000,1230000,1230000.0,1230000,1
ov__op__gpu,constant:backbone.features.13.block.2.fc1.weight,1651900,1651900,1651900.0,1651900,1
ov__op__gpu,constant:backbone.features.12.block.2.fc2.weight,1457400,1457400,1457400.0,1457400,1
ov__op__gpu,constant:backbone.features.12.block.2.fc1.weight,1211200,1211200,1211200.0,1211200,1
ov__op__gpu,constant:backbone.features.11.block.2.fc2.weight,1338700,1338700,1338700.0,1338700,1
ov__op__gpu,constant:backbone.features.11.block.2.fc1.weight,1457999,1457999,1457999.0,1457999,1
ov__op__gpu,constant:aspp.aspp2.1.weight,1312400,1312400,1312400.0,1312400,1
ov__op__gpu,constant:Reshape_99,1319800,1319800,1319800.0,1319800,1
ov__op__gpu,constant:Reshape_949,1617399,1617399,1617399.0,1617399,1
ov__op__gpu,constant:Reshape_850,1486300,1486300,1486300.0,1486300,1
ov__op__gpu,constant:Reshape_708,1398700,1398700,1398700.0,1398700,1
ov__op__gpu,constant:Reshape_569,1288701,1288701,1288701.0,1288701,1
ov__op__gpu,constant:Reshape_46,1607501,1607501,1607501.0,1607501,1
ov__op__gpu,constant:Reshape_431,1357999,1357999,1357999.0,1357999,1
ov__op__gpu,constant:Reshape_337,1527801,1527801,1527801.0,1527801,1
ov__op__gpu,constant:Reshape_244,1417399,1417399,1417399.0,1417399,1
ov__op__gpu,constant:Reshape_2379,1426500,1426500,1426500.0,1426500,1
ov__op__gpu,constant:Reshape_2329,1350401,1350401,1350401.0,1350401,1
ov__op__gpu,constant:Reshape_1827,1375500,1375500,1375500.0,1375500,1
ov__op__gpu,constant:Reshape_1682,1465901,1465901,1465901.0,1465901,1
ov__op__gpu,constant:Reshape_1538,1674900,1674900,1674900.0,1674900,1
ov__op__gpu,constant:Reshape_150,1360200,1360200,1360200.0,1360200,1
ov__op__gpu,constant:Reshape_1393,1376399,1376399,1376399.0,1376399,1
ov__op__gpu,constant:Reshape_1249,1633700,1633700,1633700.0,1633700,1
ov__op__gpu,constant:Reshape_1149,1456500,1456500,1456500.0,1456500,1
ov__op__gpu,constant:Reshape_1049,1762000,1762000,1762000.0,1762000,1
ov__op__gpu,constant,1179901,2514100,1538628.1282051282,60006497,39
ov__op__gpu,constant:refiner.conv.6.weight_weights_reorder_84,1655599,1655599,1655599.0,1655599,1
ov__op__gpu,constant:project_mat.conv.weight_weights_reorder_79,1538100,1538100,1538100.0,1538100,1
ov__op__gpu,constant:decoder.decode4.gru.ih.0.weight_weights_reorder_66,1430100,1430100,1430100.0,1430100,1
ov__op__gpu,constant:decoder.decode4.gru.hh.0.weight_weights_reorder_67,1696301,1696301,1696301.0,1696301,1
ov__op__gpu,constant:decoder.decode3.gru.ih.0.weight_weights_reorder_69,1607200,1607200,1607200.0,1607200,1
ov__op__gpu,constant:decoder.decode3.gru.hh.0.weight_weights_reorder_70,1503101,1503101,1503101.0,1503101,1
ov__op__gpu,constant:decoder.decode2.gru.ih.0.weight_weights_reorder_72,1261300,1261300,1261300.0,1261300,1
ov__op__gpu,constant:decoder.decode2.gru.hh.0.weight_weights_reorder_73,1774900,1774900,1774900.0,1774900,1
ov__op__gpu,constant:decoder.decode1.gru.ih.0.weight_weights_reorder_75,1911100,1911100,1911100.0,1911100,1
ov__op__gpu,constant:decoder.decode1.gru.hh.0.weight_weights_reorder_76,1610201,1610201,1610201.0,1610201,1
ov__op__gpu,constant:backbone.features.6.block.2.fc2.weight_weights_reorder_24,1761601,1761601,1761601.0,1761601,1
ov__op__gpu,constant:backbone.features.6.block.2.fc1.weight_weights_reorder_23,2082900,2082900,2082900.0,2082900,1
ov__op__gpu,constant:backbone.features.5.block.2.fc2.weight_weights_reorder_19,1813900,1813900,1813900.0,1813900,1
ov__op__gpu,constant:backbone.features.5.block.2.fc1.weight_weights_reorder_18,1528600,1528600,1528600.0,1528600,1
ov__op__gpu,constant:backbone.features.4.block.2.fc2.weight_weights_reorder_14,1643300,1643300,1643300.0,1643300,1
ov__op__gpu,constant:backbone.features.4.block.2.fc1.weight_weights_reorder_13,1486300,1486300,1486300.0,1486300,1
ov__op__gpu,constant:backbone.features.15.block.2.fc2.weight_weights_reorder_61,1580199,1580199,1580199.0,1580199,1
ov__op__gpu,constant:backbone.features.15.block.2.fc1.weight_weights_reorder_60,1476100,1476100,1476100.0,1476100,1
ov__op__gpu,constant:backbone.features.14.block.2.fc2.weight_weights_reorder_56,1474301,1474301,1474301.0,1474301,1
ov__op__gpu,constant:backbone.features.14.block.2.fc1.weight_weights_reorder_55,2050299,2050299,2050299.0,2050299,1
ov__op__gpu,constant:backbone.features.13.block.2.fc2.weight_weights_reorder_51,1378999,1378999,1378999.0,1378999,1
ov__op__gpu,constant:backbone.features.13.block.2.fc1.weight_weights_reorder_50,1285100,1285100,1285100.0,1285100,1
ov__op__gpu,constant:backbone.features.12.block.2.fc2.weight_weights_reorder_46,1646500,1646500,1646500.0,1646500,1
ov__op__gpu,constant:backbone.features.12.block.2.fc1.weight_weights_reorder_45,1405700,1405700,1405700.0,1405700,1
ov__op__gpu,constant:backbone.features.11.block.2.fc2.weight_weights_reorder_41,1334400,1334400,1334400.0,1334400,1
ov__op__gpu,constant:backbone.features.11.block.2.fc1.weight_weights_reorder_40,1407500,1407500,1407500.0,1407500,1
ov__op__gpu,constant:aspp.aspp2.1.weight_weights_reorder_64,3418299,3418299,3418299.0,3418299,1
ov__op__gpu,constant:Reshape_99_weights_reorder_0,1791400,1791400,1791400.0,1791400,1
ov__op__gpu,constant:Reshape_949_weights_reorder_30,1520500,1520500,1520500.0,1520500,1
ov__op__gpu,constant:Reshape_850_weights_reorder_27,1465900,1465900,1465900.0,1465900,1
ov__op__gpu,constant:Reshape_708_weights_reorder_22,1964699,1964699,1964699.0,1964699,1
ov__op__gpu,constant:Reshape_569_weights_reorder_17,1414000,1414000,1414000.0,1414000,1
ov__op__gpu,constant:Reshape_46_weights_reorder_1,1898699,1898699,1898699.0,1898699,1
ov__op__gpu,constant:Reshape_431_weights_reorder_12,1635500,1635500,1635500.0,1635500,1
ov__op__gpu,constant:Reshape_337_weights_reorder_9,1345299,1345299,1345299.0,1345299,1
ov__op__gpu,constant:Reshape_244_weights_reorder_6,1494300,1494300,1494300.0,1494300,1
ov__op__gpu,constant:Reshape_2379_weights_reorder_80,1470900,1470900,1470900.0,1470900,1
ov__op__gpu,constant:Reshape_2329_weights_reorder_81,2187101,2187101,2187101.0,2187101,1
ov__op__gpu,constant:Reshape_1827_weights_reorder_59,1496499,1496499,1496499.0,1496499,1
ov__op__gpu,constant:Reshape_1682_weights_reorder_54,1348700,1348700,1348700.0,1348700,1
ov__op__gpu,constant:Reshape_1538_weights_reorder_49,1411800,1411800,1411800.0,1411800,1
ov__op__gpu,constant:Reshape_150_weights_reorder_3,1461300,1461300,1461300.0,1461300,1
ov__op__gpu,constant:Reshape_1393_weights_reorder_44,1781100,1781100,1781100.0,1781100,1
ov__op__gpu,constant:Reshape_1249_weights_reorder_39,1840400,1840400,1840400.0,1840400,1
ov__op__gpu,constant:Reshape_1149_weights_reorder_36,1464300,1464300,1464300.0,1464300,1
ov__op__gpu,constant:Reshape_1049_weights_reorder_33,1531900,1531900,1531900.0,1531900,1
ov__op__gpu,constant:983_weights_reorder_83,1540301,1540301,1540301.0,1540301,1
ov__op__gpu,constant:980_weights_reorder_82,1382300,1382300,1382300.0,1382300,1
ov__op__gpu,constant:977_weights_reorder_78,1828100,1828100,1828100.0,1828100,1
ov__op__gpu,constant:974_weights_reorder_77,1538601,1538601,1538601.0,1538601,1
ov__op__gpu,constant:971_weights_reorder_74,1614300,1614300,1614300.0,1614300,1
ov__op__gpu,constant:968_weights_reorder_71,1689900,1689900,1689900.0,1689900,1
ov__op__gpu,constant:965_weights_reorder_68,2199400,2199400,2199400.0,2199400,1
ov__op__gpu,constant:962_weights_reorder_65,1436899,1436899,1436899.0,1436899,1
ov__op__gpu,constant:959_weights_reorder_63,1563900,1563900,1563900.0,1563900,1
ov__op__gpu,constant:956_weights_reorder_62,1569500,1569500,1569500.0,1569500,1
ov__op__gpu,constant:950_weights_reorder_58,1460701,1460701,1460701.0,1460701,1
ov__op__gpu,constant:947_weights_reorder_57,1726100,1726100,1726100.0,1726100,1
ov__op__gpu,constant:941_weights_reorder_53,1660300,1660300,1660300.0,1660300,1
ov__op__gpu,constant:938_weights_reorder_52,1459200,1459200,1459200.0,1459200,1
ov__op__gpu,constant:932_weights_reorder_48,1586100,1586100,1586100.0,1586100,1
ov__op__gpu,constant:929_weights_reorder_47,1636600,1636600,1636600.0,1636600,1
ov__op__gpu,constant:923_weights_reorder_43,1452500,1452500,1452500.0,1452500,1
ov__op__gpu,constant:920_weights_reorder_42,1940700,1940700,1940700.0,1940700,1
ov__op__gpu,constant:914_weights_reorder_38,1908601,1908601,1908601.0,1908601,1
ov__op__gpu,constant:911_weights_reorder_37,1839200,1839200,1839200.0,1839200,1
ov__op__gpu,constant:905_weights_reorder_35,1589100,1589100,1589100.0,1589100,1
ov__op__gpu,constant:902_weights_reorder_34,1497599,1497599,1497599.0,1497599,1
ov__op__gpu,constant:896_weights_reorder_32,1374301,1374301,1374301.0,1374301,1
ov__op__gpu,constant:893_weights_reorder_31,1654801,1654801,1654801.0,1654801,1
ov__op__gpu,constant:887_weights_reorder_29,1437999,1437999,1437999.0,1437999,1
ov__op__gpu,constant:884_weights_reorder_28,1674300,1674300,1674300.0,1674300,1
ov__op__gpu,constant:878_weights_reorder_26,1997701,1997701,1997701.0,1997701,1
ov__op__gpu,constant:875_weights_reorder_25,1544801,1544801,1544801.0,1544801,1
ov__op__gpu,constant:869_weights_reorder_21,1880900,1880900,1880900.0,1880900,1
ov__op__gpu,constant:866_weights_reorder_20,1481100,1481100,1481100.0,1481100,1
ov__op__gpu,constant:860_weights_reorder_16,1326101,1326101,1326101.0,1326101,1
ov__op__gpu,constant:857_weights_reorder_15,1707800,1707800,1707800.0,1707800,1
ov__op__gpu,constant:851_weights_reorder_11,1838999,1838999,1838999.0,1838999,1
ov__op__gpu,constant:848_weights_reorder_10,1387800,1387800,1387800.0,1387800,1
ov__op__gpu,constant:842_weights_reorder_8,1734300,1734300,1734300.0,1734300,1
ov__op__gpu,constant:839_weights_reorder_7,1361100,1361100,1361100.0,1361100,1
ov__op__gpu,constant:833_weights_reorder_5,1533000,1533000,1533000.0,1533000,1
ov__op__gpu,constant:830_weights_reorder_4,1307500,1307500,1307500.0,1307500,1
ov__op__gpu,constant:824_weights_reorder_2,2063900,2063900,2063900.0,2063900,1
ov__op__gpu,parameter:src,11800,1517500,41762.482142857145,2338699,56
ov__op__gpu,convert:Convert_6386,16800,1622600,48303.5,2704996,56
ov__op__gpu,reducemean:ReduceMean_296,28600,1861800,65732.16071428571,3681001,56
ov__op__gpu,interpolate:Resize_3,3400,1539600,31660.714285714286,1773000,56
ov__op__gpu,interpolate:Resize_3_0_reorder_0,6601,1706800,38242.857142857145,2141600,56
ov__op__gpu,reducemean:ReduceMean_298,8300,1723300,40330.21428571428,2258492,56
ov__op__gpu,concat:Concat_299,18600,1346200,44492.96428571428,2491606,56
ov__op__gpu,concat:Concat_299_0_reorder_1,13599,1530199,42405.267857142855,2374695,56
ov__op__gpu,multiply:Mul_307,8001,1368500,33773.21428571428,1891300,56
ov__op__gpu,multiply:Mul_307_0_reorder_2,6801,1589099,36212.482142857145,2027899,56
ov__op__gpu,avgpool:AveragePool_169,13100,1539400,42039.21428571428,2354196,56
ov__op__gpu,avgpool:AveragePool_169_0_reorder_3,9900,1329500,35037.44642857143,1962097,56
ov__op__gpu,avgpool:AveragePool_170,9001,1364400,34869.66071428572,1952701,56
ov__op__gpu,avgpool:AveragePool_170_0_reorder_4,8500,1710701,40409.07142857143,2262908,56
ov__op__gpu,avgpool:AveragePool_171,9000,1499099,37267.857142857145,2087000,56
ov__op__gpu,avgpool:AveragePool_171_0_reorder_5,8800,1331601,34162.58928571428,1913105,56
ov__op__gpu,concat:Concat_297,9500,1988799,46455.357142857145,2601500,56
ov__op__gpu,parameter:r4i,4199,1237000,27542.910714285714,1542403,56
ov__op__gpu,convert:Convert_6390,8000,1335699,33319.607142857145,1865898,56
ov__op__gpu,convert:Convert_6390_0_reorder_6,9300,2383700,53242.92857142857,2981604,56
ov__op__gpu,parameter:r3i,3201,1317599,27715.803571428572,1552085,56
ov__op__gpu,convert:Convert_6389,7899,1561000,37294.642857142855,2088500,56
ov__op__gpu,convert:Convert_6389_0_reorder_7,10400,1629400,41573.25,2328102,56
ov__op__gpu,parameter:r2i,2599,1894501,37664.30357142857,2109201,56
ov__op__gpu,convert:Convert_6388,7100,1467500,35240.94642857143,1973493,56
ov__op__gpu,convert:Convert_6388_0_reorder_8,9599,1993599,47885.625,2681595,56
ov__op__gpu,parameter:r1i,7499,1595700,38918.03571428572,2179410,56
ov__op__gpu,convert:Convert_6387,6700,1594900,37723.19642857143,2112499,56
ov__op__gpu,convert:Convert_6387_0_reorder_9,9600,1725899,42953.42857142857,2405392,56
ov__op__gpu,convolution:Conv_308,14600,1647501,48089.267857142855,2692999,56
ov__op__gpu,convolution:Conv_301,8200,1502999,36826.67857142857,2062294,56
ov__op__gpu,multiply:Mul_309,7600,1563400,37616.03571428572,2106498,56
ov__op__gpu,multiply:Mul_309_0_reorder_12,8799,1896100,45108.892857142855,2526098,56
ov__op__gpu,multiply:Multiply_10867,7099,1762600,41051.78571428572,2298900,56
ov__op__gpu,convolution:Conv_8/WithoutBiases,20800,1760000,56564.30357142857,3167601,56
ov__op__gpu,hardsigmoid:HardSigmoid_9,6599,1854801,41621.46428571428,2330802,56
ov__op__gpu,multiply:Mul_10,5800,1876500,43191.017857142855,2418697,56
ov__op__gpu,convolution:Conv_11/WithoutBiases,10601,1478800,40814.44642857143,2285609,56
ov__op__gpu,convolution:Conv_13/WithoutBiases,10000,1705600,42541.017857142855,2382297,56
ov__op__gpu,convolution:Conv_15/WithoutBiases,10600,1617499,41319.482142857145,2313891,56
ov__op__gpu,convolution:Conv_17/WithoutBiases,10400,1850000,44926.767857142855,2515899,56
ov__op__gpu,convolution:Conv_19/WithoutBiases,9900,1799800,44092.92857142857,2469204,56
ov__op__gpu,convolution:Conv_20/WithoutBiases,11001,1684100,42996.392857142855,2407798,56
ov__op__gpu,convolution:Conv_22/WithoutBiases,10699,1902900,46646.357142857145,2612196,56
ov__op__gpu,convolution:Conv_24/WithoutBiases,10000,2012201,47919.642857142855,2683500,56
ov__op__gpu,convolution:Conv_26/WithoutBiases,7899,1497700,35760.767857142855,2002603,56
ov__op__gpu,convolution:Conv_28/WithoutBiases,9500,1323100,35051.69642857143,1962895,56
ov__op__gpu,reducemean:GlobalAveragePool_30,11000,1867901,46185.75,2586402,56
ov__op__gpu,convolution:Conv_31/WithoutBiases,10400,1551800,39994.71428571428,2239704,56
ov__op__gpu,convolution:Conv_33/WithoutBiases,10400,1537100,39382.21428571428,2205404,56
ov__op__gpu,multiply:Mul_35,7500,1829200,41623.017857142855,2330889,56
ov__op__gpu,convolution:Conv_36/WithoutBiases,10900,1499700,39725.017857142855,2224601,56
ov__op__gpu,convolution:Conv_37/WithoutBiases,11101,1614101,41917.94642857143,2347405,56
ov__op__gpu,convolution:Conv_39/WithoutBiases,10500,2063800,49362.55357142857,2764303,56
ov__op__gpu,reducemean:GlobalAveragePool_41,7600,1513500,35834.03571428572,2006706,56
ov__op__gpu,convolution:Conv_42/WithoutBiases,11399,1814901,46498.17857142857,2603898,56
ov__op__gpu,convolution:Conv_44/WithoutBiases,10500,1839600,45174.91071428572,2529795,56
ov__op__gpu,multiply:Mul_46,6400,1770801,39857.16071428572,2232001,56
ov__op__gpu,convolution:Conv_47/WithoutBiases,11300,1731400,45253.607142857145,2534202,56
ov__op__gpu,convolution:Conv_49/WithoutBiases,8800,1787201,42600.05357142857,2385603,56
ov__op__gpu,convolution:Conv_51/WithoutBiases,7899,1730300,40269.482142857145,2255091,56
ov__op__gpu,reducemean:GlobalAveragePool_53,6300,1983100,42980.357142857145,2406900,56
ov__op__gpu,convolution:Conv_54/WithoutBiases,8700,1594500,38712.5,2167900,56
ov__op__gpu,convolution:Conv_56/WithoutBiases,8000,1670200,39794.69642857143,2228503,56
ov__op__gpu,multiply:Mul_58,5501,1905100,40925.03571428572,2291802,56
ov__op__gpu,convolution:Conv_59/WithoutBiases,7801,1563099,37383.857142857145,2093496,56
ov__op__gpu,convolution:Conv_61/WithoutBiases,9900,1902099,46267.732142857145,2590993,56
ov__op__gpu,hardsigmoid:HardSigmoid_62,7600,1611200,38139.375,2135805,56
ov__op__gpu,multiply:Mul_63,5800,1570500,35694.53571428572,1998894,56
ov__op__gpu,convolution:Conv_64/WithoutBiases,9401,1657601,41651.75,2332498,56
ov__op__gpu,hardsigmoid:HardSigmoid_65,6499,1519499,35610.91071428572,1994211,56
ov__op__gpu,multiply:Mul_66,6000,1537400,35217.857142857145,1972200,56
ov__op__gpu,convolution:Conv_67/WithoutBiases,10000,1828699,44780.41071428572,2507703,56
ov__op__gpu,convolution:Conv_68/WithoutBiases,9700,1856800,44337.53571428572,2482902,56
ov__op__gpu,hardsigmoid:HardSigmoid_69,6399,1826500,41037.375,2298093,56
ov__op__gpu,multiply:Mul_70,6301,1801300,40239.41071428572,2253407,56
ov__op__gpu,convolution:Conv_71/WithoutBiases,9600,1909700,47312.607142857145,2649506,56
ov__op__gpu,hardsigmoid:HardSigmoid_72,5700,1505200,33667.83928571428,1885399,56
ov__op__gpu,multiply:Mul_73,5401,1700900,36766.03571428572,2058898,56
ov__op__gpu,convolution:Conv_74/WithoutBiases,10400,1745101,44296.41071428572,2480599,56
ov__op__gpu,convolution:Conv_76/WithoutBiases,10900,1885100,46700.19642857143,2615211,56
ov__op__gpu,hardsigmoid:HardSigmoid_77,6000,1293000,30469.589285714286,1706297,56
ov__op__gpu,multiply:Mul_78,6500,1949400,42650.0,2388400,56
ov__op__gpu,convolution:Conv_79/WithoutBiases,10901,1659601,43271.5,2423204,56
ov__op__gpu,hardsigmoid:HardSigmoid_80,4800,1612301,35344.642857142855,1979300,56
ov__op__gpu,multiply:Mul_81,5801,2072401,44205.46428571428,2475506,56
ov__op__gpu,convolution:Conv_82/WithoutBiases,10800,1752800,44035.75,2466002,56
ov__op__gpu,convolution:Conv_84/WithoutBiases,7299,1757700,40012.5,2240700,56
ov__op__gpu,hardsigmoid:HardSigmoid_85,5700,1625799,39091.08928571428,2189101,56
ov__op__gpu,multiply:Mul_86,5199,1536201,33991.07142857143,1903500,56
ov__op__gpu,convolution:Conv_87/WithoutBiases,7799,1633899,39665.982142857145,2221295,56
ov__op__gpu,hardsigmoid:HardSigmoid_88,5299,1473800,34021.357142857145,1905196,56
ov__op__gpu,multiply:Mul_89,5200,1944400,42775.017857142855,2395401,56
ov__op__gpu,convolution:Conv_90/WithoutBiases,8501,1749700,41689.33928571428,2334603,56
ov__op__gpu,convolution:Conv_92/WithoutBiases,10100,2177800,51210.69642857143,2867799,56
ov__op__gpu,hardsigmoid:HardSigmoid_93,6300,1779101,39355.267857142855,2203895,56
ov__op__gpu,multiply:Mul_94,6299,1473499,34091.05357142857,1909099,56
ov__op__gpu,convolution:Conv_95/WithoutBiases,9600,1832400,44276.875,2479505,56
ov__op__gpu,hardsigmoid:HardSigmoid_96,5700,1937600,41537.53571428572,2326102,56
ov__op__gpu,multiply:Mul_97,5301,1582200,34682.16071428572,1942201,56
ov__op__gpu,reducemean:GlobalAveragePool_98,9800,3955400,83089.35714285714,4653004,56
ov__op__gpu,convolution:Conv_99/WithoutBiases,10300,1656799,42096.44642857143,2357401,56
ov__op__gpu,convolution:Conv_101/WithoutBiases,9399,1485001,38196.482142857145,2139003,56
ov__op__gpu,multiply:Mul_103,6000,1836399,40678.5,2277996,56
ov__op__gpu,convolution:Conv_104/WithoutBiases,9801,2101700,50125.17857142857,2807010,56
ov__op__gpu,convolution:Conv_105/WithoutBiases,11199,1908600,47803.53571428572,2676998,56
ov__op__gpu,hardsigmoid:HardSigmoid_106,6400,1522200,35405.375,1982701,56
ov__op__gpu,multiply:Mul_107,5901,2438799,51453.58928571428,2881401,56
ov__op__gpu,convolution:Conv_108/WithoutBiases,10100,1679499,42464.30357142857,2378001,56
ov__op__gpu,hardsigmoid:HardSigmoid_109,5300,1733700,37717.892857142855,2112202,56
ov__op__gpu,multiply:Mul_110,5599,1502100,33830.232142857145,1894493,56
ov__op__gpu,reducemean:GlobalAveragePool_111,8000,1861200,42648.25,2388302,56
ov__op__gpu,convolution:Conv_112/WithoutBiases,11000,1644500,42818.0,2397808,56
ov__op__gpu,convolution:Conv_114/WithoutBiases,11700,1692700,43885.57142857143,2457592,56
ov__op__gpu,multiply:Mul_116,6100,4920100,95940.92857142857,5372692,56
ov__op__gpu,convolution:Conv_117/WithoutBiases,10800,1761900,45619.5,2554692,56
ov__op__gpu,convolution:Conv_119/WithoutBiases,7901,1456399,36375.107142857145,2037006,56
ov__op__gpu,hardsigmoid:HardSigmoid_120,5401,1297200,34171.375,1913597,56
ov__op__gpu,multiply:Mul_121,5200,1700200,36689.267857142855,2054599,56
ov__op__gpu,convolution:Conv_122/WithoutBiases,10000,1669900,41892.82142857143,2345998,56
ov__op__gpu,hardsigmoid:HardSigmoid_123,5400,1617200,35976.82142857143,2014702,56
ov__op__gpu,multiply:Mul_124,5301,1479000,32701.785714285714,1831300,56
ov__op__gpu,reducemean:GlobalAveragePool_125,5601,2241700,47175.05357142857,2641803,56
ov__op__gpu,convolution:Conv_126/WithoutBiases,7900,1576299,37746.21428571428,2113788,56
ov__op__gpu,convolution:Conv_128/WithoutBiases,8000,1992201,45167.78571428572,2529396,56
ov__op__gpu,multiply:Mul_130,5399,1664300,36392.857142857145,2038000,56
ov__op__gpu,convolution:Conv_131/WithoutBiases,10299,1355699,36307.17857142857,2033202,56
ov__op__gpu,convolution:Conv_132/WithoutBiases,10399,1776800,44051.767857142855,2466899,56
ov__op__gpu,hardsigmoid:HardSigmoid_133,5800,1922200,41253.392857142855,2310190,56
ov__op__gpu,multiply:Mul_134,5701,1847201,39925.17857142857,2235810,56
ov__op__gpu,convolution:Conv_135/WithoutBiases,10800,1812099,44600.08928571428,2497605,56
ov__op__gpu,hardsigmoid:HardSigmoid_136,5100,1444100,31878.73214285714,1785209,56
ov__op__gpu,multiply:Mul_137,4900,1337300,30312.553571428572,1697503,56
ov__op__gpu,reducemean:GlobalAveragePool_138,7600,1805000,41160.69642857143,2304999,56
ov__op__gpu,convolution:Conv_139/WithoutBiases,11900,1602500,42391.03571428572,2373898,56
ov__op__gpu,convolution:Conv_141/WithoutBiases,10100,1465399,37896.19642857143,2122187,56
ov__op__gpu,multiply:Mul_143,6101,1501600,34362.42857142857,1924296,56
ov__op__gpu,convolution:Conv_144/WithoutBiases,10600,1905200,46648.16071428572,2612297,56
ov__op__gpu,convolution:Conv_146/WithoutBiases,8401,1790200,41678.607142857145,2334002,56
ov__op__gpu,hardsigmoid:HardSigmoid_147,6099,1605101,38287.46428571428,2144098,56
ov__op__gpu,multiply:Mul_148,5101,1464801,32767.803571428572,1834997,56
ov__op__gpu,convolution:Conv_149/WithoutBiases,7700,1481100,35523.107142857145,1989294,56
ov__op__gpu,hardsigmoid:HardSigmoid_150,5300,1244299,28835.696428571428,1614799,56
ov__op__gpu,multiply:Mul_151,5200,1410501,31241.125,1749503,56
ov__op__gpu,reducemean:GlobalAveragePool_152,6600,1774300,39335.69642857143,2202799,56
ov__op__gpu,convolution:Conv_153/WithoutBiases,7600,1510900,35828.53571428572,2006398,56
ov__op__gpu,convolution:Conv_155/WithoutBiases,7899,2145600,48191.232142857145,2698709,56
ov__op__gpu,multiply:Mul_157,5199,2055800,43766.17857142857,2450906,56
ov__op__gpu,convolution:Conv_158/WithoutBiases,8100,1832400,46237.607142857145,2589306,56
ov__op__gpu,convolution:Conv_160/WithoutBiases,7801,1760600,41975.19642857143,2350611,56
ov__op__gpu,hardsigmoid:HardSigmoid_161,5400,1822700,40853.53571428572,2287798,56
ov__op__gpu,multiply:Mul_162,5600,1472100,34333.82142857143,1922694,56
ov__op__gpu,reducemean:GlobalAveragePool_165,5600,1474500,33260.67857142857,1862598,56
ov__op__gpu,convolution:Conv_166,9200,1567400,39660.66071428572,2220997,56
ov__op__gpu,convolution:Conv_163/WithoutBiases,10600,1664500,43141.17857142857,2415906,56
ov__op__gpu,variadicsplit:Split_172.out1,8000,1592201,38492.75,2155594,56
ov__op__gpu,concat:Concat_175,11901,1773800,46137.46428571428,2583698,56
ov__op__gpu,convolution:Conv_176/WithoutBiases,10801,2031099,49303.67857142857,2761006,56
ov__op__gpu,variadicsplit:Split_178.out1,5500,1924199,41221.28571428572,2308392,56
ov__op__gpu,variadicsplit:Split_178.out1_0_reorder_13,9600,1590200,40019.55357142857,2241095,56
ov__op__gpu,multiply:Multiply_11097,6700,1336600,31982.125,1790999,56
ov__op__gpu,multiply:Multiply_11097_0_reorder_14,7501,1746500,40816.03571428572,2285698,56
ov__op__gpu,variadicsplit:Split_178.out0,5601,2187100,45737.32142857143,2561290,56
ov__op__gpu,variadicsplit:Split_178.out0_0_reorder_15,5800,1641001,36262.57142857143,2030704,56
ov__op__gpu,multiply:Mul_179,6000,1986199,42692.875,2390801,56
ov__op__gpu,multiply:Mul_179_0_reorder_16,6200,1837100,39873.21428571428,2232900,56
ov__op__gpu,concat:Concat_180,7799,1546799,36421.30357142857,2039593,56
ov__op__gpu,convolution:Conv_181/WithoutBiases,9300,1549400,38996.30357142857,2183793,56
ov__op__gpu,tanh:Tanh_182,6200,1832600,40196.5,2251004,56
ov__op__gpu,multiply:Mul_186,6399,1830800,41648.267857142855,2332303,56
ov__op__gpu,result:r4o/sink_port_0,9800,1623901,41307.25,2313206,56
ov__op__gpu,variadicsplit:Split_172.out0,5899,1842201,39923.17857142857,2235698,56
ov__op__gpu,concat:Concat_188,1800,1526700,29816.14285714286,1669704,56
ov__op__gpu,interpolate:Resize_190,5799,1319600,31026.803571428572,1737501,56
ov__op__gpu,concat:Concat_199_1,14800,1868799,51171.357142857145,2865596,56
ov__op__gpu,convolution:Conv_200/WithoutBiases,10500,1701000,42923.142857142855,2403696,56
ov__op__gpu,variadicsplit:Split_202.out1,5799,2184800,46157.16071428572,2584801,56
ov__op__gpu,concat:Concat_205,12200,1629399,43410.732142857145,2431001,56
ov__op__gpu,convolution:Conv_206/WithoutBiases,10900,1465199,39098.16071428572,2189497,56
ov__op__gpu,variadicsplit:Split_208.out1,5500,1507999,33632.03571428572,1883394,56
ov__op__gpu,variadicsplit:Split_208.out1_0_reorder_18,8400,1731600,41060.78571428572,2299404,56
ov__op__gpu,multiply:Multiply_11100,6300,1516800,34766.05357142857,1946899,56
ov__op__gpu,multiply:Multiply_11100_0_reorder_19,7500,2214399,48846.44642857143,2735401,56
ov__op__gpu,variadicsplit:Split_208.out0,5501,1651200,36005.25,2016294,56
ov__op__gpu,variadicsplit:Split_208.out0_0_reorder_20,5900,1599499,35662.53571428572,1997102,56
ov__op__gpu,multiply:Mul_209,5600,1452299,32694.678571428572,1830902,56
ov__op__gpu,multiply:Mul_209_0_reorder_21,6000,1624000,35821.32142857143,2005994,56
ov__op__gpu,concat:Concat_210,6599,1645999,37333.96428571428,2090702,56
ov__op__gpu,convolution:Conv_211/WithoutBiases,10100,1514401,39244.732142857145,2197705,56
ov__op__gpu,tanh:Tanh_212,6099,1651899,36810.69642857143,2061399,56
ov__op__gpu,multiply:Mul_216,5800,1318001,30373.035714285714,1700890,56
ov__op__gpu,result:r3o/sink_port_0,7800,1598600,37907.08928571428,2122797,56
ov__op__gpu,variadicsplit:Split_202.out0,5399,1517000,33485.71428571428,1875200,56
ov__op__gpu,concat:Concat_218,8200,2193700,48337.517857142855,2706901,56
ov__op__gpu,interpolate:Resize_220,5700,1642699,36046.375,2018597,56
ov__op__gpu,concat:Concat_229,14000,1626000,45260.82142857143,2534606,56
ov__op__gpu,convolution:Conv_230/WithoutBiases,10799,1803699,44846.42857142857,2511400,56
ov__op__gpu,variadicsplit:Split_232.out1,5401,1664800,36196.32142857143,2026994,56
ov__op__gpu,concat:Concat_235,9100,1409300,35635.642857142855,1995596,56
ov__op__gpu,convolution:Conv_236/WithoutBiases,9900,2599700,57967.78571428572,3246196,56
ov__op__gpu,variadicsplit:Split_238.out1,5900,1442200,32889.30357142857,1841801,56
ov__op__gpu,variadicsplit:Split_238.out1_0_reorder_23,8200,1376001,34110.767857142855,1910203,56
ov__op__gpu,multiply:Multiply_11103,6801,1360499,32596.553571428572,1825407,56
ov__op__gpu,multiply:Multiply_11103_0_reorder_24,7099,2130100,46909.03571428572,2626906,56
ov__op__gpu,variadicsplit:Split_238.out0,4800,1637800,37594.83928571428,2105311,56
ov__op__gpu,variadicsplit:Split_238.out0_0_reorder_25,5700,2554000,52160.767857142855,2921003,56
ov__op__gpu,multiply:Mul_239,6200,1977500,42657.19642857143,2388803,56
ov__op__gpu,multiply:Mul_239_0_reorder_26,5901,2540499,52630.32142857143,2947298,56
ov__op__gpu,concat:Concat_240,7899,1406600,34464.19642857143,1929995,56
ov__op__gpu,convolution:Conv_241/WithoutBiases,10000,1557300,39869.517857142855,2232693,56
ov__op__gpu,tanh:Tanh_242,5800,1397799,31768.0,1779008,56
ov__op__gpu,multiply:Mul_246,5300,1888600,39759.0,2226504,56
ov__op__gpu,result:r2o/sink_port_0,7600,1839699,42348.21428571428,2371500,56
ov__op__gpu,variadicsplit:Split_232.out0,4700,1509099,32675.01785714286,1829801,56
ov__op__gpu,concat:Concat_248,7799,1444300,34789.21428571428,1948196,56
ov__op__gpu,interpolate:Resize_250,6001,1826399,40551.82142857143,2270902,56
ov__op__gpu,concat:Concat_259,13300,1322700,38678.66071428572,2166005,56
ov__op__gpu,convolution:Conv_260/WithoutBiases,9700,1449100,37339.232142857145,2090997,56
ov__op__gpu,variadicsplit:Split_262.out1,5099,1927599,40580.44642857143,2272505,56
ov__op__gpu,concat:Concat_265,9301,1743600,42469.58928571428,2378297,56
ov__op__gpu,convolution:Conv_266/WithoutBiases,10200,2926301,64266.05357142857,3598899,56
ov__op__gpu,variadicsplit:Split_268.out1,5300,1596799,34840.92857142857,1951092,56
ov__op__gpu,variadicsplit:Split_268.out1_0_reorder_28,7600,1746200,40380.41071428572,2261303,56
ov__op__gpu,multiply:Multiply_11106,6101,2295100,48505.357142857145,2716300,56
ov__op__gpu,multiply:Multiply_11106_0_reorder_29,7200,1715700,40039.25,2242198,56
ov__op__gpu,variadicsplit:Split_268.out0,5600,1371600,31382.071428571428,1757396,56
ov__op__gpu,variadicsplit:Split_268.out0_0_reorder_30,5800,1660099,36187.375,2026493,56
ov__op__gpu,multiply:Mul_269,5200,1523700,33594.625,1881299,56
ov__op__gpu,multiply:Mul_269_0_reorder_31,5600,1697099,36899.91071428572,2066395,56
ov__op__gpu,concat:Concat_270,6700,1724800,38333.857142857145,2146696,56
ov__op__gpu,convolution:Conv_271/WithoutBiases,9300,1685600,41094.57142857143,2301296,56
ov__op__gpu,tanh:Tanh_272,5900,1627700,36478.517857142855,2042797,56
ov__op__gpu,multiply:Mul_276,5700,2505601,51532.19642857143,2885803,56
ov__op__gpu,result:r1o/sink_port_0,7299,1582400,36901.66071428572,2066493,56
ov__op__gpu,variadicsplit:Split_262.out0,5400,1728600,37066.107142857145,2075702,56
ov__op__gpu,concat:Concat_278,1300,1785500,33639.232142857145,1883797,56
ov__op__gpu,interpolate:Resize_280,5000,1533299,36358.96428571428,2036102,56
ov__op__gpu,concat:Concat_289,1801,1529300,29725.035714285714,1664602,56
ov__op__gpu,convolution:Conv_290/WithoutBiases,9901,1518000,39393.0,2206008,56
ov__op__gpu,convolution:Conv_292/WithoutBiases,9300,1628999,40232.16071428572,2253001,56
ov__op__gpu,convolution:Conv_294/WithoutBiases,10201,1654800,41832.07142857143,2342596,56
ov__op__gpu,multiply:Mul_303,5299,1498999,33398.25,1870302,56
ov__op__gpu,multiply:Mul_303_0_reorder_34,7600,1377800,33878.55357142857,1897199,56
ov__op__gpu,convolution:Conv_304,8199,1617500,39467.80357142857,2210197,56
ov__op__gpu,convolution:Conv_302,6700,1399800,32644.553571428572,1828095,56
ov__op__gpu,multiply:Mul_305,5700,1322900,30590.98214285714,1713095,56
ov__op__gpu,multiply:Mul_305_0_reorder_37,6700,1963800,43842.66071428572,2455189,56
ov__op__gpu,concat:Concat_311,12400,1870000,48294.58928571428,2704497,56
ov__op__gpu,convolution:Conv_312/WithoutBiases,10001,2225000,51224.92857142857,2868596,56
ov__op__gpu,convolution:Conv_314/WithoutBiases,9100,1691000,40774.96428571428,2283398,56
ov__op__gpu,convolution:Conv_316/WithoutBiases,7700,1549101,36625.03571428572,2051002,56
ov__op__gpu,convolution:Conv_316/WithoutBiases_0_reorder_38,8201,1605500,38659.017857142855,2164905,56
ov__op__gpu,multiply:Mul_317,6600,1526000,34826.892857142855,1950306,56
ov__op__gpu,interpolate:Resize_332,5500,1376200,31262.375,1750693,56
ov__op__gpu,interpolate:Resize_346,4601,1433700,31248.214285714286,1749900,56
ov__op__gpu,variadicsplit:Split_349.out1,5600,1487099,33337.57142857143,1866904,56
ov__op__gpu,result:pha/sink_port_0,7200,2063000,45362.5,2540300,56
ov__op__gpu,variadicsplit:Split_349.out0,1199,1601699,30221.410714285714,1692399,56
ov__op__gpu,add:Add_350,6000,1491900,33635.66071428572,1883597,56
ov__op__gpu,result:fgr/sink_port_0,6200,1975401,44321.57142857143,2482008,56
Plugin,set_tensor,199,374900,2722.0809443507587,1614194,593
Plugin,get_tensor,100,15200,1683.0055710306406,604199,359
Plugin,get_tensors,99,5100,413.53547297297297,244813,592
ov__phases__gpu__inference,SyncInferenceGPU::wait,894400,4743800,3450242.785714286,193213596,56
ov__phases__gpu__inference,SyncInferenceGPU::infer::onnx_Frontend_IR,5595900,860340100,22123494.785714287,1238915708,56
SnippetsTransform,Snippets::SetTopologicalOrder,100,6899,582.0765625,372529,640
SnippetsTransform,Snippets::EnumerateNodes,1664500,1664500,1664500.0,1664500,1
SnippetsTransform,Snippets::GetSnippetsNodeType,99,54099,615.9453125,394205,640
SnippetsTransform,Snippets::is_supported_op,100,32000,1273.4257907542578,523378,411
SnippetsTransform,Snippets::validate_and_infer_types,6100,443201,15259.74820143885,2121105,139
SnippetsTransform,Snippets::wrap_node_as_subgraph,18900,1828000,88691.17777777778,3991103,45
SnippetsTransform,Snippets::CreateSubgraph_callback,24100,6937399,185004.30434782608,12765297,69
SnippetsTransform,Snippets::GetSnippetsSubgraphType,100,2000,246.39285714285714,6899,28
SnippetsTransform,Snippets::op::Validate,800,13400,1695.7391304347825,78004,46
SnippetsTransform,Snippets::CommonOptimizations,13300,1647100,55310.739130434784,2544294,46
SnippetsTransform,Snippets::Canonicalization,1099,5500,1595.5869565217392,73397,46
SnippetsTransform,Snippets::AnalyzeBroadcastableInputs,299,41401,6156.391304347826,283194,46
SnippetsTransform,Snippets::AlignElementTypes,199,10300,554.2608695652174,25496,46
SnippetsTransform,ov::intel_cpu::pass::BrgemmToBrgemmCPU,3000,43401,4976.217391304348,228906,46
SnippetsTransform,Snippets::op::PropagatePrecision,4900,45900,8067.478260869565,371104,46
SnippetsTransform,Snippets::op::MulAddToFMA_callback,4900,33500,10527.454545454546,115802,11
SnippetsTransform,Snippets::op::data_flow_transformations,96099,18821999,639752.0434782609,29428594,46
SnippetsTransform,Snippets::op::control_flow_transformations_::convert_body_to_linear_ir,12000,770200,36304.260869565216,1669996,46
SnippetsTransform,Snippets::OptimizeDomain,1500,10600,2693.521739130435,123902,46
SnippetsTransform,Snippets::MarkLoops,5399,45500,10730.652173913044,493610,46
SnippetsTransform,Snippets::BrgemmBlocking,199,1701,334.82608695652175,15402,46
SnippetsTransform,Snippets::ParallelizeGatedMlpNLoops,199,2400,308.80434782608694,14205,46
SnippetsTransform,Snippets::ReduceMaxDecompositionLowered,199,2099,376.0652173913044,17299,46
SnippetsTransform,Snippets::FuseLoops,1400,15800,3271.608695652174,150494,46
SnippetsTransform,Snippets::SplitLoops,399,12099,897.9130434782609,41304,46
SnippetsTransform,Snippets::MoveResultOutOfLoop,499,12599,821.6304347826087,37795,46
SnippetsTransform,Snippets::InsertBrgemmCopyBuffers,199,3201,321.7391304347826,14800,46
SnippetsTransform,Snippets::InsertBuffers,1300,17799,2543.4565217391305,116999,46
SnippetsTransform,Snippets::InsertLoadStore,15700,150799,33869.32608695652,1557989,46
SnippetsTransform,Snippets::MoveScalarToConsumer,299,4100,593.4782608695652,27300,46
SnippetsTransform,Snippets::InsertBroadcastMove,900,76200,3210.8695652173915,147700,46
SnippetsTransform,Snippets::LoadMoveBroadcastToBroadcastLoad,200,83501,2247.913043478261,103404,46
SnippetsTransform,Snippets::ExtractLoopInvariants,1000,43600,2821.7608695652175,129801,46
SnippetsTransform,Snippets::ValidateShapes,400,6501,754.304347826087,34698,46
SnippetsTransform,Snippets::ValidateUnifiedLoops,2400,22301,4719.521739130435,217098,46
SnippetsTransform,Snippets::InitLoops,1400,22600,2549.913043478261,117296,46
SnippetsTransform,Snippets::AdjustBrgemmCopyBLoopPorts,200,4099,491.2391304347826,22597,46
SnippetsTransform,Snippets::SetDynamicWAToOuterMostLoop,99,1201,151.96296296296296,4103,27
SnippetsTransform,Snippets::InsertLoops,9100,76601,18069.58695652174,831201,46
SnippetsTransform,Snippets::FuseLoadStoreConvert,299,4001,550.0217391304348,25301,46
SnippetsTransform,Snippets::ComputeBufferAllocationSize,99,3901,253.26666666666668,7598,30
SnippetsTransform,Snippets::MarkInvariantShapePath,2300,32999,3995.5652173913045,183796,46
SnippetsTransform,Snippets::SetBufferRegGroup,1701,21600,3074.021739130435,141405,46
SnippetsTransform,Snippets::DefineBufferClusters,2301,17499,3610.8260869565215,166098,46
SnippetsTransform,Snippets::SolveBufferMemory,99,2300,249.95652173913044,11498,46
SnippetsTransform,Snippets::NormalizeBufferRegisterGroups,99,1700,140.86363636363637,6198,44
SnippetsTransform,Snippets::PropagateBufferOffset,99,2700,228.08,5702,25
SnippetsTransform,Snippets::AllocateBuffers,9401,5638999,135334.89130434784,6225405,46
SnippetsTransform,Snippets::CleanRepeatedDataPointerShifts,1101,13900,2156.608695652174,99204,46
SnippetsTransform,Snippets::ValidateBuffers,299,4700,480.3695652173913,22097,46
SnippetsTransform,Snippets::Validate,2599,38100,4815.260869565217,221502,46
SnippetsTransform,Snippets::op::control_flow_transformations_::control_flow_transformations,67101,28554801,731210.9347826086,33635703,46
SnippetsTransform,Snippets::op::control_flow_transformations_::init_shape_infer_linear_ir,28399,3899299,139517.4347826087,6417802,46
SnippetsTransform,Snippets::InsertSpecificIterations,4499,50600,9432.478260869566,433894,46
SnippetsTransform,Snippets::InitLiveRanges,8400,61401,16184.652173913044,744494,46
SnippetsTransform,Snippets::AssignRegisters::LinearScanOptimized,699,24500,2092.4347826086955,192504,92
SnippetsTransform,Snippets::AssignRegisters,13100,758200,37347.760869565216,1717997,46
SnippetsTransform,Snippets::InsertRegSpills,400,6201,682.6521739130435,31402,46
SnippetsTransform,Snippets::InitRegisters,23199,3550800,115521.78260869565,5314002,46
SnippetsTransform,Snippets::NormalizeLoopIDs,1799,16601,3141.217391304348,144496,46
SnippetsTransform,Snippets::ValidateExpandedLoops,2000,22900,3234.782608695652,148800,46
SnippetsTransform,Snippets::CleanupLoopOffsets,599,9900,1341.4782608695652,61708,46
SnippetsTransform,Snippets::OptimizeLoopSingleEvaluation,500,11700,900.1304347826087,41406,46
SnippetsTransform,Snippets::op::control_flow_transformations_::pre_generation_pipeline,39700,9270800,259934.76086956522,11956999,46
SnippetsTransform,Snippets::op::control_flow_transformations,148100,43164799,1182426.152173913,54391603,46
SnippetsTransform,Snippets::Generator_::InitEmitters,10399,954399,51126.73333333333,1533802,30
SnippetsTransform,Snippets::Generator_::EmitCode,34000,1154999,89876.6,2696298,30
SnippetsTransform,Snippets::Generator_::EmitData,1599,764501,28023.366666666665,840701,30
SnippetsTransform,Snippets::Generator_::GetSnippet,66600,228200,85659.93333333333,2569798,30
SnippetsTransform,Snippets::Generator::generate,116000,4379101,298796.5333333333,8963896,30
SnippetsTransform,Snippets::op::generate,165500,5523500,404910.06666666665,12147302,30
SnippetsTransform,Snippets::op::ConvertConstantsToScalars,3400,28001,8536.636363636364,187806,22
SIMPLE_internal_op,snippets_Result_validate_and_infer_types,99,6200,379.5309168443497,178000,469
SIMPLE_internal_op,Subgraph,6300,44039801,351376.4477124183,107521193,306
SIMPLE_internal_op,snippet_Result_clone_with_new_inputs,1200,521700,6549.3,982395,150
SIMPLE_internal_op,FusedMulAdd,1499,18699,3768.090909090909,82898,22
SIMPLE_internal_op,Store_clone_with_new_inputs,1000,11699,1965.8026315789473,149401,76
SIMPLE_internal_op,Load,800,17400,1617.8511904761904,271799,168
SIMPLE_internal_op,BroadcastLoad,2499,11399,5049.5,20198,4
FACTORY_intel_cpu,REG$NodesFactory$77$CumSum,490601,490601,490601.0,490601,1
FACTORY_intel_cpu,REG$NodesFactory$6$Convolution,2200,2200,2200.0,2200,1
FACTORY_intel_cpu,REG$NodesFactory$38$BinaryConvolution,5300,5300,5300.0,5300,1
FACTORY_intel_cpu,REG$NodesFactory$29$SpaceToBatch,17200,17200,17200.0,17200,1
FACTORY_intel_cpu,REG$NodesFactory$8$Lrn,1800,1800,1800.0,1800,1
FACTORY_intel_cpu,REG$NodesFactory$25$BatchToSpace,2099,2099,2099.0,2099,1
FACTORY_intel_cpu,REG$NodesFactory$26$DepthToSpace,2000,2000,2000.0,2000,1
FACTORY_intel_cpu,REG$NodesFactory$30$SpaceToDepth,2101,2101,2101.0,2101,1
FACTORY_intel_cpu,REG$NodesFactory$31$SparseFillEmptyRows,9600,9600,9600.0,9600,1
FACTORY_intel_cpu,REG$NodesFactory$1$If,2500,2500,2500.0,2500,1
FACTORY_intel_cpu,REG$NodesFactory$53$Broadcast,1700,1700,1700.0,1700,1
FACTORY_intel_cpu,REG$NodesFactory$88$ExperimentalDetectronTopKROIs,2101,2101,2101.0,2101,1
FACTORY_intel_cpu,REG$NodesFactory$2$Reorder,2401,2401,2401.0,2401,1
FACTORY_intel_cpu,REG$NodesFactory$97$MatrixNms,1700,1700,1700.0,1700,1
FACTORY_intel_cpu,REG$NodesFactory$10$AdaptivePooling,2199,2199,2199.0,2199,1
FACTORY_intel_cpu,REG$NodesFactory$9$Pooling,3401,3401,3401.0,3401,1
FACTORY_intel_cpu,REG$NodesFactory$15$Eltwise,2500,2500,2500.0,2500,1
FACTORY_intel_cpu,REG$NodesFactory$12$SoftMax,2499,2499,2499.0,2499,1
FACTORY_intel_cpu,REG$NodesFactory$57$EmbeddingBagPacked,1900,1900,1900.0,1900,1
FACTORY_intel_cpu,REG$NodesFactory$54$EmbeddingBagPacked,1800,1800,1800.0,1800,1
FACTORY_intel_cpu,REG$NodesFactory$3$Input,1900,1900,1900.0,1900,1
FACTORY_intel_cpu,REG$NodesFactory$4$Input,1699,1699,1699.0,1699,1
FACTORY_intel_cpu,REG$NodesFactory$34$MemoryInput,2001,2001,2001.0,2001,1
FACTORY_intel_cpu,REG$NodesFactory$33$MemoryOutput,2101,2101,2101.0,2101,1
FACTORY_intel_cpu,REG$NodesFactory$20$Tile,2400,2400,2400.0,2400,1
FACTORY_intel_cpu,REG$NodesFactory$82$GatherTree,2299,2299,2299.0,2299,1
FACTORY_intel_cpu,REG$NodesFactory$11$FullyConnected,2299,2299,2299.0,2299,1
FACTORY_intel_cpu,REG$NodesFactory$75$CTCGreedyDecoder,1801,1801,1801.0,1801,1
FACTORY_intel_cpu,REG$NodesFactory$28$Transpose,2100,2100,2100.0,2100,1
FACTORY_intel_cpu,REG$NodesFactory$86$ReorgYolo,1999,1999,1999.0,1999,1
FACTORY_intel_cpu,REG$NodesFactory$56$EmbeddingSegmentsSum,2000,2000,2000.0,2000,1
FACTORY_intel_cpu,REG$NodesFactory$18$ShapeOf,1900,1900,1900.0,1900,1
FACTORY_intel_cpu,REG$NodesFactory$91$ExperimentalDetectronGenerateProposalsSingleImage,2100,2100,2100.0,2100,1
FACTORY_intel_cpu,REG$NodesFactory$93$GenerateProposals,3000,3000,3000.0,3000,1
FACTORY_intel_cpu,REG$NodesFactory$87$ReverseSequence,2000,2000,2000.0,2000,1
FACTORY_intel_cpu,REG$NodesFactory$90$ExperimentalDetectronPriorGridGenerator,7501,7501,7501.0,7501,1
FACTORY_intel_cpu,REG$NodesFactory$61$GatherND,3500,3500,3500.0,3500,1
FACTORY_intel_cpu,REG$NodesFactory$80$LogSoftmax,2199,2199,2199.0,2199,1
FACTORY_intel_cpu,REG$NodesFactory$24$PSROIPooling,2100,2100,2100.0,2100,1
FACTORY_intel_cpu,REG$NodesFactory$35$RNN,1799,1799,1799.0,1799,1
FACTORY_intel_cpu,REG$NodesFactory$36$RNN,1701,1701,1701.0,1701,1
FACTORY_intel_cpu,REG$NodesFactory$73$CTCLoss,1900,1900,1900.0,1900,1
FACTORY_intel_cpu,REG$NodesFactory$13$Split,2400,2400,2400.0,2400,1
FACTORY_intel_cpu,REG$NodesFactory$78$DetectionOutput,2001,2001,2001.0,2001,1
FACTORY_intel_cpu,REG$NodesFactory$60$GatherElements,1799,1799,1799.0,1799,1
FACTORY_intel_cpu,REG$NodesFactory$76$CTCGreedyDecoderSeqLen,2500,2500,2500.0,2500,1
FACTORY_intel_cpu,REG$NodesFactory$74$Bucketize,1801,1801,1801.0,1801,1
FACTORY_intel_cpu,REG$NodesFactory$89$ExperimentalDetectronROIFeatureExtractor,2000,2000,2000.0,2000,1
FACTORY_intel_cpu,REG$NodesFactory$72$Math,1699,1699,1699.0,1699,1
FACTORY_intel_cpu,REG$NodesFactory$98$MultiClassNms,1500,1500,1500.0,1500,1
FACTORY_intel_cpu,REG$NodesFactory$41$Convert,2400,2400,2400.0,2400,1
FACTORY_intel_cpu,REG$NodesFactory$43$Col2Im,2199,2199,2199.0,2199,1
FACTORY_intel_cpu,REG$NodesFactory$42$ColorConvert,1999,1999,1999.0,1999,1
FACTORY_intel_cpu,REG$NodesFactory$58$EmbeddingBagOffset,2200,2200,2200.0,2200,1
FACTORY_intel_cpu,REG$NodesFactory$55$EmbeddingBagOffset,1900,1900,1900.0,1900,1
FACTORY_intel_cpu,REG$NodesFactory$65$Roll,1799,1799,1799.0,1799,1
FACTORY_intel_cpu,REG$NodesFactory$27$Pad,2201,2201,2201.0,2201,1
FACTORY_intel_cpu,REG$NodesFactory$17$Reshape,3899,3899,3899.0,3899,1
FACTORY_intel_cpu,REG$NodesFactory$44$MVN,3099,3099,3099.0,3099,1
FACTORY_intel_cpu,REG$NodesFactory$16$MatMul,2400,2400,2400.0,2400,1
FACTORY_intel_cpu,REG$NodesFactory$99$Multinomial,2100,2100,2100.0,2100,1
FACTORY_intel_cpu,REG$NodesFactory$46$ScatterUpdate,1900,1900,1900.0,1900,1
FACTORY_intel_cpu,REG$NodesFactory$47$ScatterUpdate,2900,2900,2900.0,2900,1
FACTORY_intel_cpu,REG$NodesFactory$48$ScatterUpdate,3200,3200,3200.0,3200,1
FACTORY_intel_cpu,REG$NodesFactory$49$StringTensorPack,7899,7899,7899.0,7899,1
FACTORY_intel_cpu,REG$NodesFactory$50$StringTensorUnpack,1701,1701,1701.0,1701,1
FACTORY_intel_cpu,REG$NodesFactory$67$ShuffleChannels,2199,2199,2199.0,2199,1
FACTORY_intel_cpu,REG$NodesFactory$40$TensorIterator,2400,2400,2400.0,2400,1
FACTORY_intel_cpu,REG$NodesFactory$14$Concat,1799,1799,1799.0,1799,1
FACTORY_intel_cpu,REG$NodesFactory$63$OneHot,2700,2700,2700.0,2700,1
FACTORY_intel_cpu,REG$NodesFactory$79$ExperimentalDetectronDetectionOutput,10500,10500,10500.0,10500,1
FACTORY_intel_cpu,REG$NodesFactory$7$Deconvolution,3300,3300,3300.0,3300,1
FACTORY_intel_cpu,REG$NodesFactory$39$DeformableConvolution,1600,1600,1600.0,1600,1
FACTORY_intel_cpu,REG$NodesFactory$84$Range,2000,2000,2000.0,2000,1
FACTORY_intel_cpu,REG$NodesFactory$32$StridedSlice,2500,2500,2500.0,2500,1
FACTORY_intel_cpu,REG$NodesFactory$83$GRN,3599,3599,3599.0,3599,1
FACTORY_intel_cpu,REG$NodesFactory$19$NonZero,3399,3399,3399.0,3399,1
FACTORY_intel_cpu,REG$NodesFactory$45$NormalizeL2,3300,3300,3300.0,3300,1
FACTORY_intel_cpu,REG$NodesFactory$102$PriorBox,2600,2600,2600.0,2600,1
FACTORY_intel_cpu,REG$NodesFactory$103$PriorBoxClustered,2001,2001,2001.0,2001,1
FACTORY_intel_cpu,REG$NodesFactory$5$Eye,1900,1900,1900.0,1900,1
FACTORY_intel_cpu,REG$NodesFactory$106$Unique,1500,1500,1500.0,1500,1
FACTORY_intel_cpu,REG$NodesFactory$107$Ngram,2300,2300,2300.0,2300,1
FACTORY_intel_cpu,REG$NodesFactory$110$RoPE,1600,1600,1600.0,1600,1
FACTORY_intel_cpu,REG$NodesFactory$111$CausalMaskPreprocess,1900,1900,1900.0,1900,1
FACTORY_intel_cpu,REG$NodesFactory$94$Identity,1900,1900,1900.0,1900,1
FACTORY_intel_cpu,REG$NodesFactory$51$Interpolate,2301,2301,2301.0,2301,1
FACTORY_intel_cpu,REG$NodesFactory$95$Inverse,2101,2101,2101.0,2101,1
FACTORY_intel_cpu,REG$NodesFactory$105$RandomUniform,1799,1799,1799.0,1799,1
FACTORY_intel_cpu,REG$NodesFactory$52$Reduce,1800,1800,1800.0,1800,1
FACTORY_intel_cpu,REG$NodesFactory$59$Gather,2201,2201,2201.0,2201,1
FACTORY_intel_cpu,REG$NodesFactory$96$NonMaxSuppression,1800,1800,1800.0,1800,1
FACTORY_intel_cpu,REG$NodesFactory$23$ROIPooling,1800,1800,1800.0,1800,1
FACTORY_intel_cpu,REG$NodesFactory$21$ROIAlign,2200,2200,2200.0,2200,1
FACTORY_intel_cpu,REG$NodesFactory$22$ROIAlignRotated,2199,2199,2199.0,2199,1
FACTORY_intel_cpu,REG$NodesFactory$81$TopK,3501,3501,3501.0,3501,1
FACTORY_intel_cpu,REG$NodesFactory$85$Proposal,4200,4200,4200.0,4200,1
FACTORY_intel_cpu,REG$NodesFactory$64$RegionYolo,3000,3000,3000.0,3000,1
FACTORY_intel_cpu,REG$NodesFactory$68$DFT,2500,2500,2500.0,2500,1
FACTORY_intel_cpu,REG$NodesFactory$69$RDFT,2101,2101,2101.0,2101,1
FACTORY_intel_cpu,REG$NodesFactory$70$STFT,2099,2099,2099.0,2099,1
FACTORY_intel_cpu,REG$NodesFactory$71$ISTFT,3100,3100,3100.0,3100,1
FACTORY_intel_cpu,REG$NodesFactory$92$ExtractImagePatches,1900,1900,1900.0,1900,1
FACTORY_intel_cpu,REG$NodesFactory$100$Subgraph,2799,2799,2799.0,2799,1
FACTORY_intel_cpu,REG$NodesFactory$101$Composite,1901,1901,1901.0,1901,1
FACTORY_intel_cpu,REG$NodesFactory$108$ScaledDotProductAttention,2000,2000,2000.0,2000,1
FACTORY_intel_cpu,REG$NodesFactory$115$SearchSorted,2100,2100,2100.0,2100,1
FACTORY_intel_cpu,REG$NodesFactory$116$SegmentMax,1801,1801,1801.0,1801,1
FACTORY_intel_cpu,REG$NodesFactory$117$LoRA,1900,1900,1900.0,1900,1
FACTORY_intel_cpu,REG$NodesFactory$118$GatherMatmul,1800,1800,1800.0,1800,1
FACTORY_intel_cpu,REG$NodesFactory$37$FakeQuantize,2001,2001,2001.0,2001,1
FACTORY_intel_cpu,REG$NodesFactory$62$GridSample,2000,2000,2000.0,2000,1
FACTORY_intel_cpu,REG$NodesFactory$104$Interaction,12300,12300,12300.0,12300,1
FACTORY_intel_cpu,REG$NodesFactory$112$LLMMLP,3400,3400,3400.0,3400,1
FACTORY_intel_cpu,REG$NodesFactory$113$QKVProjection,2700,2700,2700.0,2700,1
FACTORY_intel_cpu,REG$NodesFactory$109$PagedAttention,1799,1799,1799.0,1799,1
FACTORY_intel_cpu,REG$NodesFactory$114$RMSNorm,1900,1900,1900.0,1900,1
FACTORY_intel_cpu,CREATE$NodesFactory$3,3099,268485299,1103773.7799227799,285877409,259
FACTORY_intel_cpu,CREATE$NodesFactory$51,5800,6390499,921428.5714285715,6450000,7
FACTORY_intel_cpu,CREATE$NodesFactory$100,79000,10217800,421395.73913043475,19384204,46
FACTORY_intel_cpu,CREATE$NodesFactory$6,3200,6112201,81481.18823529412,6925901,85
FACTORY_intel_cpu,CREATE$NodesFactory$15,2600,5901200,52984.359375,6781998,128
FACTORY_intel_cpu,CREATE$NodesFactory$72,4499,8223600,301067.85714285716,8429900,28
FACTORY_intel_cpu,CREATE$NodesFactory$52,7901,7019700,648836.3636363636,7137200,11
FACTORY_intel_cpu,CREATE$NodesFactory$13,5000,4992600,562177.7777777778,5059600,9
FACTORY_intel_cpu,CREATE$NodesFactory$14,3599,5693400,306457.6842105263,5822696,19
FACTORY_intel_cpu,CREATE$NodesFactory$9,6700,6335401,2124633.3333333335,6373900,3
tbb,tbb_parallel_for,1599,4233200,84159.53550829015,13496748869,160371
ov__intel_cpu__lt,Graph::Replicate_ov::Model,485178700,485178700,485178700.0,485178700,1
ov__intel_cpu__lt,Graph::SortTopologically,100700,360401,174057.57142857142,1218403,7
ov__intel_cpu__lt,Graph::InitNodes,14501,14501,14501.0,14501,1
ov__intel_cpu__lt,ApplyCommonGraphOptimizations_FuseConvolutionAndZeroPoints,2678001,2678001,2678001.0,2678001,1
ov__intel_cpu__lt,ApplyCommonGraphOptimizations_FuseConvMatmulFCDeconvAndDQScales,932501,932501,932501.0,932501,1
ov__intel_cpu__lt,ApplyCommonGraphOptimizations_FuseConvolutionAndBias,4629401,4629401,4629401.0,4629401,1
ov__intel_cpu__lt,ApplyCommonGraphOptimizations_FuseMultiplyAndAdd,750500,750500,750500.0,750500,1
ov__intel_cpu__lt,ApplyCommonGraphOptimizations_MergeConvertAndEltwise,1584800,1584800,1584800.0,1584800,1
ov__intel_cpu__lt,ApplyCommonGraphOptimizations_FuseFCAndConvertOnWeights,684000,684000,684000.0,684000,1
ov__intel_cpu__lt,ApplyCommonGraphOptimizations_FuseFCAndTransposeOnWeights,677801,677801,677801.0,677801,1
ov__intel_cpu__lt,ApplyCommonGraphOptimizations_FuseDeconvolutionAndSimpleOperation,1215200,1215200,1215200.0,1215200,1
ov__intel_cpu__lt,ApplyCommonGraphOptimizations_FuseClampAndFakeQuantize,1023200,1023200,1023200.0,1023200,1
ov__intel_cpu__lt,ApplyCommonGraphOptimizations_FusePerformedAsScaleShiftAndFakeQuantize,1253100,1253100,1253100.0,1253100,1
ov__intel_cpu__lt,ApplyCommonGraphOptimizations_FuseConvolutionAndSimpleOperationThroughMaxPool,1984300,1984300,1984300.0,1984300,1
ov__intel_cpu__lt,ApplyCommonGraphOptimizations_FuseConvolutionAndSimpleOperation,937900,2020400,1479150.0,2958300,2
ov__intel_cpu__lt,ApplyCommonGraphOptimizations_RemoveDroppedEdges,66499,1158400,746133.0,2238399,3
ov__intel_cpu__lt,ApplyCommonGraphOptimizations_FusePoolingAndFakeQuantize,22900,22900,22900.0,22900,1
ov__intel_cpu__lt,ApplyCommonGraphOptimizations_FuseConvolutionAndDWConvolution,2827000,2827000,2827000.0,2827000,1
ov__intel_cpu__lt,ApplyCommonGraphOptimizations_FuseConvolutionSumAndConvolutionSumActivation,413700,413700,413700.0,413700,1
ov__intel_cpu__lt,ApplyCommonGraphOptimizations_FuseFullyConnectedAndSimpleOperation,829501,829501,829501.0,829501,1
ov__intel_cpu__lt,ApplyCommonGraphOptimizations_FuseMatMulAndSimpleOperation,723500,723500,723500.0,723500,1
ov__intel_cpu__lt,ApplyCommonGraphOptimizations_FuseMVNAndSimpleOperation,812999,812999,812999.0,812999,1
ov__intel_cpu__lt,ApplyCommonGraphOptimizations_FuseInterpolateAndSimpleOperation,1346200,1346200,1346200.0,1346200,1
ov__intel_cpu__lt,ApplyCommonGraphOptimizations_FuseNormalizeL2AndSimpleOperation,836600,836600,836600.0,836600,1
ov__intel_cpu__lt,ApplyCommonGraphOptimizations_FuseReduceAndSimpleOperation,1540900,1540900,1540900.0,1540900,1
ov__intel_cpu__lt,ApplyCommonGraphOptimizations_FuseGatherAndConvert,725399,725399,725399.0,725399,1
ov__intel_cpu__lt,ApplyCommonGraphOptimizations_FuseEltwiseAndSimple,637400,637400,637400.0,637400,1
ov__intel_cpu__lt,ApplyCommonGraphOptimizations_MergeEltwiseAndConvert,608200,608200,608200.0,608200,1
ov__intel_cpu__lt,ApplyCommonGraphOptimizations_reshapeRnnSeq,679400,679400,679400.0,679400,1
ov__intel_cpu__lt,ApplyCommonGraphOptimizations_RemoveSameConvert,629999,629999,629999.0,629999,1
ov__intel_cpu__lt,ApplyCommonGraphOptimizations_RemoveMemoryInputConvert,604101,604101,604101.0,604101,1
ov__intel_cpu__lt,ApplyCommonGraphOptimizations_RemoveConvertMemoryOutput,713800,713800,713800.0,713800,1
ov__intel_cpu__lt,ApplyCommonGraphOptimizations_MatchSdpaKvCache,998799,998799,998799.0,998799,1
ov__intel_cpu__lt,ApplyCommonGraphOptimizations_DropRedundantMemoryOutput,38700,38700,38700.0,38700,1
ov__intel_cpu__lt,InitDescriptors_Prepare,1600,1600,1600.0,1600,1
ov__intel_cpu__lt,Node::getSupportedDescriptors,99,900,167.96875,21500,128
ov__intel_cpu__lt,Node::initSupportedPrimitiveDescriptors,699,43200,2568.5438596491226,439221,171
ov__intel_cpu__lt,Node::filterSupportedPrimitiveDescriptors,99,1299,185.96124031007753,23989,129
ov__intel_cpu__lt,Input::getSupportedDescriptors,99,5000,205.53030303030303,40695,198
ov__intel_cpu__lt,Input::initSupportedPrimitiveDescriptors,599,45701,1193.88416988417,309216,259
ov__intel_cpu__lt,Input::filterSupportedPrimitiveDescriptors,99,5700,207.1734693877551,40606,196
ov__intel_cpu__lt,Interpolate::getSupportedDescriptors,200,2799,785.4285714285714,5498,7
ov__intel_cpu__lt,Interpolate::initSupportedPrimitiveDescriptors,7101,48400,20671.571428571428,144701,7
ov__intel_cpu__lt,Interpolate::filterSupportedPrimitiveDescriptors,99,400,166.83333333333334,1001,6
ov__intel_cpu__lt,Reduce::getSupportedDescriptors,100,1300,509.0,5599,11
ov__intel_cpu__lt,Reduce::initSupportedPrimitiveDescriptors,5200,12599,6727.181818181818,73999,11
ov__intel_cpu__lt,Concatenation::getSupportedDescriptors,199,2499,526.2105263157895,9998,19
ov__intel_cpu__lt,Concatenation::initSupportedPrimitiveDescriptors,3700,13100,7442.210526315789,141402,19
ov__intel_cpu__lt,Concatenation::filterSupportedPrimitiveDescriptors,99,301,199.73333333333332,2996,15
ov__intel_cpu__lt,Subgraph::getSupportedDescriptors,99,400,170.21621621621622,6298,37
ov__intel_cpu__lt,Subgraph::initSupportedPrimitiveDescriptors,3100,31701,6134.826086956522,282202,46
ov__intel_cpu__lt,Subgraph::filterSupportedPrimitiveDescriptors,99,500,163.26315789473685,6204,38
ov__intel_cpu__lt,Convolution::getSupportedDescriptors,99,600,160.60655737704917,9797,61
ov__intel_cpu__lt,Convolution::initSupportedPrimitiveDescriptors,8100,74300,17045.882352941175,1448900,85
ov__intel_cpu__lt,Math::getSupportedDescriptors,99,301,173.57894736842104,3298,19
ov__intel_cpu__lt,Math::initSupportedPrimitiveDescriptors,2400,9901,3150.1428571428573,88204,28
ov__intel_cpu__lt,Math::filterSupportedPrimitiveDescriptors,99,1600,219.26923076923077,5701,26
ov__intel_cpu__lt,Convolution::filterSupportedPrimitiveDescriptors,99,399,165.75,10608,64
ov__intel_cpu__lt,Reduce::filterSupportedPrimitiveDescriptors,99,400,166.55555555555554,1499,9
ov__intel_cpu__lt,Split::getSupportedDescriptors,100,400,214.42857142857142,1501,7
ov__intel_cpu__lt,Split::initSupportedPrimitiveDescriptors,8300,27099,13777.555555555555,123998,9
ov__intel_cpu__lt,Split::filterSupportedPrimitiveDescriptors,99,400,224.5,1796,8
ov__intel_cpu__lt,Pooling::getSupportedDescriptors,85400,27504300,9241066.666666666,27723200,3
ov__intel_cpu__lt,Pooling::initSupportedPrimitiveDescriptors,16200,52100,29600.0,88800,3
ov__intel_cpu__lt,Pooling::filterSupportedPrimitiveDescriptors,300,500,400.0,1200,3
ov__intel_cpu__lt,Node::selectOptimalPrimitiveDescriptor,99,2499,787.7309941520468,134702,171
ov__intel_cpu__lt,Input::selectOptimalPrimitiveDescriptor,99,1900,318.8957528957529,82594,259
ov__intel_cpu__lt,Interpolate::selectOptimalPrimitiveDescriptor,1500,5200,2456.8571428571427,17198,7
ov__intel_cpu__lt,Reduce::selectOptimalPrimitiveDescriptor,1000,3800,2200.3636363636365,24204,11
ov__intel_cpu__lt,Concatenation::selectOptimalPrimitiveDescriptor,701,7800,1973.8947368421052,37504,19
ov__intel_cpu__lt,Subgraph::selectOptimalPrimitiveDescriptor,1000,11600,3208.5652173913045,147594,46
ov__intel_cpu__lt,Convolution::selectOptimalPrimitiveDescriptor,101,35800,885.8823529411765,75300,85
ov__intel_cpu__lt,Math::selectOptimalPrimitiveDescriptor,1199,2201,1717.892857142857,48101,28
ov__intel_cpu__lt,Split::selectOptimalPrimitiveDescriptor,1400,10200,3766.777777777778,33901,9
ov__intel_cpu__lt,Pooling::selectOptimalPrimitiveDescriptor,4201,5500,4967.0,14901,3
ov__intel_cpu__lt,Node::initOptimalPrimitiveDescriptor,600,13201,1887.157894736842,322704,171
ov__intel_cpu__lt,Input::initOptimalPrimitiveDescriptor,699,8299,1246.7567567567567,322910,259
ov__intel_cpu__lt,Interpolate::initOptimalPrimitiveDescriptor,3100,6899,4300.0,30100,7
ov__intel_cpu__lt,Reduce::initOptimalPrimitiveDescriptor,2600,3799,3090.818181818182,33999,11
ov__intel_cpu__lt,Concatenation::initOptimalPrimitiveDescriptor,500,5301,3631.4736842105262,68998,19
ov__intel_cpu__lt,Subgraph::initOptimalPrimitiveDescriptor,1900,4900,3076.108695652174,141501,46
ov__intel_cpu__lt,Convolution::initOptimalPrimitiveDescriptor,2400,13501,3623.576470588235,308004,85
ov__intel_cpu__lt,Math::initOptimalPrimitiveDescriptor,2600,4000,3146.714285714286,88108,28
ov__intel_cpu__lt,Split::initOptimalPrimitiveDescriptor,3901,7401,5200.222222222223,46802,9
ov__intel_cpu__lt,Pooling::initOptimalPrimitiveDescriptor,19001,71700,37766.666666666664,113300,3
ov__intel_cpu__lt,Graph::ResolveEdgeConflicts,1276901,1276901,1276901.0,1276901,1
ov__intel_cpu__lt,Graph::ResolveComplexInplaceConflicts,149100,216300,182700.0,365400,2
ov__intel_cpu__lt,GraphOptimizer::ApplyImplSpecificGraphOptimizations,885300,885300,885300.0,885300,1
ov__intel_cpu__lt,Graph::ProcessDynNodes,4000,4000,4000.0,4000,1
ov__intel_cpu__lt,Graph::ExtractExecutableNodesAndSyncPoints,304399,304399,304399.0,304399,1
ov__intel_cpu__lt,Node::createPrimitive,199,144722900,605555.0971659919,149572109,247
ov__intel_cpu__lt,Input::createPrimitive,100,7800,730.9073359073359,189305,259
ov__intel_cpu__lt,Interpolate::createPrimitive,8299,1024500,206514.0,1445598,7
ov__intel_cpu__lt,Reduce::createPrimitive,77700,327100,150090.81818181818,1650999,11
ov__intel_cpu__lt,Concatenation::createPrimitive,700,1799,1331.3684210526317,25296,19
ov__intel_cpu__lt,Subgraph::createPrimitive,418300,70610900,2233865.304347826,102757804,46
ov__intel_cpu__lt,Convolution::createPrimitive,43600,119822201,2159313.0235294118,183541607,85
ov__intel_cpu__lt,Math::createPrimitive,1101,2800,1628.607142857143,45601,28
ov__intel_cpu__lt,Split::createPrimitive,3699,11900,6322.111111111111,56899,9
ov__intel_cpu__lt,Pooling::createPrimitive,111200,1054900,467900.3333333333,1403701,3
ov__intel_cpu__lt,Graph::CreatePrimitivesAndExecConstants,440954001,440954001,440954001.0,440954001,1
SIMPLE_intel_cpu,FuseConvolutionAndZeroPoints_ConvNode,400,399201,5510.588235294118,468400,85
SIMPLE_intel_cpu,FuseConvolutionMatMulDeconvAndBias_ChildNode,12001,263599,23715.0125,1897201,80
SIMPLE_intel_cpu,FuseConvolutionMatMulDeconvAndBias_ParentNode,200,1001300,32636.072289156626,2708794,83
SIMPLE_intel_cpu,MergeConvertAndEltwise,99,6200,204.43174603174603,128792,630
SIMPLE_intel_cpu,FuseConvolutionAndSimpleOperationThroughMaxPool_ParentNode,100,5899,494.56363636363636,27201,55
SIMPLE_intel_cpu,FuseConvolutionAndSimpleOperation_ParentNode,99,76000,2504.7619047619046,315600,126
SIMPLE_intel_cpu,FuseConvolutionAndDWConvolution_ChildConv,400,5600,3000.0,6000,2
SIMPLE_intel_cpu,FuseConvolutionAndDWConvolution_ParentConv,400,1093100,73566.73333333334,1103501,15
SIMPLE_intel_cpu,FuseInterpolateAndSimpleOperation_ParentNode,801,16500,3816.5,22899,6
SIMPLE_intel_cpu,FuseReduceAndSimpleOperation_ParentNode,200,10500,1327.1818181818182,14599,11
SIMPLE_intel_cpu,MergeTransposeAndReorder_ParentNode,99,6999,275.4347826086956,19005,69
FACTORY_DNNL,"REG$CPUEngine$struct dnnl::impl::cpu::x64::jit_uni_pooling_fwd_t<30577,1>::pd_t$jit_uni_pooling_fwd_t_avx512_core_fp16_f16",398801,398801,398801.0,398801,1
FACTORY_DNNL,"REG$CPUEngine$struct dnnl::impl::cpu::x64::jit_uni_pooling_fwd_t<30577,9>::pd_t$jit_uni_pooling_fwd_t_avx512_core_fp16_f8_e5m2",1200,1200,1200.0,1200,1
FACTORY_DNNL,"REG$CPUEngine$struct dnnl::impl::cpu::x64::jit_uni_pooling_fwd_t<30577,10>::pd_t$jit_uni_pooling_fwd_t_avx512_core_fp16_f8_e4m3",2400,2400,2400.0,2400,1
FACTORY_DNNL,"REG$CPUEngine$struct dnnl::impl::cpu::x64::jit_uni_pooling_fwd_t<880,2>::pd_t$jit_uni_pooling_fwd_t_avx512_core_bf16",1499,1499,1499.0,1499,1
FACTORY_DNNL,"REG$CPUEngine$struct dnnl::impl::cpu::x64::jit_uni_pooling_fwd_t<880,3>::pd_t$jit_uni_pooling_fwd_t_avx512_core_f32",1500,1500,1500.0,1500,1
FACTORY_DNNL,"REG$CPUEngine$struct dnnl::impl::cpu::x64::jit_uni_pooling_fwd_t<3632,2>::pd_t$jit_uni_pooling_fwd_t_avx2_vnni_2_bf16",1099,1099,1099.0,1099,1
FACTORY_DNNL,"REG$CPUEngine$struct dnnl::impl::cpu::x64::jit_uni_pooling_fwd_t<3632,1>::pd_t$jit_uni_pooling_fwd_t_avx2_vnni_2_f16",1299,1299,1299.0,1299,1
FACTORY_DNNL,"REG$CPUEngine$struct dnnl::impl::cpu::x64::jit_uni_pooling_fwd_t<560,3>::pd_t$jit_uni_pooling_fwd_t_avx2_f32",2500,2500,2500.0,2500,1
FACTORY_DNNL,"REG$CPUEngine$struct dnnl::impl::cpu::x64::jit_uni_pooling_fwd_t<48,3>::pd_t$jit_uni_pooling_fwd_t_avx_f32",1000,1000,1000.0,1000,1
FACTORY_DNNL,"REG$CPUEngine$struct dnnl::impl::cpu::x64::jit_uni_pooling_fwd_t<16,3>::pd_t$jit_uni_pooling_fwd_t_sse41_f32",1000,1000,1000.0,1000,1
FACTORY_DNNL,REG$CPUEngine$struct dnnl::impl::cpu::nchw_pooling_fwd_t<2>::pd_t$nchw_pooling_fwd_t_bf16,1100,1100,1100.0,1100,1
FACTORY_DNNL,REG$CPUEngine$struct dnnl::impl::cpu::nchw_pooling_fwd_t<3>::pd_t$nchw_pooling_fwd_t_f32,900,900,900.0,900,1
FACTORY_DNNL,REG$CPUEngine$struct dnnl::impl::cpu::nchw_pooling_fwd_t<1>::pd_t$nchw_pooling_fwd_t_f16,1200,1200,1200.0,1200,1
FACTORY_DNNL,REG$CPUEngine$struct dnnl::impl::cpu::nchw_pooling_fwd_t<9>::pd_t$nchw_pooling_fwd_t_f8_e5m2,1101,1101,1101.0,1101,1
FACTORY_DNNL,REG$CPUEngine$struct dnnl::impl::cpu::nchw_pooling_fwd_t<10>::pd_t$nchw_pooling_fwd_t_f8_e4m3,1300,1300,1300.0,1300,1
FACTORY_DNNL,REG$CPUEngine$struct dnnl::impl::cpu::nhwc_pooling_fwd_t<2>::pd_t$nhwc_pooling_fwd_t_bf16,1200,1200,1200.0,1200,1
FACTORY_DNNL,REG$CPUEngine$struct dnnl::impl::cpu::nhwc_pooling_fwd_t<3>::pd_t$nhwc_pooling_fwd_t_f32,1201,1201,1201.0,1201,1
FACTORY_DNNL,REG$CPUEngine$struct dnnl::impl::cpu::nhwc_pooling_fwd_t<1>::pd_t$nhwc_pooling_fwd_t_f16,1199,1199,1199.0,1199,1
FACTORY_DNNL,REG$CPUEngine$struct dnnl::impl::cpu::nhwc_pooling_fwd_t<9>::pd_t$nhwc_pooling_fwd_t_f8_e5m2,1100,1100,1100.0,1100,1
FACTORY_DNNL,REG$CPUEngine$struct dnnl::impl::cpu::nhwc_pooling_fwd_t<10>::pd_t$nhwc_pooling_fwd_t_f8_e4m3,1000,1000,1000.0,1000,1
FACTORY_DNNL,"REG$CPUEngine$struct dnnl::impl::cpu::ref_pooling_fwd_t<3,3,3>::pd_t$ref_pooling_fwd_t_f32_f32_f32",699,699,699.0,699,1
FACTORY_DNNL,"REG$CPUEngine$struct dnnl::impl::cpu::ref_pooling_fwd_t<2,2,3>::pd_t$ref_pooling_fwd_t_bf16_bf16_f32",1100,1100,1100.0,1100,1
FACTORY_DNNL,"REG$CPUEngine$struct dnnl::impl::cpu::ref_pooling_fwd_t<1,1,3>::pd_t$ref_pooling_fwd_t_f16_f16_f32",1301,1301,1301.0,1301,1
FACTORY_DNNL,"REG$CPUEngine$struct dnnl::impl::cpu::ref_pooling_fwd_t<9,9,3>::pd_t$ref_pooling_fwd_t_f8_e5m2_f8_e5m2_f32",2301,2301,2301.0,2301,1
FACTORY_DNNL,"REG$CPUEngine$struct dnnl::impl::cpu::ref_pooling_fwd_t<10,10,3>::pd_t$ref_pooling_fwd_t_f8_e4m3_f8_e4m3_f32",1600,1600,1600.0,1600,1
FACTORY_DNNL,REG$CPUEngine$struct dnnl::impl::cpu::x64::jit_uni_i8i8_pooling_fwd_t<880>::pd_t$jit_uni_i8i8_pooling_fwd_t_avx512_core,1500,1500,1500.0,1500,1
FACTORY_DNNL,REG$CPUEngine$struct dnnl::impl::cpu::x64::jit_uni_i8i8_pooling_fwd_t<560>::pd_t$jit_uni_i8i8_pooling_fwd_t_avx2,1799,1799,1799.0,1799,1
FACTORY_DNNL,REG$CPUEngine$struct dnnl::impl::cpu::x64::jit_uni_i8i8_pooling_fwd_t<16>::pd_t$jit_uni_i8i8_pooling_fwd_t_sse41,1301,1301,1301.0,1301,1
FACTORY_DNNL,"REG$CPUEngine$struct dnnl::impl::cpu::ref_pooling_fwd_t<4,4,4>::pd_t$ref_pooling_fwd_t_s32_s32_s32",1000,1000,1000.0,1000,1
FACTORY_DNNL,"REG$CPUEngine$struct dnnl::impl::cpu::ref_pooling_fwd_t<5,5,4>::pd_t$ref_pooling_fwd_t_s8_s8_s32",1000,1000,1000.0,1000,1
FACTORY_DNNL,"REG$CPUEngine$struct dnnl::impl::cpu::ref_pooling_fwd_t<5,3,3>::pd_t$ref_pooling_fwd_t_s8_f32_f32",1500,1500,1500.0,1500,1
FACTORY_DNNL,"REG$CPUEngine$struct dnnl::impl::cpu::ref_pooling_fwd_t<6,6,4>::pd_t$ref_pooling_fwd_t_u8_u8_s32",900,900,900.0,900,1
FACTORY_DNNL,"REG$CPUEngine$struct dnnl::impl::cpu::ref_pooling_fwd_t<6,3,3>::pd_t$ref_pooling_fwd_t_u8_f32_f32",899,899,899.0,899,1
FACTORY_DNNL,"REG$CPUEngine$struct dnnl::impl::cpu::simple_reorder_t<3,1,14,1,1,struct dnnl::impl::cpu::spec::reference>::pd_t$simple_reorder_t_f32_any_f4_e2m1_any_fmt_order::any_spec::reference",2301,2301,2301.0,2301,1
FACTORY_DNNL,"REG$CPUEngine$struct dnnl::impl::cpu::simple_reorder_t<14,1,3,1,1,struct dnnl::impl::cpu::spec::reference>::pd_t$simple_reorder_t_f4_e2m1_any_f32_any_fmt_order::any_spec::reference",2700,2700,2700.0,2700,1
FACTORY_DNNL,"REG$CPUEngine$struct dnnl::impl::cpu::simple_reorder_t<14,1,14,722,1,void>::pd_t$simple_reorder_t_f4_e2m1_any_f4_e2m1_OI8i8o2i_fmt_order_keep",1000,1000,1000.0,1000,1
FACTORY_DNNL,"REG$CPUEngine$struct dnnl::impl::cpu::simple_reorder_t<14,1,14,243,1,void>::pd_t$simple_reorder_t_f4_e2m1_any_f4_e2m1_OI8i16o2i_fmt_order_keep",1001,1001,1001.0,1001,1
FACTORY_DNNL,"REG$CPUEngine$struct dnnl::impl::cpu::simple_reorder_t<14,1,14,718,1,void>::pd_t$simple_reorder_t_f4_e2m1_any_f4_e2m1_OI8i24o2i_fmt_order_keep",1000,1000,1000.0,1000,1
FACTORY_DNNL,"REG$CPUEngine$struct dnnl::impl::cpu::simple_reorder_t<14,1,14,244,1,void>::pd_t$simple_reorder_t_f4_e2m1_any_f4_e2m1_OI8i32o2i_fmt_order_keep",1400,1400,1400.0,1400,1
FACTORY_DNNL,"REG$CPUEngine$struct dnnl::impl::cpu::simple_reorder_t<14,1,14,245,1,void>::pd_t$simple_reorder_t_f4_e2m1_any_f4_e2m1_OI8i64o2i_fmt_order_keep",1200,1200,1200.0,1200,1
FACTORY_DNNL,"REG$CPUEngine$struct dnnl::impl::cpu::simple_reorder_t<14,1,14,348,1,void>::pd_t$simple_reorder_t_f4_e2m1_any_f4_e2m1_OI16i16o2i_fmt_order_keep",1201,1201,1201.0,1201,1
FACTORY_DNNL,"REG$CPUEngine$struct dnnl::impl::cpu::simple_reorder_t<14,1,14,349,1,void>::pd_t$simple_reorder_t_f4_e2m1_any_f4_e2m1_OI16i32o2i_fmt_order_keep",1100,1100,1100.0,1100,1
FACTORY_DNNL,"REG$CPUEngine$struct dnnl::impl::cpu::simple_reorder_t<14,1,14,350,1,void>::pd_t$simple_reorder_t_f4_e2m1_any_f4_e2m1_OI16i48o2i_fmt_order_keep",1100,1100,1100.0,1100,1
FACTORY_DNNL,"REG$CPUEngine$struct dnnl::impl::cpu::simple_reorder_t<14,1,14,351,1,void>::pd_t$simple_reorder_t_f4_e2m1_any_f4_e2m1_OI16i64o2i_fmt_order_keep",1100,1100,1100.0,1100,1
FACTORY_DNNL,"REG$CPUEngine$struct dnnl::impl::cpu::simple_reorder_t<3,1,15,1,1,struct dnnl::impl::cpu::spec::reference>::pd_t$simple_reorder_t_f32_any_f4_e3m0_any_fmt_order::any_spec::reference",900,900,900.0,900,1
FACTORY_DNNL,"REG$CPUEngine$struct dnnl::impl::cpu::simple_reorder_t<15,1,3,1,1,struct dnnl::impl::cpu::spec::reference>::pd_t$simple_reorder_t_f4_e3m0_any_f32_any_fmt_order::any_spec::reference",1501,1501,1501.0,1501,1
FACTORY_DNNL,"REG$CPUEngine$struct dnnl::impl::cpu::simple_reorder_t<3,1,13,1,1,struct dnnl::impl::cpu::spec::reference>::pd_t$simple_reorder_t_f32_any_e8m0_any_fmt_order::any_spec::reference",1201,1201,1201.0,1201,1
FACTORY_DNNL,REG$CPUEngine$struct dnnl::impl::cpu::x64::jit_uni_reorder_direct_copy_t::pd_t$x64::jit_uni_reorder_direct_copy_t,100,1201,220.2,2202,10
FACTORY_DNNL,REG$CPUEngine$struct dnnl::impl::cpu::x64::jit_blk_reorder_t::pd_t$x64::jit_blk_reorder_t,100,1400,533.3333333333334,1600,3
FACTORY_DNNL,REG$CPUEngine$struct dnnl::impl::cpu::x64::jit_uni_reorder_t::pd_t$x64::jit_uni_reorder_t,99,1700,899.5,1799,2
FACTORY_DNNL,"REG$CPUEngine$struct dnnl::impl::cpu::simple_reorder_t<3,1,9,1,1,struct dnnl::impl::cpu::spec::reference>::pd_t$simple_reorder_t_f32_any_f8_e5m2_any_fmt_order::any_spec::reference",2100,2100,2100.0,2100,1
FACTORY_DNNL,"REG$CPUEngine$struct dnnl::impl::cpu::simple_reorder_t<3,1,10,1,1,struct dnnl::impl::cpu::spec::reference>::pd_t$simple_reorder_t_f32_any_f8_e4m3_any_fmt_order::any_spec::reference",11200,11200,11200.0,11200,1
FACTORY_DNNL,"REG$CPUEngine$struct dnnl::impl::cpu::rnn_weights_reorder_t<3,2>::pd_t$rnn_weights_reorder_t_f32_bf16",901,901,901.0,901,1
FACTORY_DNNL,REG$CPUEngine$struct dnnl::impl::cpu::x64::jit_blk_reorder_t::pd_t$x64_jit_blk_reorder_t,99,1000,175.0,2100,12
FACTORY_DNNL,REG$CPUEngine$struct dnnl::impl::cpu::x64::jit_uni_reorder_t::pd_t$x64_jit_uni_reorder_t,99,900,188.77777777777777,1699,9
FACTORY_DNNL,"REG$CPUEngine$struct dnnl::impl::cpu::simple_reorder_t<3,1,2,1,1,struct dnnl::impl::cpu::spec::reference>::pd_t$simple_reorder_t_f32_any_bf16_any_fmt_order_any_spec_reference",1400,1400,1400.0,1400,1
FACTORY_DNNL,"REG$CPUEngine$struct dnnl::impl::cpu::simple_reorder_t<3,1,1,1,1,struct dnnl::impl::cpu::spec::reference>::pd_t$simple_reorder_t_f32_any_f16_any_fmt_order::any_spec::reference",1599,1599,1599.0,1599,1
FACTORY_DNNL,REG$CPUEngine$struct dnnl::impl::cpu::x64::brgemm_matmul_copy_reorder_t::pd_t$x64_brgemm_matmul_copy_reorder_t,99,2300,375.25,3002,8
FACTORY_DNNL,REG$CPUEngine$struct dnnl::impl::cpu::x64::jit_uni_reorder_direct_copy_t::pd_t$x64_jit_uni_reorder_direct_copy_t,99,2000,574.75,2299,4
FACTORY_DNNL,"REG$CPUEngine$struct dnnl::impl::cpu::simple_reorder_t<3,1,3,1,1,struct dnnl::impl::cpu::spec::reference>::pd_t$simple_reorder_t_f32_any_f32_any_fmt_order_any_spec::reference",1600,1600,1600.0,1600,1
FACTORY_DNNL,"REG$CPUEngine$struct dnnl::impl::cpu::simple_reorder_t<3,1,3,1,1,struct dnnl::impl::cpu::spec::reference>::pd_t$simple_reorder_t_f32_any_f32_any_fmt_order_any_spec_reference",99,1600,475.25,1901,4
FACTORY_DNNL,"REG$CPUEngine$struct dnnl::impl::cpu::rnn_weights_reorder_t<3,3>::pd_t$rnn_weights_reorder_t_f32_f32",900,900,900.0,900,1
FACTORY_DNNL,"REG$CPUEngine$struct dnnl::impl::cpu::simple_reorder_t<3,1,4,1,1,struct dnnl::impl::cpu::spec::reference>::pd_t$simple_reorder_t_f32_any_s32_any_fmt_order_any_spec_reference",1100,1100,1100.0,1100,1
FACTORY_DNNL,"REG$CPUEngine$struct dnnl::impl::cpu::rnn_data_reorder_t<3,5>::pd_t$rnn_data_reorder_t_f32_s8",899,899,899.0,899,1
FACTORY_DNNL,REG$CPUEngine$struct dnnl::impl::cpu::rnn_weights_reorder_s8_t<3>::pd_t$rnn_weights_reorder_s8_t_f32,1099,1099,1099.0,1099,1
FACTORY_DNNL,"REG$CPUEngine$struct dnnl::impl::cpu::rnn_brgemm_weights_reorder_s8_t<3,5>::pd_t$rnn_brgemm_weights_reorder_s8_t_f32_s8",1699,1699,1699.0,1699,1
FACTORY_DNNL,"REG$CPUEngine$struct dnnl::impl::cpu::simple_reorder_t<3,1,5,1,1,struct dnnl::impl::cpu::spec::reference>::pd_t$simple_reorder_t_f32_any_s8_any_fmt_order_any_spec_reference",1301,1301,1301.0,1301,1
FACTORY_DNNL,"REG$CPUEngine$struct dnnl::impl::cpu::simple_sparse_reorder_v0_t<3,3,5,347,1,struct dnnl::impl::cpu::sparse_spec::reference>::pd_t$simple_sparse_reorder_v0_t_f32_format_tag::oi_s8_OI16i64o4i_sparse_inputs_order::keep_sparse_spec::reference",1199,1199,1199.0,1199,1
FACTORY_DNNL,"REG$CPUEngine$struct dnnl::impl::cpu::simple_sparse_reorder_v0_t<3,14,5,347,1,struct dnnl::impl::cpu::sparse_spec::reference>::pd_t$simple_sparse_reorder_v0_t_f32_format_tag::io_s8_OI16i64o4i_sparse_inputs_order::keep_sparse_spec::reference",1099,1099,1099.0,1099,1
FACTORY_DNNL,"REG$CPUEngine$struct dnnl::impl::cpu::simple_sparse_reorder_t<3,enum dnnl_format_tag_t,1,5,enum dnnl_format_tag_t,1,void>::pd_t$simple_sparse_reorder_t_f32_impl::format_tag_t_any_s8_impl::format_tag_t_any",1199,1199,1199.0,1199,1
FACTORY_DNNL,"REG$CPUEngine$struct dnnl::impl::cpu::rnn_data_reorder_t<3,6>::pd_t$rnn_data_reorder_t_f32_u8",900,900,900.0,900,1
FACTORY_DNNL,"REG$CPUEngine$struct dnnl::impl::cpu::simple_reorder_t<3,1,6,1,1,struct dnnl::impl::cpu::spec::reference>::pd_t$simple_reorder_t_f32_any_u8_any_fmt_order_any_spec_reference",1100,1100,1100.0,1100,1
FACTORY_DNNL,"REG$CPUEngine$struct dnnl::impl::cpu::simple_reorder_t<9,1,9,1,1,struct dnnl::impl::cpu::spec::reference>::pd_t$simple_reorder_t_f8_e5m2_any_f8_e5m2_any_fmt_order::any_spec::reference",1000,1000,1000.0,1000,1
FACTORY_DNNL,"REG$CPUEngine$struct dnnl::impl::cpu::simple_reorder_t<9,1,1,1,1,struct dnnl::impl::cpu::spec::reference>::pd_t$simple_reorder_t_f8_e5m2_any_f16_any_fmt_order::any_spec::reference",1300,1300,1300.0,1300,1
FACTORY_DNNL,"REG$CPUEngine$struct dnnl::impl::cpu::simple_reorder_t<9,1,2,1,1,struct dnnl::impl::cpu::spec::reference>::pd_t$simple_reorder_t_f8_e5m2_any_bf16_any_fmt_order::any_spec::reference",1700,1700,1700.0,1700,1
FACTORY_DNNL,"REG$CPUEngine$struct dnnl::impl::cpu::simple_reorder_t<9,1,3,1,1,struct dnnl::impl::cpu::spec::reference>::pd_t$simple_reorder_t_f8_e5m2_any_f32_any_fmt_order::any_spec::reference",1799,1799,1799.0,1799,1
FACTORY_DNNL,"REG$CPUEngine$struct dnnl::impl::cpu::simple_reorder_t<10,1,10,1,1,struct dnnl::impl::cpu::spec::reference>::pd_t$simple_reorder_t_f8_e4m3_any_f8_e4m3_any_fmt_order::any_spec::reference",2501,2501,2501.0,2501,1
FACTORY_DNNL,"REG$CPUEngine$struct dnnl::impl::cpu::simple_reorder_t<10,1,1,1,1,struct dnnl::impl::cpu::spec::reference>::pd_t$simple_reorder_t_f8_e4m3_any_f16_any_fmt_order::any_spec::reference",1301,1301,1301.0,1301,1
FACTORY_DNNL,"REG$CPUEngine$struct dnnl::impl::cpu::simple_reorder_t<10,1,2,1,1,struct dnnl::impl::cpu::spec::reference>::pd_t$simple_reorder_t_f8_e4m3_any_bf16_any_fmt_order::any_spec::reference",1000,1000,1000.0,1000,1
FACTORY_DNNL,"REG$CPUEngine$struct dnnl::impl::cpu::simple_reorder_t<10,1,3,1,1,struct dnnl::impl::cpu::spec::reference>::pd_t$simple_reorder_t_f8_e4m3_any_f32_any_fmt_order::any_spec::reference",1200,1200,1200.0,1200,1
FACTORY_DNNL,"REG$CPUEngine$struct dnnl::impl::cpu::simple_reorder_t<13,1,13,1,1,struct dnnl::impl::cpu::spec::reference>::pd_t$simple_reorder_t_e8m0_any_e8m0_any_fmt_order::any_spec::reference",900,900,900.0,900,1
FACTORY_DNNL,"REG$CPUEngine$struct dnnl::impl::cpu::simple_reorder_t<3,5,17,22,1,void>::pd_t$simple_reorder_t_f32_nchw_bin_nhwc_fmt_order_keep",1301,1301,1301.0,1301,1
FACTORY_DNNL,"REG$CPUEngine$struct dnnl::impl::cpu::simple_reorder_t<3,5,17,22,0,void>::pd_t$simple_reorder_t_f32_nchw_bin_nhwc_fmt_order_reverse",1101,1101,1101.0,1101,1
FACTORY_DNNL,"REG$CPUEngine$struct dnnl::impl::cpu::simple_reorder_t<3,22,17,22,1,void>::pd_t$simple_reorder_t_f32_nhwc_bin_nhwc_fmt_order_keep",1100,1100,1100.0,1100,1
FACTORY_DNNL,"REG$CPUEngine$struct dnnl::impl::cpu::simple_reorder_t<3,22,17,22,0,void>::pd_t$simple_reorder_t_f32_nhwc_bin_nhwc_fmt_order_reverse",1000,1000,1000.0,1000,1
FACTORY_DNNL,"REG$CPUEngine$struct dnnl::impl::cpu::rnn_weights_reorder_t<2,2>::pd_t$rnn_weights_reorder_t_bf16_bf16",1000,1000,1000.0,1000,1
FACTORY_DNNL,"REG$CPUEngine$struct dnnl::impl::cpu::simple_reorder_t<2,1,2,1,1,struct dnnl::impl::cpu::spec::reference>::pd_t$simple_reorder_t_bf16_any_bf16_any_fmt_order_any_spec_reference",2000,2000,2000.0,2000,1
FACTORY_DNNL,"REG$CPUEngine$struct dnnl::impl::cpu::simple_reorder_t<2,1,3,1,1,struct dnnl::impl::cpu::spec::reference>::pd_t$simple_reorder_t_bf16_any_f32_any_fmt_order_any_spec_reference",3900,3900,3900.0,3900,1
FACTORY_DNNL,"REG$CPUEngine$struct dnnl::impl::cpu::simple_reorder_t<2,1,5,1,1,struct dnnl::impl::cpu::spec::reference>::pd_t$simple_reorder_t_bf16_any_s8_any_fmt_order_any_spec_reference",1100,1100,1100.0,1100,1
FACTORY_DNNL,"REG$CPUEngine$struct dnnl::impl::cpu::simple_reorder_t<2,1,6,1,1,struct dnnl::impl::cpu::spec::reference>::pd_t$simple_reorder_t_bf16_any_u8_any_fmt_order_any_spec_reference",1000,1000,1000.0,1000,1
FACTORY_DNNL,"REG$CPUEngine$struct dnnl::impl::cpu::simple_reorder_t<2,1,9,1,1,struct dnnl::impl::cpu::spec::reference>::pd_t$simple_reorder_t_bf16_any_f8_e5m2_any_fmt_order_any_spec_reference",1201,1201,1201.0,1201,1
FACTORY_DNNL,"REG$CPUEngine$struct dnnl::impl::cpu::simple_reorder_t<2,1,10,1,1,struct dnnl::impl::cpu::spec::reference>::pd_t$simple_reorder_t_bf16_any_f8_e4m3_any_fmt_order_any_spec_reference",1900,1900,1900.0,1900,1
FACTORY_DNNL,"REG$CPUEngine$struct dnnl::impl::cpu::simple_reorder_t<1,1,9,1,1,struct dnnl::impl::cpu::spec::reference>::pd_t$simple_reorder_t_f16_any_f8_e5m2_any_fmt_order_any_spec_reference",1400,1400,1400.0,1400,1
FACTORY_DNNL,"REG$CPUEngine$struct dnnl::impl::cpu::simple_reorder_t<1,1,10,1,1,struct dnnl::impl::cpu::spec::reference>::pd_t$simple_reorder_t_f16_any_f8_e4m3_any_fmt_order_any_spec_reference",1900,1900,1900.0,1900,1
FACTORY_DNNL,"REG$CPUEngine$struct dnnl::impl::cpu::simple_reorder_t<1,1,1,1,1,struct dnnl::impl::cpu::spec::reference>::pd_t$simple_reorder_t_f16_any_f16_any_fmt_order_any_spec_reference",1200,1200,1200.0,1200,1
FACTORY_DNNL,"REG$CPUEngine$struct dnnl::impl::cpu::simple_reorder_t<1,1,3,1,1,struct dnnl::impl::cpu::spec::reference>::pd_t$simple_reorder_t_f16_any_f32_any_fmt_order_any_spec_reference",14300,14300,14300.0,14300,1
FACTORY_DNNL,"REG$CPUEngine$struct dnnl::impl::cpu::simple_reorder_t<1,1,5,1,1,struct dnnl::impl::cpu::spec::reference>::pd_t$simple_reorder_t_f16_any_s8_any_fmt_order_any_spec_reference",3699,3699,3699.0,3699,1
FACTORY_DNNL,"REG$CPUEngine$struct dnnl::impl::cpu::simple_reorder_t<1,1,6,1,1,struct dnnl::impl::cpu::spec::reference>::pd_t$simple_reorder_t_f16_any_u8_any_fmt_order_any_spec_reference",3400,3400,3400.0,3400,1
FACTORY_DNNL,"REG$CPUEngine$struct dnnl::impl::cpu::simple_reorder_t<4,1,3,1,1,struct dnnl::impl::cpu::spec::reference>::pd_t$simple_reorder_t_s32_any_f32_any_fmt_order_any_spec_reference",1799,1799,1799.0,1799,1
FACTORY_DNNL,"REG$CPUEngine$struct dnnl::impl::cpu::simple_reorder_t<4,1,4,1,1,struct dnnl::impl::cpu::spec::reference>::pd_t$simple_reorder_t_s32_any_s32_any_fmt_order_any_spec_reference",1400,1400,1400.0,1400,1
FACTORY_DNNL,"REG$CPUEngine$struct dnnl::impl::cpu::simple_reorder_t<4,1,5,1,1,struct dnnl::impl::cpu::spec::reference>::pd_t$simple_reorder_t_s32_any_s8_any_fmt_order_any_spec_reference",900,900,900.0,900,1
FACTORY_DNNL,"REG$CPUEngine$struct dnnl::impl::cpu::simple_reorder_t<4,1,6,1,1,struct dnnl::impl::cpu::spec::reference>::pd_t$simple_reorder_t_s32_any_u8_any_fmt_order_any_spec_reference",1099,1099,1099.0,1099,1
FACTORY_DNNL,REG$CPUEngine$struct dnnl::impl::cpu::rnn_weights_reorder_s8_t<5>::pd_t$rnn_weights_reorder_s8_t_s8,901,901,901.0,901,1
FACTORY_DNNL,"REG$CPUEngine$struct dnnl::impl::cpu::rnn_brgemm_weights_reorder_s8_t<5,5>::pd_t$rnn_brgemm_weights_reorder_s8_t_s8_s8",1000,1000,1000.0,1000,1
FACTORY_DNNL,"REG$CPUEngine$struct dnnl::impl::cpu::simple_reorder_t<5,1,3,1,1,struct dnnl::impl::cpu::spec::reference>::pd_t$simple_reorder_t_s8_any_f32_any_fmt_order_any_spec_reference",1400,1400,1400.0,1400,1
FACTORY_DNNL,"REG$CPUEngine$struct dnnl::impl::cpu::simple_reorder_t<5,1,4,1,1,struct dnnl::impl::cpu::spec::reference>::pd_t$simple_reorder_t_s8_any_s32_any_fmt_order_any_spec_reference",1299,1299,1299.0,1299,1
FACTORY_DNNL,"REG$CPUEngine$struct dnnl::impl::cpu::simple_reorder_t<5,1,2,1,1,struct dnnl::impl::cpu::spec::reference>::pd_t$simple_reorder_t_s8_any_bf16_any_fmt_order_any_spec_reference",1501,1501,1501.0,1501,1
FACTORY_DNNL,"REG$CPUEngine$struct dnnl::impl::cpu::simple_reorder_t<5,1,1,1,1,struct dnnl::impl::cpu::spec::reference>::pd_t$simple_reorder_t_s8_any_f16_any_fmt_order_any_spec_reference",1400,1400,1400.0,1400,1
FACTORY_DNNL,"REG$CPUEngine$struct dnnl::impl::cpu::simple_reorder_t<5,1,5,1,1,struct dnnl::impl::cpu::spec::reference>::pd_t$simple_reorder_t_s8_any_s8_any_fmt_order_any_spec_reference",1099,1099,1099.0,1099,1
FACTORY_DNNL,"REG$CPUEngine$struct dnnl::impl::cpu::simple_reorder_t<5,1,6,1,1,struct dnnl::impl::cpu::spec::reference>::pd_t$simple_reorder_t_s8_any_u8_any_fmt_order_any_spec_reference",1199,1199,1199.0,1199,1
FACTORY_DNNL,"REG$CPUEngine$struct dnnl::impl::cpu::simple_sparse_reorder_v0_t<5,3,5,347,1,struct dnnl::impl::cpu::sparse_spec::reference>::pd_t$simple_sparse_reorder_v0_t_s8_format_tag::oi_s8_OI16i64o4i_sparse_inputs_order::keep_sparse_spec::reference",1599,1599,1599.0,1599,1
FACTORY_DNNL,"REG$CPUEngine$struct dnnl::impl::cpu::simple_sparse_reorder_v0_t<5,14,5,347,1,struct dnnl::impl::cpu::sparse_spec::reference>::pd_t$simple_sparse_reorder_v0_t_s8_format_tag::io_s8_OI16i64o4i_sparse_inputs_order::keep_sparse_spec::reference",1599,1599,1599.0,1599,1
FACTORY_DNNL,"REG$CPUEngine$struct dnnl::impl::cpu::simple_sparse_reorder_t<5,enum dnnl_format_tag_t,1,5,enum dnnl_format_tag_t,1,void>::pd_t$simple_sparse_reorder_t_s8_impl::format_tag_t_any_s8_impl::format_tag_t_any",1400,1400,1400.0,1400,1
FACTORY_DNNL,"REG$CPUEngine$struct dnnl::impl::cpu::simple_reorder_t<6,1,3,1,1,struct dnnl::impl::cpu::spec::reference>::pd_t$simple_reorder_t_u8_any_f32_any_fmt_order_any_spec_reference",1000,1000,1000.0,1000,1
FACTORY_DNNL,"REG$CPUEngine$struct dnnl::impl::cpu::simple_reorder_t<6,1,4,1,1,struct dnnl::impl::cpu::spec::reference>::pd_t$simple_reorder_t_u8_any_s32_any_fmt_order_any_spec_reference",1100,1100,1100.0,1100,1
FACTORY_DNNL,"REG$CPUEngine$struct dnnl::impl::cpu::simple_reorder_t<6,1,2,1,1,struct dnnl::impl::cpu::spec::reference>::pd_t$simple_reorder_t_u8_any_bf16_any_fmt_order_any_spec_reference",1000,1000,1000.0,1000,1
FACTORY_DNNL,"REG$CPUEngine$struct dnnl::impl::cpu::simple_reorder_t<6,1,6,1,1,struct dnnl::impl::cpu::spec::reference>::pd_t$simple_reorder_t_u8_any_u8_any_fmt_order_any_spec_reference",1099,1099,1099.0,1099,1
FACTORY_DNNL,"REG$CPUEngine$struct dnnl::impl::cpu::simple_reorder_t<6,1,5,1,1,struct dnnl::impl::cpu::spec::reference>::pd_t$simple_reorder_t_u8_any_s8_any_fmt_order_any_spec_reference",1200,1200,1200.0,1200,1
FACTORY_DNNL,"REG$CPUEngine$struct dnnl::impl::cpu::simple_reorder_t<3,1,11,1,1,struct dnnl::impl::cpu::spec::reference>::pd_t$simple_reorder_t_f32_any_s4_any_fmt_order::any_spec::reference",1000,1000,1000.0,1000,1
FACTORY_DNNL,"REG$CPUEngine$struct dnnl::impl::cpu::simple_reorder_t<11,1,11,722,1,void>::pd_t$simple_reorder_t_s4_any_s4_OI8i8o2i_fmt_order_keep",1000,1000,1000.0,1000,1
FACTORY_DNNL,"REG$CPUEngine$struct dnnl::impl::cpu::simple_reorder_t<11,1,11,243,1,void>::pd_t$simple_reorder_t_s4_any_s4_OI8i16o2i_fmt_order_keep",1300,1300,1300.0,1300,1
FACTORY_DNNL,"REG$CPUEngine$struct dnnl::impl::cpu::simple_reorder_t<11,1,11,718,1,void>::pd_t$simple_reorder_t_s4_any_s4_OI8i24o2i_fmt_order_keep",1000,1000,1000.0,1000,1
FACTORY_DNNL,"REG$CPUEngine$struct dnnl::impl::cpu::simple_reorder_t<11,1,11,244,1,void>::pd_t$simple_reorder_t_s4_any_s4_OI8i32o2i_fmt_order_keep",1200,1200,1200.0,1200,1
FACTORY_DNNL,"REG$CPUEngine$struct dnnl::impl::cpu::simple_reorder_t<11,1,11,245,1,void>::pd_t$simple_reorder_t_s4_any_s4_OI8i64o2i_fmt_order_keep",1300,1300,1300.0,1300,1
FACTORY_DNNL,"REG$CPUEngine$struct dnnl::impl::cpu::simple_reorder_t<11,1,11,348,1,void>::pd_t$simple_reorder_t_s4_any_s4_OI16i16o2i_fmt_order_keep",1400,1400,1400.0,1400,1
FACTORY_DNNL,"REG$CPUEngine$struct dnnl::impl::cpu::simple_reorder_t<11,1,11,349,1,void>::pd_t$simple_reorder_t_s4_any_s4_OI16i32o2i_fmt_order_keep",1301,1301,1301.0,1301,1
FACTORY_DNNL,"REG$CPUEngine$struct dnnl::impl::cpu::simple_reorder_t<11,1,11,350,1,void>::pd_t$simple_reorder_t_s4_any_s4_OI16i48o2i_fmt_order_keep",1100,1100,1100.0,1100,1
FACTORY_DNNL,"REG$CPUEngine$struct dnnl::impl::cpu::simple_reorder_t<11,1,11,351,1,void>::pd_t$simple_reorder_t_s4_any_s4_OI16i64o2i_fmt_order_keep",1199,1199,1199.0,1199,1
FACTORY_DNNL,"REG$CPUEngine$struct dnnl::impl::cpu::simple_reorder_t<11,1,11,528,1,void>::pd_t$simple_reorder_t_s4_any_s4_aBC8c8b2c_fmt_order_keep",1300,1300,1300.0,1300,1
FACTORY_DNNL,"REG$CPUEngine$struct dnnl::impl::cpu::simple_reorder_t<11,1,11,529,1,void>::pd_t$simple_reorder_t_s4_any_s4_aBC8c16b2c_fmt_order_keep",1200,1200,1200.0,1200,1
FACTORY_DNNL,"REG$CPUEngine$struct dnnl::impl::cpu::simple_reorder_t<11,1,11,530,1,void>::pd_t$simple_reorder_t_s4_any_s4_aBC8c24b2c_fmt_order_keep",1300,1300,1300.0,1300,1
FACTORY_DNNL,"REG$CPUEngine$struct dnnl::impl::cpu::simple_reorder_t<11,1,11,531,1,void>::pd_t$simple_reorder_t_s4_any_s4_aBC8c32b2c_fmt_order_keep",1100,1100,1100.0,1100,1
FACTORY_DNNL,"REG$CPUEngine$struct dnnl::impl::cpu::simple_reorder_t<11,1,11,532,1,void>::pd_t$simple_reorder_t_s4_any_s4_aBC8c64b2c_fmt_order_keep",1799,1799,1799.0,1799,1
FACTORY_DNNL,"REG$CPUEngine$struct dnnl::impl::cpu::simple_reorder_t<11,1,11,533,1,void>::pd_t$simple_reorder_t_s4_any_s4_aBC16c16b2c_fmt_order_keep",1800,1800,1800.0,1800,1
FACTORY_DNNL,"REG$CPUEngine$struct dnnl::impl::cpu::simple_reorder_t<11,1,11,534,1,void>::pd_t$simple_reorder_t_s4_any_s4_aBC16c32b2c_fmt_order_keep",1699,1699,1699.0,1699,1
FACTORY_DNNL,"REG$CPUEngine$struct dnnl::impl::cpu::simple_reorder_t<11,1,11,535,1,void>::pd_t$simple_reorder_t_s4_any_s4_aBC16c48b2c_fmt_order_keep",1000,1000,1000.0,1000,1
FACTORY_DNNL,"REG$CPUEngine$struct dnnl::impl::cpu::simple_reorder_t<11,1,11,536,1,void>::pd_t$simple_reorder_t_s4_any_s4_aBC16c64b2c_fmt_order_keep",900,900,900.0,900,1
FACTORY_DNNL,"REG$CPUEngine$struct dnnl::impl::cpu::simple_reorder_t<11,1,11,537,1,void>::pd_t$simple_reorder_t_s4_any_s4_aBC16c16b4c_fmt_order_keep",1401,1401,1401.0,1401,1
FACTORY_DNNL,"REG$CPUEngine$struct dnnl::impl::cpu::simple_reorder_t<11,1,11,538,1,void>::pd_t$simple_reorder_t_s4_any_s4_aBC16c32b4c_fmt_order_keep",1099,1099,1099.0,1099,1
FACTORY_DNNL,"REG$CPUEngine$struct dnnl::impl::cpu::simple_reorder_t<11,1,11,539,1,void>::pd_t$simple_reorder_t_s4_any_s4_aBC16c48b4c_fmt_order_keep",1000,1000,1000.0,1000,1
FACTORY_DNNL,"REG$CPUEngine$struct dnnl::impl::cpu::simple_reorder_t<11,1,11,540,1,void>::pd_t$simple_reorder_t_s4_any_s4_aBC16c64b4c_fmt_order_keep",1500,1500,1500.0,1500,1
FACTORY_DNNL,"REG$CPUEngine$struct dnnl::impl::cpu::simple_reorder_t<11,1,6,1,1,struct dnnl::impl::cpu::spec::reference>::pd_t$simple_reorder_t_s4_any_u8_any_fmt_order_keep_spec::reference",1300,1300,1300.0,1300,1
FACTORY_DNNL,"REG$CPUEngine$struct dnnl::impl::cpu::simple_reorder_t<11,1,3,1,1,struct dnnl::impl::cpu::spec::reference>::pd_t$simple_reorder_t_s4_any_f32_any_fmt_order_keep_spec::reference",1000,1000,1000.0,1000,1
FACTORY_DNNL,"REG$CPUEngine$struct dnnl::impl::cpu::simple_reorder_t<11,1,3,1,1,struct dnnl::impl::cpu::spec::reference>::pd_t$simple_reorder_t_s4_any_f32_any_fmt_order::any_spec::reference",101,1200,650.5,1301,2
FACTORY_DNNL,"REG$CPUEngine$struct dnnl::impl::cpu::simple_reorder_t<11,1,2,1,1,struct dnnl::impl::cpu::spec::reference>::pd_t$simple_reorder_t_s4_any_bf16_any_fmt_order::any_spec::reference",1000,1000,1000.0,1000,1
FACTORY_DNNL,"REG$CPUEngine$struct dnnl::impl::cpu::simple_reorder_t<11,1,1,1,1,struct dnnl::impl::cpu::spec::reference>::pd_t$simple_reorder_t_s4_any_f16_any_fmt_order::any_spec::reference",1700,1700,1700.0,1700,1
FACTORY_DNNL,"REG$CPUEngine$struct dnnl::impl::cpu::simple_reorder_t<3,1,12,1,1,struct dnnl::impl::cpu::spec::reference>::pd_t$simple_reorder_t_f32_any_u4_any_fmt_order::any_spec::reference",1500,1500,1500.0,1500,1
FACTORY_DNNL,"REG$CPUEngine$struct dnnl::impl::cpu::simple_reorder_t<12,1,12,722,1,void>::pd_t$simple_reorder_t_u4_any_u4_OI8i8o2i_fmt_order_keep",1200,1200,1200.0,1200,1
FACTORY_DNNL,"REG$CPUEngine$struct dnnl::impl::cpu::simple_reorder_t<12,1,12,243,1,void>::pd_t$simple_reorder_t_u4_any_u4_OI8i16o2i_fmt_order_keep",1900,1900,1900.0,1900,1
FACTORY_DNNL,"REG$CPUEngine$struct dnnl::impl::cpu::simple_reorder_t<12,1,12,718,1,void>::pd_t$simple_reorder_t_u4_any_u4_OI8i24o2i_fmt_order_keep",1000,1000,1000.0,1000,1
FACTORY_DNNL,"REG$CPUEngine$struct dnnl::impl::cpu::simple_reorder_t<12,1,12,244,1,void>::pd_t$simple_reorder_t_u4_any_u4_OI8i32o2i_fmt_order_keep",1000,1000,1000.0,1000,1
FACTORY_DNNL,"REG$CPUEngine$struct dnnl::impl::cpu::simple_reorder_t<12,1,12,245,1,void>::pd_t$simple_reorder_t_u4_any_u4_OI8i64o2i_fmt_order_keep",2301,2301,2301.0,2301,1
FACTORY_DNNL,"REG$CPUEngine$struct dnnl::impl::cpu::simple_reorder_t<12,1,12,348,1,void>::pd_t$simple_reorder_t_u4_any_u4_OI16i16o2i_fmt_order_keep",1900,1900,1900.0,1900,1
FACTORY_DNNL,"REG$CPUEngine$struct dnnl::impl::cpu::simple_reorder_t<12,1,12,349,1,void>::pd_t$simple_reorder_t_u4_any_u4_OI16i32o2i_fmt_order_keep",1500,1500,1500.0,1500,1
FACTORY_DNNL,"REG$CPUEngine$struct dnnl::impl::cpu::simple_reorder_t<12,1,12,350,1,void>::pd_t$simple_reorder_t_u4_any_u4_OI16i48o2i_fmt_order_keep",1199,1199,1199.0,1199,1
FACTORY_DNNL,"REG$CPUEngine$struct dnnl::impl::cpu::simple_reorder_t<12,1,12,351,1,void>::pd_t$simple_reorder_t_u4_any_u4_OI16i64o2i_fmt_order_keep",900,900,900.0,900,1
FACTORY_DNNL,"REG$CPUEngine$struct dnnl::impl::cpu::simple_reorder_t<12,1,12,249,1,void>::pd_t$simple_reorder_t_u4_any_u4_OI16i16o4i_fmt_order_keep",900,900,900.0,900,1
FACTORY_DNNL,"REG$CPUEngine$struct dnnl::impl::cpu::simple_reorder_t<12,1,12,345,1,void>::pd_t$simple_reorder_t_u4_any_u4_OI16i32o4i_fmt_order_keep",899,899,899.0,899,1
FACTORY_DNNL,"REG$CPUEngine$struct dnnl::impl::cpu::simple_reorder_t<12,1,12,346,1,void>::pd_t$simple_reorder_t_u4_any_u4_OI16i48o4i_fmt_order_keep",999,999,999.0,999,1
FACTORY_DNNL,"REG$CPUEngine$struct dnnl::impl::cpu::simple_reorder_t<12,1,12,347,1,void>::pd_t$simple_reorder_t_u4_any_u4_OI16i64o4i_fmt_order_keep",2300,2300,2300.0,2300,1
FACTORY_DNNL,"REG$CPUEngine$struct dnnl::impl::cpu::simple_reorder_t<12,1,12,528,1,void>::pd_t$simple_reorder_t_u4_any_u4_aBC8c8b2c_fmt_order_keep",2001,2001,2001.0,2001,1
FACTORY_DNNL,"REG$CPUEngine$struct dnnl::impl::cpu::simple_reorder_t<12,1,12,529,1,void>::pd_t$simple_reorder_t_u4_any_u4_aBC8c16b2c_fmt_order_keep",1900,1900,1900.0,1900,1
FACTORY_DNNL,"REG$CPUEngine$struct dnnl::impl::cpu::simple_reorder_t<12,1,12,530,1,void>::pd_t$simple_reorder_t_u4_any_u4_aBC8c24b2c_fmt_order_keep",1200,1200,1200.0,1200,1
FACTORY_DNNL,"REG$CPUEngine$struct dnnl::impl::cpu::simple_reorder_t<12,1,12,531,1,void>::pd_t$simple_reorder_t_u4_any_u4_aBC8c32b2c_fmt_order_keep",999,999,999.0,999,1
FACTORY_DNNL,"REG$CPUEngine$struct dnnl::impl::cpu::simple_reorder_t<12,1,12,532,1,void>::pd_t$simple_reorder_t_u4_any_u4_aBC8c64b2c_fmt_order_keep",600,600,600.0,600,1
FACTORY_DNNL,"REG$CPUEngine$struct dnnl::impl::cpu::simple_reorder_t<12,1,12,533,1,void>::pd_t$simple_reorder_t_u4_any_u4_aBC16c16b2c_fmt_order_keep",2100,2100,2100.0,2100,1
FACTORY_DNNL,"REG$CPUEngine$struct dnnl::impl::cpu::simple_reorder_t<12,1,12,534,1,void>::pd_t$simple_reorder_t_u4_any_u4_aBC16c32b2c_fmt_order_keep",1500,1500,1500.0,1500,1
FACTORY_DNNL,"REG$CPUEngine$struct dnnl::impl::cpu::simple_reorder_t<12,1,12,535,1,void>::pd_t$simple_reorder_t_u4_any_u4_aBC16c48b2c_fmt_order_keep",1199,1199,1199.0,1199,1
FACTORY_DNNL,"REG$CPUEngine$struct dnnl::impl::cpu::simple_reorder_t<12,1,12,536,1,void>::pd_t$simple_reorder_t_u4_any_u4_aBC16c64b2c_fmt_order_keep",1300,1300,1300.0,1300,1
FACTORY_DNNL,"REG$CPUEngine$struct dnnl::impl::cpu::simple_reorder_t<12,1,12,537,1,void>::pd_t$simple_reorder_t_u4_any_u4_aBC16c16b4c_fmt_order_keep",1600,1600,1600.0,1600,1
FACTORY_DNNL,"REG$CPUEngine$struct dnnl::impl::cpu::simple_reorder_t<12,1,12,538,1,void>::pd_t$simple_reorder_t_u4_any_u4_aBC16c32b4c_fmt_order_keep",1200,1200,1200.0,1200,1
FACTORY_DNNL,"REG$CPUEngine$struct dnnl::impl::cpu::simple_reorder_t<12,1,12,539,1,void>::pd_t$simple_reorder_t_u4_any_u4_aBC16c48b4c_fmt_order_keep",3300,3300,3300.0,3300,1
FACTORY_DNNL,"REG$CPUEngine$struct dnnl::impl::cpu::simple_reorder_t<12,1,12,540,1,void>::pd_t$simple_reorder_t_u4_any_u4_aBC16c64b4c_fmt_order_keep",1400,1400,1400.0,1400,1
FACTORY_DNNL,"REG$CPUEngine$struct dnnl::impl::cpu::simple_reorder_t<12,1,6,1,1,struct dnnl::impl::cpu::spec::reference>::pd_t$simple_reorder_t_u4_any_u8_any_fmt_order_keep_spec::reference",2400,2400,2400.0,2400,1
FACTORY_DNNL,"REG$CPUEngine$struct dnnl::impl::cpu::simple_reorder_t<12,1,3,1,1,struct dnnl::impl::cpu::spec::reference>::pd_t$simple_reorder_t_u4_any_f32_any_fmt_order_keep_spec::reference",2600,2600,2600.0,2600,1
FACTORY_DNNL,"REG$CPUEngine$struct dnnl::impl::cpu::simple_reorder_t<12,1,3,1,1,struct dnnl::impl::cpu::spec::reference>::pd_t$simple_reorder_t_u4_any_f32_any_fmt_order::any_spec::reference",1100,1100,1100.0,1100,1
FACTORY_DNNL,"REG$CPUEngine$struct dnnl::impl::cpu::simple_reorder_t<12,1,2,1,1,struct dnnl::impl::cpu::spec::reference>::pd_t$simple_reorder_t_u4_any_bf16_any_fmt_order::any_spec::reference",1300,1300,1300.0,1300,1
FACTORY_DNNL,"REG$CPUEngine$struct dnnl::impl::cpu::simple_reorder_t<12,1,1,1,1,struct dnnl::impl::cpu::spec::reference>::pd_t$simple_reorder_t_u4_any_f16_any_fmt_order::any_spec::reference",1000,1000,1000.0,1000,1
FACTORY_DNNL,"REG$CPUEngine$struct dnnl::impl::cpu::simple_reorder_t<18,1,18,348,1,void>::pd_t$simple_reorder_t_u2_any_u2_OI16i16o2i_fmt_order_keep",1199,1199,1199.0,1199,1
FACTORY_DNNL,"REG$CPUEngine$struct dnnl::impl::cpu::simple_reorder_t<18,1,18,349,1,void>::pd_t$simple_reorder_t_u2_any_u2_OI16i32o2i_fmt_order_keep",1101,1101,1101.0,1101,1
FACTORY_DNNL,"REG$CPUEngine$struct dnnl::impl::cpu::simple_reorder_t<18,1,18,350,1,void>::pd_t$simple_reorder_t_u2_any_u2_OI16i48o2i_fmt_order_keep",900,900,900.0,900,1
FACTORY_DNNL,"REG$CPUEngine$struct dnnl::impl::cpu::simple_reorder_t<18,1,18,351,1,void>::pd_t$simple_reorder_t_u2_any_u2_OI16i64o2i_fmt_order_keep",1100,1100,1100.0,1100,1
FACTORY_DNNL,"REG$CPUEngine$struct dnnl::impl::cpu::simple_reorder_t<18,1,18,710,1,void>::pd_t$simple_reorder_t_u2_any_u2_OI4i8o4i_fmt_order_keep",1400,1400,1400.0,1400,1
FACTORY_DNNL,"REG$CPUEngine$struct dnnl::impl::cpu::simple_reorder_t<18,1,18,246,1,void>::pd_t$simple_reorder_t_u2_any_u2_OI4i16o4i_fmt_order_keep",1200,1200,1200.0,1200,1
FACTORY_DNNL,"REG$CPUEngine$struct dnnl::impl::cpu::simple_reorder_t<18,1,18,711,1,void>::pd_t$simple_reorder_t_u2_any_u2_OI4i24o4i_fmt_order_keep",1301,1301,1301.0,1301,1
FACTORY_DNNL,"REG$CPUEngine$struct dnnl::impl::cpu::simple_reorder_t<18,1,18,247,1,void>::pd_t$simple_reorder_t_u2_any_u2_OI4i32o4i_fmt_order_keep",1400,1400,1400.0,1400,1
FACTORY_DNNL,"REG$CPUEngine$struct dnnl::impl::cpu::simple_reorder_t<18,1,18,249,1,void>::pd_t$simple_reorder_t_u2_any_u2_OI16i16o4i_fmt_order_keep",1601,1601,1601.0,1601,1
FACTORY_DNNL,"REG$CPUEngine$struct dnnl::impl::cpu::simple_reorder_t<18,1,18,345,1,void>::pd_t$simple_reorder_t_u2_any_u2_OI16i32o4i_fmt_order_keep",1200,1200,1200.0,1200,1
FACTORY_DNNL,"REG$CPUEngine$struct dnnl::impl::cpu::simple_reorder_t<18,1,18,346,1,void>::pd_t$simple_reorder_t_u2_any_u2_OI16i48o4i_fmt_order_keep",1600,1600,1600.0,1600,1
FACTORY_DNNL,"REG$CPUEngine$struct dnnl::impl::cpu::simple_reorder_t<18,1,18,347,1,void>::pd_t$simple_reorder_t_u2_any_u2_OI16i64o4i_fmt_order_keep",1300,1300,1300.0,1300,1
FACTORY_DNNL,"REG$CPUEngine$struct dnnl::impl::cpu::simple_reorder_t<17,1,17,1,1,struct dnnl::impl::cpu::spec::direct_copy>::pd_t$simple_reorder_t_bin_any_bin_any_fmt_order_any_spec_direct_copy",15199,15199,15199.0,15199,1
FACTORY_DNNL,"REG$CPUEngine$struct dnnl::impl::cpu::simple_reorder_t<17,1,17,1,1,struct dnnl::impl::cpu::spec::direct_copy_except_dim_0>::pd_t$simple_reorder_t_bin_any_bin_any_fmt_order_any_spec_direct_copy_except_dim_0",1600,1600,1600.0,1600,1
FACTORY_DNNL,"REG$CPUEngine$struct dnnl::impl::cpu::simple_reorder_t<17,1,17,101,1,void>::pd_t$simple_reorder_t_bin_any_bin_OIhw8o32i_fmt_order_keep",1301,1301,1301.0,1301,1
FACTORY_DNNL,"REG$CPUEngine$struct dnnl::impl::cpu::simple_reorder_t<17,1,17,554,1,void>::pd_t$simple_reorder_t_bin_any_bin_OIhw16o32i_fmt_order_keep",1300,1300,1300.0,1300,1
FACTORY_DNNL,"REG$CPUEngine$struct dnnl::impl::cpu::simple_reorder_t<6,1,6,103,1,void>::pd_t$simple_reorder_t_u8_any_u8_nChw8c_fmt_order_keep",1799,1799,1799.0,1799,1
FACTORY_DNNL,"REG$CPUEngine$struct dnnl::impl::cpu::simple_reorder_t<6,1,6,103,0,void>::pd_t$simple_reorder_t_u8_any_u8_nChw8c_fmt_order_reverse",1800,1800,1800.0,1800,1
FACTORY_DNNL,"REG$CPUEngine$struct dnnl::impl::cpu::simple_reorder_t<16,1,16,722,1,void>::pd_t$simple_reorder_t_nf4_any_nf4_OI8i8o2i_fmt_order_keep",1600,1600,1600.0,1600,1
FACTORY_DNNL,"REG$CPUEngine$struct dnnl::impl::cpu::simple_reorder_t<16,1,16,243,1,void>::pd_t$simple_reorder_t_nf4_any_nf4_OI8i16o2i_fmt_order_keep",1799,1799,1799.0,1799,1
FACTORY_DNNL,"REG$CPUEngine$struct dnnl::impl::cpu::simple_reorder_t<16,1,16,718,1,void>::pd_t$simple_reorder_t_nf4_any_nf4_OI8i24o2i_fmt_order_keep",1299,1299,1299.0,1299,1
FACTORY_DNNL,"REG$CPUEngine$struct dnnl::impl::cpu::simple_reorder_t<16,1,16,244,1,void>::pd_t$simple_reorder_t_nf4_any_nf4_OI8i32o2i_fmt_order_keep",1201,1201,1201.0,1201,1
FACTORY_DNNL,"REG$CPUEngine$struct dnnl::impl::cpu::simple_reorder_t<16,1,16,245,1,void>::pd_t$simple_reorder_t_nf4_any_nf4_OI8i64o2i_fmt_order_keep",1200,1200,1200.0,1200,1
FACTORY_DNNL,"REG$CPUEngine$struct dnnl::impl::cpu::simple_reorder_t<16,1,16,348,1,void>::pd_t$simple_reorder_t_nf4_any_nf4_OI16i16o2i_fmt_order_keep",1300,1300,1300.0,1300,1
FACTORY_DNNL,"REG$CPUEngine$struct dnnl::impl::cpu::simple_reorder_t<16,1,16,349,1,void>::pd_t$simple_reorder_t_nf4_any_nf4_OI16i32o2i_fmt_order_keep",1400,1400,1400.0,1400,1
FACTORY_DNNL,"REG$CPUEngine$struct dnnl::impl::cpu::simple_reorder_t<16,1,16,350,1,void>::pd_t$simple_reorder_t_nf4_any_nf4_OI16i48o2i_fmt_order_keep",900,900,900.0,900,1
FACTORY_DNNL,"REG$CPUEngine$struct dnnl::impl::cpu::simple_reorder_t<16,1,16,351,1,void>::pd_t$simple_reorder_t_nf4_any_nf4_OI16i64o2i_fmt_order_keep",2101,2101,2101.0,2101,1
FACTORY_DNNL,"REG$CPUEngine$struct dnnl::impl::cpu::simple_reorder_t<16,1,3,1,1,struct dnnl::impl::cpu::spec::reference>::pd_t$simple_reorder_t_nf4_any_f32_any_fmt_order_keep_spec::reference",1301,1301,1301.0,1301,1
FACTORY_DNNL,CREATE$CPUEngine$struct dnnl::impl::cpu::x64::jit_uni_reorder_t::pd_t,58300,620901,91205.05084745762,5381098,59
FACTORY_DNNL,REG$CPUEngine$struct dnnl::impl::cpu::x64::brdgmm_dw_convolution_fwd_t::pd_t$brdgmm_dw_convolution_fwd_t,100,2300,344.6666666666667,3102,9
FACTORY_DNNL,REG$CPUEngine$struct dnnl::impl::cpu::x64::ip_convolution_fwd_t::pd_t$ip_convolution_fwd_t,100,1299,233.33333333333334,2100,9
FACTORY_DNNL,REG$CPUEngine$struct dnnl::impl::cpu::x64::brgemm_1x1_convolution_fwd_t<524274>::pd_t$brgemm_1x1_convolution_fwd_t_avx10_2_512_amx_2,99,1500,188.83333333333334,3399,18
FACTORY_DNNL,REG$CPUEngine$struct dnnl::impl::cpu::x64::brgemm_convolution_fwd_t<524274>::pd_t$brgemm_convolution_fwd_t_avx10_2_512_amx_2,99,1100,171.57142857142858,2402,14
FACTORY_DNNL,REG$CPUEngine$struct dnnl::impl::cpu::x64::brgemm_1x1_convolution_fwd_t<129009>::pd_t$brgemm_1x1_convolution_fwd_t_avx512_core_amx,99,900,299.8333333333333,1799,6
FACTORY_DNNL,REG$CPUEngine$struct dnnl::impl::cpu::x64::brgemm_convolution_fwd_t<129009>::pd_t$brgemm_convolution_fwd_t_avx512_core_amx,99,2101,350.25,2802,8
FACTORY_DNNL,REG$CPUEngine$struct dnnl::impl::cpu::x64::_jit_uni_planar_convolution_fwd_t<880>::pd_t$jit_avx512_common_planar_convolution_fwd_t,2701,2701,2701.0,2701,1
FACTORY_DNNL,REG$CPUEngine$struct dnnl::impl::cpu::x64::brgemm_1x1_convolution_fwd_t<880>::pd_t$brgemm_1x1_convolution_fwd_t_avx512_core,99,1500,208.0,2704,13
FACTORY_DNNL,REG$CPUEngine$struct dnnl::impl::cpu::x64::brgemm_convolution_fwd_t<880>::pd_t$brgemm_convolution_fwd_t_avx512_core,99,1199,208.9090909090909,2298,11
FACTORY_DNNL,"REG$CPUEngine$struct dnnl::impl::cpu::x64::jit_uni_dw_convolution_fwd_t<880,3,3>::pd_t$jit_avx512_common_dw_convolution_fwd_t",1299,1299,1299.0,1299,1
FACTORY_DNNL,"REG$CPUEngine$struct dnnl::impl::cpu::x64::jit_uni_fork_dw_convolution_fwd_t<880,3,3>::pd_t$jit_avx512_common_fork_dw_convolution_fwd_t",1101,1101,1101.0,1101,1
FACTORY_DNNL,"REG$CPUEngine$struct dnnl::impl::cpu::x64::jit_avx512_common_1x1_convolution_fwd_t<3,3,3>::pd_t$jit_avx512_common_1x1_convolution_fwd_f32_t",1000,1000,1000.0,1000,1
FACTORY_DNNL,"REG$CPUEngine$struct dnnl::impl::cpu::x64::jit_avx512_common_convolution_fwd_t<3,3,3>::pd_t$jit_avx512_common_convolution_fwd_t_f32",1800,1800,1800.0,1800,1
FACTORY_DNNL,REG$CPUEngine$struct dnnl::impl::cpu::x64::_jit_uni_planar_convolution_fwd_t<560>::pd_t$jit_avx2_planar_convolution_fwd_t,2400,2400,2400.0,2400,1
FACTORY_DNNL,"REG$CPUEngine$struct dnnl::impl::cpu::x64::jit_uni_dw_convolution_fwd_t<560,3,3>::pd_t$jit_avx2_dw_convolution_fwd_t",1699,1699,1699.0,1699,1
FACTORY_DNNL,REG$CPUEngine$struct dnnl::impl::cpu::x64::brgemm_1x1_convolution_fwd_t<560>::pd_t$brgemm_1x1_convolution_fwd_t_avx2,100,1200,650.0,1300,2
FACTORY_DNNL,REG$CPUEngine$struct dnnl::impl::cpu::x64::brgemm_convolution_fwd_t<560>::pd_t$brgemm_convolution_fwd_t_avx2,100,1101,600.5,1201,2
FACTORY_DNNL,"REG$CPUEngine$struct dnnl::impl::cpu::x64::jit_uni_fork_dw_convolution_fwd_t<560,3,3>::pd_t$jit_avx2_fork_dw_convolution_fwd_t",1200,1200,1200.0,1200,1
FACTORY_DNNL,REG$CPUEngine$struct dnnl::impl::cpu::x64::jit_avx2_1x1_convolution_with_dw_conv_fwd_t::pd_t$jit_avx2_1x1_convolution_with_dw_conv_fwd_t,7400,7400,7400.0,7400,1
FACTORY_DNNL,REG$CPUEngine$struct dnnl::impl::cpu::x64::jit_avx2_1x1_convolution_fwd_t::pd_t$jit_avx2_1x1_convolution_fwd_t,899,899,899.0,899,1
FACTORY_DNNL,"REG$CPUEngine$struct dnnl::impl::cpu::x64::jit_uni_dw_convolution_fwd_t<16,3,3>::pd_t$jit_sse41_dw_convolution_fwd_t",1101,1101,1101.0,1101,1
FACTORY_DNNL,"REG$CPUEngine$struct dnnl::impl::cpu::x64::jit_uni_fork_dw_convolution_fwd_t<16,3,3>::pd_t$jit_sse41_fork_dw_convolution_fwd_t",1601,1601,1601.0,1601,1
FACTORY_DNNL,REG$CPUEngine$struct dnnl::impl::cpu::x64::jit_sse41_1x1_convolution_fwd_t::pd_t$jit_sse41_1x1_convolution_fwd_t,1299,1299,1299.0,1299,1
FACTORY_DNNL,REG$CPUEngine$struct dnnl::impl::cpu::x64::jit_avx2_convolution_fwd_t::pd_t$jit_avx2_convolution_fwd_t,1500,1500,1500.0,1500,1
FACTORY_DNNL,REG$CPUEngine$struct dnnl::impl::cpu::x64::jit_sse41_convolution_fwd_t::pd_t$jit_sse41_convolution_fwd_t,1999,1999,1999.0,1999,1
FACTORY_DNNL,REG$CPUEngine$struct dnnl::impl::cpu::gemm_convolution_fwd_t::pd_t$gemm_convolution_fwd_t,1099,1099,1099.0,1099,1
FACTORY_DNNL,REG$CPUEngine$struct dnnl::impl::cpu::ref_convolution_fwd_t::pd_t$ref_convolution_fwd_t,99,10100,608.9545454545455,13397,22
FACTORY_DNNL,REG$CPUEngine$struct dnnl::impl::cpu::ref_fused_convolution_fwd_t::pd_t$ref_fused_convolution_fwd_t,99,1100,266.5,1599,6
FACTORY_DNNL,REG$CPUEngine$struct dnnl::impl::cpu::x64::jit_avx512_core_amx_1x1_convolution_fwd_t::pd_t$jit_avx512_core_amx_1x1_convolution_fwd_t,99,1500,275.25,2202,8
FACTORY_DNNL,REG$CPUEngine$struct dnnl::impl::cpu::x64::jit_avx512_core_amx_convolution_fwd_t::pd_t$jit_avx512_core_amx_convolution_fwd_t,99,1301,233.11111111111111,2098,9
FACTORY_DNNL,REG$CPUEngine$struct dnnl::impl::cpu::x64::brgemm_1x1_convolution_fwd_t<13168>::pd_t$brgemm_1x1_convolution_fwd_t_avx512_core_bf16,100,1300,700.0,1400,2
FACTORY_DNNL,REG$CPUEngine$struct dnnl::impl::cpu::x64::brgemm_convolution_fwd_t<13168>::pd_t$brgemm_convolution_fwd_t_avx512_core_bf16,99,1001,550.0,1100,2
FACTORY_DNNL,"REG$CPUEngine$struct dnnl::impl::cpu::x64::jit_uni_dw_convolution_fwd_t<880,2,3>::pd_t$jit_uni_dw_convolution_fwd_t_avx512_core_bf16_f32",1801,1801,1801.0,1801,1
FACTORY_DNNL,"REG$CPUEngine$struct dnnl::impl::cpu::x64::jit_uni_fork_dw_convolution_fwd_t<880,2,3>::pd_t$jit_uni_fork_dw_convolution_fwd_t_avx512_core_bf16_f32",2000,2000,2000.0,2000,1
FACTORY_DNNL,REG$CPUEngine$struct dnnl::impl::cpu::x64::jit_avx512_core_bf16_1x1_convolution_fwd_t<3>::pd_t$jit_avx512_core_bf16_1x1_convolution_fwd_t_f32,1199,1199,1199.0,1199,1
FACTORY_DNNL,REG$CPUEngine$struct dnnl::impl::cpu::x64::jit_avx512_core_bf16_convolution_fwd_t::pd_t$jit_avx512_core_bf16_convolution_fwd_t,101,1100,600.5,1201,2
FACTORY_DNNL,REG$CPUEngine$struct dnnl::impl::cpu::x64::gemm_bf16_convolution_fwd_t<3>::pd_t$gemm_bf16_convolution_fwd_t_f32,900,900,900.0,900,1
FACTORY_DNNL,REG$CPUEngine$struct dnnl::impl::cpu::x64::brgemm_1x1_convolution_fwd_t<3632>::pd_t$brgemm_1x1_convolution_fwd_t_avx2_vnni_2,99,1899,249.91666666666666,2999,12
FACTORY_DNNL,REG$CPUEngine$struct dnnl::impl::cpu::x64::brgemm_convolution_fwd_t<3632>::pd_t$brgemm_convolution_fwd_t_avx2_vnni_2,99,1200,191.75,2301,12
FACTORY_DNNL,"REG$CPUEngine$struct dnnl::impl::cpu::x64::jit_uni_dw_convolution_fwd_t<880,2,2>::pd_t$jit_uni_dw_convolution_fwd_t_avx512_core_bf16_bf16",1700,1700,1700.0,1700,1
FACTORY_DNNL,"REG$CPUEngine$struct dnnl::impl::cpu::x64::jit_uni_fork_dw_convolution_fwd_t<880,2,2>::pd_t$jit_uni_fork_dw_convolution_fwd_t_avx512_core_bf16_bf16",1300,1300,1300.0,1300,1
FACTORY_DNNL,REG$CPUEngine$struct dnnl::impl::cpu::x64::jit_avx512_core_bf16_1x1_convolution_fwd_t<2>::pd_t$jit_avx512_core_bf16_1x1_convolution_fwd_t_bf16,1799,1799,1799.0,1799,1
FACTORY_DNNL,REG$CPUEngine$struct dnnl::impl::cpu::x64::gemm_bf16_convolution_fwd_t<2>::pd_t$gemm_bf16_convolution_fwd_t_bf16,1000,1000,1000.0,1000,1
FACTORY_DNNL,"REG$CPUEngine$struct dnnl::impl::cpu::x64::jit_uni_dw_convolution_fwd_t<30577,1,3>::pd_t$jit_uni_dw_convolution_fwd_t_avx512_core_fp16_f16_f32",1200,1200,1200.0,1200,1
FACTORY_DNNL,REG$CPUEngine$struct dnnl::impl::cpu::x64::brgemm_1x1_convolution_fwd_t<260081>::pd_t$brgemm_1x1_convolution_fwd_t_avx512_core_amx_fp16,1099,1099,1099.0,1099,1
FACTORY_DNNL,REG$CPUEngine$struct dnnl::impl::cpu::x64::brgemm_convolution_fwd_t<260081>::pd_t$brgemm_convolution_fwd_t_avx512_core_amx_fp16,100,1300,700.0,1400,2
FACTORY_DNNL,REG$CPUEngine$struct dnnl::impl::cpu::x64::brgemm_1x1_convolution_fwd_t<32626>::pd_t$brgemm_1x1_convolution_fwd_t_avx10_2_512,99,1000,200.0,1800,9
FACTORY_DNNL,REG$CPUEngine$struct dnnl::impl::cpu::x64::brgemm_convolution_fwd_t<32626>::pd_t$brgemm_convolution_fwd_t_avx10_2_512,99,900,161.53846153846155,2100,13
FACTORY_DNNL,REG$CPUEngine$struct dnnl::impl::cpu::x64::brgemm_1x1_convolution_fwd_t<30577>::pd_t$brgemm_1x1_convolution_fwd_t_avx512_core_fp16,100,1000,550.0,1100,2
FACTORY_DNNL,REG$CPUEngine$struct dnnl::impl::cpu::x64::brgemm_convolution_fwd_t<30577>::pd_t$brgemm_convolution_fwd_t_avx512_core_fp16,100,1000,550.0,1100,2
FACTORY_DNNL,"REG$CPUEngine$struct dnnl::impl::cpu::x64::jit_uni_dw_convolution_fwd_t<30577,1,1>::pd_t$jit_uni_dw_convolution_fwd_t_avx512_core_fp16_f16_f16",900,900,900.0,900,1
FACTORY_DNNL,REG$CPUEngine$struct dnnl::impl::cpu::x64::brgemm_1x1_convolution_fwd_t<260081>::pd_t$brgemm_1x1_convolution_fwd_t_avx10_1_512_amx_fp16,99,1100,222.22222222222223,2000,9
FACTORY_DNNL,REG$CPUEngine$struct dnnl::impl::cpu::x64::brgemm_convolution_fwd_t<260081>::pd_t$brgemm_convolution_fwd_t_avx10_1_512_amx_fp16,99,800,163.72727272727272,1801,11
FACTORY_DNNL,REG$CPUEngine$struct dnnl::impl::cpu::x64::ip_convolution_bwd_data_t::pd_t$ip_convolution_bwd_data_t,100,1200,375.5,1502,4
FACTORY_DNNL,REG$CPUEngine$struct dnnl::impl::cpu::x64::brgemm_convolution_bwd_t<524274>::pd_t$brgemm_convolution_bwd_t_avx10_2_512_amx_2,99,2001,226.6,3399,15
FACTORY_DNNL,REG$CPUEngine$struct dnnl::impl::cpu::x64::brgemm_convolution_bwd_t<129009>::pd_t$brgemm_convolution_bwd_t_avx512_core_amx,100,2101,1100.5,2201,2
FACTORY_DNNL,REG$CPUEngine$struct dnnl::impl::cpu::x64::brgemm_convolution_bwd_strided_t<524274>::pd_t$brgemm_convolution_bwd_strided_t_avx10_2_512_amx_2,99,1199,168.4375,2695,16
FACTORY_DNNL,REG$CPUEngine$struct dnnl::impl::cpu::x64::brgemm_convolution_bwd_t<880>::pd_t$brgemm_convolution_bwd_t_avx512_core,99,20799,6999.333333333333,20998,3
FACTORY_DNNL,REG$CPUEngine$struct dnnl::impl::cpu::x64::brgemm_convolution_bwd_strided_t<880>::pd_t$brgemm_convolution_bwd_strided_t_avx512_core,99,1099,349.25,1397,4
FACTORY_DNNL,"REG$CPUEngine$struct dnnl::impl::cpu::x64::jit_uni_dw_convolution_bwd_data_t<880,3,3>::pd_t$jit_avx512_common_dw_convolution_bwd_data_t",1600,1600,1600.0,1600,1
FACTORY_DNNL,"REG$CPUEngine$struct dnnl::impl::cpu::x64::jit_uni_fork_dw_convolution_bwd_data_t<880,3,3>::pd_t$jit_avx512_common_fork_dw_convolution_bwd_data_t",1600,1600,1600.0,1600,1
FACTORY_DNNL,"REG$CPUEngine$struct dnnl::impl::cpu::x64::jit_avx512_common_1x1_convolution_bwd_data_t<3,3,3>::pd_t$jit_avx512_common_1x1_convolution_bwd_data_f32_t",1801,1801,1801.0,1801,1
FACTORY_DNNL,"REG$CPUEngine$struct dnnl::impl::cpu::x64::jit_avx512_common_convolution_bwd_data_t<3,3,3>::pd_t$jit_avx512_common_convolution_bwd_data_t_f32",1900,1900,1900.0,1900,1
FACTORY_DNNL,REG$CPUEngine$struct dnnl::impl::cpu::x64::brgemm_convolution_bwd_t<560>::pd_t$brgemm_convolution_bwd_t_avx2,100,1100,433.3333333333333,1300,3
FACTORY_DNNL,REG$CPUEngine$struct dnnl::impl::cpu::x64::brgemm_convolution_bwd_strided_t<560>::pd_t$brgemm_convolution_bwd_strided_t_avx2,99,1299,499.3333333333333,1498,3
FACTORY_DNNL,"REG$CPUEngine$struct dnnl::impl::cpu::x64::jit_uni_dw_convolution_bwd_data_t<560,3,3>::pd_t$jit_avx2_dw_convolution_bwd_data_t",1200,1200,1200.0,1200,1
FACTORY_DNNL,"REG$CPUEngine$struct dnnl::impl::cpu::x64::jit_uni_fork_dw_convolution_bwd_data_t<560,3,3>::pd_t$jit_avx2_fork_dw_convolution_bwd_data_t",1301,1301,1301.0,1301,1
FACTORY_DNNL,REG$CPUEngine$struct dnnl::impl::cpu::x64::jit_avx2_1x1_convolution_bwd_data_t::pd_t$jit_avx2_1x1_convolution_bwd_data_t,1201,1201,1201.0,1201,1
FACTORY_DNNL,"REG$CPUEngine$struct dnnl::impl::cpu::x64::jit_uni_fork_dw_convolution_bwd_data_t<16,3,3>::pd_t$jit_sse41_fork_dw_convolution_bwd_data_t",1201,1201,1201.0,1201,1
FACTORY_DNNL,REG$CPUEngine$struct dnnl::impl::cpu::x64::jit_avx2_convolution_bwd_data_t::pd_t$jit_avx2_convolution_bwd_data_t,6300,6300,6300.0,6300,1
FACTORY_DNNL,REG$CPUEngine$struct dnnl::impl::cpu::gemm_convolution_bwd_data_t::pd_t$gemm_convolution_bwd_data_t,3800,3800,3800.0,3800,1
FACTORY_DNNL,REG$CPUEngine$struct dnnl::impl::cpu::ref_convolution_bwd_data_t::pd_t$ref_convolution_bwd_data_t,99,8100,835.7857142857143,11701,14
FACTORY_DNNL,REG$CPUEngine$struct dnnl::impl::cpu::x64::brgemm_convolution_bwd_strided_t<129009>::pd_t$brgemm_convolution_bwd_strided_t_avx512_core_amx,99,2200,333.0,2997,9
FACTORY_DNNL,REG$CPUEngine$struct dnnl::impl::cpu::x64::jit_avx512_core_amx_convolution_bwd_data_t::pd_t$jit_avx512_core_amx_convolution_bwd_data_t,1800,1800,1800.0,1800,1
FACTORY_DNNL,REG$CPUEngine$struct dnnl::impl::cpu::x64::brgemm_convolution_bwd_t<13168>::pd_t$brgemm_convolution_bwd_t_avx512_core_bf16,100,1099,599.5,1199,2
FACTORY_DNNL,REG$CPUEngine$struct dnnl::impl::cpu::x64::brgemm_convolution_bwd_strided_t<13168>::pd_t$brgemm_convolution_bwd_strided_t_avx512_core_bf16,900,900,900.0,900,1
FACTORY_DNNL,"REG$CPUEngine$struct dnnl::impl::cpu::x64::jit_uni_dw_convolution_bwd_data_t<880,2,3>::pd_t$jit_uni_dw_convolution_bwd_data_t_avx512_core_bf16_f32",1300,1300,1300.0,1300,1
FACTORY_DNNL,"REG$CPUEngine$struct dnnl::impl::cpu::x64::jit_uni_fork_dw_convolution_bwd_data_t<880,2,3>::pd_t$jit_uni_fork_dw_convolution_bwd_data_t_avx512_core_bf16_f32",1500,1500,1500.0,1500,1
FACTORY_DNNL,REG$CPUEngine$struct dnnl::impl::cpu::x64::jit_avx512_core_bf16_1x1_convolution_bwd_data_t<3>::pd_t$jit_avx512_core_bf16_1x1_convolution_bwd_data_t_f32,1401,1401,1401.0,1401,1
FACTORY_DNNL,REG$CPUEngine$struct dnnl::impl::cpu::x64::jit_avx512_core_bf16_convolution_bwd_data_t::pd_t$jit_avx512_core_bf16_convolution_bwd_data_t,100,1600,850.0,1700,2
FACTORY_DNNL,REG$CPUEngine$struct dnnl::impl::cpu::x64::gemm_bf16_convolution_bwd_data_t<3>::pd_t$gemm_bf16_convolution_bwd_data_t_f32,1800,1800,1800.0,1800,1
FACTORY_DNNL,REG$CPUEngine$struct dnnl::impl::cpu::x64::brgemm_convolution_bwd_t<3632>::pd_t$brgemm_convolution_bwd_t_avx2_vnni_2,100,1200,467.0,1401,3
FACTORY_DNNL,REG$CPUEngine$struct dnnl::impl::cpu::x64::brgemm_convolution_bwd_strided_t<3632>::pd_t$brgemm_convolution_bwd_strided_t_avx2_vnni_2,99,1400,229.8,2298,10
FACTORY_DNNL,"REG$CPUEngine$struct dnnl::impl::cpu::x64::jit_uni_dw_convolution_bwd_data_t<880,2,2>::pd_t$jit_uni_dw_convolution_bwd_data_t_avx512_core_bf16_bf16",2300,2300,2300.0,2300,1
FACTORY_DNNL,"REG$CPUEngine$struct dnnl::impl::cpu::x64::jit_uni_fork_dw_convolution_bwd_data_t<880,2,2>::pd_t$jit_uni_fork_dw_convolution_bwd_data_t_avx512_core_bf16_bf16",1500,1500,1500.0,1500,1
FACTORY_DNNL,REG$CPUEngine$struct dnnl::impl::cpu::x64::jit_avx512_core_bf16_1x1_convolution_bwd_data_t<2>::pd_t$jit_avx512_core_bf16_1x1_convolution_bwd_data_t_bf16,2001,2001,2001.0,2001,1
FACTORY_DNNL,REG$CPUEngine$struct dnnl::impl::cpu::x64::gemm_bf16_convolution_bwd_data_t<2>::pd_t$gemm_bf16_convolution_bwd_data_t_bf16,1300,1300,1300.0,1300,1
FACTORY_DNNL,REG$CPUEngine$struct dnnl::impl::cpu::x64::brgemm_convolution_bwd_t<260081>::pd_t$brgemm_convolution_bwd_t_avx512_core_amx_fp16,1100,5999,3549.5,7099,2
FACTORY_DNNL,REG$CPUEngine$struct dnnl::impl::cpu::x64::brgemm_convolution_bwd_strided_t<260081>::pd_t$brgemm_convolution_bwd_strided_t_avx512_core_amx_fp16,100,1301,700.5,1401,2
FACTORY_DNNL,REG$CPUEngine$struct dnnl::impl::cpu::x64::brgemm_convolution_bwd_t<32626>::pd_t$brgemm_convolution_bwd_t_avx10_2_512,100,2200,333.55555555555554,3002,9
FACTORY_DNNL,REG$CPUEngine$struct dnnl::impl::cpu::x64::brgemm_convolution_bwd_strided_t<32626>::pd_t$brgemm_convolution_bwd_strided_t_avx10_2_512,99,1801,254.8181818181818,2803,11
FACTORY_DNNL,REG$CPUEngine$struct dnnl::impl::cpu::x64::brgemm_convolution_bwd_t<30577>::pd_t$brgemm_convolution_bwd_t_avx512_core_fp16,100,900,500.0,1000,2
FACTORY_DNNL,REG$CPUEngine$struct dnnl::impl::cpu::x64::brgemm_convolution_bwd_strided_t<30577>::pd_t$brgemm_convolution_bwd_strided_t_avx512_core_fp16,100,1000,550.0,1100,2
FACTORY_DNNL,REG$CPUEngine$struct dnnl::impl::cpu::x64::brgemm_convolution_bwd_t<260081>::pd_t$brgemm_convolution_bwd_t_avx10_1_512_amx_fp16,99,1399,186.93333333333334,2804,15
FACTORY_DNNL,REG$CPUEngine$struct dnnl::impl::cpu::x64::brgemm_convolution_bwd_strided_t<260081>::pd_t$brgemm_convolution_bwd_strided_t_avx10_1_512_amx_fp16,99,3101,560.0,5600,10
FACTORY_DNNL,REG$CPUEngine$struct dnnl::impl::cpu::x64::brgemm_1x1_convolution_fwd_t<4976>::pd_t$brgemm_1x1_convolution_fwd_t_avx512_core_vnni,99,1199,221.88888888888889,1997,9
FACTORY_DNNL,REG$CPUEngine$struct dnnl::impl::cpu::x64::brgemm_convolution_fwd_t<4976>::pd_t$brgemm_convolution_fwd_t_avx512_core_vnni,99,1400,230.0,2300,10
FACTORY_DNNL,REG$CPUEngine$struct dnnl::impl::cpu::x64::jit_avx512_core_x8s8s32x_1x1_convolution_fwd_t::pd_t$jit_avx512_core_x8s8s32x_1x1_convolution_fwd_t,99,1199,282.6666666666667,1696,6
FACTORY_DNNL,REG$CPUEngine$struct dnnl::impl::cpu::x64::jit_avx512_core_x8s8s32x_convolution_fwd_t::pd_t$jit_avx512_core_x8s8s32x_convolution_fwd_t,99,1500,355.6666666666667,3201,9
FACTORY_DNNL,REG$CPUEngine$struct dnnl::impl::cpu::x64::brgemm_1x1_convolution_fwd_t<1584>::pd_t$brgemm_1x1_convolution_fwd_t_avx2_vnni,99,1300,340.0,1700,5
FACTORY_DNNL,REG$CPUEngine$struct dnnl::impl::cpu::x64::brgemm_convolution_fwd_t<1584>::pd_t$brgemm_convolution_fwd_t_avx2_vnni,99,900,299.75,1199,4
FACTORY_DNNL,REG$CPUEngine$struct dnnl::impl::cpu::x64::jit_uni_x8s8s32x_1x1_convolution_fwd_t<560>::pd_t$jit_uni_x8s8s32x_1x1_convolution_fwd_t_avx2,99,1601,475.25,1901,4
FACTORY_DNNL,REG$CPUEngine$struct dnnl::impl::cpu::x64::jit_uni_x8s8s32x_convolution_fwd_t<560>::pd_t$jit_uni_x8s8s32x_convolution_fwd_t_avx2,100,1300,340.2,1701,5
FACTORY_DNNL,REG$CPUEngine$struct dnnl::impl::cpu::x64::jit_uni_x8s8s32x_1x1_convolution_fwd_t<16>::pd_t$jit_uni_x8s8s32x_1x1_convolution_fwd_t_sse41,99,1200,374.75,1499,4
FACTORY_DNNL,REG$CPUEngine$struct dnnl::impl::cpu::x64::jit_uni_x8s8s32x_convolution_fwd_t<16>::pd_t$jit_uni_x8s8s32x_convolution_fwd_t_sse41,99,1400,316.6666666666667,1900,6
FACTORY_DNNL,REG$CPUEngine$struct dnnl::impl::cpu::gemm_x8s8s32x_convolution_fwd_t::pd_t$gemm_x8s8s32x_convolution_fwd_t,99,1400,285.42857142857144,1998,7
FACTORY_DNNL,REG$CPUEngine$struct dnnl::impl::cpu::ref_convolution_int8_fwd_t::pd_t$ref_convolution_int8_fwd_t,99,1199,257.0,1799,7
FACTORY_DNNL,REG$CPUEngine$struct dnnl::impl::cpu::x64::brgemm_convolution_bwd_strided_t<4976>::pd_t$brgemm_convolution_bwd_strided_t_avx512_core_vnni,100,1500,314.2857142857143,2200,7
FACTORY_DNNL,REG$CPUEngine$struct dnnl::impl::cpu::x64::brgemm_convolution_bwd_strided_t<1584>::pd_t$brgemm_convolution_bwd_strided_t_avx2_vnni,99,1100,349.75,1399,4
FACTORY_DNNL,REG$CPUEngine$struct dnnl::impl::cpu::gemm_x8s8s32x_convolution_bwd_data_t::pd_t$gemm_x8s8s32x_convolution_bwd_data_t,99,1600,350.0,2100,6
FACTORY_DNNL,REG$CPUEngine$struct dnnl::impl::cpu::ref_convolution_int8_bwd_data_t::pd_t$ref_convolution_int8_bwd_data_t,99,1199,282.8333333333333,1697,6
FACTORY_DNNL,CREATE$CPUEngine$struct dnnl::impl::cpu::x64::brgemm_convolution_fwd_t<560>::pd_t,104000,321199,215407.14285714287,3015700,14
FACTORY_DNNL,CREATE$CPUEngine$struct dnnl::impl::cpu::x64::jit_blk_reorder_t::pd_t,55400,145399,75549.82142857143,2115395,28
FACTORY_DNNL,CREATE$CPUEngine$struct dnnl::impl::cpu::x64::brdgmm_dw_convolution_fwd_t::pd_t,405900,800900,587216.5833333334,7046599,12
FACTORY_DNNL,CREATE$CPUEngine$struct dnnl::impl::cpu::x64::brgemm_1x1_convolution_fwd_t<560>::pd_t,82600,368801,151414.02777777778,5450905,36
FACTORY_DNNL,"CREATE$CPUEngine$struct dnnl::impl::cpu::x64::jit_uni_dw_convolution_fwd_t<560,3,3>::pd_t",79001,153000,116000.5,232001,2
FACTORY_DNNL,"CREATE$CPUEngine$struct dnnl::impl::cpu::x64::jit_uni_pooling_fwd_t<560,3>::pd_t",79300,199001,140400.33333333334,421201,3
ov__intel_cpu,Graph::ResolveInplaceDirections,722400,722400,722400.0,722400,1
ov__intel_cpu,Graph::InitOptimalPrimitiveDescriptors,1553200,1553200,1553200.0,1553200,1
ov__intel_cpu,Plugin::compile_model,1303970300,1303970300,1303970300.0,1303970300,1
ov__intel_cpu,init_tensor,4300,38601,10627.181818181818,116899,11
ov__intel_cpu,set_tensor,3799,48200,10870.880701754386,3098201,285
dnnl__primitive__execute,reorder,99,3580301,770.2175222022644,892337821,1158553
dnnl__primitive__execute,convolution,99,1631799,2819.867812796309,4981366988,1766525
dnnl__primitive__execute,softmax,99,360100,489.29777344780695,24107212,49269
ov__op__cpu__details,Resize_3,5300,1643899,72847.59609400861,1100362939,15105
ov__op__cpu__exec,Interpolate::execute,18100,2269301,125252.34586466165,49975686,399
ov__op__cpu__exec,Reduce::execute,18900,995800,64067.15789473684,40170108,627
ov__op__cpu__exec,Node::execute,13900,1579700,57192.10942610764,192337064,3363
ov__op__cpu__exec,Subgraph::execute,5600,821101,31698.59649122807,83113720,2622
ov__op__cpu__exec,Convolution::execute,14200,1646600,125264.40371517028,606906036,4845
ov__op__cpu__exec,Math::execute,6700,437901,33210.34273182957,53003707,1596
ov__op__cpu__exec,Split::execute,10300,583200,53400.380116959066,27394395,513
ov__op__cpu__exec,Concatenation::execute,9199,524400,53386.14963880289,51731179,969
ov__op__cpu__exec,Pooling::execute,14599,368600,40465.59064327485,6919616,171
ov__phases__cpu__inference,SyncInferenceCPU::infer::Model5,16784500,27344900,19818150.807017542,1129634596,57
