domain,name,min,max,avg,total,count
OpenCVTrace,"void __cdecl cv::utils::logging::LogTagManager::assign(const class std::basic_string<char,struct std::char_traits<char>,class std::allocator<char> > &,struct cv::utils::logging::LogTag *)",14899,14899,14899.0,14899,1
OpenCVTrace,"struct cv::utils::logging::LogTag *__cdecl cv::utils::logging::LogTagManager::get(const class std::basic_string<char,struct std::char_traits<char>,class std::allocator<char> > &)",1499,1499,1499.0,1499,1
OpenCVTrace,"__cdecl cv::VideoCapture::VideoCapture(int,int)",567983400,567983400,567983400.0,567983400,1
OpenCVTrace,bool __cdecl cv::VideoCapture::read(const class cv::_OutputArray &),599000,113339600,1463788.1273584906,310323083,212
OpenCVTrace,__cdecl cv::VideoCapture::~VideoCapture(void),2800,505147200,252575000.0,505150000,2
OpenCVTrace,"void __cdecl cv::flip(const class cv::_InputArray &,const class cv::_OutputArray &,int)",288100,946401,332195.28909952607,70093206,211
OpenCVTrace,"void __cdecl cv::cvtColor(const class cv::_InputArray &,const class cv::_OutputArray &,int,int)",57099,8072499,379248.5071090047,480128610,1266
OpenCVTrace,"void __cdecl cv::resize(const class cv::_InputArray &,const class cv::_OutputArray &,class cv::Size_<int>,double,double,int)",105701,1074400,397499.0679304897,251616910,633
OpenCVTrace,"void __cdecl cv::Mat::convertTo(const class cv::_OutputArray &,int,double,double) const",7700,1659800,385699.27032734954,730514418,1894
OpenCVTrace,"void __cdecl cv::split(const class cv::_InputArray &,const class cv::_OutputArray &)",31601,1022599,204328.58451816745,129339994,633
OpenCVTrace,"void __cdecl cv::min(const class cv::_InputArray &,const class cv::_InputArray &,const class cv::_OutputArray &)",59601,3361100,565059.3301549463,474084778,839
OpenCVTrace,"void __cdecl cv::max(const class cv::_InputArray &,const class cv::_InputArray &,const class cv::_OutputArray &)",51000,1257100,394786.7568533969,331226089,839
OpenCVTrace,void __cdecl cv::Mat::copyTo(const class cv::_OutputArray &) const,2100,1475101,470012.30331753555,595035576,1266
OpenCVTrace,"double __cdecl cv::threshold(const class cv::_InputArray &,const class cv::_OutputArray &,double,double,int)",44699,1639900,367050.7770700637,230507888,628
OpenCVTrace,"void __cdecl cv::findContours(const class cv::_InputArray &,const class cv::_OutputArray &,const class cv::_OutputArray &,int,int,class cv::Point_<int>)",41000,718899,68639.28436018957,14482889,211
OpenCVTrace,"class cv::MatExpr __cdecl cv::Mat::zeros(class cv::Size_<int>,int)",500,8200,900.473933649289,190000,211
OpenCVTrace,class cv::Mat &__cdecl cv::Mat::operator =(const class cv::Scalar_<double> &),900,12700,1283.9289099526065,270909,211
OpenCVTrace,"double __cdecl cv::contourArea(const class cv::_InputArray &,bool)",99,11601,235.37363344051448,366006,1555
OpenCVTrace,"void __cdecl cv::drawContours(const class cv::_InputOutputArray &,const class cv::_InputArray &,int,const class cv::Scalar_<double> &,int,int,const class cv::_InputArray &,int,class cv::Point_<int>)",699,779099,10868.779389312976,14238101,1310
OpenCVTrace,"void __cdecl cv::morphologyEx(const class cv::_InputArray &,const class cv::_OutputArray &,int,const class cv::_InputArray &,class cv::Point_<int>,int,int,const class cv::Scalar_<double> &)",72400,1578000,85258.8009478673,17989607,211
OpenCVTrace,"class cv::MatExpr __cdecl cv::Mat::mul(const class cv::_InputArray &,double) const",100,6000,477.7654028436019,201617,422
OpenCVTrace,"void __cdecl cv::multiply(const class cv::_InputArray &,const class cv::_InputArray &,const class cv::_OutputArray &,double,int)",161100,990800,253827.20853080568,107115082,422
OpenCVTrace,"void __cdecl cv::MatOp_AddEx::multiply(const class cv::MatExpr &,double,class cv::MatExpr &) const",99,10500,308.9905213270142,65197,211
OpenCVTrace,"void __cdecl cv::sqrt(const class cv::_InputArray &,const class cv::_OutputArray &)",84301,1221300,96441.74407582938,20349208,211
OpenCVTrace,"void __cdecl cv::max(const class cv::Mat &,const class cv::Mat &,class cv::Mat &)",203000,522701,257244.73222748816,108557277,422
OpenCVTrace,"void __cdecl cv::bitwise_and(const class cv::_InputArray &,const class cv::_InputArray &,const class cv::_OutputArray &,const class cv::_InputArray &)",39100,721701,54878.16587677725,11579293,211
OpenCVTrace,"void __cdecl cv::blur(const class cv::_InputArray &,const class cv::_OutputArray &,class cv::Size_<int>,class cv::Point_<int>,int)",1524600,2394001,1642651.682464455,346599505,211
OpenCVTrace,"void __cdecl cv::inRange(const class cv::_InputArray &,const class cv::_InputArray &,const class cv::_InputArray &,const class cv::_OutputArray &)",174400,546900,229051.53080568722,144989619,633
OpenCVTrace,"void __cdecl cv::Mat::copyTo(const class cv::_OutputArray &,const class cv::_InputArray &) const",144700,443201,235282.96882494004,98112998,417
OpenCVTrace,"class cv::Mat &__cdecl cv::Mat::setTo(const class cv::_InputArray &,const class cv::_InputArray &)",14400,690301,136890.66034755134,86651788,633
OpenCVTrace,"void __cdecl cv::merge(const class cv::_InputArray &,const class cv::_OutputArray &)",107899,751701,135260.29383886256,28539922,211
OpenCVTrace,"void __cdecl cv::putText(const class cv::_InputOutputArray &,const class std::basic_string<char,struct std::char_traits<char>,class std::allocator<char> > &,class cv::Point_<int>,int,double,class cv::Scalar_<double>,int,int,bool)",75301,3154900,710964.3329383886,600053897,844
OpenCVTrace,"void __cdecl cv::dilate(const class cv::_InputArray &,const class cv::_OutputArray &,const class cv::_InputArray &,class cv::Point_<int>,int,int,const class cv::Scalar_<double> &)",171101,1320599,200914.0145631068,41388287,206
OpenCVTrace,"void __cdecl cv::erode(const class cv::_InputArray &,const class cv::_OutputArray &,const class cv::_InputArray &,class cv::Point_<int>,int,int,const class cv::Scalar_<double> &)",153800,200400,164975.79126213593,33985013,206
OpenCVTrace,"void __cdecl cv::absdiff(const class cv::_InputArray &,const class cv::_InputArray &,const class cv::_OutputArray &)",43900,777000,134885.49029126213,27786411,206
OpenCVTrace,"void __cdecl cv::MatOp::add(const class cv::MatExpr &,const class cv::MatExpr &,class cv::MatExpr &) const",100,10699,345.873786407767,142500,412
OpenCVTrace,"void __cdecl cv::addWeighted(const class cv::_InputArray &,double,const class cv::_InputArray &,double,double,const class cv::_OutputArray &,int)",710601,1724899,834559.4296116505,343838485,412
intel_gpu_plugin,Plugin::get_property,12801,383500,198150.5,396301,2
intel_gpu_plugin,TransformationsPipeline::apply::run_passes,4645800,4645800,4645800.0,4645800,1
intel_gpu_plugin,TransformationsPipeline::apply::activations_scaling,32037200,32037200,32037200.0,32037200,1
intel_gpu_plugin,TransformationsPipeline::apply,529958800,529958800,529958800.0,529958800,1
intel_gpu_plugin,Plugin::transform_model,530643401,530643401,530643401.0,530643401,1
intel_gpu_plugin,Plugin::clone_and_transform_model,561930000,561930000,561930000.0,561930000,1
intel_gpu_plugin,CustomLayer::LoadFromFile,699,220599,110649.0,221298,2
intel_gpu_plugin,ProgramBuilder::CreateSingleLayerPrimitive,100,717599,11414.527386541471,7293883,639
intel_gpu_plugin,Program::init_graph,521200,1744800,1133000.0,2266000,2
intel_gpu_plugin,pass::select_preferred_formats,9660800,9660800,9660800.0,9660800,1
intel_gpu_plugin,Program::pre_optimize_graph,507800,45117800,22812800.0,45625600,2
intel_gpu_plugin,KernelsCache::BuildAll::GetProgramSource,35400,9085300,4560350.0,9120700,2
intel_gpu_plugin,KernelsCache::build_batch,530700,11578800,8681045.363636363,95491499,11
intel_gpu_plugin,KernelsCache::BuildAll,400,21130100,8586233.333333334,25758700,3
intel_gpu_plugin,pass::CompileGraph,24350300,462182500,243266400.0,486532800,2
intel_gpu_plugin,Program::post_optimize_graph,192099,611972200,306082149.5,612164299,2
intel_gpu_plugin,pass::BasicMemoryDependencies,97201,172500,134850.5,269701,2
intel_gpu_plugin,pass::SkippedBranchMemoryDependencies,526000,740100,633050.0,1266100,2
intel_gpu_plugin,pass::OooqMemoryDependencies,848000,1042201,945100.5,1890201,2
intel_gpu_plugin,pass::build_implementations,284399,24150400,12217399.5,24434799,2
intel_gpu_plugin,set_arguments: constant:refiner.conv.6.weight,1400,1400,1400.0,1400,1
intel_gpu_plugin,set_arguments: constant:project_mat.conv.weight,1000,1000,1000.0,1000,1
intel_gpu_plugin,set_arguments: constant:decoder.decode4.gru.ih.0.weight,3200,3200,3200.0,3200,1
intel_gpu_plugin,set_arguments: constant:decoder.decode4.gru.hh.0.weight,1099,1099,1099.0,1099,1
intel_gpu_plugin,set_arguments: constant:decoder.decode3.gru.ih.0.weight,1700,1700,1700.0,1700,1
intel_gpu_plugin,set_arguments: constant:decoder.decode3.gru.hh.0.weight,1700,1700,1700.0,1700,1
intel_gpu_plugin,set_arguments: constant:decoder.decode2.gru.ih.0.weight,2000,2000,2000.0,2000,1
intel_gpu_plugin,set_arguments: constant:decoder.decode2.gru.hh.0.weight,1800,1800,1800.0,1800,1
intel_gpu_plugin,set_arguments: constant:decoder.decode1.gru.ih.0.weight,1800,1800,1800.0,1800,1
intel_gpu_plugin,set_arguments: constant:decoder.decode1.gru.hh.0.weight,1400,1400,1400.0,1400,1
intel_gpu_plugin,set_arguments: constant:backbone.features.6.block.2.fc2.weight,1599,1599,1599.0,1599,1
intel_gpu_plugin,set_arguments: constant:backbone.features.6.block.2.fc1.weight,2200,2200,2200.0,2200,1
intel_gpu_plugin,set_arguments: constant:backbone.features.5.block.2.fc2.weight,1600,1600,1600.0,1600,1
intel_gpu_plugin,set_arguments: constant:backbone.features.5.block.2.fc1.weight,2000,2000,2000.0,2000,1
intel_gpu_plugin,set_arguments: constant:backbone.features.4.block.2.fc2.weight,1801,1801,1801.0,1801,1
intel_gpu_plugin,set_arguments: constant:backbone.features.4.block.2.fc1.weight,1800,1800,1800.0,1800,1
intel_gpu_plugin,set_arguments: constant:backbone.features.15.block.2.fc2.weight,1400,1400,1400.0,1400,1
intel_gpu_plugin,set_arguments: constant:backbone.features.15.block.2.fc1.weight,2400,2400,2400.0,2400,1
intel_gpu_plugin,set_arguments: constant:backbone.features.14.block.2.fc2.weight,1199,1199,1199.0,1199,1
intel_gpu_plugin,set_arguments: constant:backbone.features.14.block.2.fc1.weight,2601,2601,2601.0,2601,1
intel_gpu_plugin,set_arguments: constant:backbone.features.13.block.2.fc2.weight,1400,1400,1400.0,1400,1
intel_gpu_plugin,set_arguments: constant:backbone.features.13.block.2.fc1.weight,1101,1101,1101.0,1101,1
intel_gpu_plugin,set_arguments: constant:backbone.features.12.block.2.fc2.weight,1500,1500,1500.0,1500,1
intel_gpu_plugin,set_arguments: constant:backbone.features.12.block.2.fc1.weight,2101,2101,2101.0,2101,1
intel_gpu_plugin,set_arguments: constant:backbone.features.11.block.2.fc2.weight,1500,1500,1500.0,1500,1
intel_gpu_plugin,set_arguments: constant:backbone.features.11.block.2.fc1.weight,1401,1401,1401.0,1401,1
intel_gpu_plugin,set_arguments: constant:aspp.aspp2.1.weight,1301,1301,1301.0,1301,1
intel_gpu_plugin,set_arguments: constant:Reshape_99,1400,1400,1400.0,1400,1
intel_gpu_plugin,set_arguments: constant:Reshape_949,1200,1200,1200.0,1200,1
intel_gpu_plugin,set_arguments: constant:Reshape_850,1700,1700,1700.0,1700,1
intel_gpu_plugin,set_arguments: constant:Reshape_708,1501,1501,1501.0,1501,1
intel_gpu_plugin,set_arguments: constant:Reshape_569,1099,1099,1099.0,1099,1
intel_gpu_plugin,set_arguments: constant:Reshape_46,2400,2400,2400.0,2400,1
intel_gpu_plugin,set_arguments: constant:Reshape_431,1800,1800,1800.0,1800,1
intel_gpu_plugin,set_arguments: constant:Reshape_337,2100,2100,2100.0,2100,1
intel_gpu_plugin,set_arguments: constant:Reshape_244,1300,1300,1300.0,1300,1
intel_gpu_plugin,set_arguments: constant:Reshape_2379,1500,1500,1500.0,1500,1
intel_gpu_plugin,set_arguments: constant:Reshape_2329,1201,1201,1201.0,1201,1
intel_gpu_plugin,set_arguments: constant:Reshape_1827,1301,1301,1301.0,1301,1
intel_gpu_plugin,set_arguments: constant:Reshape_1682,2001,2001,2001.0,2001,1
intel_gpu_plugin,set_arguments: constant:Reshape_1538,2000,2000,2000.0,2000,1
intel_gpu_plugin,set_arguments: constant:Reshape_150,1900,1900,1900.0,1900,1
intel_gpu_plugin,set_arguments: constant:Reshape_1393,2199,2199,2199.0,2199,1
intel_gpu_plugin,set_arguments: constant:Reshape_1249,1900,1900,1900.0,1900,1
intel_gpu_plugin,set_arguments: constant:Reshape_1149,1500,1500,1500.0,1500,1
intel_gpu_plugin,set_arguments: constant:Reshape_1049,1700,1700,1700.0,1700,1
intel_gpu_plugin,set_arguments: constant:983,1499,1499,1499.0,1499,1
intel_gpu_plugin,set_arguments: constant:980,1600,1600,1600.0,1600,1
intel_gpu_plugin,set_arguments: constant:977,1800,1800,1800.0,1800,1
intel_gpu_plugin,set_arguments: constant:974,2099,2099,2099.0,2099,1
intel_gpu_plugin,set_arguments: constant:971,1600,1600,1600.0,1600,1
intel_gpu_plugin,set_arguments: constant:968,1700,1700,1700.0,1700,1
intel_gpu_plugin,set_arguments: constant:965,1699,1699,1699.0,1699,1
intel_gpu_plugin,set_arguments: constant:962,1300,1300,1300.0,1300,1
intel_gpu_plugin,set_arguments: constant:959,1201,1201,1201.0,1201,1
intel_gpu_plugin,set_arguments: constant:956,1400,1400,1400.0,1400,1
intel_gpu_plugin,set_arguments: constant:950,1699,1699,1699.0,1699,1
intel_gpu_plugin,set_arguments: constant:947,1599,1599,1599.0,1599,1
intel_gpu_plugin,set_arguments: constant:941,1201,1201,1201.0,1201,1
intel_gpu_plugin,set_arguments: constant:938,1299,1299,1299.0,1299,1
intel_gpu_plugin,set_arguments: constant:932,1201,1201,1201.0,1201,1
intel_gpu_plugin,set_arguments: constant:929,2600,2600,2600.0,2600,1
intel_gpu_plugin,set_arguments: constant:923,2499,2499,2499.0,2499,1
intel_gpu_plugin,set_arguments: constant:920,2100,2100,2100.0,2100,1
intel_gpu_plugin,set_arguments: constant:914,1400,1400,1400.0,1400,1
intel_gpu_plugin,set_arguments: constant:911,1501,1501,1501.0,1501,1
intel_gpu_plugin,set_arguments: constant:905,1100,1100,1100.0,1100,1
intel_gpu_plugin,set_arguments: constant:902,1300,1300,1300.0,1300,1
intel_gpu_plugin,set_arguments: constant:896,1900,1900,1900.0,1900,1
intel_gpu_plugin,set_arguments: constant:893,1300,1300,1300.0,1300,1
intel_gpu_plugin,set_arguments: constant:887,2400,2400,2400.0,2400,1
intel_gpu_plugin,set_arguments: constant:884,2800,2800,2800.0,2800,1
intel_gpu_plugin,set_arguments: constant:878,1699,1699,1699.0,1699,1
intel_gpu_plugin,set_arguments: constant:875,1500,1500,1500.0,1500,1
intel_gpu_plugin,set_arguments: constant:869,1501,1501,1501.0,1501,1
intel_gpu_plugin,set_arguments: constant:866,1100,1100,1100.0,1100,1
intel_gpu_plugin,set_arguments: constant:860,2200,2200,2200.0,2200,1
intel_gpu_plugin,set_arguments: constant:857,1500,1500,1500.0,1500,1
intel_gpu_plugin,set_arguments: constant:851,1301,1301,1301.0,1301,1
intel_gpu_plugin,set_arguments: constant:848,1200,1200,1200.0,1200,1
intel_gpu_plugin,set_arguments: constant:842,1500,1500,1500.0,1500,1
intel_gpu_plugin,set_arguments: constant:839,1501,1501,1501.0,1501,1
intel_gpu_plugin,set_arguments: constant:833,2800,2800,2800.0,2800,1
intel_gpu_plugin,set_arguments: constant:830,3399,3399,3399.0,3399,1
intel_gpu_plugin,set_arguments: constant:824,1801,1801,1801.0,1801,1
intel_gpu_plugin,set_arguments: constant:refiner.conv.6.weight_weights_reorder_84,43099,95100,69099.5,138199,2
intel_gpu_plugin,set_arguments: constant:project_mat.conv.weight_weights_reorder_79,16800,30801,23800.5,47601,2
intel_gpu_plugin,set_arguments: constant:decoder.decode4.gru.ih.0.weight_weights_reorder_66,16600,23500,20050.0,40100,2
intel_gpu_plugin,set_arguments: constant:decoder.decode4.gru.hh.0.weight_weights_reorder_67,12700,31000,21850.0,43700,2
intel_gpu_plugin,set_arguments: constant:decoder.decode3.gru.ih.0.weight_weights_reorder_69,12800,32000,22400.0,44800,2
intel_gpu_plugin,set_arguments: constant:decoder.decode3.gru.hh.0.weight_weights_reorder_70,11701,48600,30150.5,60301,2
intel_gpu_plugin,set_arguments: constant:decoder.decode2.gru.ih.0.weight_weights_reorder_72,11601,33601,22601.0,45202,2
intel_gpu_plugin,set_arguments: constant:decoder.decode2.gru.hh.0.weight_weights_reorder_73,13700,31100,22400.0,44800,2
intel_gpu_plugin,set_arguments: constant:decoder.decode1.gru.ih.0.weight_weights_reorder_75,13000,31700,22350.0,44700,2
intel_gpu_plugin,set_arguments: constant:decoder.decode1.gru.hh.0.weight_weights_reorder_76,11100,27000,19050.0,38100,2
intel_gpu_plugin,set_arguments: constant:backbone.features.6.block.2.fc2.weight_weights_reorder_24,11800,35000,23400.0,46800,2
intel_gpu_plugin,set_arguments: constant:backbone.features.6.block.2.fc1.weight_weights_reorder_23,12699,26601,19650.0,39300,2
intel_gpu_plugin,set_arguments: constant:backbone.features.5.block.2.fc2.weight_weights_reorder_19,13900,27300,20600.0,41200,2
intel_gpu_plugin,set_arguments: constant:backbone.features.5.block.2.fc1.weight_weights_reorder_18,15300,26800,21050.0,42100,2
intel_gpu_plugin,set_arguments: constant:backbone.features.4.block.2.fc2.weight_weights_reorder_14,17400,29800,23600.0,47200,2
intel_gpu_plugin,set_arguments: constant:backbone.features.4.block.2.fc1.weight_weights_reorder_13,12200,31000,21600.0,43200,2
intel_gpu_plugin,set_arguments: constant:backbone.features.15.block.2.fc2.weight_weights_reorder_61,18200,26400,22300.0,44600,2
intel_gpu_plugin,set_arguments: constant:backbone.features.15.block.2.fc1.weight_weights_reorder_60,29700,42299,35999.5,71999,2
intel_gpu_plugin,set_arguments: constant:backbone.features.14.block.2.fc2.weight_weights_reorder_56,20900,29701,25300.5,50601,2
intel_gpu_plugin,set_arguments: constant:backbone.features.14.block.2.fc1.weight_weights_reorder_55,13200,26001,19600.5,39201,2
intel_gpu_plugin,set_arguments: constant:backbone.features.13.block.2.fc2.weight_weights_reorder_51,12799,26300,19549.5,39099,2
intel_gpu_plugin,set_arguments: constant:backbone.features.13.block.2.fc1.weight_weights_reorder_50,12501,25900,19200.5,38401,2
intel_gpu_plugin,set_arguments: constant:backbone.features.12.block.2.fc2.weight_weights_reorder_46,13301,22901,18101.0,36202,2
intel_gpu_plugin,set_arguments: constant:backbone.features.12.block.2.fc1.weight_weights_reorder_45,26100,52600,39350.0,78700,2
intel_gpu_plugin,set_arguments: constant:backbone.features.11.block.2.fc2.weight_weights_reorder_41,16000,31000,23500.0,47000,2
intel_gpu_plugin,set_arguments: constant:backbone.features.11.block.2.fc1.weight_weights_reorder_40,15400,24399,19899.5,39799,2
intel_gpu_plugin,set_arguments: constant:aspp.aspp2.1.weight_weights_reorder_64,13400,30401,21900.5,43801,2
intel_gpu_plugin,set_arguments: constant:Reshape_99_weights_reorder_0,14500,28601,21550.5,43101,2
intel_gpu_plugin,set_arguments: constant:Reshape_949_weights_reorder_30,12000,29399,20699.5,41399,2
intel_gpu_plugin,set_arguments: constant:Reshape_850_weights_reorder_27,14100,27501,20800.5,41601,2
intel_gpu_plugin,set_arguments: constant:Reshape_708_weights_reorder_22,12701,23000,17850.5,35701,2
intel_gpu_plugin,set_arguments: constant:Reshape_569_weights_reorder_17,11801,23800,17800.5,35601,2
intel_gpu_plugin,set_arguments: constant:Reshape_46_weights_reorder_1,12601,40501,26551.0,53102,2
intel_gpu_plugin,set_arguments: constant:Reshape_431_weights_reorder_12,14000,20700,17350.0,34700,2
intel_gpu_plugin,set_arguments: constant:Reshape_337_weights_reorder_9,18001,22700,20350.5,40701,2
intel_gpu_plugin,set_arguments: constant:Reshape_244_weights_reorder_6,22300,26400,24350.0,48700,2
intel_gpu_plugin,set_arguments: constant:Reshape_2379_weights_reorder_80,18001,21000,19500.5,39001,2
intel_gpu_plugin,set_arguments: constant:Reshape_2329_weights_reorder_81,21900,27901,24900.5,49801,2
intel_gpu_plugin,set_arguments: constant:Reshape_1827_weights_reorder_59,15801,25200,20500.5,41001,2
intel_gpu_plugin,set_arguments: constant:Reshape_1682_weights_reorder_54,14999,31099,23049.0,46098,2
intel_gpu_plugin,set_arguments: constant:Reshape_1538_weights_reorder_49,12400,22000,17200.0,34400,2
intel_gpu_plugin,set_arguments: constant:Reshape_150_weights_reorder_3,15800,24000,19900.0,39800,2
intel_gpu_plugin,set_arguments: constant:Reshape_1393_weights_reorder_44,15199,37800,26499.5,52999,2
intel_gpu_plugin,set_arguments: constant:Reshape_1249_weights_reorder_39,15200,25200,20200.0,40400,2
intel_gpu_plugin,set_arguments: constant:Reshape_1149_weights_reorder_36,24500,25100,24800.0,49600,2
intel_gpu_plugin,set_arguments: constant:Reshape_1049_weights_reorder_33,22201,24101,23151.0,46302,2
intel_gpu_plugin,set_arguments: constant:983_weights_reorder_83,16899,22500,19699.5,39399,2
intel_gpu_plugin,set_arguments: constant:980_weights_reorder_82,14800,20900,17850.0,35700,2
intel_gpu_plugin,set_arguments: constant:977_weights_reorder_78,14199,28800,21499.5,42999,2
intel_gpu_plugin,set_arguments: constant:974_weights_reorder_77,15999,21699,18849.0,37698,2
intel_gpu_plugin,set_arguments: constant:971_weights_reorder_74,21400,25199,23299.5,46599,2
intel_gpu_plugin,set_arguments: constant:968_weights_reorder_71,18500,23100,20800.0,41600,2
intel_gpu_plugin,set_arguments: constant:965_weights_reorder_68,13600,22700,18150.0,36300,2
intel_gpu_plugin,set_arguments: constant:962_weights_reorder_65,11599,21199,16399.0,32798,2
intel_gpu_plugin,set_arguments: constant:959_weights_reorder_63,13100,23000,18050.0,36100,2
intel_gpu_plugin,set_arguments: constant:956_weights_reorder_62,12600,26100,19350.0,38700,2
intel_gpu_plugin,set_arguments: constant:950_weights_reorder_58,19100,28299,23699.5,47399,2
intel_gpu_plugin,set_arguments: constant:947_weights_reorder_57,17899,54801,36350.0,72700,2
intel_gpu_plugin,set_arguments: constant:941_weights_reorder_53,15700,21401,18550.5,37101,2
intel_gpu_plugin,set_arguments: constant:938_weights_reorder_52,12500,20500,16500.0,33000,2
intel_gpu_plugin,set_arguments: constant:932_weights_reorder_48,13299,22000,17649.5,35299,2
intel_gpu_plugin,set_arguments: constant:929_weights_reorder_47,13799,25099,19449.0,38898,2
intel_gpu_plugin,set_arguments: constant:923_weights_reorder_43,14201,23900,19050.5,38101,2
intel_gpu_plugin,set_arguments: constant:920_weights_reorder_42,18600,26500,22550.0,45100,2
intel_gpu_plugin,set_arguments: constant:914_weights_reorder_38,14300,25699,19999.5,39999,2
intel_gpu_plugin,set_arguments: constant:911_weights_reorder_37,12201,29899,21050.0,42100,2
intel_gpu_plugin,set_arguments: constant:905_weights_reorder_35,12299,34099,23199.0,46398,2
intel_gpu_plugin,set_arguments: constant:902_weights_reorder_34,14199,25701,19950.0,39900,2
intel_gpu_plugin,set_arguments: constant:896_weights_reorder_32,13400,22600,18000.0,36000,2
intel_gpu_plugin,set_arguments: constant:893_weights_reorder_31,17000,22799,19899.5,39799,2
intel_gpu_plugin,set_arguments: constant:887_weights_reorder_29,12999,53300,33149.5,66299,2
intel_gpu_plugin,set_arguments: constant:884_weights_reorder_28,14001,25900,19950.5,39901,2
intel_gpu_plugin,set_arguments: constant:878_weights_reorder_26,17101,19400,18250.5,36501,2
intel_gpu_plugin,set_arguments: constant:875_weights_reorder_25,13000,22401,17700.5,35401,2
intel_gpu_plugin,set_arguments: constant:869_weights_reorder_21,11700,29000,20350.0,40700,2
intel_gpu_plugin,set_arguments: constant:866_weights_reorder_20,12600,22800,17700.0,35400,2
intel_gpu_plugin,set_arguments: constant:860_weights_reorder_16,13000,25101,19050.5,38101,2
intel_gpu_plugin,set_arguments: constant:857_weights_reorder_15,15600,27600,21600.0,43200,2
intel_gpu_plugin,set_arguments: constant:851_weights_reorder_11,12500,31400,21950.0,43900,2
intel_gpu_plugin,set_arguments: constant:848_weights_reorder_10,13600,24200,18900.0,37800,2
intel_gpu_plugin,set_arguments: constant:842_weights_reorder_8,12000,26401,19200.5,38401,2
intel_gpu_plugin,set_arguments: constant:839_weights_reorder_7,13900,19500,16700.0,33400,2
intel_gpu_plugin,set_arguments: constant:833_weights_reorder_5,15000,22199,18599.5,37199,2
intel_gpu_plugin,set_arguments: constant:830_weights_reorder_4,13199,35700,24449.5,48899,2
intel_gpu_plugin,set_arguments: constant:824_weights_reorder_2,11400,26499,18949.5,37899,2
intel_gpu_plugin,constant:refiner.conv.6.weight::prepare,15100,15100,15100.0,15100,1
intel_gpu_plugin,constant:refiner.conv.6.weight::execute,2700,2700,2700.0,2700,1
intel_gpu_plugin,constant:project_mat.conv.weight::prepare,8600,8600,8600.0,8600,1
intel_gpu_plugin,constant:project_mat.conv.weight::execute,2299,2299,2299.0,2299,1
intel_gpu_plugin,constant:decoder.decode4.gru.ih.0.weight::prepare,12400,12400,12400.0,12400,1
intel_gpu_plugin,constant:decoder.decode4.gru.ih.0.weight::execute,2599,2599,2599.0,2599,1
intel_gpu_plugin,constant:decoder.decode4.gru.hh.0.weight::prepare,8600,8600,8600.0,8600,1
intel_gpu_plugin,constant:decoder.decode4.gru.hh.0.weight::execute,2700,2700,2700.0,2700,1
intel_gpu_plugin,constant:decoder.decode3.gru.ih.0.weight::prepare,14001,14001,14001.0,14001,1
intel_gpu_plugin,constant:decoder.decode3.gru.ih.0.weight::execute,3300,3300,3300.0,3300,1
intel_gpu_plugin,constant:decoder.decode3.gru.hh.0.weight::prepare,12000,12000,12000.0,12000,1
intel_gpu_plugin,constant:decoder.decode3.gru.hh.0.weight::execute,3101,3101,3101.0,3101,1
intel_gpu_plugin,constant:decoder.decode2.gru.ih.0.weight::prepare,8400,8400,8400.0,8400,1
intel_gpu_plugin,constant:decoder.decode2.gru.ih.0.weight::execute,2701,2701,2701.0,2701,1
intel_gpu_plugin,constant:decoder.decode2.gru.hh.0.weight::prepare,11500,11500,11500.0,11500,1
intel_gpu_plugin,constant:decoder.decode2.gru.hh.0.weight::execute,2599,2599,2599.0,2599,1
intel_gpu_plugin,constant:decoder.decode1.gru.ih.0.weight::prepare,9000,9000,9000.0,9000,1
intel_gpu_plugin,constant:decoder.decode1.gru.ih.0.weight::execute,2300,2300,2300.0,2300,1
intel_gpu_plugin,constant:decoder.decode1.gru.hh.0.weight::prepare,36800,36800,36800.0,36800,1
intel_gpu_plugin,constant:decoder.decode1.gru.hh.0.weight::execute,3300,3300,3300.0,3300,1
intel_gpu_plugin,constant:backbone.features.6.block.2.fc2.weight::prepare,14001,14001,14001.0,14001,1
intel_gpu_plugin,constant:backbone.features.6.block.2.fc2.weight::execute,4800,4800,4800.0,4800,1
intel_gpu_plugin,constant:backbone.features.6.block.2.fc1.weight::prepare,11801,11801,11801.0,11801,1
intel_gpu_plugin,constant:backbone.features.6.block.2.fc1.weight::execute,3100,3100,3100.0,3100,1
intel_gpu_plugin,constant:backbone.features.5.block.2.fc2.weight::prepare,11000,11000,11000.0,11000,1
intel_gpu_plugin,constant:backbone.features.5.block.2.fc2.weight::execute,2601,2601,2601.0,2601,1
intel_gpu_plugin,constant:backbone.features.5.block.2.fc1.weight::prepare,12100,12100,12100.0,12100,1
intel_gpu_plugin,constant:backbone.features.5.block.2.fc1.weight::execute,3400,3400,3400.0,3400,1
intel_gpu_plugin,constant:backbone.features.4.block.2.fc2.weight::prepare,11099,11099,11099.0,11099,1
intel_gpu_plugin,constant:backbone.features.4.block.2.fc2.weight::execute,2400,2400,2400.0,2400,1
intel_gpu_plugin,constant:backbone.features.4.block.2.fc1.weight::prepare,14200,14200,14200.0,14200,1
intel_gpu_plugin,constant:backbone.features.4.block.2.fc1.weight::execute,3999,3999,3999.0,3999,1
intel_gpu_plugin,constant:backbone.features.15.block.2.fc2.weight::prepare,15400,15400,15400.0,15400,1
intel_gpu_plugin,constant:backbone.features.15.block.2.fc2.weight::execute,4400,4400,4400.0,4400,1
intel_gpu_plugin,constant:backbone.features.15.block.2.fc1.weight::prepare,11900,11900,11900.0,11900,1
intel_gpu_plugin,constant:backbone.features.15.block.2.fc1.weight::execute,2400,2400,2400.0,2400,1
intel_gpu_plugin,constant:backbone.features.14.block.2.fc2.weight::prepare,10199,10199,10199.0,10199,1
intel_gpu_plugin,constant:backbone.features.14.block.2.fc2.weight::execute,2300,2300,2300.0,2300,1
intel_gpu_plugin,constant:backbone.features.14.block.2.fc1.weight::prepare,37300,37300,37300.0,37300,1
intel_gpu_plugin,constant:backbone.features.14.block.2.fc1.weight::execute,2499,2499,2499.0,2499,1
intel_gpu_plugin,constant:backbone.features.13.block.2.fc2.weight::prepare,8300,8300,8300.0,8300,1
intel_gpu_plugin,constant:backbone.features.13.block.2.fc2.weight::execute,2700,2700,2700.0,2700,1
intel_gpu_plugin,constant:backbone.features.13.block.2.fc1.weight::prepare,19000,19000,19000.0,19000,1
intel_gpu_plugin,constant:backbone.features.13.block.2.fc1.weight::execute,3100,3100,3100.0,3100,1
intel_gpu_plugin,constant:backbone.features.12.block.2.fc2.weight::prepare,14600,14600,14600.0,14600,1
intel_gpu_plugin,constant:backbone.features.12.block.2.fc2.weight::execute,4699,4699,4699.0,4699,1
intel_gpu_plugin,constant:backbone.features.12.block.2.fc1.weight::prepare,11500,11500,11500.0,11500,1
intel_gpu_plugin,constant:backbone.features.12.block.2.fc1.weight::execute,2699,2699,2699.0,2699,1
intel_gpu_plugin,constant:backbone.features.11.block.2.fc2.weight::prepare,12200,12200,12200.0,12200,1
intel_gpu_plugin,constant:backbone.features.11.block.2.fc2.weight::execute,3100,3100,3100.0,3100,1
intel_gpu_plugin,constant:backbone.features.11.block.2.fc1.weight::prepare,11399,11399,11399.0,11399,1
intel_gpu_plugin,constant:backbone.features.11.block.2.fc1.weight::execute,2600,2600,2600.0,2600,1
intel_gpu_plugin,constant:aspp.aspp2.1.weight::prepare,10200,10200,10200.0,10200,1
intel_gpu_plugin,constant:aspp.aspp2.1.weight::execute,2101,2101,2101.0,2101,1
intel_gpu_plugin,constant:Reshape_99::prepare,12600,12600,12600.0,12600,1
intel_gpu_plugin,constant:Reshape_99::execute,2599,2599,2599.0,2599,1
intel_gpu_plugin,constant:Reshape_949::prepare,9100,9100,9100.0,9100,1
intel_gpu_plugin,constant:Reshape_949::execute,2999,2999,2999.0,2999,1
intel_gpu_plugin,constant:Reshape_850::prepare,13201,13201,13201.0,13201,1
intel_gpu_plugin,constant:Reshape_850::execute,4401,4401,4401.0,4401,1
intel_gpu_plugin,constant:Reshape_708::prepare,13400,13400,13400.0,13400,1
intel_gpu_plugin,constant:Reshape_708::execute,3000,3000,3000.0,3000,1
intel_gpu_plugin,constant:Reshape_569::prepare,10599,10599,10599.0,10599,1
intel_gpu_plugin,constant:Reshape_569::execute,3100,3100,3100.0,3100,1
intel_gpu_plugin,constant:Reshape_46::prepare,10600,10600,10600.0,10600,1
intel_gpu_plugin,constant:Reshape_46::execute,4300,4300,4300.0,4300,1
intel_gpu_plugin,constant:Reshape_431::prepare,13999,13999,13999.0,13999,1
intel_gpu_plugin,constant:Reshape_431::execute,2700,2700,2700.0,2700,1
intel_gpu_plugin,constant:Reshape_337::prepare,10301,10301,10301.0,10301,1
intel_gpu_plugin,constant:Reshape_337::execute,3700,3700,3700.0,3700,1
intel_gpu_plugin,constant:Reshape_244::prepare,12001,12001,12001.0,12001,1
intel_gpu_plugin,constant:Reshape_244::execute,2799,2799,2799.0,2799,1
intel_gpu_plugin,constant:Reshape_2379::prepare,11400,11400,11400.0,11400,1
intel_gpu_plugin,constant:Reshape_2379::execute,2500,2500,2500.0,2500,1
intel_gpu_plugin,constant:Reshape_2329::prepare,10600,10600,10600.0,10600,1
intel_gpu_plugin,constant:Reshape_2329::execute,2700,2700,2700.0,2700,1
intel_gpu_plugin,constant:Reshape_1827::prepare,9200,9200,9200.0,9200,1
intel_gpu_plugin,constant:Reshape_1827::execute,2300,2300,2300.0,2300,1
intel_gpu_plugin,constant:Reshape_1682::prepare,10500,10500,10500.0,10500,1
intel_gpu_plugin,constant:Reshape_1682::execute,2400,2400,2400.0,2400,1
intel_gpu_plugin,constant:Reshape_1538::prepare,10700,10700,10700.0,10700,1
intel_gpu_plugin,constant:Reshape_1538::execute,3000,3000,3000.0,3000,1
intel_gpu_plugin,constant:Reshape_150::prepare,11599,11599,11599.0,11599,1
intel_gpu_plugin,constant:Reshape_150::execute,3300,3300,3300.0,3300,1
intel_gpu_plugin,constant:Reshape_1393::prepare,13999,13999,13999.0,13999,1
intel_gpu_plugin,constant:Reshape_1393::execute,4500,4500,4500.0,4500,1
intel_gpu_plugin,constant:Reshape_1249::prepare,11200,11200,11200.0,11200,1
intel_gpu_plugin,constant:Reshape_1249::execute,3800,3800,3800.0,3800,1
intel_gpu_plugin,constant:Reshape_1149::prepare,13700,13700,13700.0,13700,1
intel_gpu_plugin,constant:Reshape_1149::execute,5500,5500,5500.0,5500,1
intel_gpu_plugin,constant:Reshape_1049::prepare,12100,12100,12100.0,12100,1
intel_gpu_plugin,constant:Reshape_1049::execute,3200,3200,3200.0,3200,1
intel_gpu_plugin,constant,2000,90200,9187.23076923077,716604,78
intel_gpu_plugin,constant:refiner.conv.6.weight_weights_reorder_84::prepare,56900,56900,56900.0,56900,1
intel_gpu_plugin,constant:refiner.conv.6.weight_weights_reorder_84::execute,254200,254200,254200.0,254200,1
intel_gpu_plugin,constant:project_mat.conv.weight_weights_reorder_79::prepare,45201,45201,45201.0,45201,1
intel_gpu_plugin,constant:project_mat.conv.weight_weights_reorder_79::execute,108799,108799,108799.0,108799,1
intel_gpu_plugin,constant:decoder.decode4.gru.ih.0.weight_weights_reorder_66::prepare,35500,35500,35500.0,35500,1
intel_gpu_plugin,constant:decoder.decode4.gru.ih.0.weight_weights_reorder_66::execute,102100,102100,102100.0,102100,1
intel_gpu_plugin,constant:decoder.decode4.gru.hh.0.weight_weights_reorder_67::prepare,46500,46500,46500.0,46500,1
intel_gpu_plugin,constant:decoder.decode4.gru.hh.0.weight_weights_reorder_67::execute,139201,139201,139201.0,139201,1
intel_gpu_plugin,constant:decoder.decode3.gru.ih.0.weight_weights_reorder_69::prepare,47300,47300,47300.0,47300,1
intel_gpu_plugin,constant:decoder.decode3.gru.ih.0.weight_weights_reorder_69::execute,121200,121200,121200.0,121200,1
intel_gpu_plugin,constant:decoder.decode3.gru.hh.0.weight_weights_reorder_70::prepare,65799,65799,65799.0,65799,1
intel_gpu_plugin,constant:decoder.decode3.gru.hh.0.weight_weights_reorder_70::execute,123099,123099,123099.0,123099,1
intel_gpu_plugin,constant:decoder.decode2.gru.ih.0.weight_weights_reorder_72::prepare,58900,58900,58900.0,58900,1
intel_gpu_plugin,constant:decoder.decode2.gru.ih.0.weight_weights_reorder_72::execute,129099,129099,129099.0,129099,1
intel_gpu_plugin,constant:decoder.decode2.gru.hh.0.weight_weights_reorder_73::prepare,44100,44100,44100.0,44100,1
intel_gpu_plugin,constant:decoder.decode2.gru.hh.0.weight_weights_reorder_73::execute,119300,119300,119300.0,119300,1
intel_gpu_plugin,constant:decoder.decode1.gru.ih.0.weight_weights_reorder_75::prepare,46900,46900,46900.0,46900,1
intel_gpu_plugin,constant:decoder.decode1.gru.ih.0.weight_weights_reorder_75::execute,131300,131300,131300.0,131300,1
intel_gpu_plugin,constant:decoder.decode1.gru.hh.0.weight_weights_reorder_76::prepare,39700,39700,39700.0,39700,1
intel_gpu_plugin,constant:decoder.decode1.gru.hh.0.weight_weights_reorder_76::execute,111400,111400,111400.0,111400,1
intel_gpu_plugin,constant:backbone.features.6.block.2.fc2.weight_weights_reorder_24::prepare,55500,55500,55500.0,55500,1
intel_gpu_plugin,constant:backbone.features.6.block.2.fc2.weight_weights_reorder_24::execute,124600,124600,124600.0,124600,1
intel_gpu_plugin,constant:backbone.features.6.block.2.fc1.weight_weights_reorder_23::prepare,39801,39801,39801.0,39801,1
intel_gpu_plugin,constant:backbone.features.6.block.2.fc1.weight_weights_reorder_23::execute,115599,115599,115599.0,115599,1
intel_gpu_plugin,constant:backbone.features.5.block.2.fc2.weight_weights_reorder_19::prepare,43500,43500,43500.0,43500,1
intel_gpu_plugin,constant:backbone.features.5.block.2.fc2.weight_weights_reorder_19::execute,92600,92600,92600.0,92600,1
intel_gpu_plugin,constant:backbone.features.5.block.2.fc1.weight_weights_reorder_18::prepare,41800,41800,41800.0,41800,1
intel_gpu_plugin,constant:backbone.features.5.block.2.fc1.weight_weights_reorder_18::execute,87001,87001,87001.0,87001,1
intel_gpu_plugin,constant:backbone.features.4.block.2.fc2.weight_weights_reorder_14::prepare,46900,46900,46900.0,46900,1
intel_gpu_plugin,constant:backbone.features.4.block.2.fc2.weight_weights_reorder_14::execute,115400,115400,115400.0,115400,1
intel_gpu_plugin,constant:backbone.features.4.block.2.fc1.weight_weights_reorder_13::prepare,49399,49399,49399.0,49399,1
intel_gpu_plugin,constant:backbone.features.4.block.2.fc1.weight_weights_reorder_13::execute,122700,122700,122700.0,122700,1
intel_gpu_plugin,constant:backbone.features.15.block.2.fc2.weight_weights_reorder_61::prepare,40701,40701,40701.0,40701,1
intel_gpu_plugin,constant:backbone.features.15.block.2.fc2.weight_weights_reorder_61::execute,110900,110900,110900.0,110900,1
intel_gpu_plugin,constant:backbone.features.15.block.2.fc1.weight_weights_reorder_60::prepare,45701,45701,45701.0,45701,1
intel_gpu_plugin,constant:backbone.features.15.block.2.fc1.weight_weights_reorder_60::execute,130801,130801,130801.0,130801,1
intel_gpu_plugin,constant:backbone.features.14.block.2.fc2.weight_weights_reorder_56::prepare,44600,44600,44600.0,44600,1
intel_gpu_plugin,constant:backbone.features.14.block.2.fc2.weight_weights_reorder_56::execute,137500,137500,137500.0,137500,1
intel_gpu_plugin,constant:backbone.features.14.block.2.fc1.weight_weights_reorder_55::prepare,40000,40000,40000.0,40000,1
intel_gpu_plugin,constant:backbone.features.14.block.2.fc1.weight_weights_reorder_55::execute,102800,102800,102800.0,102800,1
intel_gpu_plugin,constant:backbone.features.13.block.2.fc2.weight_weights_reorder_51::prepare,41600,41600,41600.0,41600,1
intel_gpu_plugin,constant:backbone.features.13.block.2.fc2.weight_weights_reorder_51::execute,127200,127200,127200.0,127200,1
intel_gpu_plugin,constant:backbone.features.13.block.2.fc1.weight_weights_reorder_50::prepare,39799,39799,39799.0,39799,1
intel_gpu_plugin,constant:backbone.features.13.block.2.fc1.weight_weights_reorder_50::execute,107601,107601,107601.0,107601,1
intel_gpu_plugin,constant:backbone.features.12.block.2.fc2.weight_weights_reorder_46::prepare,61700,61700,61700.0,61700,1
intel_gpu_plugin,constant:backbone.features.12.block.2.fc2.weight_weights_reorder_46::execute,105100,105100,105100.0,105100,1
intel_gpu_plugin,constant:backbone.features.12.block.2.fc1.weight_weights_reorder_45::prepare,41100,41100,41100.0,41100,1
intel_gpu_plugin,constant:backbone.features.12.block.2.fc1.weight_weights_reorder_45::execute,96300,96300,96300.0,96300,1
intel_gpu_plugin,constant:backbone.features.11.block.2.fc2.weight_weights_reorder_41::prepare,45500,45500,45500.0,45500,1
intel_gpu_plugin,constant:backbone.features.11.block.2.fc2.weight_weights_reorder_41::execute,118100,118100,118100.0,118100,1
intel_gpu_plugin,constant:backbone.features.11.block.2.fc1.weight_weights_reorder_40::prepare,37601,37601,37601.0,37601,1
intel_gpu_plugin,constant:backbone.features.11.block.2.fc1.weight_weights_reorder_40::execute,111200,111200,111200.0,111200,1
intel_gpu_plugin,constant:aspp.aspp2.1.weight_weights_reorder_64::prepare,44100,44100,44100.0,44100,1
intel_gpu_plugin,constant:aspp.aspp2.1.weight_weights_reorder_64::execute,116701,116701,116701.0,116701,1
intel_gpu_plugin,constant:Reshape_99_weights_reorder_0::prepare,42700,42700,42700.0,42700,1
intel_gpu_plugin,constant:Reshape_99_weights_reorder_0::execute,116900,116900,116900.0,116900,1
intel_gpu_plugin,constant:Reshape_949_weights_reorder_30::prepare,42800,42800,42800.0,42800,1
intel_gpu_plugin,constant:Reshape_949_weights_reorder_30::execute,148699,148699,148699.0,148699,1
intel_gpu_plugin,constant:Reshape_850_weights_reorder_27::prepare,40100,40100,40100.0,40100,1
intel_gpu_plugin,constant:Reshape_850_weights_reorder_27::execute,106899,106899,106899.0,106899,1
intel_gpu_plugin,constant:Reshape_708_weights_reorder_22::prepare,33800,33800,33800.0,33800,1
intel_gpu_plugin,constant:Reshape_708_weights_reorder_22::execute,94899,94899,94899.0,94899,1
intel_gpu_plugin,constant:Reshape_569_weights_reorder_17::prepare,34800,34800,34800.0,34800,1
intel_gpu_plugin,constant:Reshape_569_weights_reorder_17::execute,73600,73600,73600.0,73600,1
intel_gpu_plugin,constant:Reshape_46_weights_reorder_1::prepare,85601,85601,85601.0,85601,1
intel_gpu_plugin,constant:Reshape_46_weights_reorder_1::execute,91699,91699,91699.0,91699,1
intel_gpu_plugin,constant:Reshape_431_weights_reorder_12::prepare,30900,30900,30900.0,30900,1
intel_gpu_plugin,constant:Reshape_431_weights_reorder_12::execute,95000,95000,95000.0,95000,1
intel_gpu_plugin,constant:Reshape_337_weights_reorder_9::prepare,33101,33101,33101.0,33101,1
intel_gpu_plugin,constant:Reshape_337_weights_reorder_9::execute,85700,85700,85700.0,85700,1
intel_gpu_plugin,constant:Reshape_244_weights_reorder_6::prepare,32000,32000,32000.0,32000,1
intel_gpu_plugin,constant:Reshape_244_weights_reorder_6::execute,100701,100701,100701.0,100701,1
intel_gpu_plugin,constant:Reshape_2379_weights_reorder_80::prepare,27501,27501,27501.0,27501,1
intel_gpu_plugin,constant:Reshape_2379_weights_reorder_80::execute,158600,158600,158600.0,158600,1
intel_gpu_plugin,constant:Reshape_2329_weights_reorder_81::prepare,41401,41401,41401.0,41401,1
intel_gpu_plugin,constant:Reshape_2329_weights_reorder_81::execute,100000,100000,100000.0,100000,1
intel_gpu_plugin,constant:Reshape_1827_weights_reorder_59::prepare,38001,38001,38001.0,38001,1
intel_gpu_plugin,constant:Reshape_1827_weights_reorder_59::execute,140500,140500,140500.0,140500,1
intel_gpu_plugin,constant:Reshape_1682_weights_reorder_54::prepare,45499,45499,45499.0,45499,1
intel_gpu_plugin,constant:Reshape_1682_weights_reorder_54::execute,97400,97400,97400.0,97400,1
intel_gpu_plugin,constant:Reshape_1538_weights_reorder_49::prepare,33799,33799,33799.0,33799,1
intel_gpu_plugin,constant:Reshape_1538_weights_reorder_49::execute,101700,101700,101700.0,101700,1
intel_gpu_plugin,constant:Reshape_150_weights_reorder_3::prepare,36701,36701,36701.0,36701,1
intel_gpu_plugin,constant:Reshape_150_weights_reorder_3::execute,110400,110400,110400.0,110400,1
intel_gpu_plugin,constant:Reshape_1393_weights_reorder_44::prepare,58000,58000,58000.0,58000,1
intel_gpu_plugin,constant:Reshape_1393_weights_reorder_44::execute,108200,108200,108200.0,108200,1
intel_gpu_plugin,constant:Reshape_1249_weights_reorder_39::prepare,37399,37399,37399.0,37399,1
intel_gpu_plugin,constant:Reshape_1249_weights_reorder_39::execute,107500,107500,107500.0,107500,1
intel_gpu_plugin,constant:Reshape_1149_weights_reorder_36::prepare,35800,35800,35800.0,35800,1
intel_gpu_plugin,constant:Reshape_1149_weights_reorder_36::execute,102799,102799,102799.0,102799,1
intel_gpu_plugin,constant:Reshape_1049_weights_reorder_33::prepare,37200,37200,37200.0,37200,1
intel_gpu_plugin,constant:Reshape_1049_weights_reorder_33::execute,81100,81100,81100.0,81100,1
intel_gpu_plugin,constant:983_weights_reorder_83::prepare,33900,33900,33900.0,33900,1
intel_gpu_plugin,constant:983_weights_reorder_83::execute,89400,89400,89400.0,89400,1
intel_gpu_plugin,constant:980_weights_reorder_82::prepare,29699,29699,29699.0,29699,1
intel_gpu_plugin,constant:980_weights_reorder_82::execute,90600,90600,90600.0,90600,1
intel_gpu_plugin,constant:977_weights_reorder_78::prepare,43400,43400,43400.0,43400,1
intel_gpu_plugin,constant:977_weights_reorder_78::execute,113599,113599,113599.0,113599,1
intel_gpu_plugin,constant:974_weights_reorder_77::prepare,32900,32900,32900.0,32900,1
intel_gpu_plugin,constant:974_weights_reorder_77::execute,184700,184700,184700.0,184700,1
intel_gpu_plugin,constant:971_weights_reorder_74::prepare,37000,37000,37000.0,37000,1
intel_gpu_plugin,constant:971_weights_reorder_74::execute,97000,97000,97000.0,97000,1
intel_gpu_plugin,constant:968_weights_reorder_71::prepare,33000,33000,33000.0,33000,1
intel_gpu_plugin,constant:968_weights_reorder_71::execute,94300,94300,94300.0,94300,1
intel_gpu_plugin,constant:965_weights_reorder_68::prepare,34800,34800,34800.0,34800,1
intel_gpu_plugin,constant:965_weights_reorder_68::execute,105901,105901,105901.0,105901,1
intel_gpu_plugin,constant:962_weights_reorder_65::prepare,31600,31600,31600.0,31600,1
intel_gpu_plugin,constant:962_weights_reorder_65::execute,78399,78399,78399.0,78399,1
intel_gpu_plugin,constant:959_weights_reorder_63::prepare,33600,33600,33600.0,33600,1
intel_gpu_plugin,constant:959_weights_reorder_63::execute,109400,109400,109400.0,109400,1
intel_gpu_plugin,constant:956_weights_reorder_62::prepare,37700,37700,37700.0,37700,1
intel_gpu_plugin,constant:956_weights_reorder_62::execute,130001,130001,130001.0,130001,1
intel_gpu_plugin,constant:950_weights_reorder_58::prepare,40600,40600,40600.0,40600,1
intel_gpu_plugin,constant:950_weights_reorder_58::execute,96701,96701,96701.0,96701,1
intel_gpu_plugin,constant:947_weights_reorder_57::prepare,76499,76499,76499.0,76499,1
intel_gpu_plugin,constant:947_weights_reorder_57::execute,96701,96701,96701.0,96701,1
intel_gpu_plugin,constant:941_weights_reorder_53::prepare,29900,29900,29900.0,29900,1
intel_gpu_plugin,constant:941_weights_reorder_53::execute,82800,82800,82800.0,82800,1
intel_gpu_plugin,constant:938_weights_reorder_52::prepare,29901,29901,29901.0,29901,1
intel_gpu_plugin,constant:938_weights_reorder_52::execute,133899,133899,133899.0,133899,1
intel_gpu_plugin,constant:932_weights_reorder_48::prepare,33301,33301,33301.0,33301,1
intel_gpu_plugin,constant:932_weights_reorder_48::execute,102400,102400,102400.0,102400,1
intel_gpu_plugin,constant:929_weights_reorder_47::prepare,39099,39099,39099.0,39099,1
intel_gpu_plugin,constant:929_weights_reorder_47::execute,111101,111101,111101.0,111101,1
intel_gpu_plugin,constant:923_weights_reorder_43::prepare,35200,35200,35200.0,35200,1
intel_gpu_plugin,constant:923_weights_reorder_43::execute,72200,72200,72200.0,72200,1
intel_gpu_plugin,constant:920_weights_reorder_42::prepare,38101,38101,38101.0,38101,1
intel_gpu_plugin,constant:920_weights_reorder_42::execute,110900,110900,110900.0,110900,1
intel_gpu_plugin,constant:914_weights_reorder_38::prepare,38499,38499,38499.0,38499,1
intel_gpu_plugin,constant:914_weights_reorder_38::execute,118500,118500,118500.0,118500,1
intel_gpu_plugin,constant:911_weights_reorder_37::prepare,44299,44299,44299.0,44299,1
intel_gpu_plugin,constant:911_weights_reorder_37::execute,112300,112300,112300.0,112300,1
intel_gpu_plugin,constant:905_weights_reorder_35::prepare,46199,46199,46199.0,46199,1
intel_gpu_plugin,constant:905_weights_reorder_35::execute,129201,129201,129201.0,129201,1
intel_gpu_plugin,constant:902_weights_reorder_34::prepare,39599,39599,39599.0,39599,1
intel_gpu_plugin,constant:902_weights_reorder_34::execute,79201,79201,79201.0,79201,1
intel_gpu_plugin,constant:896_weights_reorder_32::prepare,34501,34501,34501.0,34501,1
intel_gpu_plugin,constant:896_weights_reorder_32::execute,79800,79800,79800.0,79800,1
intel_gpu_plugin,constant:893_weights_reorder_31::prepare,34400,34400,34400.0,34400,1
intel_gpu_plugin,constant:893_weights_reorder_31::execute,102600,102600,102600.0,102600,1
intel_gpu_plugin,constant:887_weights_reorder_29::prepare,107201,107201,107201.0,107201,1
intel_gpu_plugin,constant:887_weights_reorder_29::execute,113300,113300,113300.0,113300,1
intel_gpu_plugin,constant:884_weights_reorder_28::prepare,37300,37300,37300.0,37300,1
intel_gpu_plugin,constant:884_weights_reorder_28::execute,99300,99300,99300.0,99300,1
intel_gpu_plugin,constant:878_weights_reorder_26::prepare,27900,27900,27900.0,27900,1
intel_gpu_plugin,constant:878_weights_reorder_26::execute,79100,79100,79100.0,79100,1
intel_gpu_plugin,constant:875_weights_reorder_25::prepare,32600,32600,32600.0,32600,1
intel_gpu_plugin,constant:875_weights_reorder_25::execute,108700,108700,108700.0,108700,1
intel_gpu_plugin,constant:869_weights_reorder_21::prepare,41900,41900,41900.0,41900,1
intel_gpu_plugin,constant:869_weights_reorder_21::execute,106400,106400,106400.0,106400,1
intel_gpu_plugin,constant:866_weights_reorder_20::prepare,34201,34201,34201.0,34201,1
intel_gpu_plugin,constant:866_weights_reorder_20::execute,130199,130199,130199.0,130199,1
intel_gpu_plugin,constant:860_weights_reorder_16::prepare,35400,35400,35400.0,35400,1
intel_gpu_plugin,constant:860_weights_reorder_16::execute,79800,79800,79800.0,79800,1
intel_gpu_plugin,constant:857_weights_reorder_15::prepare,39200,39200,39200.0,39200,1
intel_gpu_plugin,constant:857_weights_reorder_15::execute,537901,537901,537901.0,537901,1
intel_gpu_plugin,constant:851_weights_reorder_11::prepare,46100,46100,46100.0,46100,1
intel_gpu_plugin,constant:851_weights_reorder_11::execute,92600,92600,92600.0,92600,1
intel_gpu_plugin,constant:848_weights_reorder_10::prepare,35599,35599,35599.0,35599,1
intel_gpu_plugin,constant:848_weights_reorder_10::execute,87900,87900,87900.0,87900,1
intel_gpu_plugin,constant:842_weights_reorder_8::prepare,39600,39600,39600.0,39600,1
intel_gpu_plugin,constant:842_weights_reorder_8::execute,78000,78000,78000.0,78000,1
intel_gpu_plugin,constant:839_weights_reorder_7::prepare,29200,29200,29200.0,29200,1
intel_gpu_plugin,constant:839_weights_reorder_7::execute,98100,98100,98100.0,98100,1
intel_gpu_plugin,constant:833_weights_reorder_5::prepare,32800,32800,32800.0,32800,1
intel_gpu_plugin,constant:833_weights_reorder_5::execute,92200,92200,92200.0,92200,1
intel_gpu_plugin,constant:830_weights_reorder_4::prepare,52700,52700,52700.0,52700,1
intel_gpu_plugin,constant:830_weights_reorder_4::execute,210700,210700,210700.0,210700,1
intel_gpu_plugin,constant:824_weights_reorder_2::prepare,39101,39101,39101.0,39101,1
intel_gpu_plugin,constant:824_weights_reorder_2::execute,108900,108900,108900.0,108900,1
intel_gpu_plugin,NetworkImpl::Execute,2561500,842261599,28557396.12962963,1542099391,54
intel_gpu_plugin,pass::PropagateConstants,608966000,608966000,608966000.0,608966000,1
intel_gpu_plugin,Program::transfer_memory_to_device,7190100,7190100,7190100.0,7190100,1
intel_gpu_plugin,ProgramBuilder::CreateProgram,1163333799,1163333799,1163333799.0,1163333799,1
intel_gpu_plugin,ProgramBuilder::build,1172598700,1172598700,1172598700.0,1172598700,1
intel_gpu_plugin,NetworkImpl::TransferMemory,99,43500,705.9230769230769,119301,169
intel_gpu_plugin,Graph::build,23201000,23201000,23201000.0,23201000,1
intel_gpu_plugin,Plugin::compile_model::CreateCompiledModel,1522658800,1522658800,1522658800.0,1522658800,1
intel_gpu_plugin,Plugin::compile_model,2089206700,2089206700,2089206700.0,2089206700,1
intel_gpu_plugin,RemoteTensorImpl::Allocate,3300,224201,63799.9375,1020799,16
intel_gpu_plugin,SyncInferRequest::create_host_tensor,4499,868400,122290.81818181818,1345199,11
intel_gpu_plugin,SyncInferRequest::allocate_inputs,3443499,3443499,3443499.0,3443499,1
intel_gpu_plugin,SyncInferRequest::allocate_outputs,936200,936200,936200.0,936200,1
intel_gpu_plugin,CompiledModel::create_sync_infer_request,6171300,6171300,6171300.0,6171300,1
intel_gpu_plugin,SyncInferRequest::set_tensor,1201,48300,5760.422641509434,1526512,265
intel_gpu_plugin,SyncInferRequest::prepare_input: parameter:src,179299,496501,198384.79245283018,10514394,53
intel_gpu_plugin,SyncInferRequest::prepare_input: parameter:r1i,102300,328599,113371.6603773585,6008698,53
intel_gpu_plugin,SyncInferRequest::prepare_input: parameter:r2i,41999,182800,48928.24528301887,2593197,53
intel_gpu_plugin,SyncInferRequest::prepare_input: parameter:r3i,25001,132301,29279.32075471698,1551804,53
intel_gpu_plugin,SyncInferRequest::prepare_input: parameter:r4i,17900,127700,22867.867924528302,1211997,53
intel_gpu_plugin,SyncInferRequest::prepare_output,6500,39600,13875.116352201258,4412287,318
intel_gpu_plugin,set_arguments: parameter:src,1500,1500,1500.0,1500,1
intel_gpu_plugin,set_arguments: reducemean:ReduceMean_296,9199,35699,11303.666666666666,610398,54
intel_gpu_plugin,set_arguments: interpolate:Resize_3,799,4499,1140.7777777777778,61602,54
intel_gpu_plugin,set_arguments: interpolate:Resize_3_0_reorder_0,2100,38899,3463.0,187002,54
intel_gpu_plugin,set_arguments: reducemean:ReduceMean_298,4800,35200,7290.666666666667,393696,54
intel_gpu_plugin,set_arguments: concat:Concat_299,7801,30301,9724.018518518518,525097,54
intel_gpu_plugin,set_arguments: concat:Concat_299_0_reorder_1,12501,23099,17800.0,35600,2
intel_gpu_plugin,set_arguments: multiply:Mul_307,13900,23600,18750.0,37500,2
intel_gpu_plugin,set_arguments: multiply:Mul_307_0_reorder_2,13900,31500,22700.0,45400,2
intel_gpu_plugin,set_arguments: avgpool:AveragePool_169,6200,28901,8118.574074074074,438403,54
intel_gpu_plugin,set_arguments: avgpool:AveragePool_169_0_reorder_3,11701,22100,16900.5,33801,2
intel_gpu_plugin,set_arguments: avgpool:AveragePool_170,22700,29200,25950.0,51900,2
intel_gpu_plugin,set_arguments: avgpool:AveragePool_170_0_reorder_4,22601,25100,23850.5,47701,2
intel_gpu_plugin,set_arguments: avgpool:AveragePool_171,26100,30899,28499.5,56999,2
intel_gpu_plugin,set_arguments: avgpool:AveragePool_171_0_reorder_5,20901,28101,24501.0,49002,2
intel_gpu_plugin,set_arguments: concat:Concat_297,4600,33900,7492.648148148148,404603,54
intel_gpu_plugin,set_arguments: parameter:r4i,2200,2200,2200.0,2200,1
intel_gpu_plugin,set_arguments: parameter:r4i_0_reorder_6,4100,29500,6194.425925925926,334499,54
intel_gpu_plugin,set_arguments: parameter:r3i,1700,1700,1700.0,1700,1
intel_gpu_plugin,set_arguments: parameter:r3i_0_reorder_7,3400,28799,5640.833333333333,304605,54
intel_gpu_plugin,set_arguments: parameter:r2i,3299,3299,3299.0,3299,1
intel_gpu_plugin,set_arguments: parameter:r2i_0_reorder_8,2900,32300,5409.148148148148,292094,54
intel_gpu_plugin,set_arguments: parameter:r1i,1800,1800,1800.0,1800,1
intel_gpu_plugin,set_arguments: parameter:r1i_0_reorder_9,3300,32199,5324.037037037037,287498,54
intel_gpu_plugin,set_arguments: convolution:Conv_308,26000,29201,27600.5,55201,2
intel_gpu_plugin,set_arguments: convolution:Conv_301,18099,36600,27349.5,54699,2
intel_gpu_plugin,set_arguments: multiply:Mul_309,14700,32200,23450.0,46900,2
intel_gpu_plugin,set_arguments: multiply:Mul_309_0_reorder_12,18700,30100,24400.0,48800,2
intel_gpu_plugin,set_arguments: multiply:Multiply_10604,3400,27200,5033.277777777777,271797,54
intel_gpu_plugin,set_arguments: convolution:Conv_8/WithoutBiases,39599,43300,41449.5,82899,2
intel_gpu_plugin,set_arguments: hardsigmoid:HardSigmoid_9,10500,21399,15949.5,31899,2
intel_gpu_plugin,set_arguments: multiply:Mul_10,11000,13900,12450.0,24900,2
intel_gpu_plugin,set_arguments: convolution:Conv_11/WithoutBiases,31699,53800,42749.5,85499,2
intel_gpu_plugin,set_arguments: convolution:Conv_13/WithoutBiases,21300,42200,31750.0,63500,2
intel_gpu_plugin,set_arguments: convolution:Conv_15/WithoutBiases,23700,38700,31200.0,62400,2
intel_gpu_plugin,set_arguments: convolution:Conv_17/WithoutBiases,44500,47500,46000.0,92000,2
intel_gpu_plugin,set_arguments: convolution:Conv_19/WithoutBiases,26000,35400,30700.0,61400,2
intel_gpu_plugin,set_arguments: convolution:Conv_20/WithoutBiases,21900,46000,33950.0,67900,2
intel_gpu_plugin,set_arguments: convolution:Conv_22/WithoutBiases,18701,29000,23850.5,47701,2
intel_gpu_plugin,set_arguments: convolution:Conv_24/WithoutBiases,19700,38599,29149.5,58299,2
intel_gpu_plugin,set_arguments: convolution:Conv_26/WithoutBiases,19100,55099,37099.5,74199,2
intel_gpu_plugin,set_arguments: convolution:Conv_28/WithoutBiases,19900,27600,23750.0,47500,2
intel_gpu_plugin,set_arguments: reducemean:GlobalAveragePool_30,20200,29800,25000.0,50000,2
intel_gpu_plugin,set_arguments: convolution:Conv_31/WithoutBiases,24001,33800,28900.5,57801,2
intel_gpu_plugin,set_arguments: convolution:Conv_33/WithoutBiases,20100,31100,25600.0,51200,2
intel_gpu_plugin,set_arguments: multiply:Mul_35,14399,31200,22799.5,45599,2
intel_gpu_plugin,set_arguments: convolution:Conv_36/WithoutBiases,32500,40400,36450.0,72900,2
intel_gpu_plugin,set_arguments: convolution:Conv_37/WithoutBiases,23300,77999,50649.5,101299,2
intel_gpu_plugin,set_arguments: convolution:Conv_39/WithoutBiases,18200,39500,28850.0,57700,2
intel_gpu_plugin,set_arguments: reducemean:GlobalAveragePool_41,15800,24300,20050.0,40100,2
intel_gpu_plugin,set_arguments: convolution:Conv_42/WithoutBiases,19000,36000,27500.0,55000,2
intel_gpu_plugin,set_arguments: convolution:Conv_44/WithoutBiases,20100,40600,30350.0,60700,2
intel_gpu_plugin,set_arguments: multiply:Mul_46,11900,26800,19350.0,38700,2
intel_gpu_plugin,set_arguments: convolution:Conv_47/WithoutBiases,25400,46900,36150.0,72300,2
intel_gpu_plugin,set_arguments: convolution:Conv_49/WithoutBiases,18600,32600,25600.0,51200,2
intel_gpu_plugin,set_arguments: convolution:Conv_51/WithoutBiases,22299,34699,28499.0,56998,2
intel_gpu_plugin,set_arguments: reducemean:GlobalAveragePool_53,24300,29600,26950.0,53900,2
intel_gpu_plugin,set_arguments: convolution:Conv_54/WithoutBiases,24401,46600,35500.5,71001,2
intel_gpu_plugin,set_arguments: convolution:Conv_56/WithoutBiases,22200,42300,32250.0,64500,2
intel_gpu_plugin,set_arguments: multiply:Mul_58,15800,28400,22100.0,44200,2
intel_gpu_plugin,set_arguments: convolution:Conv_59/WithoutBiases,46899,47400,47149.5,94299,2
intel_gpu_plugin,set_arguments: convolution:Conv_61/WithoutBiases,41300,70801,56050.5,112101,2
intel_gpu_plugin,set_arguments: hardsigmoid:HardSigmoid_62,10300,30400,20350.0,40700,2
intel_gpu_plugin,set_arguments: multiply:Mul_63,11800,44199,27999.5,55999,2
intel_gpu_plugin,set_arguments: convolution:Conv_64/WithoutBiases,43000,43000,43000.0,86000,2
intel_gpu_plugin,set_arguments: hardsigmoid:HardSigmoid_65,10300,22500,16400.0,32800,2
intel_gpu_plugin,set_arguments: multiply:Mul_66,10899,14000,12449.5,24899,2
intel_gpu_plugin,set_arguments: convolution:Conv_67/WithoutBiases,35600,40299,37949.5,75899,2
intel_gpu_plugin,set_arguments: convolution:Conv_68/WithoutBiases,22001,32799,27400.0,54800,2
intel_gpu_plugin,set_arguments: hardsigmoid:HardSigmoid_69,12001,20099,16050.0,32100,2
intel_gpu_plugin,set_arguments: multiply:Mul_70,8000,16999,12499.5,24999,2
intel_gpu_plugin,set_arguments: convolution:Conv_71/WithoutBiases,27200,40100,33650.0,67300,2
intel_gpu_plugin,set_arguments: hardsigmoid:HardSigmoid_72,11500,15401,13450.5,26901,2
intel_gpu_plugin,set_arguments: multiply:Mul_73,12599,17900,15249.5,30499,2
intel_gpu_plugin,set_arguments: convolution:Conv_74/WithoutBiases,43600,48700,46150.0,92300,2
intel_gpu_plugin,set_arguments: convolution:Conv_76/WithoutBiases,26400,36200,31300.0,62600,2
intel_gpu_plugin,set_arguments: hardsigmoid:HardSigmoid_77,10401,21100,15750.5,31501,2
intel_gpu_plugin,set_arguments: multiply:Mul_78,10900,14599,12749.5,25499,2
intel_gpu_plugin,set_arguments: convolution:Conv_79/WithoutBiases,30100,39600,34850.0,69700,2
intel_gpu_plugin,set_arguments: hardsigmoid:HardSigmoid_80,15400,16601,16000.5,32001,2
intel_gpu_plugin,set_arguments: multiply:Mul_81,10500,14800,12650.0,25300,2
intel_gpu_plugin,set_arguments: convolution:Conv_82/WithoutBiases,41701,47601,44651.0,89302,2
intel_gpu_plugin,set_arguments: convolution:Conv_84/WithoutBiases,30399,31301,30850.0,61700,2
intel_gpu_plugin,set_arguments: hardsigmoid:HardSigmoid_85,13599,46600,30099.5,60199,2
intel_gpu_plugin,set_arguments: multiply:Mul_86,8100,51600,29850.0,59700,2
intel_gpu_plugin,set_arguments: convolution:Conv_87/WithoutBiases,32799,42899,37849.0,75698,2
intel_gpu_plugin,set_arguments: hardsigmoid:HardSigmoid_88,11700,17200,14450.0,28900,2
intel_gpu_plugin,set_arguments: multiply:Mul_89,9400,15200,12300.0,24600,2
intel_gpu_plugin,set_arguments: convolution:Conv_90/WithoutBiases,37700,44800,41250.0,82500,2
intel_gpu_plugin,set_arguments: convolution:Conv_92/WithoutBiases,27499,34999,31249.0,62498,2
intel_gpu_plugin,set_arguments: hardsigmoid:HardSigmoid_93,10301,23400,16850.5,33701,2
intel_gpu_plugin,set_arguments: multiply:Mul_94,15200,16101,15650.5,31301,2
intel_gpu_plugin,set_arguments: convolution:Conv_95/WithoutBiases,32599,38800,35699.5,71399,2
intel_gpu_plugin,set_arguments: hardsigmoid:HardSigmoid_96,12801,15700,14250.5,28501,2
intel_gpu_plugin,set_arguments: multiply:Mul_97,10600,15200,12900.0,25800,2
intel_gpu_plugin,set_arguments: reducemean:GlobalAveragePool_98,29300,33000,31150.0,62300,2
intel_gpu_plugin,set_arguments: convolution:Conv_99/WithoutBiases,27300,52100,39700.0,79400,2
intel_gpu_plugin,set_arguments: convolution:Conv_101/WithoutBiases,21900,51500,36700.0,73400,2
intel_gpu_plugin,set_arguments: multiply:Mul_103,13699,25000,19349.5,38699,2
intel_gpu_plugin,set_arguments: convolution:Conv_104/WithoutBiases,38901,41000,39950.5,79901,2
intel_gpu_plugin,set_arguments: convolution:Conv_105/WithoutBiases,37499,48200,42849.5,85699,2
intel_gpu_plugin,set_arguments: hardsigmoid:HardSigmoid_106,11700,33999,22849.5,45699,2
intel_gpu_plugin,set_arguments: multiply:Mul_107,11000,21800,16400.0,32800,2
intel_gpu_plugin,set_arguments: convolution:Conv_108/WithoutBiases,42600,45201,43900.5,87801,2
intel_gpu_plugin,set_arguments: hardsigmoid:HardSigmoid_109,11500,23101,17300.5,34601,2
intel_gpu_plugin,set_arguments: multiply:Mul_110,7801,25300,16550.5,33101,2
intel_gpu_plugin,set_arguments: reducemean:GlobalAveragePool_111,31399,33800,32599.5,65199,2
intel_gpu_plugin,set_arguments: convolution:Conv_112/WithoutBiases,25000,35200,30100.0,60200,2
intel_gpu_plugin,set_arguments: convolution:Conv_114/WithoutBiases,21000,39000,30000.0,60000,2
intel_gpu_plugin,set_arguments: multiply:Mul_116,12800,19300,16050.0,32100,2
intel_gpu_plugin,set_arguments: convolution:Conv_117/WithoutBiases,32500,119101,75800.5,151601,2
intel_gpu_plugin,set_arguments: convolution:Conv_119/WithoutBiases,27999,43199,35599.0,71198,2
intel_gpu_plugin,set_arguments: hardsigmoid:HardSigmoid_120,11199,26501,18850.0,37700,2
intel_gpu_plugin,set_arguments: multiply:Mul_121,10100,20500,15300.0,30600,2
intel_gpu_plugin,set_arguments: convolution:Conv_122/WithoutBiases,37499,40900,39199.5,78399,2
intel_gpu_plugin,set_arguments: hardsigmoid:HardSigmoid_123,11800,16599,14199.5,28399,2
intel_gpu_plugin,set_arguments: multiply:Mul_124,8800,13201,11000.5,22001,2
intel_gpu_plugin,set_arguments: reducemean:GlobalAveragePool_125,32000,33900,32950.0,65900,2
intel_gpu_plugin,set_arguments: convolution:Conv_126/WithoutBiases,28499,38000,33249.5,66499,2
intel_gpu_plugin,set_arguments: convolution:Conv_128/WithoutBiases,21500,38100,29800.0,59600,2
intel_gpu_plugin,set_arguments: multiply:Mul_130,13100,26400,19750.0,39500,2
intel_gpu_plugin,set_arguments: convolution:Conv_131/WithoutBiases,32201,38300,35250.5,70501,2
intel_gpu_plugin,set_arguments: convolution:Conv_132/WithoutBiases,34300,38399,36349.5,72699,2
intel_gpu_plugin,set_arguments: hardsigmoid:HardSigmoid_133,11700,25000,18350.0,36700,2
intel_gpu_plugin,set_arguments: multiply:Mul_134,10800,12900,11850.0,23700,2
intel_gpu_plugin,set_arguments: convolution:Conv_135/WithoutBiases,26399,40099,33249.0,66498,2
intel_gpu_plugin,set_arguments: hardsigmoid:HardSigmoid_136,9699,25200,17449.5,34899,2
intel_gpu_plugin,set_arguments: multiply:Mul_137,9000,22201,15600.5,31201,2
intel_gpu_plugin,set_arguments: reducemean:GlobalAveragePool_138,26100,32601,29350.5,58701,2
intel_gpu_plugin,set_arguments: convolution:Conv_139/WithoutBiases,33300,34299,33799.5,67599,2
intel_gpu_plugin,set_arguments: convolution:Conv_141/WithoutBiases,22700,111700,67200.0,134400,2
intel_gpu_plugin,set_arguments: multiply:Mul_143,11801,28301,20051.0,40102,2
intel_gpu_plugin,set_arguments: convolution:Conv_144/WithoutBiases,37999,42100,40049.5,80099,2
intel_gpu_plugin,set_arguments: convolution:Conv_146/WithoutBiases,23400,33199,28299.5,56599,2
intel_gpu_plugin,set_arguments: hardsigmoid:HardSigmoid_147,12801,24799,18800.0,37600,2
intel_gpu_plugin,set_arguments: multiply:Mul_148,11100,18600,14850.0,29700,2
intel_gpu_plugin,set_arguments: convolution:Conv_149/WithoutBiases,41501,45201,43351.0,86702,2
intel_gpu_plugin,set_arguments: hardsigmoid:HardSigmoid_150,13100,30001,21550.5,43101,2
intel_gpu_plugin,set_arguments: multiply:Mul_151,13901,22900,18400.5,36801,2
intel_gpu_plugin,set_arguments: reducemean:GlobalAveragePool_152,34700,35400,35050.0,70100,2
intel_gpu_plugin,set_arguments: convolution:Conv_153/WithoutBiases,25400,34601,30000.5,60001,2
intel_gpu_plugin,set_arguments: convolution:Conv_155/WithoutBiases,24201,39000,31600.5,63201,2
intel_gpu_plugin,set_arguments: multiply:Mul_157,12000,20900,16450.0,32900,2
intel_gpu_plugin,set_arguments: convolution:Conv_158/WithoutBiases,28401,79100,53750.5,107501,2
intel_gpu_plugin,set_arguments: convolution:Conv_160/WithoutBiases,19600,38400,29000.0,58000,2
intel_gpu_plugin,set_arguments: hardsigmoid:HardSigmoid_161,10600,22800,16700.0,33400,2
intel_gpu_plugin,set_arguments: multiply:Mul_162,10399,24601,17500.0,35000,2
intel_gpu_plugin,set_arguments: reducemean:GlobalAveragePool_165,33301,37999,35650.0,71300,2
intel_gpu_plugin,set_arguments: convolution:Conv_166,24000,35800,29900.0,59800,2
intel_gpu_plugin,set_arguments: convolution:Conv_163/WithoutBiases,35700,51800,43750.0,87500,2
intel_gpu_plugin,set_arguments: variadicsplit:Split_172.out1,14200,18099,16149.5,32299,2
intel_gpu_plugin,set_arguments: concat:Concat_175,17200,34801,26000.5,52001,2
intel_gpu_plugin,set_arguments: convolution:Conv_176/WithoutBiases,19400,53000,36200.0,72400,2
intel_gpu_plugin,set_arguments: variadicsplit:Split_178.out1,14901,19799,17350.0,34700,2
intel_gpu_plugin,set_arguments: variadicsplit:Split_178.out1_0_reorder_13,27399,52100,39749.5,79499,2
intel_gpu_plugin,set_arguments: multiply:Multiply_10834,2699,30200,4520.351851851852,244099,54
intel_gpu_plugin,set_arguments: multiply:Multiply_10834_0_reorder_14,28100,40300,34200.0,68400,2
intel_gpu_plugin,set_arguments: variadicsplit:Split_178.out0,10601,26400,18500.5,37001,2
intel_gpu_plugin,set_arguments: variadicsplit:Split_178.out0_0_reorder_15,24300,31000,27650.0,55300,2
intel_gpu_plugin,set_arguments: multiply:Mul_179,1000,26500,2098.1666666666665,113301,54
intel_gpu_plugin,set_arguments: multiply:Mul_179_0_reorder_16,19501,27099,23300.0,46600,2
intel_gpu_plugin,set_arguments: concat:Concat_180,21300,34800,28050.0,56100,2
intel_gpu_plugin,set_arguments: convolution:Conv_181/WithoutBiases,25500,34700,30100.0,60200,2
intel_gpu_plugin,set_arguments: tanh:Tanh_182,14300,21500,17900.0,35800,2
intel_gpu_plugin,set_arguments: multiply:Mul_186,10800,16300,13550.0,27100,2
intel_gpu_plugin,set_arguments: result:r4o/sink_port_0,800,13900,2234.9716981132074,236907,106
intel_gpu_plugin,set_arguments: variadicsplit:Split_172.out0,10800,11000,10900.0,21800,2
intel_gpu_plugin,set_arguments: concat:Concat_188,1500,1800,1650.0,3300,2
intel_gpu_plugin,set_arguments: interpolate:Resize_190,12699,14699,13699.0,27398,2
intel_gpu_plugin,set_arguments: concat:Concat_199_1,18700,102600,60650.0,121300,2
intel_gpu_plugin,set_arguments: convolution:Conv_200/WithoutBiases,44101,46099,45100.0,90200,2
intel_gpu_plugin,set_arguments: variadicsplit:Split_202.out1,10201,22300,16250.5,32501,2
intel_gpu_plugin,set_arguments: concat:Concat_205,36000,36001,36000.5,72001,2
intel_gpu_plugin,set_arguments: convolution:Conv_206/WithoutBiases,36100,39601,37850.5,75701,2
intel_gpu_plugin,set_arguments: variadicsplit:Split_208.out1,12800,29801,21300.5,42601,2
intel_gpu_plugin,set_arguments: variadicsplit:Split_208.out1_0_reorder_18,29600,29700,29650.0,59300,2
intel_gpu_plugin,set_arguments: multiply:Multiply_10837,1599,35599,3110.9814814814813,167993,54
intel_gpu_plugin,set_arguments: multiply:Multiply_10837_0_reorder_19,26700,27300,27000.0,54000,2
intel_gpu_plugin,set_arguments: variadicsplit:Split_208.out0,11000,20200,15600.0,31200,2
intel_gpu_plugin,set_arguments: variadicsplit:Split_208.out0_0_reorder_20,20800,28700,24750.0,49500,2
intel_gpu_plugin,set_arguments: multiply:Mul_209,1100,32699,2424.1296296296296,130903,54
intel_gpu_plugin,set_arguments: multiply:Mul_209_0_reorder_21,22201,32400,27300.5,54601,2
intel_gpu_plugin,set_arguments: concat:Concat_210,24500,33500,29000.0,58000,2
intel_gpu_plugin,set_arguments: convolution:Conv_211/WithoutBiases,34000,87100,60550.0,121100,2
intel_gpu_plugin,set_arguments: tanh:Tanh_212,10899,24600,17749.5,35499,2
intel_gpu_plugin,set_arguments: multiply:Mul_216,12000,16700,14350.0,28700,2
intel_gpu_plugin,set_arguments: result:r3o/sink_port_0,4900,30500,7348.047169811321,778893,106
intel_gpu_plugin,set_arguments: variadicsplit:Split_202.out0,10301,15300,12800.5,25601,2
intel_gpu_plugin,set_arguments: concat:Concat_218,21200,35599,28399.5,56799,2
intel_gpu_plugin,set_arguments: interpolate:Resize_220,9801,16200,13000.5,26001,2
intel_gpu_plugin,set_arguments: concat:Concat_229,15201,26101,20651.0,41302,2
intel_gpu_plugin,set_arguments: convolution:Conv_230/WithoutBiases,39000,43000,41000.0,82000,2
intel_gpu_plugin,set_arguments: variadicsplit:Split_232.out1,10801,13899,12350.0,24700,2
intel_gpu_plugin,set_arguments: concat:Concat_235,13999,18400,16199.5,32399,2
intel_gpu_plugin,set_arguments: convolution:Conv_236/WithoutBiases,42799,51400,47099.5,94199,2
intel_gpu_plugin,set_arguments: variadicsplit:Split_238.out1,13300,20400,16850.0,33700,2
intel_gpu_plugin,set_arguments: variadicsplit:Split_238.out1_0_reorder_23,26900,29301,28100.5,56201,2
intel_gpu_plugin,set_arguments: multiply:Multiply_10840,1299,29200,2585.1666666666665,139599,54
intel_gpu_plugin,set_arguments: multiply:Multiply_10840_0_reorder_24,22101,27700,24900.5,49801,2
intel_gpu_plugin,set_arguments: variadicsplit:Split_238.out0,9600,18299,13949.5,27899,2
intel_gpu_plugin,set_arguments: variadicsplit:Split_238.out0_0_reorder_25,18601,31500,25050.5,50101,2
intel_gpu_plugin,set_arguments: multiply:Mul_239,1101,19400,2126.0925925925926,114809,54
intel_gpu_plugin,set_arguments: multiply:Mul_239_0_reorder_26,17200,29700,23450.0,46900,2
intel_gpu_plugin,set_arguments: concat:Concat_240,19201,23300,21250.5,42501,2
intel_gpu_plugin,set_arguments: convolution:Conv_241/WithoutBiases,40501,58400,49450.5,98901,2
intel_gpu_plugin,set_arguments: tanh:Tanh_242,10599,29800,20199.5,40399,2
intel_gpu_plugin,set_arguments: multiply:Mul_246,11900,14900,13400.0,26800,2
intel_gpu_plugin,set_arguments: result:r2o/sink_port_0,3199,37401,13769.82075471698,1459601,106
intel_gpu_plugin,set_arguments: variadicsplit:Split_232.out0,13801,19800,16800.5,33601,2
intel_gpu_plugin,set_arguments: concat:Concat_248,15900,21400,18650.0,37300,2
intel_gpu_plugin,set_arguments: interpolate:Resize_250,9100,23801,16450.5,32901,2
intel_gpu_plugin,set_arguments: concat:Concat_259,19500,26000,22750.0,45500,2
intel_gpu_plugin,set_arguments: convolution:Conv_260/WithoutBiases,43601,44400,44000.5,88001,2
intel_gpu_plugin,set_arguments: variadicsplit:Split_262.out1,10401,18299,14350.0,28700,2
intel_gpu_plugin,set_arguments: concat:Concat_265,25800,33299,29549.5,59099,2
intel_gpu_plugin,set_arguments: convolution:Conv_266/WithoutBiases,26500,34400,30450.0,60900,2
intel_gpu_plugin,set_arguments: variadicsplit:Split_268.out1,10399,25401,17900.0,35800,2
intel_gpu_plugin,set_arguments: variadicsplit:Split_268.out1_0_reorder_28,23601,28399,26000.0,52000,2
intel_gpu_plugin,set_arguments: multiply:Multiply_10843,1400,32000,2685.1666666666665,144999,54
intel_gpu_plugin,set_arguments: multiply:Multiply_10843_0_reorder_29,23801,39300,31550.5,63101,2
intel_gpu_plugin,set_arguments: variadicsplit:Split_268.out0,14100,22801,18450.5,36901,2
intel_gpu_plugin,set_arguments: variadicsplit:Split_268.out0_0_reorder_30,23799,31200,27499.5,54999,2
intel_gpu_plugin,set_arguments: multiply:Mul_269,1099,22700,2094.3518518518517,113095,54
intel_gpu_plugin,set_arguments: multiply:Mul_269_0_reorder_31,20199,32901,26550.0,53100,2
intel_gpu_plugin,set_arguments: concat:Concat_270,25001,31300,28150.5,56301,2
intel_gpu_plugin,set_arguments: convolution:Conv_271/WithoutBiases,29800,36800,33300.0,66600,2
intel_gpu_plugin,set_arguments: tanh:Tanh_272,13699,36300,24999.5,49999,2
intel_gpu_plugin,set_arguments: multiply:Mul_276,12800,17700,15250.0,30500,2
intel_gpu_plugin,set_arguments: result:r1o/sink_port_0,800,15401,2801.8490566037735,296996,106
intel_gpu_plugin,set_arguments: variadicsplit:Split_262.out0,9600,13800,11700.0,23400,2
intel_gpu_plugin,set_arguments: concat:Concat_278,1700,11101,6400.5,12801,2
intel_gpu_plugin,set_arguments: interpolate:Resize_280,15101,18400,16750.5,33501,2
intel_gpu_plugin,set_arguments: concat:Concat_289,1700,2400,2050.0,4100,2
intel_gpu_plugin,set_arguments: convolution:Conv_290/WithoutBiases,42200,46201,44200.5,88401,2
intel_gpu_plugin,set_arguments: convolution:Conv_292/WithoutBiases,38000,38600,38300.0,76600,2
intel_gpu_plugin,set_arguments: convolution:Conv_294/WithoutBiases,28501,30899,29700.0,59400,2
intel_gpu_plugin,set_arguments: multiply:Mul_303,15900,30299,23099.5,46199,2
intel_gpu_plugin,set_arguments: multiply:Mul_303_0_reorder_34,30200,49799,39999.5,79999,2
intel_gpu_plugin,set_arguments: convolution:Conv_304,26999,27499,27249.0,54498,2
intel_gpu_plugin,set_arguments: convolution:Conv_302,17600,36800,27200.0,54400,2
intel_gpu_plugin,set_arguments: multiply:Mul_305,14700,27999,21349.5,42699,2
intel_gpu_plugin,set_arguments: multiply:Mul_305_0_reorder_37,18100,31700,24900.0,49800,2
intel_gpu_plugin,set_arguments: concat:Concat_311,26500,31801,29150.5,58301,2
intel_gpu_plugin,set_arguments: convolution:Conv_312/WithoutBiases,33500,43200,38350.0,76700,2
intel_gpu_plugin,set_arguments: convolution:Conv_314/WithoutBiases,21800,39200,30500.0,61000,2
intel_gpu_plugin,set_arguments: convolution:Conv_316/WithoutBiases,23201,28500,25850.5,51701,2
intel_gpu_plugin,set_arguments: convolution:Conv_316/WithoutBiases_0_reorder_38,14600,22300,18450.0,36900,2
intel_gpu_plugin,set_arguments: multiply:Mul_317,17200,26800,22000.0,44000,2
intel_gpu_plugin,set_arguments: interpolate:Resize_332,9401,27700,18550.5,37101,2
intel_gpu_plugin,set_arguments: interpolate:Resize_346,6401,15800,11100.5,22201,2
intel_gpu_plugin,set_arguments: result:pha/sink_port_0,1000,16900,2625.4150943396226,278294,106
intel_gpu_plugin,set_arguments: variadicsplit:Split_349.out0,1300,2500,1900.0,3800,2
intel_gpu_plugin,set_arguments: result:fgr/sink_port_0,801,27800,5005.6509433962265,530599,106
intel_gpu_plugin,parameter:src::prepare,2299,12999,2999.943396226415,158997,53
intel_gpu_plugin,parameter:src::execute,2700,27400,3875.566037735849,205405,53
intel_gpu_plugin,reducemean:ReduceMean_296::prepare,10799,49200,13401.905660377359,710301,53
intel_gpu_plugin,reducemean:ReduceMean_296::execute,27599,174900,32732.20754716981,1734807,53
intel_gpu_plugin,interpolate:Resize_3::prepare,2800,39100,4269.754716981132,226297,53
intel_gpu_plugin,interpolate:Resize_3::execute,500,2101,692.566037735849,36706,53
intel_gpu_plugin,interpolate:Resize_3_0_reorder_0::prepare,3900,31199,5105.773584905661,270606,53
intel_gpu_plugin,interpolate:Resize_3_0_reorder_0::execute,5300,78599,7307.547169811321,387300,53
intel_gpu_plugin,reducemean:ReduceMean_298::prepare,6399,41801,9073.566037735849,480899,53
intel_gpu_plugin,reducemean:ReduceMean_298::execute,5200,76700,7564.132075471698,400899,53
intel_gpu_plugin,concat:Concat_299::prepare,10099,41500,12041.509433962265,638200,53
intel_gpu_plugin,concat:Concat_299::execute,13600,115000,16803.830188679247,890603,53
intel_gpu_plugin,concat:Concat_299_0_reorder_1::prepare,900,66900,2501.9245283018868,132602,53
intel_gpu_plugin,concat:Concat_299_0_reorder_1::execute,11099,101599,14426.396226415094,764599,53
intel_gpu_plugin,multiply:Mul_307::prepare,1100,28000,1986.754716981132,105298,53
intel_gpu_plugin,multiply:Mul_307::execute,4600,76800,6792.415094339623,359998,53
intel_gpu_plugin,multiply:Mul_307_0_reorder_2::prepare,699,43400,1756.622641509434,93101,53
intel_gpu_plugin,multiply:Mul_307_0_reorder_2::execute,5099,72100,6837.7169811320755,362399,53
intel_gpu_plugin,avgpool:AveragePool_169::prepare,8201,39200,10171.603773584906,539095,53
intel_gpu_plugin,avgpool:AveragePool_169::execute,9301,109100,13100.018867924528,694301,53
intel_gpu_plugin,avgpool:AveragePool_169_0_reorder_3::prepare,1100,33300,2064.1132075471696,109398,53
intel_gpu_plugin,avgpool:AveragePool_169_0_reorder_3::execute,7800,93200,10154.77358490566,538203,53
intel_gpu_plugin,avgpool:AveragePool_170::prepare,1300,40900,2498.1509433962265,132402,53
intel_gpu_plugin,avgpool:AveragePool_170::execute,6600,132201,9760.33962264151,517298,53
intel_gpu_plugin,avgpool:AveragePool_170_0_reorder_4::prepare,800,33500,1737.9245283018868,92110,53
intel_gpu_plugin,avgpool:AveragePool_170_0_reorder_4::execute,6900,91000,9099.924528301886,482296,53
intel_gpu_plugin,avgpool:AveragePool_171::prepare,900,43900,2071.622641509434,109796,53
intel_gpu_plugin,avgpool:AveragePool_171::execute,7700,110001,10609.433962264151,562300,53
intel_gpu_plugin,avgpool:AveragePool_171_0_reorder_5::prepare,900,51600,2169.9056603773583,115005,53
intel_gpu_plugin,avgpool:AveragePool_171_0_reorder_5::execute,6299,89700,8956.641509433963,474702,53
intel_gpu_plugin,concat:Concat_297::prepare,6200,45100,9037.622641509433,478994,53
intel_gpu_plugin,concat:Concat_297::execute,6201,88300,8871.584905660377,470194,53
intel_gpu_plugin,parameter:r4i::prepare,600,10400,1086.9433962264152,57608,53
intel_gpu_plugin,parameter:r4i::execute,999,16999,1680.9433962264152,89090,53
intel_gpu_plugin,parameter:r4i_0_reorder_6::prepare,5900,39400,7817.0,414301,53
intel_gpu_plugin,parameter:r4i_0_reorder_6::execute,7300,102000,9858.584905660377,522505,53
intel_gpu_plugin,parameter:r3i::prepare,799,6700,1230.2641509433963,65204,53
intel_gpu_plugin,parameter:r3i::execute,500,24800,1183.0566037735848,62702,53
intel_gpu_plugin,parameter:r3i_0_reorder_7::prepare,4900,35800,6939.622641509434,367800,53
intel_gpu_plugin,parameter:r3i_0_reorder_7::execute,6500,108100,9884.88679245283,523899,53
intel_gpu_plugin,parameter:r2i::prepare,799,13000,1545.301886792453,81901,53
intel_gpu_plugin,parameter:r2i::execute,500,18799,1045.3962264150944,55406,53
intel_gpu_plugin,parameter:r2i_0_reorder_8::prepare,4700,40000,7209.452830188679,382101,53
intel_gpu_plugin,parameter:r2i_0_reorder_8::execute,6900,105600,10671.67924528302,565599,53
intel_gpu_plugin,parameter:r1i::prepare,599,10301,1135.8867924528302,60202,53
intel_gpu_plugin,parameter:r1i::execute,499,19600,1390.6037735849056,73702,53
intel_gpu_plugin,parameter:r1i_0_reorder_9::prepare,5001,44700,7171.7169811320755,380101,53
intel_gpu_plugin,parameter:r1i_0_reorder_9::execute,5400,107600,9164.245283018869,485705,53
intel_gpu_plugin,convolution:Conv_308::prepare,1101,48500,2500.0943396226417,132505,53
intel_gpu_plugin,convolution:Conv_308::execute,13101,89501,16615.132075471698,880602,53
intel_gpu_plugin,convolution:Conv_301::prepare,1001,79700,2883.056603773585,152802,53
intel_gpu_plugin,convolution:Conv_301::execute,6100,85001,8520.716981132075,451598,53
intel_gpu_plugin,multiply:Mul_309::prepare,1300,27300,2177.509433962264,115408,53
intel_gpu_plugin,multiply:Mul_309::execute,5800,71599,8048.88679245283,426591,53
intel_gpu_plugin,multiply:Mul_309_0_reorder_12::prepare,899,40300,2003.698113207547,106196,53
intel_gpu_plugin,multiply:Mul_309_0_reorder_12::execute,6500,87700,9613.169811320755,509498,53
intel_gpu_plugin,multiply:Multiply_10604::prepare,4900,37200,6598.245283018868,349707,53
intel_gpu_plugin,multiply:Multiply_10604::execute,3899,68800,5828.1509433962265,308892,53
intel_gpu_plugin,convolution:Conv_8/WithoutBiases::prepare,1099,54199,2597.9622641509436,137692,53
intel_gpu_plugin,convolution:Conv_8/WithoutBiases::execute,17299,118400,21579.094339622643,1143692,53
intel_gpu_plugin,hardsigmoid:HardSigmoid_9::prepare,900,20100,1532.188679245283,81206,53
intel_gpu_plugin,hardsigmoid:HardSigmoid_9::execute,4800,66200,6860.509433962264,363607,53
intel_gpu_plugin,multiply:Mul_10::prepare,800,22499,1503.7358490566037,79698,53
intel_gpu_plugin,multiply:Mul_10::execute,3901,107800,6782.981132075472,359498,53
intel_gpu_plugin,convolution:Conv_11/WithoutBiases::prepare,999,68200,2681.1132075471696,142099,53
intel_gpu_plugin,convolution:Conv_11/WithoutBiases::execute,9199,135500,12654.849056603774,670707,53
intel_gpu_plugin,convolution:Conv_13/WithoutBiases::prepare,1199,55900,2730.169811320755,144699,53
intel_gpu_plugin,convolution:Conv_13/WithoutBiases::execute,8200,111500,12403.698113207547,657396,53
intel_gpu_plugin,convolution:Conv_15/WithoutBiases::prepare,999,50201,2428.3207547169814,128701,53
intel_gpu_plugin,convolution:Conv_15/WithoutBiases::execute,8300,112599,12026.377358490567,637398,53
intel_gpu_plugin,convolution:Conv_17/WithoutBiases::prepare,1001,59400,2645.3207547169814,140202,53
intel_gpu_plugin,convolution:Conv_17/WithoutBiases::execute,7799,109999,11018.943396226416,584004,53
intel_gpu_plugin,convolution:Conv_19/WithoutBiases::prepare,1100,49501,2505.6603773584907,132800,53
intel_gpu_plugin,convolution:Conv_19/WithoutBiases::execute,8400,106100,11615.056603773584,615598,53
intel_gpu_plugin,convolution:Conv_20/WithoutBiases::prepare,1100,63800,2862.3396226415093,151704,53
intel_gpu_plugin,convolution:Conv_20/WithoutBiases::execute,9600,95200,12817.0,679301,53
intel_gpu_plugin,convolution:Conv_22/WithoutBiases::prepare,1000,38000,1939.4905660377358,102793,53
intel_gpu_plugin,convolution:Conv_22/WithoutBiases::execute,8201,101899,10845.169811320755,574794,53
intel_gpu_plugin,convolution:Conv_24/WithoutBiases::prepare,1000,53000,2322.735849056604,123105,53
intel_gpu_plugin,convolution:Conv_24/WithoutBiases::execute,8000,95301,10483.094339622641,555604,53
intel_gpu_plugin,convolution:Conv_26/WithoutBiases::prepare,801,75301,2600.0943396226417,137805,53
intel_gpu_plugin,convolution:Conv_26/WithoutBiases::execute,6200,80500,8388.754716981131,444604,53
intel_gpu_plugin,convolution:Conv_28/WithoutBiases::prepare,800,36499,1926.3962264150944,102099,53
intel_gpu_plugin,convolution:Conv_28/WithoutBiases::execute,7700,90700,10392.471698113208,550801,53
intel_gpu_plugin,reducemean:GlobalAveragePool_30::prepare,1100,43000,2179.3396226415093,115505,53
intel_gpu_plugin,reducemean:GlobalAveragePool_30::execute,7900,203800,13056.584905660377,691999,53
intel_gpu_plugin,convolution:Conv_31/WithoutBiases::prepare,1000,45000,2277.264150943396,120695,53
intel_gpu_plugin,convolution:Conv_31/WithoutBiases::execute,7900,89501,10754.867924528302,570008,53
intel_gpu_plugin,convolution:Conv_33/WithoutBiases::prepare,1000,40500,2315.0754716981132,122699,53
intel_gpu_plugin,convolution:Conv_33/WithoutBiases::execute,7800,86599,10258.509433962265,543701,53
intel_gpu_plugin,multiply:Mul_35::prepare,999,29801,1830.301886792453,97006,53
intel_gpu_plugin,multiply:Mul_35::execute,5100,80999,7524.509433962264,398799,53
intel_gpu_plugin,convolution:Conv_36/WithoutBiases::prepare,999,50899,2249.1132075471696,119203,53
intel_gpu_plugin,convolution:Conv_36/WithoutBiases::execute,7899,96800,10518.830188679245,557498,53
intel_gpu_plugin,convolution:Conv_37/WithoutBiases::prepare,900,93100,3143.396226415094,166600,53
intel_gpu_plugin,convolution:Conv_37/WithoutBiases::execute,8899,179399,13099.792452830188,694289,53
intel_gpu_plugin,convolution:Conv_39/WithoutBiases::prepare,1000,52600,2286.6792452830186,121194,53
intel_gpu_plugin,convolution:Conv_39/WithoutBiases::execute,8900,90800,12109.490566037735,641803,53
intel_gpu_plugin,reducemean:GlobalAveragePool_41::prepare,900,34000,1917.0754716981132,101605,53
intel_gpu_plugin,reducemean:GlobalAveragePool_41::execute,5101,67101,7232.056603773585,383299,53
intel_gpu_plugin,convolution:Conv_42/WithoutBiases::prepare,899,46700,2013.1698113207547,106698,53
intel_gpu_plugin,convolution:Conv_42/WithoutBiases::execute,9199,103100,12347.22641509434,654403,53
intel_gpu_plugin,convolution:Conv_44/WithoutBiases::prepare,1099,54701,2317.0188679245284,122802,53
intel_gpu_plugin,convolution:Conv_44/WithoutBiases::execute,8500,104200,11467.924528301886,607800,53
intel_gpu_plugin,multiply:Mul_46::prepare,900,21200,1601.8301886792453,84897,53
intel_gpu_plugin,multiply:Mul_46::execute,4200,57601,6077.320754716981,322098,53
intel_gpu_plugin,convolution:Conv_47/WithoutBiases::prepare,1000,59200,2756.622641509434,146101,53
intel_gpu_plugin,convolution:Conv_47/WithoutBiases::execute,9201,111300,12901.905660377359,683801,53
intel_gpu_plugin,convolution:Conv_49/WithoutBiases::prepare,1099,42800,2118.811320754717,112297,53
intel_gpu_plugin,convolution:Conv_49/WithoutBiases::execute,5999,70401,7922.679245283019,419902,53
intel_gpu_plugin,convolution:Conv_51/WithoutBiases::prepare,900,45900,2060.490566037736,109206,53
intel_gpu_plugin,convolution:Conv_51/WithoutBiases::execute,5799,106600,8577.264150943396,454595,53
intel_gpu_plugin,reducemean:GlobalAveragePool_53::prepare,900,50501,2220.6415094339623,117694,53
intel_gpu_plugin,reducemean:GlobalAveragePool_53::execute,4200,77500,6933.792452830188,367491,53
intel_gpu_plugin,convolution:Conv_54/WithoutBiases::prepare,1000,58501,2484.7735849056603,131693,53
intel_gpu_plugin,convolution:Conv_54/WithoutBiases::execute,6200,89300,9005.67924528302,477301,53
intel_gpu_plugin,convolution:Conv_56/WithoutBiases::prepare,899,57101,2341.4716981132074,124098,53
intel_gpu_plugin,convolution:Conv_56/WithoutBiases::execute,5800,88701,8264.075471698114,437996,53
intel_gpu_plugin,multiply:Mul_58::prepare,799,30800,1726.4150943396226,91500,53
intel_gpu_plugin,multiply:Mul_58::execute,3600,63800,5567.8490566037735,295096,53
intel_gpu_plugin,convolution:Conv_59/WithoutBiases::prepare,900,61201,2367.830188679245,125495,53
intel_gpu_plugin,convolution:Conv_59/WithoutBiases::execute,6000,94299,8775.452830188678,465099,53
intel_gpu_plugin,convolution:Conv_61/WithoutBiases::prepare,1000,69499,2864.1509433962265,151800,53
intel_gpu_plugin,convolution:Conv_61/WithoutBiases::execute,7999,114600,11267.754716981131,597191,53
intel_gpu_plugin,hardsigmoid:HardSigmoid_62::prepare,1000,19901,1630.3584905660377,86409,53
intel_gpu_plugin,hardsigmoid:HardSigmoid_62::execute,5099,69500,7273.603773584906,385501,53
intel_gpu_plugin,multiply:Mul_63::prepare,899,23300,1658.4716981132076,87899,53
intel_gpu_plugin,multiply:Mul_63::execute,4300,94400,6977.320754716981,369798,53
intel_gpu_plugin,convolution:Conv_64/WithoutBiases::prepare,900,55900,2262.3584905660377,119905,53
intel_gpu_plugin,convolution:Conv_64/WithoutBiases::execute,7600,105401,10609.566037735849,562307,53
intel_gpu_plugin,hardsigmoid:HardSigmoid_65::prepare,900,20700,1645.4150943396226,87207,53
intel_gpu_plugin,hardsigmoid:HardSigmoid_65::execute,4599,77900,7432.207547169812,393907,53
intel_gpu_plugin,multiply:Mul_66::prepare,700,23700,1481.0943396226414,78498,53
intel_gpu_plugin,multiply:Mul_66::execute,4000,70800,5988.679245283019,317400,53
intel_gpu_plugin,convolution:Conv_67/WithoutBiases::prepare,1300,51200,2560.1509433962265,135688,53
intel_gpu_plugin,convolution:Conv_67/WithoutBiases::execute,8199,94400,11356.641509433963,601902,53
intel_gpu_plugin,convolution:Conv_68/WithoutBiases::prepare,801,68800,2616.8490566037735,138693,53
intel_gpu_plugin,convolution:Conv_68/WithoutBiases::execute,8001,120101,11379.301886792453,603103,53
intel_gpu_plugin,hardsigmoid:HardSigmoid_69::prepare,799,23800,1573.5849056603774,83400,53
intel_gpu_plugin,hardsigmoid:HardSigmoid_69::execute,4500,60700,7098.226415094339,376206,53
intel_gpu_plugin,multiply:Mul_70::prepare,799,17301,1350.9811320754718,71602,53
intel_gpu_plugin,multiply:Mul_70::execute,3700,60000,5371.754716981132,284703,53
intel_gpu_plugin,convolution:Conv_71/WithoutBiases::prepare,800,50799,2162.264150943396,114600,53
intel_gpu_plugin,convolution:Conv_71/WithoutBiases::execute,7301,102901,10560.433962264151,559703,53
intel_gpu_plugin,hardsigmoid:HardSigmoid_72::prepare,900,23099,1613.245283018868,85502,53
intel_gpu_plugin,hardsigmoid:HardSigmoid_72::execute,3400,60099,5047.245283018868,267504,53
intel_gpu_plugin,multiply:Mul_73::prepare,800,27000,1758.5094339622642,93201,53
intel_gpu_plugin,multiply:Mul_73::execute,3500,69601,5190.622641509434,275103,53
intel_gpu_plugin,convolution:Conv_74/WithoutBiases::prepare,999,61501,2434.0188679245284,129003,53
intel_gpu_plugin,convolution:Conv_74/WithoutBiases::execute,8499,133199,13332.037735849057,706598,53
intel_gpu_plugin,convolution:Conv_76/WithoutBiases::prepare,699,48700,1815.132075471698,96202,53
intel_gpu_plugin,convolution:Conv_76/WithoutBiases::execute,9300,91801,12417.056603773584,658104,53
intel_gpu_plugin,hardsigmoid:HardSigmoid_77::prepare,900,20400,1666.0754716981132,88302,53
intel_gpu_plugin,hardsigmoid:HardSigmoid_77::execute,4500,73100,6841.603773584906,362605,53
intel_gpu_plugin,multiply:Mul_78::prepare,700,22900,1456.6037735849056,77200,53
intel_gpu_plugin,multiply:Mul_78::execute,4300,69700,6124.433962264151,324595,53
intel_gpu_plugin,convolution:Conv_79/WithoutBiases::prepare,799,50000,2154.7735849056603,114203,53
intel_gpu_plugin,convolution:Conv_79/WithoutBiases::execute,8800,97700,12143.396226415094,643600,53
intel_gpu_plugin,hardsigmoid:HardSigmoid_80::prepare,699,33900,1635.8301886792453,86699,53
intel_gpu_plugin,hardsigmoid:HardSigmoid_80::execute,3699,60800,5699.811320754717,302090,53
intel_gpu_plugin,multiply:Mul_81::prepare,700,21900,1420.811320754717,75303,53
intel_gpu_plugin,multiply:Mul_81::execute,3599,61799,5381.169811320755,285202,53
intel_gpu_plugin,convolution:Conv_82/WithoutBiases::prepare,800,62600,2528.396226415094,134005,53
intel_gpu_plugin,convolution:Conv_82/WithoutBiases::execute,9701,109699,13032.018867924528,690697,53
intel_gpu_plugin,convolution:Conv_84/WithoutBiases::prepare,799,40799,1762.2075471698113,93397,53
intel_gpu_plugin,convolution:Conv_84/WithoutBiases::execute,6000,70099,8158.547169811321,432403,53
intel_gpu_plugin,hardsigmoid:HardSigmoid_85::prepare,500,27501,1422.6792452830189,75402,53
intel_gpu_plugin,hardsigmoid:HardSigmoid_85::execute,3499,181600,8854.735849056604,469301,53
intel_gpu_plugin,multiply:Mul_86::prepare,701,18001,1420.7358490566037,75299,53
intel_gpu_plugin,multiply:Mul_86::execute,3400,90800,5841.471698113208,309598,53
intel_gpu_plugin,convolution:Conv_87/WithoutBiases::prepare,900,57999,2235.7169811320755,118493,53
intel_gpu_plugin,convolution:Conv_87/WithoutBiases::execute,6200,89300,8818.792452830188,467396,53
intel_gpu_plugin,hardsigmoid:HardSigmoid_88::prepare,599,23799,1332.0943396226414,70601,53
intel_gpu_plugin,hardsigmoid:HardSigmoid_88::execute,3500,71700,5596.188679245283,296598,53
intel_gpu_plugin,multiply:Mul_89::prepare,799,19499,1477.245283018868,78294,53
intel_gpu_plugin,multiply:Mul_89::execute,3300,56900,5126.264150943396,271692,53
intel_gpu_plugin,convolution:Conv_90/WithoutBiases::prepare,899,56301,2364.2264150943397,125304,53
intel_gpu_plugin,convolution:Conv_90/WithoutBiases::execute,6100,78199,8990.566037735849,476500,53
intel_gpu_plugin,convolution:Conv_92/WithoutBiases::prepare,999,47099,2379.264150943396,126101,53
intel_gpu_plugin,convolution:Conv_92/WithoutBiases::execute,7701,97000,10975.490566037735,581701,53
intel_gpu_plugin,hardsigmoid:HardSigmoid_93::prepare,899,21000,1788.7358490566037,94803,53
intel_gpu_plugin,hardsigmoid:HardSigmoid_93::execute,4401,76200,6699.962264150943,355098,53
intel_gpu_plugin,multiply:Mul_94::prepare,1000,32601,2003.811320754717,106202,53
intel_gpu_plugin,multiply:Mul_94::execute,4200,84199,6660.358490566037,352999,53
intel_gpu_plugin,convolution:Conv_95/WithoutBiases::prepare,899,50501,2218.867924528302,117600,53
intel_gpu_plugin,convolution:Conv_95/WithoutBiases::execute,7401,98701,11128.33962264151,589802,53
intel_gpu_plugin,hardsigmoid:HardSigmoid_96::prepare,699,47800,2062.264150943396,109300,53
intel_gpu_plugin,hardsigmoid:HardSigmoid_96::execute,3200,60000,5126.452830188679,271702,53
intel_gpu_plugin,multiply:Mul_97::prepare,700,22600,1418.8301886792453,75198,53
intel_gpu_plugin,multiply:Mul_97::execute,3199,58800,4813.245283018868,255102,53
intel_gpu_plugin,reducemean:GlobalAveragePool_98::prepare,899,47100,2237.830188679245,118605,53
intel_gpu_plugin,reducemean:GlobalAveragePool_98::execute,7499,156400,11715.207547169812,620906,53
intel_gpu_plugin,convolution:Conv_99/WithoutBiases::prepare,1000,65000,2664.0754716981132,141196,53
intel_gpu_plugin,convolution:Conv_99/WithoutBiases::execute,7999,107500,11301.962264150943,599004,53
intel_gpu_plugin,convolution:Conv_101/WithoutBiases::prepare,899,64900,2535.8490566037735,134400,53
intel_gpu_plugin,convolution:Conv_101/WithoutBiases::execute,7700,108200,11143.377358490567,590599,53
intel_gpu_plugin,multiply:Mul_103::prepare,799,27700,1705.5849056603774,90396,53
intel_gpu_plugin,multiply:Mul_103::execute,4200,91200,6696.264150943396,354902,53
intel_gpu_plugin,convolution:Conv_104/WithoutBiases::prepare,800,53200,2247.132075471698,119098,53
intel_gpu_plugin,convolution:Conv_104/WithoutBiases::execute,8000,118401,11619.0,615807,53
intel_gpu_plugin,convolution:Conv_105/WithoutBiases::prepare,900,49599,2311.3396226415093,122501,53
intel_gpu_plugin,convolution:Conv_105/WithoutBiases::execute,9200,98800,12447.075471698114,659695,53
intel_gpu_plugin,hardsigmoid:HardSigmoid_106::prepare,800,21701,1554.6792452830189,82398,53
intel_gpu_plugin,hardsigmoid:HardSigmoid_106::execute,4600,69701,6741.528301886792,357301,53
intel_gpu_plugin,multiply:Mul_107::prepare,799,21800,1709.301886792453,90593,53
intel_gpu_plugin,multiply:Mul_107::execute,4399,70600,7747.264150943396,410605,53
intel_gpu_plugin,convolution:Conv_108/WithoutBiases::prepare,700,55900,2215.2264150943397,117407,53
intel_gpu_plugin,convolution:Conv_108/WithoutBiases::execute,7801,103800,11607.603773584906,615203,53
intel_gpu_plugin,hardsigmoid:HardSigmoid_109::prepare,900,31200,1809.4150943396226,95899,53
intel_gpu_plugin,hardsigmoid:HardSigmoid_109::execute,3601,54699,5579.11320754717,295693,53
intel_gpu_plugin,multiply:Mul_110::prepare,701,16400,1403.811320754717,74402,53
intel_gpu_plugin,multiply:Mul_110::execute,3700,52400,5252.792452830188,278398,53
intel_gpu_plugin,reducemean:GlobalAveragePool_111::prepare,900,45000,2290.6603773584907,121405,53
intel_gpu_plugin,reducemean:GlobalAveragePool_111::execute,6000,85399,8260.547169811322,437809,53
intel_gpu_plugin,convolution:Conv_112/WithoutBiases::prepare,800,45900,2198.301886792453,116510,53
intel_gpu_plugin,convolution:Conv_112/WithoutBiases::execute,8800,146800,12686.88679245283,672405,53
intel_gpu_plugin,convolution:Conv_114/WithoutBiases::prepare,900,55201,2454.811320754717,130105,53
intel_gpu_plugin,convolution:Conv_114/WithoutBiases::execute,8200,110401,11407.566037735849,604601,53
intel_gpu_plugin,multiply:Mul_116::prepare,800,24400,1543.4150943396226,81801,53
intel_gpu_plugin,multiply:Mul_116::execute,4100,73301,6030.264150943396,319604,53
intel_gpu_plugin,convolution:Conv_117/WithoutBiases::prepare,1000,136101,3894.433962264151,206405,53
intel_gpu_plugin,convolution:Conv_117/WithoutBiases::execute,7900,118300,11547.056603773584,611994,53
intel_gpu_plugin,convolution:Conv_119/WithoutBiases::prepare,800,57599,2407.566037735849,127601,53
intel_gpu_plugin,convolution:Conv_119/WithoutBiases::execute,6300,84000,8932.0,473396,53
intel_gpu_plugin,hardsigmoid:HardSigmoid_120::prepare,799,20700,1477.3962264150944,78302,53
intel_gpu_plugin,hardsigmoid:HardSigmoid_120::execute,3500,62200,5467.867924528302,289797,53
intel_gpu_plugin,multiply:Mul_121::prepare,799,20201,1369.8490566037735,72602,53
intel_gpu_plugin,multiply:Mul_121::execute,3300,52900,4979.264150943396,263901,53
intel_gpu_plugin,convolution:Conv_122/WithoutBiases::prepare,799,52401,2158.5283018867926,114402,53
intel_gpu_plugin,convolution:Conv_122/WithoutBiases::execute,6900,164500,11454.641509433963,607096,53
intel_gpu_plugin,hardsigmoid:HardSigmoid_123::prepare,900,23200,1626.301886792453,86194,53
intel_gpu_plugin,hardsigmoid:HardSigmoid_123::execute,3400,64700,5271.641509433963,279397,53
intel_gpu_plugin,multiply:Mul_124::prepare,699,26999,1545.301886792453,81901,53
intel_gpu_plugin,multiply:Mul_124::execute,3099,49799,4552.8490566037735,241301,53
intel_gpu_plugin,reducemean:GlobalAveragePool_125::prepare,900,47500,2175.509433962264,115302,53
intel_gpu_plugin,reducemean:GlobalAveragePool_125::execute,4200,84800,6452.811320754717,341999,53
intel_gpu_plugin,convolution:Conv_126/WithoutBiases::prepare,801,50500,2266.0377358490564,120100,53
intel_gpu_plugin,convolution:Conv_126/WithoutBiases::execute,5999,76400,8186.7169811320755,433896,53
intel_gpu_plugin,convolution:Conv_128/WithoutBiases::prepare,900,52201,2277.433962264151,120704,53
intel_gpu_plugin,convolution:Conv_128/WithoutBiases::execute,5800,87000,9052.698113207547,479793,53
intel_gpu_plugin,multiply:Mul_130::prepare,699,24300,1639.566037735849,86897,53
intel_gpu_plugin,multiply:Mul_130::execute,3501,66999,5703.7169811320755,302297,53
intel_gpu_plugin,convolution:Conv_131/WithoutBiases::prepare,800,48700,2081.132075471698,110300,53
intel_gpu_plugin,convolution:Conv_131/WithoutBiases::execute,7100,102300,10254.622641509433,543495,53
intel_gpu_plugin,convolution:Conv_132/WithoutBiases::prepare,900,52800,2318.943396226415,122904,53
intel_gpu_plugin,convolution:Conv_132/WithoutBiases::execute,8600,137399,12756.735849056604,676107,53
intel_gpu_plugin,hardsigmoid:HardSigmoid_133::prepare,801,23699,1547.245283018868,82004,53
intel_gpu_plugin,hardsigmoid:HardSigmoid_133::execute,4499,68200,6405.603773584906,339497,53
intel_gpu_plugin,multiply:Mul_134::prepare,899,22400,1513.3584905660377,80208,53
intel_gpu_plugin,multiply:Mul_134::execute,3900,83800,7779.1509433962265,412295,53
intel_gpu_plugin,convolution:Conv_135/WithoutBiases::prepare,799,55200,2133.943396226415,113099,53
intel_gpu_plugin,convolution:Conv_135/WithoutBiases::execute,8600,108000,11905.66037735849,631000,53
intel_gpu_plugin,hardsigmoid:HardSigmoid_136::prepare,599,28900,1435.7924528301887,76097,53
intel_gpu_plugin,hardsigmoid:HardSigmoid_136::execute,3800,44101,5114.981132075472,271094,53
intel_gpu_plugin,multiply:Mul_137::prepare,1099,17500,1635.8301886792453,86699,53
intel_gpu_plugin,multiply:Mul_137::execute,3599,49100,5103.622641509434,270492,53
intel_gpu_plugin,reducemean:GlobalAveragePool_138::prepare,999,46800,2134.0188679245284,113103,53
intel_gpu_plugin,reducemean:GlobalAveragePool_138::execute,5400,82200,7764.11320754717,411498,53
intel_gpu_plugin,convolution:Conv_139/WithoutBiases::prepare,800,44900,2043.301886792453,108295,53
intel_gpu_plugin,convolution:Conv_139/WithoutBiases::execute,9100,90601,12698.188679245282,673004,53
intel_gpu_plugin,convolution:Conv_141/WithoutBiases::prepare,1000,139300,3998.1509433962265,211902,53
intel_gpu_plugin,convolution:Conv_141/WithoutBiases::execute,8100,98801,11026.377358490567,584398,53
intel_gpu_plugin,multiply:Mul_143::prepare,799,22800,1635.7735849056603,86696,53
intel_gpu_plugin,multiply:Mul_143::execute,4401,71699,6513.320754716981,345206,53
intel_gpu_plugin,convolution:Conv_144/WithoutBiases::prepare,1000,53901,2313.3584905660377,122608,53
intel_gpu_plugin,convolution:Conv_144/WithoutBiases::execute,8800,94100,12109.509433962265,641804,53
intel_gpu_plugin,convolution:Conv_146/WithoutBiases::prepare,1000,45601,2232.2830188679245,118311,53
intel_gpu_plugin,convolution:Conv_146/WithoutBiases::execute,6100,77301,9028.245283018869,478497,53
intel_gpu_plugin,hardsigmoid:HardSigmoid_147::prepare,699,24000,1401.9622641509434,74304,53
intel_gpu_plugin,hardsigmoid:HardSigmoid_147::execute,3700,63300,5769.754716981132,305797,53
intel_gpu_plugin,multiply:Mul_148::prepare,700,21200,1571.6603773584907,83298,53
intel_gpu_plugin,multiply:Mul_148::execute,3300,50700,4956.641509433963,262702,53
intel_gpu_plugin,convolution:Conv_149/WithoutBiases::prepare,899,61300,2407.5471698113206,127600,53
intel_gpu_plugin,convolution:Conv_149/WithoutBiases::execute,6200,102700,9366.094339622641,496403,53
intel_gpu_plugin,hardsigmoid:HardSigmoid_150::prepare,700,25800,1647.2075471698113,87302,53
intel_gpu_plugin,hardsigmoid:HardSigmoid_150::execute,3199,57400,4958.509433962264,262801,53
intel_gpu_plugin,multiply:Mul_151::prepare,600,28500,1588.7358490566037,84203,53
intel_gpu_plugin,multiply:Mul_151::execute,3199,68501,4884.811320754717,258895,53
intel_gpu_plugin,reducemean:GlobalAveragePool_152::prepare,800,45500,2067.9056603773583,109599,53
intel_gpu_plugin,reducemean:GlobalAveragePool_152::execute,4199,76099,6154.603773584906,326194,53
intel_gpu_plugin,convolution:Conv_153/WithoutBiases::prepare,999,44900,2124.4716981132074,112597,53
intel_gpu_plugin,convolution:Conv_153/WithoutBiases::execute,5900,86000,8309.509433962265,440404,53
intel_gpu_plugin,convolution:Conv_155/WithoutBiases::prepare,799,55500,2185.0,115805,53
intel_gpu_plugin,convolution:Conv_155/WithoutBiases::execute,5601,85699,7832.207547169812,415107,53
intel_gpu_plugin,multiply:Mul_157::prepare,599,23100,1392.4528301886792,73800,53
intel_gpu_plugin,multiply:Mul_157::execute,3401,63500,5341.641509433963,283107,53
intel_gpu_plugin,convolution:Conv_158/WithoutBiases::prepare,999,100599,3115.0377358490564,165097,53
intel_gpu_plugin,convolution:Conv_158/WithoutBiases::execute,6500,80900,9022.67924528302,478202,53
intel_gpu_plugin,convolution:Conv_160/WithoutBiases::prepare,799,51801,2032.1132075471698,107702,53
intel_gpu_plugin,convolution:Conv_160/WithoutBiases::execute,5899,83501,8101.88679245283,429400,53
intel_gpu_plugin,hardsigmoid:HardSigmoid_161::prepare,699,19700,1384.8867924528302,73399,53
intel_gpu_plugin,hardsigmoid:HardSigmoid_161::execute,3599,52300,5030.245283018868,266603,53
intel_gpu_plugin,multiply:Mul_162::prepare,599,19900,1422.6792452830189,75402,53
intel_gpu_plugin,multiply:Mul_162::execute,3100,58800,5692.547169811321,301705,53
intel_gpu_plugin,reducemean:GlobalAveragePool_165::prepare,799,52200,2034.0754716981132,107806,53
intel_gpu_plugin,reducemean:GlobalAveragePool_165::execute,3999,83200,6045.207547169812,320396,53
intel_gpu_plugin,convolution:Conv_166::prepare,800,45501,2094.3396226415093,111000,53
intel_gpu_plugin,convolution:Conv_166::execute,7800,106899,10564.150943396226,559900,53
intel_gpu_plugin,convolution:Conv_163/WithoutBiases::prepare,800,65501,2413.301886792453,127905,53
intel_gpu_plugin,convolution:Conv_163/WithoutBiases::execute,8000,141500,12035.811320754718,637898,53
intel_gpu_plugin,variadicsplit:Split_172.out1::prepare,1299,28400,2279.188679245283,120797,53
intel_gpu_plugin,variadicsplit:Split_172.out1::execute,5600,187900,10135.716981132075,537193,53
intel_gpu_plugin,concat:Concat_175::prepare,900,46100,2113.1132075471696,111995,53
intel_gpu_plugin,concat:Concat_175::execute,8901,83600,12447.132075471698,659698,53
intel_gpu_plugin,convolution:Conv_176/WithoutBiases::prepare,900,71001,2651.1509433962265,140511,53
intel_gpu_plugin,convolution:Conv_176/WithoutBiases::execute,8300,110900,11701.905660377359,620201,53
intel_gpu_plugin,variadicsplit:Split_178.out1::prepare,899,31100,1769.8490566037735,93802,53
intel_gpu_plugin,variadicsplit:Split_178.out1::execute,3800,52800,5392.490566037736,285802,53
intel_gpu_plugin,variadicsplit:Split_178.out1_0_reorder_13::prepare,800,37800,1866.1132075471698,98904,53
intel_gpu_plugin,variadicsplit:Split_178.out1_0_reorder_13::execute,6899,132401,10675.301886792453,565791,53
intel_gpu_plugin,multiply:Multiply_10834::prepare,4300,31400,6256.66037735849,331603,53
intel_gpu_plugin,multiply:Multiply_10834::execute,3900,79101,6071.679245283019,321799,53
intel_gpu_plugin,multiply:Multiply_10834_0_reorder_14::prepare,500,39301,1703.698113207547,90296,53
intel_gpu_plugin,multiply:Multiply_10834_0_reorder_14::execute,5799,76701,9054.792452830188,479904,53
intel_gpu_plugin,variadicsplit:Split_178.out0::prepare,899,21400,1630.2641509433963,86404,53
intel_gpu_plugin,variadicsplit:Split_178.out0::execute,3699,70599,5605.641509433963,297099,53
intel_gpu_plugin,variadicsplit:Split_178.out0_0_reorder_15::prepare,701,44700,2013.132075471698,106696,53
intel_gpu_plugin,variadicsplit:Split_178.out0_0_reorder_15::execute,3800,80900,5922.622641509434,313899,53
intel_gpu_plugin,multiply:Mul_179::prepare,2301,20300,3411.301886792453,180799,53
intel_gpu_plugin,multiply:Mul_179::execute,3800,68900,5664.094339622641,300197,53
intel_gpu_plugin,multiply:Mul_179_0_reorder_16::prepare,699,40800,1845.3207547169811,97802,53
intel_gpu_plugin,multiply:Mul_179_0_reorder_16::execute,3899,87100,6032.094339622641,319701,53
intel_gpu_plugin,concat:Concat_180::prepare,699,59799,2090.6792452830186,110806,53
intel_gpu_plugin,concat:Concat_180::execute,5700,80700,7977.433962264151,422804,53
intel_gpu_plugin,convolution:Conv_181/WithoutBiases::prepare,699,46600,1866.0377358490566,98900,53
intel_gpu_plugin,convolution:Conv_181/WithoutBiases::execute,7900,116700,11364.094339622641,602297,53
intel_gpu_plugin,tanh:Tanh_182::prepare,799,29900,1609.5283018867924,85305,53
intel_gpu_plugin,tanh:Tanh_182::execute,3999,85901,6271.7169811320755,332401,53
intel_gpu_plugin,multiply:Mul_186::prepare,700,22000,1594.301886792453,84498,53
intel_gpu_plugin,multiply:Mul_186::execute,4199,72399,6433.981132075472,341001,53
intel_gpu_plugin,result:r4o/sink_port_0::prepare,2201,27101,3584.9245283018868,190001,53
intel_gpu_plugin,result:r4o/sink_port_0::execute,4500,108699,7288.547169811321,386293,53
intel_gpu_plugin,variadicsplit:Split_172.out0::prepare,699,23400,1554.7169811320755,82400,53
intel_gpu_plugin,variadicsplit:Split_172.out0::execute,4000,72200,6043.415094339623,320301,53
intel_gpu_plugin,concat:Concat_188::prepare,500,9000,941.6037735849056,49905,53
intel_gpu_plugin,concat:Concat_188::execute,99,12100,379.2830188679245,20102,53
intel_gpu_plugin,interpolate:Resize_190::prepare,900,29300,1864.1132075471698,98798,53
intel_gpu_plugin,interpolate:Resize_190::execute,3600,99401,6500.037735849057,344502,53
intel_gpu_plugin,concat:Concat_199_1::prepare,1000,31500,2024.4150943396226,107294,53
intel_gpu_plugin,concat:Concat_199_1::execute,12100,80999,15094.245283018869,799995,53
intel_gpu_plugin,convolution:Conv_200/WithoutBiases::prepare,701,55299,2241.377358490566,118793,53
intel_gpu_plugin,convolution:Conv_200/WithoutBiases::execute,8400,92501,11958.584905660377,633805,53
intel_gpu_plugin,variadicsplit:Split_202.out1::prepare,699,21399,1403.867924528302,74405,53
intel_gpu_plugin,variadicsplit:Split_202.out1::execute,4399,143300,8073.490566037736,427895,53
intel_gpu_plugin,concat:Concat_205::prepare,799,48601,2198.169811320755,116503,53
intel_gpu_plugin,concat:Concat_205::execute,9699,109400,13696.245283018869,725901,53
intel_gpu_plugin,convolution:Conv_206/WithoutBiases::prepare,801,47300,2086.7735849056603,110599,53
intel_gpu_plugin,convolution:Conv_206/WithoutBiases::execute,7999,87400,10554.641509433963,559396,53
intel_gpu_plugin,variadicsplit:Split_208.out1::prepare,800,26300,1603.8490566037735,85004,53
intel_gpu_plugin,variadicsplit:Split_208.out1::execute,3499,124101,6375.415094339623,337897,53
intel_gpu_plugin,variadicsplit:Split_208.out1_0_reorder_18::prepare,900,44900,2094.264150943396,110996,53
intel_gpu_plugin,variadicsplit:Split_208.out1_0_reorder_18::execute,6399,97500,9143.33962264151,484597,53
intel_gpu_plugin,multiply:Multiply_10837::prepare,3100,21199,4334.056603773585,229705,53
intel_gpu_plugin,multiply:Multiply_10837::execute,3699,68900,5607.509433962264,297198,53
intel_gpu_plugin,multiply:Multiply_10837_0_reorder_19::prepare,600,37200,1803.8301886792453,95603,53
intel_gpu_plugin,multiply:Multiply_10837_0_reorder_19::execute,5500,95401,8773.547169811322,464998,53
intel_gpu_plugin,variadicsplit:Split_208.out0::prepare,800,22201,1490.5094339622642,78997,53
intel_gpu_plugin,variadicsplit:Split_208.out0::execute,3799,77499,6037.754716981132,320001,53
intel_gpu_plugin,variadicsplit:Split_208.out0_0_reorder_20::prepare,599,39701,1688.698113207547,89501,53
intel_gpu_plugin,variadicsplit:Split_208.out0_0_reorder_20::execute,4000,75700,5718.773584905661,303095,53
intel_gpu_plugin,multiply:Mul_209::prepare,2600,30001,4152.8490566037735,220101,53
intel_gpu_plugin,multiply:Mul_209::execute,3300,86100,5539.641509433963,293601,53
intel_gpu_plugin,multiply:Mul_209_0_reorder_21::prepare,900,47000,2133.9811320754716,113101,53
intel_gpu_plugin,multiply:Mul_209_0_reorder_21::execute,3900,86000,6026.433962264151,319401,53
intel_gpu_plugin,concat:Concat_210::prepare,799,45900,1905.6037735849056,100997,53
intel_gpu_plugin,concat:Concat_210::execute,5300,82099,7398.094339622641,392099,53
intel_gpu_plugin,convolution:Conv_211/WithoutBiases::prepare,699,44999,2103.735849056604,111498,53
intel_gpu_plugin,convolution:Conv_211/WithoutBiases::execute,8000,99700,11699.962264150943,620098,53
intel_gpu_plugin,tanh:Tanh_212::prepare,799,20899,1485.0566037735848,78708,53
intel_gpu_plugin,tanh:Tanh_212::execute,3699,63100,5749.207547169812,304708,53
intel_gpu_plugin,multiply:Mul_216::prepare,701,23300,1481.0943396226414,78498,53
intel_gpu_plugin,multiply:Mul_216::execute,4100,122500,7486.792452830188,396800,53
intel_gpu_plugin,result:r3o/sink_port_0::prepare,6300,39700,9207.471698113208,487996,53
intel_gpu_plugin,result:r3o/sink_port_0::execute,8000,71300,11492.584905660377,609107,53
intel_gpu_plugin,variadicsplit:Split_202.out0::prepare,600,20800,1428.377358490566,75704,53
intel_gpu_plugin,variadicsplit:Split_202.out0::execute,3899,59901,5534.037735849057,293304,53
intel_gpu_plugin,concat:Concat_218::prepare,700,46801,1909.3207547169811,101194,53
intel_gpu_plugin,concat:Concat_218::execute,5901,82801,8345.301886792453,442301,53
intel_gpu_plugin,interpolate:Resize_220::prepare,800,19200,1664.188679245283,88202,53
intel_gpu_plugin,interpolate:Resize_220::execute,3600,59499,5558.509433962264,294601,53
intel_gpu_plugin,concat:Concat_229::prepare,899,24500,1758.433962264151,93197,53
intel_gpu_plugin,concat:Concat_229::execute,11500,66199,14020.716981132075,743098,53
intel_gpu_plugin,convolution:Conv_230/WithoutBiases::prepare,800,53299,2173.509433962264,115196,53
intel_gpu_plugin,convolution:Conv_230/WithoutBiases::execute,8701,92800,12298.132075471698,651801,53
intel_gpu_plugin,variadicsplit:Split_232.out1::prepare,800,21101,1503.7735849056603,79700,53
intel_gpu_plugin,variadicsplit:Split_232.out1::execute,3600,64099,5315.094339622641,281700,53
intel_gpu_plugin,concat:Concat_235::prepare,500,24100,1383.1132075471698,73305,53
intel_gpu_plugin,concat:Concat_235::execute,7700,100800,10458.547169811322,554303,53
intel_gpu_plugin,convolution:Conv_236/WithoutBiases::prepare,900,58099,2335.7924528301887,123797,53
intel_gpu_plugin,convolution:Conv_236/WithoutBiases::execute,7899,115300,11130.075471698114,589894,53
intel_gpu_plugin,variadicsplit:Split_238.out1::prepare,900,27000,1728.2830188679245,91599,53
intel_gpu_plugin,variadicsplit:Split_238.out1::execute,3200,61601,4915.11320754717,260501,53
intel_gpu_plugin,variadicsplit:Split_238.out1_0_reorder_23::prepare,700,39200,1864.433962264151,98815,53
intel_gpu_plugin,variadicsplit:Split_238.out1_0_reorder_23::execute,6400,91599,9239.66037735849,489702,53
intel_gpu_plugin,multiply:Multiply_10840::prepare,2800,25100,4237.7169811320755,224599,53
intel_gpu_plugin,multiply:Multiply_10840::execute,3601,71600,5484.792452830188,290694,53
intel_gpu_plugin,multiply:Multiply_10840_0_reorder_24::prepare,800,37800,1990.566037735849,105500,53
intel_gpu_plugin,multiply:Multiply_10840_0_reorder_24::execute,5800,68100,8764.188679245282,464502,53
intel_gpu_plugin,variadicsplit:Split_238.out0::prepare,800,72300,2501.8867924528304,132600,53
intel_gpu_plugin,variadicsplit:Split_238.out0::execute,3300,264900,9977.490566037735,528807,53
intel_gpu_plugin,variadicsplit:Split_238.out0_0_reorder_25::prepare,800,45100,1900.0566037735848,100703,53
intel_gpu_plugin,variadicsplit:Split_238.out0_0_reorder_25::execute,3800,75899,5790.396226415094,306891,53
intel_gpu_plugin,multiply:Mul_239::prepare,2499,30100,3790.5849056603774,200901,53
intel_gpu_plugin,multiply:Mul_239::execute,3400,84900,5522.584905660377,292697,53
intel_gpu_plugin,multiply:Mul_239_0_reorder_26::prepare,500,41100,1660.4905660377358,88006,53
intel_gpu_plugin,multiply:Mul_239_0_reorder_26::execute,4000,160100,7473.528301886792,396097,53
intel_gpu_plugin,concat:Concat_240::prepare,799,30700,1707.377358490566,90491,53
intel_gpu_plugin,concat:Concat_240::execute,5899,61100,7856.603773584906,416400,53
intel_gpu_plugin,convolution:Conv_241/WithoutBiases::prepare,1000,51501,2233.943396226415,118399,53
intel_gpu_plugin,convolution:Conv_241/WithoutBiases::execute,7600,97601,11162.415094339623,591608,53
intel_gpu_plugin,tanh:Tanh_242::prepare,701,21901,1547.132075471698,81998,53
intel_gpu_plugin,tanh:Tanh_242::execute,3199,65799,5024.490566037736,266298,53
intel_gpu_plugin,multiply:Mul_246::prepare,599,24100,1279.1698113207547,67796,53
intel_gpu_plugin,multiply:Mul_246::execute,3200,105701,5622.754716981132,298006,53
intel_gpu_plugin,result:r2o/sink_port_0::prepare,4400,53799,6349.094339622641,336502,53
intel_gpu_plugin,result:r2o/sink_port_0::execute,5500,97600,8073.603773584906,427901,53
intel_gpu_plugin,variadicsplit:Split_232.out0::prepare,799,29500,1488.7735849056603,78905,53
intel_gpu_plugin,variadicsplit:Split_232.out0::execute,2799,74201,4860.301886792453,257596,53
intel_gpu_plugin,concat:Concat_248::prepare,799,27801,1479.1132075471698,78393,53
intel_gpu_plugin,concat:Concat_248::execute,5899,59700,7779.264150943396,412301,53
intel_gpu_plugin,interpolate:Resize_250::prepare,800,20600,1641.377358490566,86993,53
intel_gpu_plugin,interpolate:Resize_250::execute,4300,126801,7441.528301886792,394401,53
intel_gpu_plugin,concat:Concat_259::prepare,900,32700,1901.9056603773586,100801,53
intel_gpu_plugin,concat:Concat_259::execute,11299,89499,14920.792452830188,790802,53
intel_gpu_plugin,convolution:Conv_260/WithoutBiases::prepare,1000,55100,2388.7169811320755,126602,53
intel_gpu_plugin,convolution:Conv_260/WithoutBiases::execute,8200,209400,13492.377358490567,715096,53
intel_gpu_plugin,variadicsplit:Split_262.out1::prepare,801,21700,1652.8301886792453,87600,53
intel_gpu_plugin,variadicsplit:Split_262.out1::execute,3500,70400,5839.584905660377,309498,53
intel_gpu_plugin,concat:Concat_265::prepare,1000,43699,2156.5849056603774,114299,53
intel_gpu_plugin,concat:Concat_265::execute,7800,76600,10335.943396226416,547805,53
intel_gpu_plugin,convolution:Conv_266/WithoutBiases::prepare,900,45200,2049.0943396226417,108602,53
intel_gpu_plugin,convolution:Conv_266/WithoutBiases::execute,7600,93899,10975.396226415094,581696,53
intel_gpu_plugin,variadicsplit:Split_268.out1::prepare,1000,19700,1594.3962264150944,84503,53
intel_gpu_plugin,variadicsplit:Split_268.out1::execute,3199,50999,4507.641509433963,238905,53
intel_gpu_plugin,variadicsplit:Split_268.out1_0_reorder_28::prepare,699,48699,1896.245283018868,100501,53
intel_gpu_plugin,variadicsplit:Split_268.out1_0_reorder_28::execute,5900,97101,8790.471698113208,465895,53
intel_gpu_plugin,multiply:Multiply_10843::prepare,2699,25800,3856.5283018867926,204396,53
intel_gpu_plugin,multiply:Multiply_10843::execute,3400,72000,5381.132075471698,285200,53
intel_gpu_plugin,multiply:Multiply_10843_0_reorder_29::prepare,900,59399,2333.9622641509436,123700,53
intel_gpu_plugin,multiply:Multiply_10843_0_reorder_29::execute,5800,98800,8626.490566037735,457204,53
intel_gpu_plugin,variadicsplit:Split_268.out0::prepare,900,28301,1592.5094339622642,84403,53
intel_gpu_plugin,variadicsplit:Split_268.out0::execute,3300,80601,5373.641509433963,284803,53
intel_gpu_plugin,variadicsplit:Split_268.out0_0_reorder_30::prepare,700,42701,1867.9622641509434,99002,53
intel_gpu_plugin,variadicsplit:Split_268.out0_0_reorder_30::execute,4199,99400,6737.7169811320755,357099,53
intel_gpu_plugin,multiply:Mul_269::prepare,2600,27700,3717.0,197001,53
intel_gpu_plugin,multiply:Mul_269::execute,3000,76701,4754.622641509434,251995,53
intel_gpu_plugin,multiply:Mul_269_0_reorder_31::prepare,599,47199,1711.4716981132076,90708,53
intel_gpu_plugin,multiply:Mul_269_0_reorder_31::execute,3999,80499,6054.735849056604,320901,53
intel_gpu_plugin,concat:Concat_270::prepare,800,43800,2015.1132075471698,106801,53
intel_gpu_plugin,concat:Concat_270::execute,5501,101899,7986.773584905661,423299,53
intel_gpu_plugin,convolution:Conv_271/WithoutBiases::prepare,900,50701,2179.2264150943397,115499,53
intel_gpu_plugin,convolution:Conv_271/WithoutBiases::execute,8200,110201,12067.77358490566,639592,53
intel_gpu_plugin,tanh:Tanh_272::prepare,699,60700,2635.8867924528304,139702,53
intel_gpu_plugin,tanh:Tanh_272::execute,3300,84901,5479.2830188679245,290402,53
intel_gpu_plugin,multiply:Mul_276::prepare,700,25400,1526.3962264150944,80899,53
intel_gpu_plugin,multiply:Mul_276::execute,3301,106600,5830.301886792453,309006,53
intel_gpu_plugin,result:r1o/sink_port_0::prepare,2100,21500,3590.509433962264,190297,53
intel_gpu_plugin,result:r1o/sink_port_0::execute,3800,76000,6120.8490566037735,324405,53
intel_gpu_plugin,variadicsplit:Split_262.out0::prepare,601,19100,1416.9811320754718,75100,53
intel_gpu_plugin,variadicsplit:Split_262.out0::execute,2999,80599,5043.33962264151,267297,53
intel_gpu_plugin,concat:Concat_278::prepare,301,10000,699.9433962264151,37097,53
intel_gpu_plugin,concat:Concat_278::execute,99,4300,255.84615384615384,13304,52
intel_gpu_plugin,interpolate:Resize_280::prepare,899,30801,1909.4716981132076,101202,53
intel_gpu_plugin,interpolate:Resize_280::execute,3501,85700,6820.754716981132,361500,53
intel_gpu_plugin,concat:Concat_289::prepare,500,12700,1045.2264150943397,55397,53
intel_gpu_plugin,concat:Concat_289::execute,99,3500,215.1509433962264,11403,53
intel_gpu_plugin,convolution:Conv_290/WithoutBiases::prepare,801,61999,2386.9056603773583,126506,53
intel_gpu_plugin,convolution:Conv_290/WithoutBiases::execute,7999,123501,12167.924528301886,644900,53
intel_gpu_plugin,convolution:Conv_292/WithoutBiases::prepare,999,52400,2309.4716981132074,122402,53
intel_gpu_plugin,convolution:Conv_292/WithoutBiases::execute,8200,108900,11835.849056603774,627300,53
intel_gpu_plugin,convolution:Conv_294/WithoutBiases::prepare,800,42699,2035.754716981132,107895,53
intel_gpu_plugin,convolution:Conv_294/WithoutBiases::execute,8600,93399,12364.056603773584,655295,53
intel_gpu_plugin,multiply:Mul_303::prepare,900,29600,1726.5283018867924,91506,53
intel_gpu_plugin,multiply:Mul_303::execute,3900,88001,5949.056603773585,315300,53
intel_gpu_plugin,multiply:Mul_303_0_reorder_34::prepare,800,44599,2132.132075471698,113003,53
intel_gpu_plugin,multiply:Mul_303_0_reorder_34::execute,5600,83399,8737.641509433963,463095,53
intel_gpu_plugin,convolution:Conv_304::prepare,800,37001,1809.5094339622642,95904,53
intel_gpu_plugin,convolution:Conv_304::execute,7900,73100,10437.735849056604,553200,53
intel_gpu_plugin,convolution:Conv_302::prepare,900,52600,2215.0377358490564,117397,53
intel_gpu_plugin,convolution:Conv_302::execute,4700,86900,7062.2830188679245,374301,53
intel_gpu_plugin,multiply:Mul_305::prepare,899,26100,1698.0377358490566,89996,53
intel_gpu_plugin,multiply:Mul_305::execute,4001,76900,6175.471698113208,327300,53
intel_gpu_plugin,multiply:Mul_305_0_reorder_37::prepare,800,48000,2079.2264150943397,110199,53
intel_gpu_plugin,multiply:Mul_305_0_reorder_37::execute,5900,121800,9251.0,490303,53
intel_gpu_plugin,concat:Concat_311::prepare,900,44300,2007.5094339622642,106398,53
intel_gpu_plugin,concat:Concat_311::execute,10199,108101,13507.396226415094,715892,53
intel_gpu_plugin,convolution:Conv_312/WithoutBiases::prepare,799,58001,2124.396226415094,112593,53
intel_gpu_plugin,convolution:Conv_312/WithoutBiases::execute,8001,143499,11390.811320754718,603713,53
intel_gpu_plugin,convolution:Conv_314/WithoutBiases::prepare,701,52400,2045.301886792453,108401,53
intel_gpu_plugin,convolution:Conv_314/WithoutBiases::execute,7301,101100,10158.471698113208,538399,53
intel_gpu_plugin,convolution:Conv_316/WithoutBiases::prepare,900,38799,1903.5849056603774,100890,53
intel_gpu_plugin,convolution:Conv_316/WithoutBiases::execute,5800,66200,7705.566037735849,408395,53
intel_gpu_plugin,convolution:Conv_316/WithoutBiases_0_reorder_38::prepare,900,33600,1839.5094339622642,97494,53
intel_gpu_plugin,convolution:Conv_316/WithoutBiases_0_reorder_38::execute,5500,146301,9143.490566037735,484605,53
intel_gpu_plugin,multiply:Mul_317::prepare,900,30500,1703.7924528301887,90301,53
intel_gpu_plugin,multiply:Mul_317::execute,4200,131200,7560.396226415094,400701,53
intel_gpu_plugin,interpolate:Resize_332::prepare,701,20100,1492.6603773584907,79111,53
intel_gpu_plugin,interpolate:Resize_332::execute,4200,56801,6047.188679245283,320501,53
intel_gpu_plugin,interpolate:Resize_346::prepare,699,13900,1237.754716981132,65601,53
intel_gpu_plugin,interpolate:Resize_346::execute,3200,37600,4428.301886792453,234700,53
intel_gpu_plugin,result:pha/sink_port_0::prepare,2099,17100,3462.245283018868,183499,53
intel_gpu_plugin,result:pha/sink_port_0::execute,4001,71900,6335.88679245283,335802,53
intel_gpu_plugin,variadicsplit:Split_349.out0::prepare,499,11800,1122.5471698113208,59495,53
intel_gpu_plugin,variadicsplit:Split_349.out0::execute,99,2499,161.5,8398,52
intel_gpu_plugin,result:fgr/sink_port_0::prepare,2400,23700,3543.509433962264,187806,53
intel_gpu_plugin,result:fgr/sink_port_0::execute,3900,121800,7005.754716981132,371305,53
intel_gpu_plugin,SyncInferRequest::wait::reinterpret_memory,400,64201,2077.053459119497,660503,318
ov__LoadTime,CoreImpl::get_plugin,31317999,104607100,67962549.5,135925099,2
ov__LoadTime,Core::compile_model::Path,1393401600,2282346399,1837873999.5,3675747999,2
SIMPLE_ov_op_exec,v0_Parameter_validate_and_infer_types,99,514200,877.3537549407115,2219705,2530
SIMPLE_ov_op_exec,util_InterpolateBase_validate_and_infer_types,99,9899,243.130081300813,59810,246
SIMPLE_ov_op_exec,v11_Interpolate_validate_and_infer_types,801,649599,6641.744047619048,1115813,168
SIMPLE_ov_op_exec,v0_util_ArithmeticReductionKeepDims_validate_and_infer_types,599,1839400,5829.207547169812,3089480,530
SIMPLE_ov_op_exec,v0_util_BinaryElementwiseArithmetic_validate_and_infer_types,100,84199,734.6377123442809,6486851,8830
SIMPLE_ov_op_exec,util_AvgPoolBase_validate_and_infer_types,99,800,181.9090909090909,2001,11
SIMPLE_ov_op_exec,v1_AvgPool_validate_and_infer_types,399,13700,1686.0416666666667,242790,144
SIMPLE_ov_op_exec,v0_Concat_validate_and_infer_types,499,9699,906.7132768361582,1283906,1416
SIMPLE_ov_op_exec,v1_Convolution_validate_and_infer_types,499,36800,914.9098546042003,2831646,3095
SIMPLE_ov_op_exec,v3_ShapeOf_validate_and_infer_types,99,283901,415.08225696804897,610586,1471
SIMPLE_ov_op_exec,evaluate_shape_of_i64,99,2400,129.86326344576116,142460,1097
SIMPLE_ov_op_exec,v1_Subtract_evaluate,600,1289399,1607.4458333333334,3086296,1920
SIMPLE_ov_op_exec,v3_Broadcast_validate_and_infer_types,599,2728100,16764.63470319635,7342910,438
SIMPLE_ov_op_exec,util_BroadcastBase_evaluate_axes,199,24201,424.3007662835249,221485,522
SIMPLE_ov_op_exec,util_BroadcastBase_evaluate,900,633000,3138.5249042145592,1638310,522
SIMPLE_ov_op_exec,v3_Broadcast_evaluate,1099,1281000,4552.105363984674,2376199,522
SIMPLE_ov_op_exec,v0_Concat_evaluate,699,12000,972.446127946128,577633,594
SIMPLE_ov_op_exec,v1_Reshape_validate_and_infer_types,1000,11304400,24664.009507346585,28536259,1157
SIMPLE_ov_op_exec,v1_VariadicSplit_validate_and_infer_types,800,29600,1753.3308550185873,943292,538
SIMPLE_ov_op_exec,v1_VariadicSplit_evaluate,1299,22899,2054.3596491228072,234197,114
SIMPLE_ov_op_exec,v1_Split_evaluate_lower,1599,707499,14799.947368421053,843597,57
SIMPLE_ov_op_exec,v1_Split_evaluate_upper,1499,11800,1915.8245614035088,109202,57
SIMPLE_ov_op_exec,v0_util_BinaryElementwiseComparison_validate_and_infer_types,299,5400,468.0905172413793,108597,232
SIMPLE_ov_op_exec,v1_Equal_evaluate,699,652599,3241.378947368421,923793,285
SIMPLE_ov_op_exec,v0_util_BinaryElementwiseLogical_validate_and_infer_types,399,3700,506.12931034482756,58711,116
SIMPLE_ov_op_exec,v1_LogicalOr_evaluate,499,21300,903.5175438596491,103001,114
SIMPLE_ov_op_exec,v1_Less_evaluate,599,731500,4123.785087719299,940223,228
SIMPLE_ov_op_exec,v1_LogicalAnd_evaluate,499,11301,736.7982456140351,83995,114
SIMPLE_ov_op_exec,v1_Select_evaluate,1100,654600,2615.301754385965,1490722,570
SIMPLE_ov_op_exec,v1_Divide_evaluate,699,637800,6521.929824561404,743500,114
SIMPLE_ov_op_exec,v1_GroupConvolution_validate_and_infer_types,500,14699,1033.0866141732283,918414,889
SIMPLE_ov_op_exec,v0_HardSigmoid_validate_and_infer_types,99,34699,306.6150409530901,411784,1343
SIMPLE_ov_op_exec,util_UnaryElementwiseArithmetic_validate_and_infer_types,99,8200,208.79320445225542,356410,1707
SIMPLE_ov_op_exec,v0_Squeeze_validate_and_infer_types,199,11100,692.6086956521739,47790,69
SIMPLE_ov_op_exec,v0_Squeeze_evaluate,199,9099,405.4166666666667,58380,144
SIMPLE_ov_op_exec,util_SqueezeBase_evaluate_lower,399,702101,10330.583333333334,743802,72
SIMPLE_ov_op_exec,util_SqueezeBase_evaluate_upper,299,34199,888.7777777777778,63992,72
SIMPLE_ov_op_exec,util_SqueezeBase_evaluate_symbol,699,12799,1055.4166666666667,75990,72
SIMPLE_ov_op_exec,v4_Range_validate_and_infer_types,1801,2931400,53420.666666666664,3365502,63
SIMPLE_ov_op_exec,v4_Range_evaluate,700,896101,13638.958333333334,982005,72
SIMPLE_ov_op_exec,v8_Slice_validate_and_infer_types,1900,58500,12062.625,482505,40
SIMPLE_ov_op_exec,v0_Result_validate_and_infer_types,99,16599,755.4914089347079,439696,582
SIMPLE_ov_op_exec,v0_Parameter_clone_with_new_inputs,500,15400,1233.636612021858,451511,366
SIMPLE_ov_op_exec,v0_Constant_clone_with_new_inputs,299,151199,1210.4345703125,1239485,1024
SIMPLE_ov_op_exec,v11_Interpolate_clone_with_new_inputs,2701,32599,9421.5,131901,14
SIMPLE_ov_op_exec,v1_Subtract_clone_with_new_inputs,1199,29100,2181.2954545454545,383908,176
SIMPLE_ov_op_exec,v1_Divide_clone_with_new_inputs,1199,10901,2100.025,84001,40
SIMPLE_ov_op_exec,v1_Convolution_clone_with_new_inputs,1500,36500,3411.242424242424,450284,132
SIMPLE_ov_op_exec,v3_ShapeOf_clone_with_new_inputs,699,51100,1479.9074733096086,831708,562
SIMPLE_ov_op_exec,v3_Broadcast_clone_with_new_inputs,3000,73100,6667.244047619048,1120097,168
SIMPLE_ov_op_exec,v0_Concat_clone_with_new_inputs,1200,77301,3084.483193277311,734107,238
SIMPLE_ov_op_exec,v1_Reshape_clone_with_new_inputs,2100,57900,3998.47582697201,1571401,393
SIMPLE_ov_op_exec,v1_Add_clone_with_new_inputs,1200,51700,2169.89406779661,512095,236
SIMPLE_ov_op_exec,v0_HardSigmoid_clone_with_new_inputs,1000,7900,1623.1785714285713,90898,56
SIMPLE_ov_op_exec,v1_Multiply_clone_with_new_inputs,1200,14900,2619.69375,838302,320
SIMPLE_ov_op_exec,v1_VariadicSplit_clone_with_new_inputs,1999,93001,6512.224137931034,377709,58
SIMPLE_ov_op_exec,v1_GroupConvolution_clone_with_new_inputs,1600,14001,2878.7894736842104,109394,38
SIMPLE_ov_op_exec,v0_Relu_clone_with_new_inputs,700,8000,1449.9444444444443,78297,54
SIMPLE_ov_op_exec,v0_Squeeze_clone_with_new_inputs,900,11999,1927.7222222222222,34699,18
SIMPLE_ov_op_exec,v4_Range_clone_with_new_inputs,2800,23699,5366.444444444444,96596,18
SIMPLE_ov_op_exec,v1_ReduceMean_clone_with_new_inputs,2399,64100,10295.454545454546,226500,22
SIMPLE_ov_op_exec,v0_Sigmoid_clone_with_new_inputs,1099,16499,3279.9,32799,10
SIMPLE_ov_op_exec,v0_Tanh_clone_with_new_inputs,1099,9100,4262.625,34101,8
SIMPLE_ov_op_exec,v0_Result_clone_with_new_inputs,1000,23600,3700.0416666666665,88801,24
SIMPLE_ov_op_exec,v8_Slice_clone_with_new_inputs,5899,22300,11800.0,94400,8
SIMPLE_ov_op_exec,v1_AvgPool_clone_with_new_inputs,1601,13601,5067.0,30402,6
SIMPLE_ov_op_exec,v1_Maximum_clone_with_new_inputs,2000,37700,11749.75,46999,4
SIMPLE_ov_op_exec,v1_Minimum_clone_with_new_inputs,1301,63901,20325.5,81302,4
SIMPLE_ov_op_exec,util_SqueezeBase_is_dynamic,99,2800,307.7692307692308,4001,13
SIMPLE_ov_op_exec,v11_Interpolate_has_evaluate,99,2499,259.96363636363634,14298,55
SIMPLE_ov_op_exec,v1_Subtract_has_evaluate,99,1700,207.35,8294,40
SIMPLE_ov_op_exec,v1_Divide_has_evaluate,99,1500,379.8,1899,5
SIMPLE_ov_op_exec,v3_ShapeOf_has_evaluate,99,4700,419.9267015706806,80206,191
SIMPLE_ov_op_exec,v1_Reshape_has_evaluate,99,2500,187.364406779661,22109,118
SIMPLE_ov_op_exec,v1_Add_has_evaluate,99,8100,139.10223642172525,130617,939
SIMPLE_ov_op_exec,v1_Multiply_has_evaluate,99,5100,152.62278978388997,77685,509
SIMPLE_ov_op_exec,v0_Relu_has_evaluate,99,7701,215.1787072243346,56592,263
SIMPLE_ov_op_exec,v1_ReduceMean_has_evaluate,99,23400,360.5,41097,114
SIMPLE_ov_op_exec,v0_Sigmoid_has_evaluate,99,3300,185.73684210526315,10587,57
SIMPLE_ov_op_exec,v1_VariadicSplit_has_evaluate,99,2000,191.95959595959596,19004,99
SIMPLE_ov_op_exec,v0_Concat_has_evaluate,99,4599,175.0,26600,152
SIMPLE_ov_op_exec,v0_Tanh_has_evaluate,99,1800,143.5,6601,46
SIMPLE_ov_op_exec,v0_Result_has_evaluate,99,2100,223.231884057971,15403,69
SIMPLE_ov_op_exec,v8_Slice_has_evaluate,99,1400,333.3333333333333,2000,6
SIMPLE_ov_op_exec,v1_Maximum_has_evaluate,99,1700,328.57142857142856,2300,7
SIMPLE_ov_op_exec,v1_Minimum_has_evaluate,100,1200,320.2,1601,5
SIMPLE_ov_op_exec,v0_Convert_validate_and_infer_types,99,2800,196.64912280701753,123299,627
SIMPLE_ov_op_exec,v0_Convert_evaluate,4399,1355500,11690.210290827741,5225524,447
SIMPLE_ov_op_exec,util_ScatterBase_validate_and_infer_types,499,10200,1732.9166666666667,20795,12
SIMPLE_ov_op_exec,v3_ScatterUpdate_evaluate,1999,35100,5608.25,67299,12
SIMPLE_ov_op_exec,v1_StridedSlice_validate_and_infer_types,2200,49599,9099.916666666666,109199,12
SIMPLE_ov_op_exec,v1_LogicalNot_validate_and_infer_types,100,3600,1000.25,4001,4
SIMPLE_ov_op_exec,v3_NonZero_validate_and_infer_types,4101,21401,12751.0,25502,2
SIMPLE_ov_op_exec,v1_Transpose_validate_and_infer_types,2301,16700,9500.5,19001,2
SIMPLE_ov_op_exec,v1_Select_validate_and_infer_types,1500,4401,2950.5,5901,2
SIMPLE_ov_op_exec,util_ScatterElementsUpdateBase_validate_and_infer_types,800,7000,2625.0,10500,4
SIMPLE_ov_op_exec,v1_StridedSlice_has_evaluate,100,1101,600.5,1201,2
SIMPLE_ov_op_exec,v1_StridedSlice_clone_with_new_inputs,3701,29301,8063.0,64504,8
SIMPLE_ov_op_exec,v0_util_BinaryElementwiseArithmetic_visit_attributes,500,35001,1003.7315490673155,1237601,1233
SIMPLE_ov_op_exec,v0_Clamp_validate_and_infer_types,99,6700,298.010101010101,29503,99
SIMPLE_ov_op_exec,v1_Multiply_evaluate,901,816800,90820.0,1816400,20
SIMPLE_ov_op_exec,v1_Power_evaluate,1000,951500,126925.0625,2030801,16
SIMPLE_ov_op_exec,v0_Clamp_has_evaluate,99,1799,220.0,3300,15
SIMPLE_ov_op_exec,v3_ShapeOf_constant_fold,1100,21200,3150.035714285714,88201,28
SIMPLE_ov_op_exec,v4_Interpolate_validate_and_infer_types,900,24700,2873.4585635359117,520096,181
SIMPLE_ov_op_exec,v4_SoftPlus_validate_and_infer_types,3501,3501,3501.0,3501,1
SIMPLE_ov_op_exec,v4_Interpolate_has_evaluate,99,3601,380.45,7609,20
SIMPLE_ov_op_exec,v0_Concat_visit_attributes,500,12101,926.5208333333334,177892,192
SIMPLE_ov_op_exec,v3_ShapeOf_visit_attributes,400,26900,3974.75,31798,8
SIMPLE_ov_op_exec,v3_Broadcast_visit_attributes,800,9201,2975.25,11901,4
SIMPLE_ov_op_exec,v1_Divide_visit_attributes,1201,8100,3075.25,12301,4
SIMPLE_ov_op_exec,v1_Reshape_visit_attributes,500,6599,2049.75,8199,4
SIMPLE_ov_op_exec,v0_MatMul_validate_and_infer_types,9501,9501,9501.0,9501,1
SIMPLE_ov_op_exec,v0_Convert_clone_with_new_inputs,700,13300,1780.3,35606,20
SIMPLE_ov_op_exec,v0_Clamp_clone_with_new_inputs,1000,27800,4000.0,40000,10
SIMPLE_ov_op_exec,v0_Parameter_visit_attributes,1499,24799,2777.4117647058824,283296,102
SIMPLE_ov_op_exec,v0_Convert_visit_attributes,700,5700,1381.909090909091,15201,11
SIMPLE_ov_op_exec,v0_Constant_visit_attributes,1500,45799,6563.454545454545,72198,11
SIMPLE_ov_op_exec,v0_Clamp_visit_attributes,800,29000,14900.0,29800,2
TYPE_LIST_ov_eval,v1_Subtract_evaluate$i64,99,417701,356.6686295503212,666257,1868
TYPE_LIST_ov_eval,v1_Equal_evaluate$i64,99,3001,169.78291814946618,47709,281
TYPE_LIST_ov_eval,v1_Less_evaluate$i64,99,2699,138.22727272727272,30410,220
TYPE_LIST_ov_eval,v1_Select_evaluate$i64,99,2699,131.87545787545787,72004,546
TYPE_LIST_ov_eval,v1_Divide_evaluate$i64,99,2200,158.4070796460177,17900,113
TYPE_LIST_ov_eval,v4_Range_evaluate$i64,99,3700,222.31944444444446,16007,72
TYPE_LIST_ov_eval,v0_Convert_in_et$f16,99,3300,183.7947598253275,42089,229
TYPE_LIST_ov_eval,Convert_out$f32,99,30400,383.4695652173913,44099,115
TYPE_LIST_ov_eval,v0_Convert_in_et$f32,99,2100,133.59345794392524,28589,214
TYPE_LIST_ov_eval,Convert_out$f16,99,2799,163.89690721649484,15898,97
TYPE_LIST_ov_eval,v1_Multiply_evaluate$f32,99,3001,439.7,4397,10
TYPE_LIST_ov_eval,v1_Power_evaluate$f32,99,1800,324.875,2599,8
ov__core,Model::get_ordered_ops,100,904700,12937.338235294117,29031387,2244
ov__core,Model::check_all_parameters_registered,200,78199,2913.311111111111,524396,180
ov__core,Model::auto_detect_variables,100,43000,1137.841463414634,93303,82
ov__core,Model::prerequirements,1800,3488899,53286.21666666667,9591519,180
ov__core,pass::GraphRewrite::apply_matcher_passes,399,63871400,400316.99447513814,362286880,905
ov__core,pass::Manager::run_passes,10300,436935800,12520416.523178808,1890582895,151
ov__core,MarkDequantization,10000,46300,11591.946308724831,1727200,149
ov__core,ConvertMOEToMOECompressed,399,18999,568.9353393085787,888677,1562
ov__core,SoftmaxFusion,199,184300,416.5134493670886,526473,1264
ov__core,MVNFusionWithoutConstants,400,50300,670.8431931575196,1882386,2806
ov__core,MVNFusionWithConstantsInside,199,44000,446.47790449037774,1252817,2806
ov__core,GroupNormalizationFusion,1900,15099,2988.4166666666665,286888,96
ov__core,BroadcastElementwiseFusion,999,14899,1675.485008818342,950000,567
ov__core,BroadcastTransition,399,56100,1092.817533856023,3066446,2806
ov__core,KeepConstantsPrecisionAndAddConverts,699,19201,1148.7886178861788,565204,492
ov__core,KeepConstPrecision,9900,36001,11220.388535031847,1761601,157
ov__core,RMSFusion,399,19200,850.5949288806431,1375412,1617
ov__core,KeepDequantizationPrecision,9701,36300,12410.744680851063,583305,47
ov__core,MarkFloatingPointRange,1300,7600,2393.1452991452993,279998,117
ov__core,MarkDivWithEps,499,17500,684.634443021767,1069399,1562
ov__core,PropagateMarkUpReduceOpPath,701,32699,1505.204081632653,1696365,1127
ov__core,InitMarkReduceOpPath,600,5700,1300.0,14300,11
ov__core,PropagateDownDisableSensitivityForQuantized,900,90300,2322.222222222222,877800,378
ov__core,PropagateDownMarkToKeepInMixedPrecision,699,30299,1225.7179261862918,1394867,1138
ov__core,PropagateUpMarkToKeepInMixedPrecision,600,12400,1307.9657293497364,1488465,1138
ov__core,Node::can_constant_fold,99,51700,198.62544722719142,1776506,8944
ov__core,Node::constant_fold,300,2056300,13936.785714285714,11706900,840
ov__core,Model::validate_nodes_and_infer_types,3601,1925700,75917.39751552795,24445402,322
ov__core,SliceToStridedSlice,59700,3352001,889550.25,3558201,4
ov__core,RemoveConcatZeroDimInput,800,13501,2307.6666666666665,89999,39
ov__core,SubtractFusion,199,45700,975.825208913649,1401285,1436
ov__core,ConvertQuantizeDequantize,5700,26500,6708.489361702128,630598,94
ov__core,EliminatePad,199,16099,252.38702640642938,2198291,8710
ov__core,EliminateReduceReshape,199,17100,267.8513203214696,2332985,8710
ov__core,EliminateConvert,199,11200,241.21873568483738,2106322,8732
ov__core,EliminateConvertNonZero,199,260299,270.3285878300804,2354562,8710
ov__core,EliminateConcat,199,230901,296.37990815154996,2581469,8710
ov__core,EliminateSplit,199,14599,236.26245694603904,2057846,8710
ov__core,EliminateTranspose,199,16399,236.78323765786453,2062382,8710
ov__core,EliminateEltwise,499,65200,963.7021814006889,8393846,8710
ov__core,EliminateSplitConcat,199,25800,296.8778415614237,2585806,8710
ov__core,EliminateStridedSlice,199,207000,273.2202572347267,2379202,8708
ov__core,EliminateSlice,199,21200,246.81878732200275,2149298,8708
ov__core,EliminateConcatStridedSlice,199,14800,302.0236564079008,2630022,8708
ov__core,EliminateIdentity,199,30201,244.282154340836,2127209,8708
ov__core,EliminateScatterUpdate,199,28201,300.4600367478181,2616406,8708
ov__core,EliminateReshape,199,24600,263.12586127698665,2291300,8708
ov__core,EliminateSqueeze,199,12801,234.9683377308707,890530,3790
ov__core,EliminateUnsqueeze,199,30500,250.9179419525066,950979,3790
ov__core,PrepareShapeOpsForEliminationAroundBE,199,47399,271.3443851481776,2389730,8807
ov__core,EliminateBroadcast,199,29500,274.6616903996325,2391754,8708
ov__core,EliminateNopBroadcast,199,17400,295.8251033532384,2576045,8708
ov__core,EliminateSliceBeforeGatherElements,199,16200,239.01217271474505,2081318,8708
ov__core,EliminateStridedSliceByShape,400,48399,578.7630914101975,5039869,8708
ov__core,EliminateGather,199,25100,278.773908045977,2425333,8700
ov__core,GroupedGatherElimination,199,3300,374.6421052631579,35591,95
ov__core,PropagateNMSPath,899,15499,2457.125,137599,56
ov__core,PullUnsqueezeThroughReduce,699,9999,1922.7727272727273,42301,22
ov__core,PullReshapeThroughReduce,699,7300,1127.0454545454545,24795,22
ov__core,LSTMCellFusionWithJointWeights,1099,9000,1778.712765957447,167199,94
ov__core,LSTMCellFusionWithSplitWeights,1099,9800,1608.5106382978724,151200,94
ov__core,GRUCellFusion,899,11599,1644.234375,315693,192
ov__core,ConcatToBroadcast,399,7100,1223.657894736842,46499,38
ov__core,TransposeFQReduction,700,58800,4136.5,182006,44
ov__core,TransposeReduction,699,8399,1363.6363636363637,60000,44
ov__core,SplitSqueezeConcatFusion,500,12600,1152.7368421052631,43804,38
ov__core,EliminateUnsqueezeGather,199,12100,270.2572347266881,336200,1244
ov__core,SelectWithOneValueCondition,199,10000,294.2966237942122,366105,1244
ov__core,ConvertScatterElementsToScatter,199,6200,304.32371794871796,379796,1248
ov__core,SoftPlusFusion,199,15100,307.78685897435895,384118,1248
ov__core,SoftPlusToMishFusion,199,4900,398.0504807692308,496767,1248
ov__core,SwishFusionWithSigmoid,199,6499,343.95913461538464,429261,1248
ov__core,SwishFusionWithSigmoidWithBeta,199,9601,338.51602564102564,422468,1248
ov__core,SwishFusionWithBeta,199,52000,386.1514423076923,481917,1248
ov__core,SwishFusionWithoutBeta,199,13800,277.64262820512823,346498,1248
ov__core,HSwishFusionWithReluDiv,199,7801,264.42387820512823,330001,1248
ov__core,HSwishFusionWithReluMul,199,6401,317.3044871794872,395996,1248
ov__core,HSwishFusionWithHSigmoid,199,13199,351.04246794871796,438101,1248
ov__core,HSwishFusionWithClamp,199,13199,343.4935897435897,428680,1248
ov__core,HSigmoidFusionWithReluDiv,199,17799,310.09134615384613,386994,1248
ov__core,HSigmoidFusionWithReluMul,199,3900,307.21714743589746,383407,1248
ov__core,HSigmoidFusionWithoutRelu,199,5999,237.40865384615384,296286,1248
ov__core,HSigmoidFusionWithClampMul,199,12600,316.5809294871795,395093,1248
ov__core,HSigmoidFusionWithClampDiv,199,187800,413.0625,515502,1248
ov__core,NormalizeL2Fusion,499,49900,735.3301282051282,917692,1248
ov__core,ClampFusion,499,1058800,1491.2660256410256,1861100,1248
ov__core,PadFusionAvgPool,199,4501,237.2331189710611,295118,1244
ov__core,PadFusionConvolution,199,12800,353.86575562700966,440209,1244
ov__core,PadFusionConvolutionBackpropData,199,4000,230.0369774919614,286166,1244
ov__core,PadFusionGroupConvolution,199,4199,267.9405144694534,333318,1244
ov__core,PadFusionGroupConvolutionBackpropData,199,17101,297.1977491961415,369714,1244
ov__core,ReduceReshapeFusion,199,3300,229.34485530546624,285305,1244
ov__core,DilatedConvolutionConverter,199,11699,239.30707395498393,297698,1244
ov__core,GeluFusionWithErfOne,199,20901,438.6897106109325,545730,1244
ov__core,GeluFusionWithErfTwo,199,3600,305.766077170418,380373,1244
ov__core,GeluFusionWithErfThree,199,258200,573.2781350482315,713158,1244
ov__core,GeluFusionWithErfFour,199,4800,359.5072347266881,447227,1244
ov__core,GeluFusionWithTanh,499,18199,793.4083601286173,987000,1244
ov__core,GeluFusionWithTanhNoPower,199,12501,347.4493569131833,432227,1244
ov__core,GeluFusionWithTanhNoPower2,599,19100,1075.209807073955,1337561,1244
ov__core,LeakyReluFusion,199,3601,241.0683279742765,299889,1244
ov__core,RandomUniformFusion,199,19100,1032.0779742765274,1283905,1244
ov__core,ConvertTensorIteratorToLSTMSequence,199,11800,240.69694533762058,299427,1244
ov__core,ConvertTensorIteratorToRNNSequence,199,5000,231.8054662379421,288366,1244
ov__core,ConvertTensorIteratorToGRUSequence,199,14400,238.84163987138263,297119,1244
ov__core,ConvertLoopWithScatterUpdateToLSTMSequence,199,16500,306.1784565916399,380886,1244
ov__core,ConvertLoopWithSlicedInputConcatOutputToLSTMSequence,199,17500,244.36254019292605,303987,1244
ov__core,EliminateGatherWithRange,199,4800,229.5361736334405,285543,1244
ov__core,FuseReverseLSTMSequence,199,13099,238.41398713826368,296587,1244
ov__core,FuseLSTMSequencesToBidirectionalLSTMSequence,199,3800,265.5088424437299,330293,1244
ov__core,SplitConcatPairToInterpolateFusion,199,4500,255.0112540192926,317234,1244
ov__core,ConvolutionToGroupConvolutionFusion,199,14899,258.2789389067524,321299,1244
ov__core,NearestNeighborUpsamplingFusion,199,96000,327.4911575562701,407399,1244
ov__core,DivideFusion,199,3800,327.9003215434084,407908,1244
ov__core,TransposeToReshape,199,3700,232.86736334405145,289687,1244
ov__core,ReshapeSequenceFusion,199,27599,322.05546623794214,400637,1244
ov__core,MatMulConstTransposesExtraction,199,3699,238.2813504823151,148211,622
ov__core,PReluFusionNegativeAdd,199,65000,429.30546623794214,534056,1244
ov__core,PReluFusionNegativeSub,199,5800,250.4823151125402,311600,1244
ov__core,PReluFusionMultiplyAdd,199,12400,376.6977491961415,468612,1244
ov__core,PReluFusionMultiplySub,199,12900,251.90353697749197,313368,1244
ov__core,PReluFusionAbsSubMulMulAdd,199,13400,418.0200964630225,520017,1244
ov__core,PReluFusionNegReluMulAdd,199,13300,372.35128617363347,463205,1244
ov__core,DepthToSpaceFusion,199,3901,227.70980707395498,283271,1244
ov__core,ShuffleChannelsFusion,199,29700,266.7210610932476,331801,1244
ov__core,NonZeroHorizontalFusion,199,6600,228.9565916398714,284822,1244
ov__core,AdaptivePoolToReduce,199,5400,254.56511254019293,316679,1244
ov__core,ConvertU4WeightsZeroPointToScalar,199,11601,289.8215434083601,360538,1244
ov__core,MergeUnrolledSDPA,4900,22000,5523.473958333333,1060507,192
ov__core,MergeKVCaches,599,7599,1186.842105263158,45100,38
ov__core,MergeUnrolledRoPE,599,8300,1418.3684210526317,53898,38
ov__core,MergeLinearProjections,599,7401,1394.842105263158,53004,38
ov__core,MergeDQ,599,22801,3073.8947368421054,116808,38
ov__core,ConcatFusion,399,6901,809.2763157894736,61505,76
ov__core,BinarizeWeights,699,10300,1037.9015151515152,137003,132
ov__core,ConvToBinaryConv,599,4400,811.3560606060606,107099,132
ov__core,BatchNormDecomposition,400,27899,580.4363857374392,1432517,2468
ov__core,ConvertDivideWithConstant,199,1808199,1800.7253634894992,2229298,1238
ov__core,ConvertSubtractWithConstant,199,1688000,1810.8503236245954,2238211,1236
ov__core,ConvertNegative,199,4000,235.42787682333875,290518,1234
ov__core,ConvertConvertPromoteTypes,199,5100,236.63209076175042,292004,1234
ov__core,AddAddFusion,899,12201,1448.995024875622,582496,402
ov__core,AddMultiplyFusion,999,129400,2487.5,517400,208
ov__core,MultiplyMultiplyFusion,999,11100,1304.3495145631068,268696,206
ov__core,ConvolutionMultiplyFusion,1000,14399,1680.5582524271845,346195,206
ov__core,GroupConvolutionMultiplyFusion,999,10500,1289.8640776699028,265712,206
ov__core,ConvolutionBackpropDataMultiplyFusion,1499,11101,1766.5922330097087,363918,206
ov__core,GroupConvolutionBackpropDataMultiplyFusion,1499,65001,2041.7087378640776,420592,206
ov__core,MultiplyConvolutionFusion,699,26100,1683.655303030303,444485,264
ov__core,MultiplyGroupConvolutionFusion,699,11100,2569.815789473684,195306,76
ov__core,FakeQuantizeMulFusion,300,15899,2019.9611650485438,416112,206
ov__core,pass::init::SplitConcat,499,4999,886.8421052631579,33700,38
ov__core,AlignEltwiseInputRanks,600,22900,1625.6480263157894,494197,304
ov__core,NopBroadcast,499,33100,653.1849607982894,1832837,2806
ov__core,SpaceToBatchFusion,400,23000,574.8207395498392,715077,1244
ov__core,BatchToSpaceFusion,499,9000,555.4903536977492,691030,1244
ov__core,InterpolateSequenceFusion,199,28700,269.35691318327974,335080,1244
ov__core,SkipGatherBeforeTransposeAndReshape,199,3700,246.63183279742765,306810,1244
ov__core,ReduceMerge,1499,14900,1647.0916398713825,2048982,1244
ov__core,GroupQueryAttentionDecomposition,199,6500,273.40434083601286,340115,1244
ov__core,ScaledDotProductAttentionDecomposition,199,4601,246.68971061093248,306882,1244
ov__core,BidirectionalLSTMSequenceDecomposition,199,9600,250.33038585209005,311411,1244
ov__core,BidirectionalGRUSequenceDecomposition,199,32800,286.42041800643085,356307,1244
ov__core,BidirectionalRNNSequenceDecomposition,199,8899,250.7130225080386,311887,1244
ov__core,ConvertBroadcastToTiles,199,6801,252.73472668810288,157201,622
ov__core,ConvertSubtract,199,290800,1104.670418006431,1374210,1244
ov__core,ConvertDivide,199,7199,234.05772357723578,287891,1230
ov__core,ConvertDepthToSpace,199,16500,272.03333333333336,334601,1230
ov__core,ConvertSpaceToDepth,199,20699,260.23252032520327,320086,1230
ov__core,ConvertConvertLike,199,15300,255.05934959349594,313723,1230
ov__core,MVN6Decomposition,199,1900,238.3430894308943,293162,1230
ov__core,EinsumDecomposition,199,72201,310.9186991869919,382430,1230
ov__core,SoftmaxDecomposition,199,16400,288.69674796747967,355097,1230
ov__core,SoftSignDecomposition,199,3500,236.74308943089432,145597,615
ov__core,DropoutWithRandomUniformReplacer,199,48101,280.2317073170732,344685,1230
ov__core,TransposeReshapeEliminationForMatmul,199,15499,249.46422764227643,306841,1230
ov__core,UniqueDecomposition,199,15001,268.28617886178864,164996,615
ov__core,MatMulMultiplyFusion,1000,7399,1189.090909090909,130800,110
ov__core,ConvertInterpolate11ToInterpolate4,24900,1389200,137221.35714285713,1921099,14
ov__core,ConvStridesPropagation,199,16800,726.9284603421462,934830,1286
ov__core,SupportedNodesStridesPropagation,199,46500,636.0233968804159,733971,1154
ov__core,UnsupportedNodesStridesPropagation,701,37900,1365.0181975736568,1575231,1154
ov__core,KeepMOE3GemmConstPrecision,499,8700,591.1166407465008,380088,643
ov__core,WrapInterpolateIntoTransposes,699,10600,2128.5,29799,14
ov__core,ConvertReduceMeanToReshape,2400,17101,4245.454545454545,46700,11
ov__core,ConvertAvgPoolingToReduce,1601,12100,5233.666666666667,15701,3
ov__core,DecomposeReduceForFalseKeepDims,3101,41600,7999.909090909091,87999,11
ov__core,LoraSubgraphFusion,3000,30900,6883.052884615385,1431675,208
ov__core,MoveEltwiseUpThroughDataMovScalar,799,22300,1915.4390862944163,754683,394
ov__core,RoPEFusionFlux,2000,42200,3130.8365384615386,651214,208
ov__core,RoPEFusionGPTNEOX,1999,733900,4691.627403846154,1951717,416
ov__core,RoPEFusionGPTOSS,1000,8700,1431.5263157894738,54398,38
ov__core,RoPEFusionPreprocess,400,26400,576.9722436391673,748333,1297
ov__core,RoPEFusionChatGLM,400,18900,586.618735543562,1521689,2594
ov__core,RoPEFusionChatGLMHF,1000,8701,1376.4736842105262,52306,38
ov__core,RoPEFusionQwen,2199,37200,3563.451923076923,741198,208
ov__core,RoPEFusionLtxVideo,1000,14101,1524.173076923077,158514,104
ov__core,ConvertWeightCompressedConv1x1ToMatmul,399,7899,547.331534309946,709889,1297
ov__core,LoRASubgraphHorizontalFusion,2100,14601,3922.3333333333335,35301,9
ov__core,LoRAHorizontalFusion,1600,16000,4088.777777777778,36799,9
ov__core,SDPAScaleFusionPass,699,8700,833.7682737169517,536113,643
ov__core,TransposeMatMulTransposeMatcher,199,15300,306.9673405909798,197380,643
ov__core,TransposeMatMulMatcher,199,5100,243.25349922239502,156412,643
ov__core,TransposeSDPAMatcher,599,27900,751.0155520995335,482903,643
ov__core,TransposeVLSDPAMatcher,199,4700,237.3125972006221,152592,643
ov__core,UnsqueezeBroadcastReshapeSDPAFusion,599,8501,710.0902021772939,456588,643
ov__core,GLUFusion,2000,17200,3547.2363636363634,195098,55
ov__core,IndirectGemmOpt,499,6499,551.1461897356143,354387,643
ov__core,IndirectSDPAOpt,599,23999,736.4183514774495,473517,643
ov__core,KVCacheCompressionMatcher,99,5400,132.85714285714286,43710,329
ov__core,AsymmetricConvolutionMatcher,1900,10401,2724.752941176471,231604,85
ov__core,ConvolutionMatcher,12599,80500,16823.435294117648,1429992,85
ov__core,MoveEltwiseUpThroughDataMovPerChannel,299,11400,1905.006289308176,302896,159
ov__core,BroadcastAndPadZeroPointBuffers,699,8201,1202.3294117647058,102198,85
ov__core,DynamicQuantizeFullyConnected,399,5600,542.010989010989,394584,728
ov__core,AUGRUCellFusion,1000,63299,2836.40625,272295,96
ov__core,ChainedMaximumOptimization,1500,9901,5700.5,11401,2
ov__core,LabelResolvingThroughSelect,599,10800,918.2828282828283,90910,99
ov__core,DeReshapeMatMul,199,6400,697.959595959596,69098,99
ov__core,DeReshapeFullyConnected,2199,10901,2560.626262626263,253502,99
ov__core,ReshapeOptimizations,5499,48500,14440.424242424242,1429602,99
ov__core,EliminateGatherUnsqueeze,199,2400,358.3333333333333,34400,96
ov__core,SimplifyGatherShapeOf,599,6700,1000.1052631578947,38004,38
ov__core,SimplifySecondInputOfReshape,900,4101,1209.40625,116103,96
ov__core,TSShapeOfForward,300,22299,1758.2105263157894,33406,19
ov__core,StatefulSDPAFusion,2199,26701,2303.818181818182,2002018,869
ov__core,SDPAFuseTransposeReshape,801,9100,1515.6145833333333,145499,96
ov__core,LogSoftmaxDecomposition,199,5299,240.84726688102893,149807,622
ov__core,GroupNormalizationDecomposition,199,3900,247.5219512195122,152226,615
ov__core,NormalizeL2Decomposition,199,17300,269.9089430894309,165994,615
ov__core,InsertConvertAfterExtension,199,56400,486.86625194401245,313055,643
ov__core,EliminateIdentityConvert,600,6600,1345.6363636363637,14802,11
ov__core,ConvertToInteraction,499,12199,693.585626911315,453605,654
ov__core,ConvertInteractionInt8,699,9699,1815.7368421052631,34499,19
ov__core,PermuteSliceAndInterpolation,1700,5100,2700.0,18900,7
ov__core,EnableDecompressionConvertConstantFolding,700,3300,1009.0909090909091,11100,11
ov__core,KeepConstAndDecompression,500,670999,61754.545454545456,679300,11
ov__core,ConvertFqRnnToQuantizedRnn,499,9501,561.4969418960245,367219,654
ov__core,RoPEFusionGPTJ,1099,9499,1642.421052631579,31206,19
ov__core,RoPEFusionIOSlicing,1000,8101,1526.5263157894738,29004,19
ov__core,NgramFusion,700,26200,2220.7368421052633,42194,19
ov__core,snippets::pass::TokenizeGNSnippets,199,9500,411.92660550458714,269400,654
ov__core,snippets::pass::TokenizeSnippets,500,7020300,26756.46636085627,17498729,654
ov__core,snippets::pass::TransformConvertToConvertTruncation,199,1552199,7002.758064516129,1736684,248
ov__core,snippets::pass::CommonOptimizations,17300,4296000,115182.1568627451,5874290,51
ov__core,FullyConnectedBiasFusion,1300,12000,2151.1195652173915,197903,92
ov__core,ConvertToPowerStatic,699,25601,1583.029315960912,971980,614
ov__core,snippets::pass::ConvertConstantsToScalars,199,1979000,4908.675403225807,2434703,496
ov__core,snippets::pass::ConvertPowerToPowerStatic,199,30600,464.0806451612903,115092,248
ov__core,MulAddToFMA,2700,944500,90850.08333333333,1090201,12
SIMPLE_ov_pass,GraphRewrite_run_on_model,999,63915101,420883.6759156493,379216192,901
SIMPLE_ov_pass,ResolveNameCollisions_run_on_model,382299,1444300,818940.0,4094700,5
SIMPLE_ov_pass,SDPAToVLSDPA_run_on_model,3600,3600,3600.0,3600,1
SIMPLE_ov_pass,InitNodeInfo_run_on_function,568699,1335201,871100.0,3484400,4
SIMPLE_ov_pass,KeepConstantsPrecisionAndAddConverts,300,16999,735.2012195121952,361719,492
SIMPLE_ov_pass,MarkFloatingPointRange,801,6500,1840.940170940171,215390,117
SIMPLE_ov_pass,PropagateMarkUpReduceOpPath,200,7700,876.1960958296362,987473,1127
SIMPLE_ov_pass,InitMarkReduceOpPath,100,1601,509.54545454545456,5605,11
SIMPLE_ov_pass,BackwardGraphRewrite_run_on_model,1728500,4059800,2920425.0,11681700,4
SIMPLE_ov_pass,PropagateDownDisableSensitivityForQuantized,500,4700,1453.6534391534392,549481,378
SIMPLE_ov_pass,PropagateDownMarkToKeepInMixedPrecision,99,29700,611.5896309314587,695989,1138
SIMPLE_ov_pass,PropagateUpMarkToKeepInMixedPrecision,199,11700,695.5931458699473,791585,1138
SIMPLE_ov_pass,MarkPrecisionSensitiveShapeOfSubgraphs_run_on_model,209300,799500,512075.0,2048300,4
SIMPLE_ov_pass,MarkSugraphsToKeepInMixedPrecision_run_on_model,19621800,19621800,19621800.0,19621800,1
SIMPLE_ov_pass,AlignMixedFP32FP16Types_run_on_model,449200,449200,449200.0,449200,1
SIMPLE_ov_pass,ConstantFolding_run_on_model,6600,30848099,454036.2126436782,79002301,174
SIMPLE_ov_pass,Validate_run_on_model,901,1926800,114951.79020979021,16438106,143
SIMPLE_ov_pass,SliceToStridedSlice,58800,3344699,886025.25,3544101,4
SIMPLE_ov_pass,RemoveConcatZeroDimInput,400,7299,1622.948717948718,63295,39
SIMPLE_ov_pass,RemoveMultiSubGraphOpDanglingParamsResults_run_on_model,37800,45599,41699.5,83399,2
SIMPLE_ov_pass,PushConstantToSubgraph_run_on_function,37600,49401,43500.5,87001,2
SIMPLE_ov_pass,SharedOpOptimization_run_on_function,208600,4367500,856100.1666666666,10273202,12
SIMPLE_ov_pass,EliminateEltwise,199,10800,476.3015873015873,450105,945
SIMPLE_ov_pass,EliminateConcat,99,6099,332.1580547112462,109280,329
SIMPLE_ov_pass,EliminateSplitConcat,500,25400,1253.8145896656536,412505,329
SIMPLE_ov_pass,EliminateConcatStridedSlice,399,5600,1198.7614678899083,391995,327
SIMPLE_ov_pass,EliminateStridedSlice,1699,5099,2824.75,11299,4
SIMPLE_ov_pass,EliminateStridedSliceByShape,4901,26901,10162.75,81302,8
SIMPLE_ov_pass,SimplifyShapeOfSubGraph_run_on_function,7110800,31377200,13345700.0,66728500,5
SIMPLE_ov_pass,PropagateNMSPath,300,9000,1748.1607142857142,97897,56
SIMPLE_ov_pass,UselessSliceEraser_run_on_function,45900,78399,62149.5,124299,2
SIMPLE_ov_pass,GroupedStridedSliceOptimizer_run_on_function,144900,323400,234150.0,468300,2
SIMPLE_ov_pass,GroupedSliceToVSplitOptimization_run_on_function,38700,51800,45250.0,90500,2
SIMPLE_ov_pass,StridedSliceOptimization_run_on_function,553800,6146699,3350249.5,6700499,2
SIMPLE_ov_pass,SplitSqueezeConcatFusion,100,8400,610.5526315789474,23201,38
SIMPLE_ov_pass,SplitConcatPairToInterpolateFusion,200,2601,463.05263157894734,17596,38
SIMPLE_ov_pass,ClampFusion,8300,1051300,276000.0,1104000,4
SIMPLE_ov_pass,PackMultiHeadAttention_run_on_model,1705800,6606700,4156250.0,8312500,2
SIMPLE_ov_pass,SymbolicPropagation_run_on_model,744001,7885200,1704836.4545454546,18753201,11
SIMPLE_ov_pass,ApplySymbolEquivalence_run_on_function,131700,1245201,343772.7272727273,3781500,11
SIMPLE_ov_pass,SymbolicOptimizations_run_on_function,2608200,55447100,13498063.727272727,148478701,11
SIMPLE_ov_pass,SDPAFusion_run_on_model,8704700,8704700,8704700.0,8704700,1
SIMPLE_ov_pass,ConvertSubtractWithConstant,168100,1680100,924100.0,1848200,2
SIMPLE_ov_pass,ConvertDivideWithConstant,107100,1801700,954400.0,1908800,2
SIMPLE_ov_pass,AddMultiplyFusion,60100,115300,87700.0,175400,2
SIMPLE_ov_pass,ReverseInputChannelsFusion_run_on_model,123900,854699,489299.5,978599,2
SIMPLE_ov_pass,AlignEltwiseInputRanks,199,18500,813.4407894736842,247286,304
SIMPLE_ov_pass,OptimizeSymbolsUsedAsValues_run_on_function,801600,2380600,1452633.0,4357899,3
SIMPLE_ov_pass,FuseMOE_run_on_model,968300,1816800,1392550.0,2785100,2
SIMPLE_ov_pass,MOCTransformations_run_on_function,75082400,230137800,152610100.0,305220200,2
SIMPLE_ov_pass,ConvertSubtract,15800,285600,72493.14285714286,1014904,14
SIMPLE_ov_pass,UnrollIf_run_on_function,39700,67200,53450.0,106900,2
SIMPLE_ov_pass,ConvertInterpolate11ToInterpolate4,24200,1381200,134921.2857142857,1888898,14
SIMPLE_ov_pass,UnsupportedNodesStridesPropagation,201,9700,768.8968804159446,887307,1154
SIMPLE_ov_pass,SupportedNodesStridesPropagation,299,46100,930.7385786802031,366711,394
SIMPLE_ov_pass,ConvStridesPropagation,900,8300,1587.0530303030303,209491,132
SIMPLE_ov_pass,CommonOptimizations_run_on_function,107289200,303583300,205436250.0,410872500,2
SIMPLE_ov_pass,WrapInterpolateIntoTransposes,299,3400,1056.857142857143,14796,14
SIMPLE_ov_pass,ConvertOpSet3ToOpSet2_run_on_function,1743900,1743900,1743900.0,1743900,1
SIMPLE_ov_pass,ConvertOpSet2ToOpSet1_run_on_function,151700,1968299,1059999.5,2119999,2
SIMPLE_ov_pass,ConvertReduceMeanToReshape,400,2501,699.8181818181819,7698,11
SIMPLE_ov_pass,ConvertAvgPoolingToReduce,1001,8801,3734.0,11202,3
SIMPLE_ov_pass,DecomposeReduceForFalseKeepDims,1000,30201,4236.454545454545,46601,11
SIMPLE_ov_pass,UnrollTensorIterator_run_on_function,269201,269201,269201.0,269201,1
SIMPLE_ov_pass,MoveEltwiseUpThroughDataMovScalar,199,14700,1016.746192893401,400598,394
SIMPLE_ov_pass,RoPEFusion_run_on_model,12255800,17019100,14637450.0,29274900,2
SIMPLE_ov_pass,SDPAScaleFusion_run_on_model,4159101,4159101,4159101.0,4159101,1
SIMPLE_ov_pass,ConvolutionMatcher,10100,65399,14116.435294117648,1199897,85
SIMPLE_ov_pass,ConstantsReduce_run_on_function,932700,932700,932700.0,932700,1
SIMPLE_ov_pass,EliminateBroadcast,400,2700,881.1764705882352,74900,85
SIMPLE_ov_pass,EliminateNopBroadcast,1200,15500,2228.1529411764704,189393,85
SIMPLE_ov_pass,EliminateReshape,299,6200,847.6923076923077,165300,195
SIMPLE_ov_pass,ReshapeOptimizations,3801,41299,12638.515151515152,1251213,99
SIMPLE_ov_pass,SDPASubgraphFusion_run_on_function,56262999,56262999,56262999.0,56262999,1
SIMPLE_ov_pass,EliminateSlice,700,2400,1175.0,4700,4
SIMPLE_ov_pass,EliminateConvert,100,2400,550.0909090909091,12102,22
SIMPLE_ov_pass,EnableDecompressionConvertConstantFolding,299,1900,491.0,5401,11
SIMPLE_ov_pass,KeepDecompressionsInFP32Matcher,100,4100,536.4545454545455,5901,11
SIMPLE_ov_pass,CausalMaskPreprocessFusion_run_on_model,3158800,3158800,3158800.0,3158800,1
SIMPLE_ov_pass,SnippetsMarkSkipped_run_on_model,2187300,2187300,2187300.0,2187300,1
SIMPLE_ov_pass,TokenizeSnippets,29100,6094399,170839.9625,13667197,80
SIMPLE_ov_pass,TransformConvertToConvertTruncation,3300,966500,93363.45454545454,1026998,11
SIMPLE_ov_pass,CommonOptimizations,16800,4291600,114264.76470588235,5827503,51
SIMPLE_ov_pass,SnippetsTokenization_run_on_function,34760200,34760200,34760200.0,34760200,1
SIMPLE_ov_pass,ConvertToPowerStatic,600,7500,1285.9130434782608,118304,92
SIMPLE_ov_pass,ConvertToCPUSpecificOpset_run_on_function,16371999,16371999,16371999.0,16371999,1
SIMPLE_ov_pass,Canonicalization_run_on_model,1200,828200,18027.50980392157,919403,51
SIMPLE_ov_pass,AnalyzeBroadcastableInputs_run_on_model,300,677100,18862.78431372549,962002,51
SIMPLE_ov_pass,AlignElementTypes_run_on_model,299,699500,14248.960784313726,726697,51
SIMPLE_ov_pass,BrgemmToBrgemmCPU_run_on_model,3199,1101499,26107.882352941175,1331502,51
SIMPLE_ov_pass,PropagatePrecision_run_on_model,4099,718301,21305.764705882353,1086594,51
SIMPLE_ov_pass,MulAddToFMA,5100,937900,93364.09090909091,1027005,11
SIMPLE_ov_pass,ConvertConstantsToScalars,3500,802899,44677.09090909091,982896,22
ov__pass,ov::frontend::pass::SequenceConcatReplacer,167300,2683700,1425500.0,2851000,2
ov__pass,ResolveNameCollisions,383101,2078500,946900.0,4734500,5
ov__pass,Model::check_all_variables_registered,199,369700,6373.397959183673,624593,98
ov__pass,SDPAToVLSDPA,645200,645200,645200.0,645200,1
ov__pass,TransposeMatMul,62400,224000,111400.0,779800,7
ov__pass,MarkDequantization,683901,792700,734367.3333333334,2203102,3
ov__pass,FuseVectorizedMOE2GEMM,166600,166600,166600.0,166600,1
ov__pass,FuseVectorizedMOE3GEMM,164600,164600,164600.0,164600,1
ov__pass,ConvertMOEToMOECompressed,1249000,1249000,1249000.0,1249000,1
ov__pass,FuseMOE3GemmCompressed,202499,202499,202499.0,202499,1
ov__pass,InitNodeInfo,569900,2024701,1046500.25,4186001,4
ov__pass,EinsumDecomposition,186600,186600,186600.0,186600,1
ov__pass,SoftmaxFusion,207500,207500,207500.0,207500,1
ov__pass,MVNFusion,3483900,3483900,3483900.0,3483900,1
ov__pass,GroupNormalizationFusion,518400,518400,518400.0,518400,1
ov__pass,MVN6Decomposition,202400,202400,202400.0,202400,1
ov__pass,BroadcastElementwiseFusion,285901,670700,442367.0,1327101,3
ov__pass,BroadcastTransition,841200,1840500,1213433.3333333333,3640300,3
ov__pass,KeepConstantsPrecisionAndAddConverts,790300,790300,790300.0,790300,1
ov__pass,KeepConstPrecision,686100,720000,699366.3333333334,2098099,3
ov__pass,RMSFusion,295600,1494300,894950.0,1789900,2
ov__pass,DisableFP16CompForGemma3RMSPattern,229300,229300,229300.0,229300,1
ov__pass,DisableFP16ComForROPEPattern,163800,163800,163800.0,163800,1
ov__pass,DisableFP16ComSinGenPatternForHiFiGAN,160400,160400,160400.0,160400,1
ov__pass,KeepDequantizationPrecision,760899,760899,760899.0,760899,1
ov__pass,MarkFloatingPointRange,496700,496700,496700.0,496700,1
ov__pass,MarkDivWithEps,1419099,1419099,1419099.0,1419099,1
ov__pass,MarkExpInReduceOpPath,3901699,3901699,3901699.0,3901699,1
ov__pass,MarkRandomUniform,183799,183799,183799.0,183799,1
ov__pass,PropagateDownDisableSensitivityForQuantized,1120201,1120201,1120201.0,1120201,1
ov__pass,PropagateDownMarkToKeepInMixedPrecision,1720900,1720900,1720900.0,1720900,1
ov__pass,ov::pass::BackwardGraphRewrite,2601400,2601400,2601400.0,2601400,1
ov__pass,MarkPrecisionSensitiveShapeOfSubgraphs,1416800,1416800,1416800.0,1416800,1
ov__pass,MarkSugraphsToKeepInMixedPrecision,20256300,20256300,20256300.0,20256300,1
ov__pass,AlignMixedFP32FP16Types,1012499,1012499,1012499.0,1012499,1
ov__pass,EnableDecompressionConvertConstantFolding,81401,189901,149767.0,449301,3
ov__pass,ConstantFolding,14100,31462000,1064341.6944444445,76632602,72
ov__pass,ov::pass::Validate,4999,2509901,174274.98913043478,16033299,92
ov__pass,ConvertPrecision,465000,60938900,18462200.0,73848800,4
ov__pass,DisableDecompressionConvertConstantFolding,119500,119500,119500.0,119500,1
ov__pass,SliceToStridedSlice,3760300,3760300,3760300.0,3760300,1
ov__pass,TransposeConvert,90100,393799,241949.5,483899,2
ov__pass,EliminateConvert,1501,231400,11469.10909090909,630801,55
ov__pass,EliminateScatterUpdate,82600,86900,84750.0,169500,2
ov__pass,RemoveConcatZeroDimInput,110600,151500,131050.0,262100,2
ov__pass,EliminateLoopInputsOutputs,82500,86101,84300.5,168601,2
ov__pass,EliminateDuplicateTIInputs,80800,87299,84049.5,168099,2
ov__pass,RemoveMultiSubGraphOpDanglingParamsResults,38500,691500,365000.0,730000,2
ov__pass,FoldSubgraphEmptyInputs,84400,90499,87449.5,174899,2
ov__pass,DisableRandomUniformConstantFolding,81499,82899,82199.0,164398,2
ov__pass,PushConstantToSubgraph,37999,741101,389550.0,779100,2
ov__pass,FuseFilteringBoxesBySize,475999,1062500,769249.5,1538499,2
ov__pass,ConvertQuantizeDequantize,382399,430499,406449.0,812898,2
ov__pass,PrepareShapeOpsForEliminationAroundBE,61500,403099,141759.6,708798,5
ov__pass,AbsSinking,60700,89800,72040.6,360203,5
ov__pass,SharedOpOptimization,208900,4370001,920391.8333333334,11044702,12
ov__pass,EliminateGatherUnsqueeze,168299,410999,264139.8,1320699,5
ov__pass,NopElimination,5387700,20090699,8280109.9,82801099,10
ov__pass,GroupedGatherElimination,77200,455501,181840.2,909201,5
ov__pass,GatherNopElimination,64200,100601,75900.2,379501,5
ov__pass,SimplifyGatherShapeOf,60799,120000,82399.83333333333,494399,6
ov__pass,SimplifySecondInputOfReshape,60100,222901,97660.0,488300,5
ov__pass,SimplifyShapeOfSubGraph,7111399,32017099,13474439.6,67372198,5
ov__pass,ConvertNmsGatherPathToUnsigned,104800,841000,472900.0,945800,2
ov__pass,UselessSliceEraser,46200,792200,419200.0,838400,2
ov__pass,GroupedStridedSliceOptimizer,145299,1060900,603099.5,1206199,2
ov__pass,GroupedSliceToVSplitOptimization,39399,635400,337399.5,674799,2
ov__pass,SliceSequenceToSingleSlice,61299,98400,79849.5,159699,2
ov__pass,StridedSliceOptimization,554300,6763200,3658750.0,7317500,2
ov__pass,PullThroughReduce,84100,1631500,857800.0,1715600,2
ov__pass,LSTMCellFusion,203601,1533700,868650.5,1737301,2
ov__pass,GRUCellFusion,192599,309301,250950.0,501900,2
ov__pass,SequenceFusion,60100,76900,68500.0,137000,2
ov__pass,ConcatToBroadcast,78701,118500,98600.5,197201,2
ov__pass,ov::pass::GraphRewrite,78501,63915899,7566278.173913044,174024398,23
ov__pass,MergeUnrolledSDPA,910900,1016200,963550.0,1927100,2
ov__pass,MergeKVCaches,83700,132201,107950.5,215901,2
ov__pass,MergeUnrolledRoPE,84500,123100,103800.0,207600,2
ov__pass,MergeLinearProjections,88500,110500,99500.0,199000,2
ov__pass,MergeDQ,108100,159700,133900.0,267800,2
ov__pass,ConcatFusion,76199,97801,89125.0,356500,4
ov__pass,PackMultiHeadAttention,1706700,7342901,4524800.5,9049601,2
ov__pass,SymbolicPropagation,744500,7887201,1762599.8181818181,19388598,11
ov__pass,ApplySymbolEquivalence,132201,1246600,416300.1818181818,4579302,11
ov__pass,SDPAFusionMatcher,91600,91600,91600.0,91600,1
ov__pass,SDPAFusionMatcherSinks,75200,75200,75200.0,75200,1
ov__pass,SDPAReshapeFusion,73800,73800,73800.0,73800,1
ov__pass,SDPAFusion,9398200,9398200,9398200.0,9398200,1
ov__pass,BinarizeWeights,124200,173599,148899.5,297799,2
ov__pass,ConvToBinaryConv,117800,140200,129000.0,258000,2
ov__pass,LinOpSequenceFusion,373700,3151800,1112324.75,4449299,4
ov__pass,ReverseInputChannelsFusion,124601,1452600,788600.5,1577201,2
ov__pass,AlignEltwiseInputRanks,290200,391700,340950.0,681900,2
ov__pass,ChainedMaximumOptimization,64900,220401,121100.33333333333,363301,3
ov__pass,NopBroadcast,495701,1674400,889600.3333333334,2668801,3
ov__pass,OptimizeSymbolsUsedAsValues,801900,2382501,1677100.3333333333,5031301,3
ov__pass,LabelResolvingThroughSelect,65299,277600,141199.66666666666,423599,3
ov__pass,DeReshapeMatMul,60700,232701,105280.0,526400,5
ov__pass,DeReshapeFullyConnected,60700,415300,135260.2,676301,5
ov__pass,ReshapeOptimizations,59599,1606500,582399.6666666666,1747199,3
ov__pass,SymbolicOptimizations,2608901,23766700,14280700.666666666,42842102,3
ov__pass,FuseMOEExperts,674899,762100,718499.5,1436999,2
ov__pass,FuseMOE,968900,2564000,1766450.0,3532900,2
ov__pass,VectorizedMOE2GEMMTransposeWeights,64399,94200,79299.5,158599,2
ov__pass,MOCTransformations,75083901,230772199,152928050.0,305856100,2
ov__pass,MarkDividesInShapeSubgraphs,210299,292300,251299.5,502599,2
ov__pass,ConcatReduceFusion,66600,121800,94200.0,188400,2
ov__pass,ConvertInterpolate1ToInterpolate4,63700,93800,78750.0,157500,2
ov__pass,UnrollIf,40499,702400,371449.5,742899,2
ov__pass,ConvertDeformableConv8To1,68900,93200,81050.0,162100,2
ov__pass,ConvertMaxPool14ToMaxPool8,65699,81200,73449.5,146899,2
ov__pass,ConvertMaxPool8ToMaxPool1,64000,76400,70200.0,140400,2
ov__pass,ConvertDetectionOutput8ToDetectionOutput1,81800,81800,81800.0,81800,1
ov__pass,ConvertROIAlign9To3,83200,83200,83200.0,83200,1
ov__pass,ConvertMulticlassNms8ToMulticlassNms9,68000,83099,75549.5,151099,2
ov__pass,ConvertXorToLogicalXor,61701,75500,68600.5,137201,2
ov__pass,ConvertInterpolate11ToInterpolate4,387600,1773400,1080500.0,2161000,2
ov__pass,ConvertScatterElementsUpdate12ToScatterElementsUpdate3,64100,499901,282000.5,564001,2
ov__pass,ConvertAvgPool14ToAvgPool1,63201,114901,89051.0,178102,2
ov__pass,ConvertEmbeddingBagOffsets15ToEmbeddingBagOffsetsSum3,66500,74799,70649.5,141299,2
ov__pass,ConvertEmbeddingBagPacked15ToEmbeddingBagPackedSum3,69600,78001,73800.5,147601,2
ov__pass,ConvertScatterNDUpdate15ToScatterNDUpdate3,80200,80200,80200.0,80200,1
ov__pass,ConvertSliceScatter,76801,76801,76801.0,76801,1
ov__pass,ConvertSqueeze15ToSqueeze0,70200,101700,85950.0,171900,2
ov__pass,ConvertOneHot16To1,65400,100501,82950.5,165901,2
ov__pass,ConvertBitwiseToLogical,67999,92200,80099.5,160199,2
ov__pass,StridesOptimization,1729201,4062099,2895650.0,5791300,2
ov__pass,CommonOptimizations,107290700,304241200,205765950.0,411531900,2
ov__pass,KeepMOE3GemmConstPrecision,554600,554600,554600.0,554600,1
ov__pass,ConvertPagedAttnInputs,77400,91900,84650.0,169300,2
ov__pass,WrapInterpolateIntoTransposes,77700,97601,87650.5,175301,2
ov__pass,TransposeSinking,97900,536000,316950.0,633900,2
ov__pass,ConvertBinaryConvolutionToConvolution,104501,104501,104501.0,104501,1
ov__pass,ConvertSequenceToTensorIterator,67599,95400,81499.5,162999,2
ov__pass,ConvertTopK3,112200,112200,112200.0,112200,1
ov__pass,ConvertOpSet3ToOpSet2,2426301,2426301,2426301.0,2426301,1
ov__pass,ConvertSpaceToBatch,64000,122300,93150.0,186300,2
ov__pass,ConvertBatchToSpace,62701,97699,80200.0,160400,2
ov__pass,ConvertOpSet2ToOpSet1,152000,2609500,1380750.0,2761500,2
ov__pass,LSTMCellDecomposition,64500,92500,78500.0,157000,2
ov__pass,GRUCellDecomposition,70400,117100,93750.0,187500,2
ov__pass,RNNCellDecomposition,62400,88100,75250.0,150500,2
ov__pass,BidirectionalLSTMSequenceDecomposition,69300,69300,69300.0,69300,1
ov__pass,BidirectionalGRUSequenceDecomposition,65199,65199,65199.0,65199,1
ov__pass,BidirectionalRNNSequenceDecomposition,63000,63000,63000.0,63000,1
ov__pass,ConvertShapeOf1To3,86399,86399,86399.0,86399,1
ov__pass,ConvertNMS1ToNMS9,62500,76900,69700.0,139400,2
ov__pass,ConvertNMS3ToNMS9,62100,78099,70099.5,140199,2
ov__pass,ConvertNMS4ToNMS9,75100,102700,88900.0,177800,2
ov__pass,ConvertNMS5ToNMS9,70000,86100,78050.0,156100,2
ov__pass,ConvertNMS9ToNMSIEInternal,78999,78999,78999.0,78999,1
ov__pass,ConvertNMSRotatedToNMSIEInternal,79500,79500,79500.0,79500,1
ov__pass,ConvertGP9ToGPIEInternal,85700,85700,85700.0,85700,1
ov__pass,ConvertMatrixNmsToMatrixNmsIE,80900,80900,80900.0,80900,1
ov__pass,ConvertGather0D,83100,83100,83100.0,83100,1
ov__pass,ConvertMulticlassNmsToMulticlassNmsIE,79599,79599,79599.0,79599,1
ov__pass,DecomposeReduceForScalarOutput,81800,81800,81800.0,81800,1
ov__pass,ConvertReduceToReshape,781600,781600,781600.0,781600,1
ov__pass,ConvertAvgPoolingToReduce,105200,105200,105200.0,105200,1
ov__pass,DecomposeReduceForFalseKeepDims,210000,210000,210000.0,210000,1
ov__pass,NormalizeL2DecompositionGPU,110800,110800,110800.0,110800,1
ov__pass,LoraSubgraphFusion,715200,924201,819700.5,1639401,2
ov__pass,UnrollTensorIterator,926400,926400,926400.0,926400,1
ov__pass,MoveEltwiseUpThroughDataMovScalar,453300,453300,453300.0,453300,1
ov__pass,RoPEFusionFlux,419200,454400,436800.0,873600,2
ov__pass,RoPEFusionGPTNEOX,354100,1165300,586225.25,2344901,4
ov__pass,RoPEFusionGPTOSS,101101,113500,107300.5,214601,2
ov__pass,RoPEFusionCosSinPreprocess,70300,84800,77550.0,155100,2
ov__pass,RoPEFusionPreprocess,508601,509899,509250.0,1018500,2
ov__pass,RoPEFusionChatGLM,508099,536900,523874.5,2095498,4
ov__pass,RoPEFusionChatGLMHF,94299,109900,102099.5,204199,2
ov__pass,RoPEFusionQwen,446300,466101,456200.5,912401,2
ov__pass,RoPEFusionLtxVideo,247801,247801,247801.0,247801,1
ov__pass,RoPEFusion,12257200,17751901,15004550.5,30009101,2
ov__pass,IncreasePositionIdsPrecisionBase,135901,135901,135901.0,135901,1
ov__pass,IncreasePositionIdsPrecisionForQwen25VL,102800,102800,102800.0,102800,1
ov__pass,IncreasePositionIdsPrecisionForQwen3VL,94000,94000,94000.0,94000,1
ov__pass,IncreasePositionIdsPrecisionForLtxVideo,91901,91901,91901.0,91901,1
ov__pass,IncreasePositionIdsPrecisionForGPTOSS,80800,80800,80800.0,80800,1
ov__pass,IncreasePositionIdsPrecision,9306500,9306500,9306500.0,9306500,1
ov__pass,SwiGluFusionWithClamp,107100,107100,107100.0,107100,1
ov__pass,ConvertWeightCompressedConv1x1ToMatmul,499200,517600,508400.0,1016800,2
ov__pass,IncreasePrecisionForQwenVLMerger,94000,94000,94000.0,94000,1
ov__pass,IncreaseRMSInputPrecision,4042800,4042800,4042800.0,4042800,1
ov__pass,ov::intel_gpu::ClampFP16Output,88601,88601,88601.0,88601,1
ov__pass,ConvertMatMulToFullyConnected,84100,84100,84100.0,84100,1
ov__pass,MoveFCReshapeToWeights,62800,75601,69200.5,138401,2
ov__pass,ConvertFullyConnectedToFullyConnectedCompressed,64000,75101,69550.5,139101,2
ov__pass,FullyConnectedHorizontalFusion,76601,76601,76601.0,76601,1
ov__pass,LoRASubgraphHorizontalFusion,133000,133000,133000.0,133000,1
ov__pass,LoRAHorizontalFusion,132000,132000,132000.0,132000,1
ov__pass,SDPAScaleFusionPass,690599,690599,690599.0,690599,1
ov__pass,SDPAScaleFusion,4797500,4797500,4797500.0,4797500,1
ov__pass,ConvertGatherToGatherCompressed,92999,92999,92999.0,92999,1
ov__pass,KVCacheFusion,87900,87900,87900.0,87900,1
ov__pass,FullyConnectedConvertFusion,95500,95500,95500.0,95500,1
ov__pass,TransposeFusion,4131399,4131399,4131399.0,4131399,1
ov__pass,UnsqueezeBroadcastReshapeSDPAFusion,630000,630000,630000.0,630000,1
ov__pass,GLUFusion,285700,285700,285700.0,285700,1
ov__pass,IndirectKVCache,2442000,2442000,2442000.0,2442000,1
ov__pass,KVCacheCompression,854200,854200,854200.0,854200,1
ov__pass,AsymmetricConvolutionMatcher,336601,336601,336601.0,336601,1
ov__pass,ConvolutionMatcher,1661700,1661700,1661700.0,1661700,1
ov__pass,ConvertConvolutionToInternal,3341700,3341700,3341700.0,3341700,1
ov__pass,MoveEltwiseUpThroughDataMovPerChannel,888901,888901,888901.0,888901,1
ov__pass,ConvertStridedSlicesToVariadicSplit,93900,93900,93900.0,93900,1
ov__pass,BroadcastAndPadZeroPointBuffers,198500,198500,198500.0,198500,1
ov__pass,OptimizeSubsequentReshapes,85201,85201,85201.0,85201,1
ov__pass,SinkReshapeIfNeeded,96500,96500,96500.0,96500,1
ov__pass,DynamicQuantizeFullyConnected,551901,551901,551901.0,551901,1
ov__pass,EliminatePad,80100,80100,80100.0,80100,1
ov__pass,ConstantsReduce,1594300,1594300,1594300.0,1594300,1
ov__pass,CompressedGatherTransformation,197199,197199,197199.0,197199,1
ov__pass,MarkShapeOfSubgraphs,752100,752100,752100.0,752100,1
ov__pass,KeepConstAndDecompression,214000,758600,486300.0,972600,2
ov__pass,AUGRUCellFusion,561100,561100,561100.0,561100,1
ov__pass,TSShapeOfForward,155801,155801,155801.0,155801,1
ov__pass,StatefulSDPAFusion,2195400,2195400,2195400.0,2195400,1
ov__pass,SDPAFuseTransposeReshape,274800,274800,274800.0,274800,1
ov__pass,SDPASubgraphFusion,57187001,57187001,57187001.0,57187001,1
ov__pass,ConvertGather1ToGather7,105600,105600,105600.0,105600,1
ov__pass,ConvertSoftMax8ToSoftMax1,80501,80501,80501.0,80501,1
ov__pass,ConvertPriorBox8To0,80001,80001,80001.0,80001,1
ov__pass,ConvertDetectionOutput1ToDetectionOutput8,82801,82801,82801.0,82801,1
ov__pass,ConvertROIAlign3To9,90099,90099,90099.0,90099,1
ov__pass,ConvertPad12ToPad1,448701,448701,448701.0,448701,1
ov__pass,ConvertShapeOf3,83900,83900,83900.0,83900,1
ov__pass,InsertConvertAfterExtension,628999,628999,628999.0,628999,1
ov__pass,EliminateIdentityConvert,108301,108301,108301.0,108301,1
ov__pass,SwapConvertTranspose,85600,85600,85600.0,85600,1
ov__pass,ConvertToInteraction,619001,619001,619001.0,619001,1
ov__pass,ConvertInteractionInt8,118999,118999,118999.0,118999,1
ov__pass,PermuteSliceAndInterpolation,101601,101601,101601.0,101601,1
ov__pass,ConvertBroadcast3,92801,92801,92801.0,92801,1
ov__pass,ReshapePRelu,86199,86199,86199.0,86199,1
ov__pass,MoveEltwiseUpThroughDataMov,550600,550600,550600.0,550600,1
ov__pass,FuseFQtoInteraction,92900,92900,92900.0,92900,1
ov__pass,ConvertFqRnnToQuantizedRnn,516599,516599,516599.0,516599,1
ov__pass,RoPEFusionGPTJ,133200,133200,133200.0,133200,1
ov__pass,RoPEFusionIOSlicing,111300,111300,111300.0,111300,1
ov__pass,RoPEShareCosSin,85899,85899,85899.0,85899,1
ov__pass,CausalMaskPreprocess,84800,84800,84800.0,84800,1
ov__pass,CausalMaskPreprocessFusion,3820000,3820000,3820000.0,3820000,1
ov__pass,DecomposeRMSNorm,81100,81100,81100.0,81100,1
ov__pass,NgramFusion,128599,128599,128599.0,128599,1
ov__pass,SnippetsMarkSkipped,3014000,3014000,3014000.0,3014000,1
ov__pass,snippets::pass::EnumerateNodes,2781001,2781001,2781001.0,2781001,1
ov__pass,ExtractReshapesFromMHA,123800,123800,123800.0,123800,1
ov__pass,snippets::pass::TokenizeMHASnippets,112500,112500,112500.0,112500,1
ov__pass,snippets::pass::TokenizeMLPSeqSnippets,82500,82500,82500.0,82500,1
ov__pass,snippets::pass::TransformConvertToConvertTruncation,4499,1586001,41754.86274509804,2129498,51
ov__pass,snippets::pass::CommonOptimizations,6542501,6542501,6542501.0,6542501,1
ov__pass,snippets::pass::SnippetsTokenization,35500200,35500200,35500200.0,35500200,1
ov__pass,FakeQuantizeDecomposition,116500,116500,116500.0,116500,1
ov__pass,FakeConvertDecomposition,90600,90600,90600.0,90600,1
ov__pass,MoEMatMulsFusion,99001,99001,99001.0,99001,1
ov__pass,ConvertBatchGatherMatmulToBatchGatherMatmulCompressed,79700,79700,79700.0,79700,1
ov__pass,ConvertMatMulToFC,76301,76301,76301.0,76301,1
ov__pass,FullyConnectedBiasFusion,288400,288400,288400.0,288400,1
ov__pass,ConvertFCToFCQuantizedLegacy,76900,76900,76900.0,76900,1
ov__pass,AlignMatMulInputRanks,76000,76000,76000.0,76000,1
ov__pass,ConvertTileToSeqTiles,94800,94800,94800.0,94800,1
ov__pass,ConvertToPowerStatic,1141599,1141599,1141599.0,1141599,1
ov__pass,ConvertToLeakyRelu,97100,97100,97100.0,97100,1
ov__pass,ConvertToSwishCPU,8100,486100,23928.71153846154,1244293,52
ov__pass,OptimizeSequenceTransposes,87300,87300,87300.0,87300,1
ov__pass,ReshapeSequenceFusion,68700,68700,68700.0,68700,1
ov__pass,MoveReadValueInputsToSubgraph,80300,80300,80300.0,80300,1
ov__pass,snippets::pass::Canonicalization,1500,1680800,35350.94117647059,1802898,51
ov__pass,snippets::pass::AnalyzeBroadcastableInputs,500,1490900,35076.450980392154,1788899,51
ov__pass,snippets::pass::AlignElementTypes,600,1488800,30058.92156862745,1533005,51
ov__pass,snippets::pass::BroadcastToMoveBroadcast,1799,21199,2805.8627450980393,143099,51
ov__pass,snippets::pass::ReduceToSnippetsReduce,1601,12400,2382.372549019608,121501,51
ov__pass,snippets::pass::ConvertConstantsToScalars,2600,2015800,26712.598039215685,2724685,102
ov__pass,snippets::pass::ConvertPowerToPowerStatic,2699,37800,4766.843137254902,243109,51
ov__pass,BrgemmToBrgemmCPU,3501,1877200,41674.313725490196,2125390,51
ov__pass,snippets::pass::PropagatePrecision,4300,1478100,36464.72549019608,1859701,51
ov__pass,RemoveConverts,1301,10000,1998.1764705882354,101907,51
ov__pass,MulAddToFMA,1499,958200,24778.450980392157,1263701,51
ov__ReadTime,CoreImpl::read_model from file,28682700,82309099,55495899.5,110991799,2
ov__op__gpu,constant:refiner.conv.6.weight,1689400,1689400,1689400.0,1689400,1
ov__op__gpu,constant:project_mat.conv.weight,1405901,1405901,1405901.0,1405901,1
ov__op__gpu,constant:decoder.decode4.gru.ih.0.weight,1583501,1583501,1583501.0,1583501,1
ov__op__gpu,constant:decoder.decode4.gru.hh.0.weight,1649099,1649099,1649099.0,1649099,1
ov__op__gpu,constant:decoder.decode3.gru.ih.0.weight,2149300,2149300,2149300.0,2149300,1
ov__op__gpu,constant:decoder.decode3.gru.hh.0.weight,1558401,1558401,1558401.0,1558401,1
ov__op__gpu,constant:decoder.decode2.gru.ih.0.weight,1246500,1246500,1246500.0,1246500,1
ov__op__gpu,constant:decoder.decode2.gru.hh.0.weight,1708800,1708800,1708800.0,1708800,1
ov__op__gpu,constant:decoder.decode1.gru.ih.0.weight,1458900,1458900,1458900.0,1458900,1
ov__op__gpu,constant:decoder.decode1.gru.hh.0.weight,1573701,1573701,1573701.0,1573701,1
ov__op__gpu,constant:backbone.features.6.block.2.fc2.weight,1937800,1937800,1937800.0,1937800,1
ov__op__gpu,constant:backbone.features.6.block.2.fc1.weight,1378000,1378000,1378000.0,1378000,1
ov__op__gpu,constant:backbone.features.5.block.2.fc2.weight,1283099,1283099,1283099.0,1283099,1
ov__op__gpu,constant:backbone.features.5.block.2.fc1.weight,1931901,1931901,1931901.0,1931901,1
ov__op__gpu,constant:backbone.features.4.block.2.fc2.weight,1528900,1528900,1528900.0,1528900,1
ov__op__gpu,constant:backbone.features.4.block.2.fc1.weight,2362401,2362401,2362401.0,2362401,1
ov__op__gpu,constant:backbone.features.15.block.2.fc2.weight,2315701,2315701,2315701.0,2315701,1
ov__op__gpu,constant:backbone.features.15.block.2.fc1.weight,1746399,1746399,1746399.0,1746399,1
ov__op__gpu,constant:backbone.features.14.block.2.fc2.weight,1551000,1551000,1551000.0,1551000,1
ov__op__gpu,constant:backbone.features.14.block.2.fc1.weight,1483500,1483500,1483500.0,1483500,1
ov__op__gpu,constant:backbone.features.13.block.2.fc2.weight,1772600,1772600,1772600.0,1772600,1
ov__op__gpu,constant:backbone.features.13.block.2.fc1.weight,2012200,2012200,2012200.0,2012200,1
ov__op__gpu,constant:backbone.features.12.block.2.fc2.weight,2102600,2102600,2102600.0,2102600,1
ov__op__gpu,constant:backbone.features.12.block.2.fc1.weight,1507300,1507300,1507300.0,1507300,1
ov__op__gpu,constant:backbone.features.11.block.2.fc2.weight,1787199,1787199,1787199.0,1787199,1
ov__op__gpu,constant:backbone.features.11.block.2.fc1.weight,1604400,1604400,1604400.0,1604400,1
ov__op__gpu,constant:aspp.aspp2.1.weight,1525399,1525399,1525399.0,1525399,1
ov__op__gpu,constant:Reshape_99,1485400,1485400,1485400.0,1485400,1
ov__op__gpu,constant:Reshape_949,1454300,1454300,1454300.0,1454300,1
ov__op__gpu,constant:Reshape_850,1957499,1957499,1957499.0,1957499,1
ov__op__gpu,constant:Reshape_708,1508800,1508800,1508800.0,1508800,1
ov__op__gpu,constant:Reshape_569,1308100,1308100,1308100.0,1308100,1
ov__op__gpu,constant:Reshape_46,1846000,1846000,1846000.0,1846000,1
ov__op__gpu,constant:Reshape_431,1766599,1766599,1766599.0,1766599,1
ov__op__gpu,constant:Reshape_337,1375400,1375400,1375400.0,1375400,1
ov__op__gpu,constant:Reshape_244,1375100,1375100,1375100.0,1375100,1
ov__op__gpu,constant:Reshape_2379,1518800,1518800,1518800.0,1518800,1
ov__op__gpu,constant:Reshape_2329,1231301,1231301,1231301.0,1231301,1
ov__op__gpu,constant:Reshape_1827,1368000,1368000,1368000.0,1368000,1
ov__op__gpu,constant:Reshape_1682,1282800,1282800,1282800.0,1282800,1
ov__op__gpu,constant:Reshape_1538,1557799,1557799,1557799.0,1557799,1
ov__op__gpu,constant:Reshape_150,1579500,1579500,1579500.0,1579500,1
ov__op__gpu,constant:Reshape_1393,2336100,2336100,2336100.0,2336100,1
ov__op__gpu,constant:Reshape_1249,1376000,1376000,1376000.0,1376000,1
ov__op__gpu,constant:Reshape_1149,1909101,1909101,1909101.0,1909101,1
ov__op__gpu,constant:Reshape_1049,1637700,1637700,1637700.0,1637700,1
ov__op__gpu,constant,1243600,2493500,1675397.6153846155,65340507,39
ov__op__gpu,constant:refiner.conv.6.weight_weights_reorder_84,2024601,2024601,2024601.0,2024601,1
ov__op__gpu,constant:project_mat.conv.weight_weights_reorder_79,1756300,1756300,1756300.0,1756300,1
ov__op__gpu,constant:decoder.decode4.gru.ih.0.weight_weights_reorder_66,1420200,1420200,1420200.0,1420200,1
ov__op__gpu,constant:decoder.decode4.gru.hh.0.weight_weights_reorder_67,2349700,2349700,2349700.0,2349700,1
ov__op__gpu,constant:decoder.decode3.gru.ih.0.weight_weights_reorder_69,1965700,1965700,1965700.0,1965700,1
ov__op__gpu,constant:decoder.decode3.gru.hh.0.weight_weights_reorder_70,2140400,2140400,2140400.0,2140400,1
ov__op__gpu,constant:decoder.decode2.gru.ih.0.weight_weights_reorder_72,2446500,2446500,2446500.0,2446500,1
ov__op__gpu,constant:decoder.decode2.gru.hh.0.weight_weights_reorder_73,1748300,1748300,1748300.0,1748300,1
ov__op__gpu,constant:decoder.decode1.gru.ih.0.weight_weights_reorder_75,2271099,2271099,2271099.0,2271099,1
ov__op__gpu,constant:decoder.decode1.gru.hh.0.weight_weights_reorder_76,1604301,1604301,1604301.0,1604301,1
ov__op__gpu,constant:backbone.features.6.block.2.fc2.weight_weights_reorder_24,2652700,2652700,2652700.0,2652700,1
ov__op__gpu,constant:backbone.features.6.block.2.fc1.weight_weights_reorder_23,1618200,1618200,1618200.0,1618200,1
ov__op__gpu,constant:backbone.features.5.block.2.fc2.weight_weights_reorder_19,2201001,2201001,2201001.0,2201001,1
ov__op__gpu,constant:backbone.features.5.block.2.fc1.weight_weights_reorder_18,1514300,1514300,1514300.0,1514300,1
ov__op__gpu,constant:backbone.features.4.block.2.fc2.weight_weights_reorder_14,2087200,2087200,2087200.0,2087200,1
ov__op__gpu,constant:backbone.features.4.block.2.fc1.weight_weights_reorder_13,2203400,2203400,2203400.0,2203400,1
ov__op__gpu,constant:backbone.features.15.block.2.fc2.weight_weights_reorder_61,1557499,1557499,1557499.0,1557499,1
ov__op__gpu,constant:backbone.features.15.block.2.fc1.weight_weights_reorder_60,2329200,2329200,2329200.0,2329200,1
ov__op__gpu,constant:backbone.features.14.block.2.fc2.weight_weights_reorder_56,1987600,1987600,1987600.0,1987600,1
ov__op__gpu,constant:backbone.features.14.block.2.fc1.weight_weights_reorder_55,1617100,1617100,1617100.0,1617100,1
ov__op__gpu,constant:backbone.features.13.block.2.fc2.weight_weights_reorder_51,1884101,1884101,1884101.0,1884101,1
ov__op__gpu,constant:backbone.features.13.block.2.fc1.weight_weights_reorder_50,1540901,1540901,1540901.0,1540901,1
ov__op__gpu,constant:backbone.features.12.block.2.fc2.weight_weights_reorder_46,1477400,1477400,1477400.0,1477400,1
ov__op__gpu,constant:backbone.features.12.block.2.fc1.weight_weights_reorder_45,1539300,1539300,1539300.0,1539300,1
ov__op__gpu,constant:backbone.features.11.block.2.fc2.weight_weights_reorder_41,1805199,1805199,1805199.0,1805199,1
ov__op__gpu,constant:backbone.features.11.block.2.fc1.weight_weights_reorder_40,1930300,1930300,1930300.0,1930300,1
ov__op__gpu,constant:aspp.aspp2.1.weight_weights_reorder_64,1810600,1810600,1810600.0,1810600,1
ov__op__gpu,constant:Reshape_99_weights_reorder_0,2138700,2138700,2138700.0,2138700,1
ov__op__gpu,constant:Reshape_949_weights_reorder_30,1789400,1789400,1789400.0,1789400,1
ov__op__gpu,constant:Reshape_850_weights_reorder_27,1604800,1604800,1604800.0,1604800,1
ov__op__gpu,constant:Reshape_708_weights_reorder_22,1564099,1564099,1564099.0,1564099,1
ov__op__gpu,constant:Reshape_569_weights_reorder_17,1597200,1597200,1597200.0,1597200,1
ov__op__gpu,constant:Reshape_46_weights_reorder_1,1781000,1781000,1781000.0,1781000,1
ov__op__gpu,constant:Reshape_431_weights_reorder_12,1454699,1454699,1454699.0,1454699,1
ov__op__gpu,constant:Reshape_337_weights_reorder_9,1397500,1397500,1397500.0,1397500,1
ov__op__gpu,constant:Reshape_244_weights_reorder_6,1490900,1490900,1490900.0,1490900,1
ov__op__gpu,constant:Reshape_2379_weights_reorder_80,1549201,1549201,1549201.0,1549201,1
ov__op__gpu,constant:Reshape_2329_weights_reorder_81,1697000,1697000,1697000.0,1697000,1
ov__op__gpu,constant:Reshape_1827_weights_reorder_59,1992700,1992700,1992700.0,1992700,1
ov__op__gpu,constant:Reshape_1682_weights_reorder_54,2171100,2171100,2171100.0,2171100,1
ov__op__gpu,constant:Reshape_1538_weights_reorder_49,1431100,1431100,1431100.0,1431100,1
ov__op__gpu,constant:Reshape_150_weights_reorder_3,1567901,1567901,1567901.0,1567901,1
ov__op__gpu,constant:Reshape_1393_weights_reorder_44,1863099,1863099,1863099.0,1863099,1
ov__op__gpu,constant:Reshape_1249_weights_reorder_39,1552101,1552101,1552101.0,1552101,1
ov__op__gpu,constant:Reshape_1149_weights_reorder_36,1571100,1571100,1571100.0,1571100,1
ov__op__gpu,constant:Reshape_1049_weights_reorder_33,1787800,1787800,1787800.0,1787800,1
ov__op__gpu,constant:983_weights_reorder_83,1542800,1542800,1542800.0,1542800,1
ov__op__gpu,constant:980_weights_reorder_82,1463299,1463299,1463299.0,1463299,1
ov__op__gpu,constant:977_weights_reorder_78,1669699,1669699,1669699.0,1669699,1
ov__op__gpu,constant:974_weights_reorder_77,1779100,1779100,1779100.0,1779100,1
ov__op__gpu,constant:971_weights_reorder_74,1616900,1616900,1616900.0,1616900,1
ov__op__gpu,constant:968_weights_reorder_71,1453499,1453499,1453499.0,1453499,1
ov__op__gpu,constant:965_weights_reorder_68,1695100,1695100,1695100.0,1695100,1
ov__op__gpu,constant:962_weights_reorder_65,1358700,1358700,1358700.0,1358700,1
ov__op__gpu,constant:959_weights_reorder_63,1522700,1522700,1522700.0,1522700,1
ov__op__gpu,constant:956_weights_reorder_62,1779700,1779700,1779700.0,1779700,1
ov__op__gpu,constant:950_weights_reorder_58,1717300,1717300,1717300.0,1717300,1
ov__op__gpu,constant:947_weights_reorder_57,1730300,1730300,1730300.0,1730300,1
ov__op__gpu,constant:941_weights_reorder_53,1504900,1504900,1504900.0,1504900,1
ov__op__gpu,constant:938_weights_reorder_52,1468001,1468001,1468001.0,1468001,1
ov__op__gpu,constant:932_weights_reorder_48,1624000,1624000,1624000.0,1624000,1
ov__op__gpu,constant:929_weights_reorder_47,1879300,1879300,1879300.0,1879300,1
ov__op__gpu,constant:923_weights_reorder_43,1415600,1415600,1415600.0,1415600,1
ov__op__gpu,constant:920_weights_reorder_42,1590200,1590200,1590200.0,1590200,1
ov__op__gpu,constant:914_weights_reorder_38,1930701,1930701,1930701.0,1930701,1
ov__op__gpu,constant:911_weights_reorder_37,1764801,1764801,1764801.0,1764801,1
ov__op__gpu,constant:905_weights_reorder_35,1542800,1542800,1542800.0,1542800,1
ov__op__gpu,constant:902_weights_reorder_34,2038600,2038600,2038600.0,2038600,1
ov__op__gpu,constant:896_weights_reorder_32,1563200,1563200,1563200.0,1563200,1
ov__op__gpu,constant:893_weights_reorder_31,1532099,1532099,1532099.0,1532099,1
ov__op__gpu,constant:887_weights_reorder_29,1963600,1963600,1963600.0,1963600,1
ov__op__gpu,constant:884_weights_reorder_28,1430400,1430400,1430400.0,1430400,1
ov__op__gpu,constant:878_weights_reorder_26,1380100,1380100,1380100.0,1380100,1
ov__op__gpu,constant:875_weights_reorder_25,1517700,1517700,1517700.0,1517700,1
ov__op__gpu,constant:869_weights_reorder_21,1657300,1657300,1657300.0,1657300,1
ov__op__gpu,constant:866_weights_reorder_20,1510700,1510700,1510700.0,1510700,1
ov__op__gpu,constant:860_weights_reorder_16,1508300,1508300,1508300.0,1508300,1
ov__op__gpu,constant:857_weights_reorder_15,2294700,2294700,2294700.0,2294700,1
ov__op__gpu,constant:851_weights_reorder_11,1883501,1883501,1883501.0,1883501,1
ov__op__gpu,constant:848_weights_reorder_10,1643601,1643601,1643601.0,1643601,1
ov__op__gpu,constant:842_weights_reorder_8,1774301,1774301,1774301.0,1774301,1
ov__op__gpu,constant:839_weights_reorder_7,1361900,1361900,1361900.0,1361900,1
ov__op__gpu,constant:833_weights_reorder_5,1507800,1507800,1507800.0,1507800,1
ov__op__gpu,constant:830_weights_reorder_4,1722500,1722500,1722500.0,1722500,1
ov__op__gpu,constant:824_weights_reorder_2,1586100,1586100,1586100.0,1586100,1
ov__op__gpu,parameter:src,11499,1904300,48918.90566037736,2592702,53
ov__op__gpu,reducemean:ReduceMean_296,40799,1999500,81343.49056603774,4311205,53
ov__op__gpu,interpolate:Resize_3,4600,1296100,29788.811320754718,1578807,53
ov__op__gpu,interpolate:Resize_3_0_reorder_0,11701,1712099,45294.41509433962,2400604,53
ov__op__gpu,reducemean:ReduceMean_298,13501,1493200,44183.018867924526,2341700,53
ov__op__gpu,concat:Concat_299,25601,1763900,60652.811320754714,3214599,53
ov__op__gpu,concat:Concat_299_0_reorder_1,13700,1926200,51400.188679245286,2724210,53
ov__op__gpu,multiply:Mul_307,7399,1840499,43164.11320754717,2287698,53
ov__op__gpu,multiply:Mul_307_0_reorder_2,7000,1498800,35926.3962264151,1904099,53
ov__op__gpu,avgpool:AveragePool_169,19499,1487699,49594.24528301887,2628495,53
ov__op__gpu,avgpool:AveragePool_169_0_reorder_3,10299,1452400,38401.981132075474,2035305,53
ov__op__gpu,avgpool:AveragePool_170,9100,1518300,38624.49056603773,2047098,53
ov__op__gpu,avgpool:AveragePool_170_0_reorder_4,8900,1813200,44064.07547169811,2335396,53
ov__op__gpu,avgpool:AveragePool_171,10000,1771799,44943.43396226415,2382002,53
ov__op__gpu,avgpool:AveragePool_171_0_reorder_5,8800,1682899,41696.301886792455,2209904,53
ov__op__gpu,concat:Concat_297,14500,1822200,51007.50943396227,2703398,53
ov__op__gpu,parameter:r4i,3900,1325700,29633.924528301886,1570598,53
ov__op__gpu,parameter:r4i_0_reorder_6,14600,1420199,43169.88679245283,2288004,53
ov__op__gpu,parameter:r3i,3001,1316500,28601.867924528302,1515899,53
ov__op__gpu,parameter:r3i_0_reorder_7,12500,2028700,53316.8679245283,2825794,53
ov__op__gpu,parameter:r2i,3101,1821401,38447.188679245286,2037701,53
ov__op__gpu,parameter:r2i_0_reorder_8,13199,1463799,44035.83018867925,2333899,53
ov__op__gpu,parameter:r1i,6499,1577699,40858.52830188679,2165502,53
ov__op__gpu,parameter:r1i_0_reorder_9,11500,1837201,48990.64150943396,2596504,53
ov__op__gpu,convolution:Conv_308,15300,1502400,46216.981132075474,2449500,53
ov__op__gpu,convolution:Conv_301,8100,1913299,45500.0,2411500,53
ov__op__gpu,multiply:Mul_309,8700,1481200,37901.92452830189,2008802,53
ov__op__gpu,multiply:Mul_309_0_reorder_12,9000,1524199,39479.24528301887,2092400,53
ov__op__gpu,multiply:Multiply_10604,10200,1702599,43979.07547169811,2330891,53
ov__op__gpu,convolution:Conv_8/WithoutBiases,19600,1633299,53015.11320754717,2809801,53
ov__op__gpu,hardsigmoid:HardSigmoid_9,6901,1427700,35052.96226415094,1857807,53
ov__op__gpu,multiply:Mul_10,5900,1589800,37143.45283018868,1968603,53
ov__op__gpu,convolution:Conv_11/WithoutBiases,11199,1912700,48990.58490566038,2596501,53
ov__op__gpu,convolution:Conv_13/WithoutBiases,10500,1734600,45818.735849056604,2428393,53
ov__op__gpu,convolution:Conv_15/WithoutBiases,10200,1673701,44022.660377358494,2333201,53
ov__op__gpu,convolution:Conv_17/WithoutBiases,9601,1917500,47471.67924528302,2515999,53
ov__op__gpu,convolution:Conv_19/WithoutBiases,11399,1735301,45766.09433962264,2425603,53
ov__op__gpu,convolution:Conv_20/WithoutBiases,12000,1852500,48762.16981132075,2584395,53
ov__op__gpu,convolution:Conv_22/WithoutBiases,10100,1670099,42781.11320754717,2267399,53
ov__op__gpu,convolution:Conv_24/WithoutBiases,10199,1783900,44607.64150943396,2364205,53
ov__op__gpu,convolution:Conv_26/WithoutBiases,8000,1808601,43034.11320754717,2280808,53
ov__op__gpu,convolution:Conv_28/WithoutBiases,9600,1535600,39947.24528301887,2117204,53
ov__op__gpu,reducemean:GlobalAveragePool_30,10201,1702400,43767.981132075474,2319703,53
ov__op__gpu,convolution:Conv_31/WithoutBiases,10599,1413900,38709.28301886792,2051592,53
ov__op__gpu,convolution:Conv_33/WithoutBiases,10100,1479401,39371.698113207545,2086700,53
ov__op__gpu,multiply:Mul_35,7500,1921399,45079.35849056604,2389206,53
ov__op__gpu,convolution:Conv_36/WithoutBiases,9800,1486800,39286.698113207545,2082195,53
ov__op__gpu,convolution:Conv_37/WithoutBiases,10799,2697500,64422.58490566038,3414397,53
ov__op__gpu,convolution:Conv_39/WithoutBiases,10700,1536101,41392.52830188679,2193804,53
ov__op__gpu,reducemean:GlobalAveragePool_41,7000,1422399,34952.75471698113,1852496,53
ov__op__gpu,convolution:Conv_42/WithoutBiases,11101,1522100,41049.09433962264,2175602,53
ov__op__gpu,convolution:Conv_44/WithoutBiases,10800,1808900,46360.35849056604,2457099,53
ov__op__gpu,multiply:Mul_46,6400,1370600,33217.056603773584,1760504,53
ov__op__gpu,convolution:Conv_47/WithoutBiases,11500,1736500,46379.188679245286,2458097,53
ov__op__gpu,convolution:Conv_49/WithoutBiases,7899,1655600,40024.71698113208,2121310,53
ov__op__gpu,convolution:Conv_51/WithoutBiases,7600,1754600,42058.43396226415,2229097,53
ov__op__gpu,reducemean:GlobalAveragePool_53,6300,1485400,35892.47169811321,1902301,53
ov__op__gpu,convolution:Conv_54/WithoutBiases,8501,1420001,36501.943396226416,1934603,53
ov__op__gpu,convolution:Conv_56/WithoutBiases,7400,2368900,53362.35849056604,2828205,53
ov__op__gpu,multiply:Mul_58,5599,1452601,34228.47169811321,1814109,53
ov__op__gpu,convolution:Conv_59/WithoutBiases,8399,2358501,54045.264150943396,2864399,53
ov__op__gpu,convolution:Conv_61/WithoutBiases,10299,3696601,81805.6603773585,4335700,53
ov__op__gpu,hardsigmoid:HardSigmoid_62,7299,1457700,35986.79245283019,1907300,53
ov__op__gpu,multiply:Mul_63,6299,1778601,40962.45283018868,2171010,53
ov__op__gpu,convolution:Conv_64/WithoutBiases,9599,1771700,44037.79245283019,2334003,53
ov__op__gpu,hardsigmoid:HardSigmoid_65,6700,1607100,38847.1320754717,2058898,53
ov__op__gpu,multiply:Mul_66,5700,1672000,38373.56603773585,2033799,53
ov__op__gpu,convolution:Conv_67/WithoutBiases,10500,1479900,40075.49056603773,2124001,53
ov__op__gpu,convolution:Conv_68/WithoutBiases,9700,2155999,51854.84905660377,2748307,53
ov__op__gpu,hardsigmoid:HardSigmoid_69,6100,1487501,36215.07547169811,1919399,53
ov__op__gpu,multiply:Mul_70,5900,1499800,35058.45283018868,1858098,53
ov__op__gpu,convolution:Conv_71/WithoutBiases,9800,1800999,45447.07547169811,2408695,53
ov__op__gpu,hardsigmoid:HardSigmoid_72,5600,1368500,32409.490566037737,1717703,53
ov__op__gpu,multiply:Mul_73,5800,1946801,43269.8679245283,2293303,53
ov__op__gpu,convolution:Conv_74/WithoutBiases,10300,2319201,56803.83018867925,3010603,53
ov__op__gpu,convolution:Conv_76/WithoutBiases,10699,1588200,42373.54716981132,2245798,53
ov__op__gpu,hardsigmoid:HardSigmoid_77,6901,1552700,37430.11320754717,1983796,53
ov__op__gpu,multiply:Mul_78,6001,1762300,40083.03773584906,2124401,53
ov__op__gpu,convolution:Conv_79/WithoutBiases,10500,1506800,40816.88679245283,2163295,53
ov__op__gpu,hardsigmoid:HardSigmoid_80,5499,1531600,35503.88679245283,1881706,53
ov__op__gpu,multiply:Mul_81,5400,1881300,41928.3962264151,2222205,53
ov__op__gpu,convolution:Conv_82/WithoutBiases,11600,2150200,53913.07547169811,2857393,53
ov__op__gpu,convolution:Conv_84/WithoutBiases,7600,1592100,38698.056603773584,2050997,53
ov__op__gpu,hardsigmoid:HardSigmoid_85,5001,1582200,39415.15094339623,2089003,53
ov__op__gpu,multiply:Mul_86,5400,1437499,35236.03773584906,1867510,53
ov__op__gpu,convolution:Conv_87/WithoutBiases,7900,1646000,40177.301886792455,2129397,53
ov__op__gpu,hardsigmoid:HardSigmoid_88,5100,1635200,37013.264150943396,1961703,53
ov__op__gpu,multiply:Mul_89,4900,1732900,39056.64150943396,2070002,53
ov__op__gpu,convolution:Conv_90/WithoutBiases,7700,1633000,40415.11320754717,2142001,53
ov__op__gpu,convolution:Conv_92/WithoutBiases,9801,1842399,46320.698113207545,2454997,53
ov__op__gpu,hardsigmoid:HardSigmoid_93,6600,1365201,33594.339622641506,1780500,53
ov__op__gpu,multiply:Mul_94,6799,1913099,44403.735849056604,2353398,53
ov__op__gpu,convolution:Conv_95/WithoutBiases,9300,1621800,41947.16981132075,2223200,53
ov__op__gpu,hardsigmoid:HardSigmoid_96,5100,1843300,41360.22641509434,2192092,53
ov__op__gpu,multiply:Mul_97,5101,1516299,34558.56603773585,1831604,53
ov__op__gpu,reducemean:GlobalAveragePool_98,9699,2017200,49460.45283018868,2621404,53
ov__op__gpu,convolution:Conv_99/WithoutBiases,9899,1544000,40937.77358490566,2169702,53
ov__op__gpu,convolution:Conv_101/WithoutBiases,9500,1681500,42960.377358490565,2276900,53
ov__op__gpu,multiply:Mul_103,6300,1965301,44792.47169811321,2374001,53
ov__op__gpu,convolution:Conv_104/WithoutBiases,9801,1819401,45979.16981132075,2436896,53
ov__op__gpu,convolution:Conv_105/WithoutBiases,11299,1450400,40492.35849056604,2146095,53
ov__op__gpu,hardsigmoid:HardSigmoid_106,6600,1579201,37571.77358490566,1991304,53
ov__op__gpu,multiply:Mul_107,6499,1487900,36981.22641509434,1960005,53
ov__op__gpu,convolution:Conv_108/WithoutBiases,10100,1503500,40375.52830188679,2139903,53
ov__op__gpu,hardsigmoid:HardSigmoid_109,5700,1782801,40484.943396226416,2145702,53
ov__op__gpu,multiply:Mul_110,5500,1351700,32152.98113207547,1704108,53
ov__op__gpu,reducemean:GlobalAveragePool_111,7900,1764100,42205.64150943396,2236899,53
ov__op__gpu,convolution:Conv_112/WithoutBiases,10600,1728200,45001.90566037736,2385101,53
ov__op__gpu,convolution:Conv_114/WithoutBiases,9999,2192500,53215.1320754717,2820402,53
ov__op__gpu,multiply:Mul_116,5999,1515601,35437.67924528302,1878197,53
ov__op__gpu,convolution:Conv_117/WithoutBiases,10000,2105000,51137.735849056604,2710300,53
ov__op__gpu,convolution:Conv_119/WithoutBiases,8699,1623699,40599.88679245283,2151794,53
ov__op__gpu,hardsigmoid:HardSigmoid_120,5499,1584599,36341.43396226415,1926096,53
ov__op__gpu,multiply:Mul_121,5000,1528400,34824.58490566038,1845703,53
ov__op__gpu,convolution:Conv_122/WithoutBiases,9000,1969500,47592.377358490565,2522396,53
ov__op__gpu,hardsigmoid:HardSigmoid_123,5199,1536899,35349.03773584906,1873499,53
ov__op__gpu,multiply:Mul_124,4800,1324101,30696.264150943396,1626902,53
ov__op__gpu,reducemean:GlobalAveragePool_125,6100,1837800,41854.622641509435,2218295,53
ov__op__gpu,convolution:Conv_126/WithoutBiases,7900,1543000,38205.77358490566,2024906,53
ov__op__gpu,convolution:Conv_128/WithoutBiases,7899,2121900,52690.49056603773,2792596,53
ov__op__gpu,multiply:Mul_130,5600,2176101,48139.47169811321,2551392,53
ov__op__gpu,convolution:Conv_131/WithoutBiases,9000,1418400,37362.28301886792,1980201,53
ov__op__gpu,convolution:Conv_132/WithoutBiases,10801,2057401,51469.79245283019,2727899,53
ov__op__gpu,hardsigmoid:HardSigmoid_133,6200,1548500,36473.52830188679,1933097,53
ov__op__gpu,multiply:Mul_134,5899,2097601,47990.54716981132,2543499,53
ov__op__gpu,convolution:Conv_135/WithoutBiases,10500,1640900,42934.056603773584,2275505,53
ov__op__gpu,hardsigmoid:HardSigmoid_136,5499,1281300,30333.962264150945,1607700,53
ov__op__gpu,multiply:Mul_137,6000,1316700,32203.66037735849,1706794,53
ov__op__gpu,reducemean:GlobalAveragePool_138,7399,1694301,40464.28301886792,2144607,53
ov__op__gpu,convolution:Conv_139/WithoutBiases,10600,1509599,41562.301886792455,2202802,53
ov__op__gpu,convolution:Conv_141/WithoutBiases,10000,1894999,47196.09433962264,2501393,53
ov__op__gpu,multiply:Mul_143,6900,1666200,39807.56603773585,2109801,53
ov__op__gpu,convolution:Conv_144/WithoutBiases,10799,1460600,40547.018867924526,2148992,53
ov__op__gpu,convolution:Conv_146/WithoutBiases,8400,1641501,41098.16981132075,2178203,53
ov__op__gpu,hardsigmoid:HardSigmoid_147,5999,1848099,42311.32075471698,2242500,53
ov__op__gpu,multiply:Mul_148,5300,1398200,32701.962264150945,1733204,53
ov__op__gpu,convolution:Conv_149/WithoutBiases,8200,2910600,64503.88679245283,3418706,53
ov__op__gpu,hardsigmoid:HardSigmoid_150,4901,1540799,35043.35849056604,1857298,53
ov__op__gpu,multiply:Mul_151,4900,1861700,40960.22641509434,2170892,53
ov__op__gpu,reducemean:GlobalAveragePool_152,6000,1546400,36113.16981132075,1913998,53
ov__op__gpu,convolution:Conv_153/WithoutBiases,7800,1821800,43169.83018867925,2288001,53
ov__op__gpu,convolution:Conv_155/WithoutBiases,7700,1776999,42351.018867924526,2244604,53
ov__op__gpu,multiply:Mul_157,5200,1660200,37686.84905660377,1997403,53
ov__op__gpu,convolution:Conv_158/WithoutBiases,8300,1770100,42945.41509433962,2276107,53
ov__op__gpu,convolution:Conv_160/WithoutBiases,7601,1641000,39375.43396226415,2086898,53
ov__op__gpu,hardsigmoid:HardSigmoid_161,5300,1317100,31199.943396226416,1653597,53
ov__op__gpu,multiply:Mul_162,5200,1645300,39158.660377358494,2075409,53
ov__op__gpu,reducemean:GlobalAveragePool_165,5999,1765900,39973.56603773585,2118599,53
ov__op__gpu,convolution:Conv_166,9600,1657800,42051.03773584906,2228705,53
ov__op__gpu,convolution:Conv_163/WithoutBiases,10000,1859699,46664.20754716981,2473203,53
ov__op__gpu,variadicsplit:Split_172.out1,8200,1742301,42886.83018867925,2273002,53
ov__op__gpu,concat:Concat_175,10899,1611700,43684.84905660377,2315297,53
ov__op__gpu,convolution:Conv_176/WithoutBiases,10900,1814899,47348.943396226416,2509494,53
ov__op__gpu,variadicsplit:Split_178.out1,5801,1318100,31762.35849056604,1683405,53
ov__op__gpu,variadicsplit:Split_178.out1_0_reorder_13,9499,1654300,42360.301886792455,2245096,53
ov__op__gpu,multiply:Multiply_10834,9401,2356401,56133.90566037736,2975097,53
ov__op__gpu,multiply:Multiply_10834_0_reorder_14,7600,1661600,41094.50943396227,2178009,53
ov__op__gpu,variadicsplit:Split_178.out0,5800,1449800,33992.47169811321,1801601,53
ov__op__gpu,variadicsplit:Split_178.out0_0_reorder_15,5500,1712300,38726.377358490565,2052498,53
ov__op__gpu,multiply:Mul_179,7100,1254900,32173.584905660377,1705200,53
ov__op__gpu,multiply:Mul_179_0_reorder_16,5800,2363199,51058.43396226415,2706097,53
ov__op__gpu,concat:Concat_180,7600,1604800,39005.71698113208,2067303,53
ov__op__gpu,convolution:Conv_181/WithoutBiases,9500,2115799,51011.35849056604,2703602,53
ov__op__gpu,tanh:Tanh_182,6301,2215199,49432.03773584906,2619898,53
ov__op__gpu,multiply:Mul_186,6000,1495800,35890.698113207545,1902207,53
ov__op__gpu,result:r4o/sink_port_0,9600,1958501,48607.660377358494,2576206,53
ov__op__gpu,variadicsplit:Split_172.out0,5900,1420799,33890.67924528302,1796206,53
ov__op__gpu,concat:Concat_188,2000,1578400,32460.33962264151,1720398,53
ov__op__gpu,interpolate:Resize_190,5800,2846301,61341.50943396227,3251100,53
ov__op__gpu,concat:Concat_199_1,15200,1632401,48430.11320754717,2566796,53
ov__op__gpu,convolution:Conv_200/WithoutBiases,9999,1386900,38394.16981132075,2034891,53
ov__op__gpu,variadicsplit:Split_202.out1,6200,1906300,43509.41509433962,2305999,53
ov__op__gpu,concat:Concat_205,11699,1721701,46539.622641509435,2466600,53
ov__op__gpu,convolution:Conv_206/WithoutBiases,9900,1451700,38607.64150943396,2046205,53
ov__op__gpu,variadicsplit:Split_208.out1,5800,1728100,39256.47169811321,2080593,53
ov__op__gpu,variadicsplit:Split_208.out1_0_reorder_18,8700,1741701,43152.90566037736,2287104,53
ov__op__gpu,multiply:Multiply_10837,8100,1414901,36513.35849056604,1935208,53
ov__op__gpu,multiply:Multiply_10837_0_reorder_19,7600,1689900,41005.67924528302,2173301,53
ov__op__gpu,variadicsplit:Split_208.out0,5600,1448100,34007.735849056604,1802410,53
ov__op__gpu,variadicsplit:Split_208.out0_0_reorder_20,5999,1406001,33194.377358490565,1759302,53
ov__op__gpu,multiply:Mul_209,7500,2120400,49143.301886792455,2604595,53
ov__op__gpu,multiply:Mul_209_0_reorder_21,6000,1574700,36815.24528301887,1951208,53
ov__op__gpu,concat:Concat_210,6999,1642299,38796.35849056604,2056207,53
ov__op__gpu,convolution:Conv_211/WithoutBiases,9700,1735300,44679.22641509434,2367999,53
ov__op__gpu,tanh:Tanh_212,6099,1460400,35049.1320754717,1857604,53
ov__op__gpu,multiply:Mul_216,6499,1672400,39183.09433962264,2076704,53
ov__op__gpu,result:r3o/sink_port_0,16700,1422100,48388.660377358494,2564599,53
ov__op__gpu,variadicsplit:Split_202.out0,5500,1622800,37141.660377358494,1968508,53
ov__op__gpu,concat:Concat_218,7800,1578001,38652.71698113208,2048594,53
ov__op__gpu,interpolate:Resize_220,6100,1483400,35233.943396226416,1867399,53
ov__op__gpu,concat:Concat_229,14001,1377900,42037.811320754714,2228004,53
ov__op__gpu,convolution:Conv_230/WithoutBiases,11100,1593900,43513.07547169811,2306193,53
ov__op__gpu,variadicsplit:Split_232.out1,5800,1559400,36047.301886792455,1910507,53
ov__op__gpu,concat:Concat_235,9800,1813701,45250.90566037736,2398298,53
ov__op__gpu,convolution:Conv_236/WithoutBiases,9900,1744000,44130.24528301887,2338903,53
ov__op__gpu,variadicsplit:Split_238.out1,5601,1830800,40835.8679245283,2164301,53
ov__op__gpu,variadicsplit:Split_238.out1_0_reorder_23,8700,1435301,37082.90566037736,1965394,53
ov__op__gpu,multiply:Multiply_10840,7700,1595500,39235.622641509435,2079488,53
ov__op__gpu,multiply:Multiply_10840_0_reorder_24,7700,1596600,39824.58490566038,2110703,53
ov__op__gpu,variadicsplit:Split_238.out0,5700,1403200,38130.1320754717,2020897,53
ov__op__gpu,variadicsplit:Split_238.out0_0_reorder_25,6101,1658400,38243.49056603773,2026905,53
ov__op__gpu,multiply:Mul_239,7300,2238999,50873.49056603773,2696295,53
ov__op__gpu,multiply:Mul_239_0_reorder_26,5700,1598700,36926.3962264151,1957099,53
ov__op__gpu,concat:Concat_240,8399,1490700,37698.1320754717,1998001,53
ov__op__gpu,convolution:Conv_241/WithoutBiases,9399,1428600,38631.92452830189,2047492,53
ov__op__gpu,tanh:Tanh_242,5401,1411400,33086.83018867925,1753602,53
ov__op__gpu,multiply:Mul_246,4800,2146800,46277.3962264151,2452702,53
ov__op__gpu,result:r2o/sink_port_0,12100,1723599,46243.32075471698,2450896,53
ov__op__gpu,variadicsplit:Split_232.out0,4800,2116801,45652.84905660377,2419601,53
ov__op__gpu,concat:Concat_248,7801,1466499,36820.8679245283,1951506,53
ov__op__gpu,interpolate:Resize_250,6501,1707901,41313.28301886792,2189604,53
ov__op__gpu,concat:Concat_259,13599,1824700,50684.943396226416,2686302,53
ov__op__gpu,convolution:Conv_260/WithoutBiases,10199,1697701,43843.377358490565,2323699,53
ov__op__gpu,variadicsplit:Split_262.out1,5700,1965100,44249.018867924526,2345198,53
ov__op__gpu,concat:Concat_265,10100,1486800,40486.84905660377,2145803,53
ov__op__gpu,convolution:Conv_266/WithoutBiases,9900,1604900,41969.84905660377,2224402,53
ov__op__gpu,variadicsplit:Split_268.out1,5100,1304200,30420.811320754718,1612303,53
ov__op__gpu,variadicsplit:Split_268.out1_0_reorder_28,7700,1719299,41290.6037735849,2188402,53
ov__op__gpu,multiply:Multiply_10843,7200,1654300,39477.47169811321,2092306,53
ov__op__gpu,multiply:Multiply_10843_0_reorder_29,7800,2944099,64526.43396226415,3419901,53
ov__op__gpu,variadicsplit:Split_268.out0,5200,1466900,33664.188679245286,1784202,53
ov__op__gpu,variadicsplit:Split_268.out0_0_reorder_30,5900,1766800,40088.56603773585,2124694,53
ov__op__gpu,multiply:Mul_269,6600,1848899,42571.698113207545,2256300,53
ov__op__gpu,multiply:Mul_269_0_reorder_31,5800,1843200,41079.264150943396,2177201,53
ov__op__gpu,concat:Concat_270,7500,1499700,36792.24528301887,1949989,53
ov__op__gpu,convolution:Conv_271/WithoutBiases,10300,1552400,41792.377358490565,2214996,53
ov__op__gpu,tanh:Tanh_272,5100,2205600,48916.943396226416,2592598,53
ov__op__gpu,multiply:Mul_276,5199,1580901,36113.28301886792,1914004,53
ov__op__gpu,result:r1o/sink_port_0,7901,1640200,41183.03773584906,2182701,53
ov__op__gpu,variadicsplit:Split_262.out0,4700,1507801,34188.58490566038,1811995,53
ov__op__gpu,concat:Concat_278,1500,2080101,41234.056603773584,2185405,53
ov__op__gpu,interpolate:Resize_280,5501,2072701,46724.71698113208,2476410,53
ov__op__gpu,concat:Concat_289,1800,2003001,40245.41509433962,2133007,53
ov__op__gpu,convolution:Conv_290/WithoutBiases,10100,1940601,48784.811320754714,2585595,53
ov__op__gpu,convolution:Conv_292/WithoutBiases,10100,2226300,56115.22641509434,2974107,53
ov__op__gpu,convolution:Conv_294/WithoutBiases,10400,1400600,39011.32075471698,2067600,53
ov__op__gpu,multiply:Mul_303,5901,2176400,47822.75471698113,2534606,53
ov__op__gpu,multiply:Mul_303_0_reorder_34,7800,1809401,43851.018867924526,2324104,53
ov__op__gpu,convolution:Conv_304,9701,1375801,36960.50943396227,1958907,53
ov__op__gpu,convolution:Conv_302,6900,2492100,54864.11320754717,2907798,53
ov__op__gpu,multiply:Mul_305,6000,1605901,37479.20754716981,1986398,53
ov__op__gpu,multiply:Mul_305_0_reorder_37,7799,2071401,48305.698113207545,2560202,53
ov__op__gpu,concat:Concat_311,12999,2283100,57903.735849056604,3068898,53
ov__op__gpu,convolution:Conv_312/WithoutBiases,10099,1940901,47554.698113207545,2520399,53
ov__op__gpu,convolution:Conv_314/WithoutBiases,9000,1478800,38114.981132075474,2020094,53
ov__op__gpu,convolution:Conv_316/WithoutBiases,7600,1461400,36064.188679245286,1911402,53
ov__op__gpu,convolution:Conv_316/WithoutBiases_0_reorder_38,7800,1540399,38103.622641509435,2019492,53
ov__op__gpu,multiply:Mul_317,6299,1871800,42945.32075471698,2276102,53
ov__op__gpu,interpolate:Resize_332,5901,1481401,35141.35849056604,1862492,53
ov__op__gpu,interpolate:Resize_346,4900,1274401,29690.54716981132,1573599,53
ov__op__gpu,result:pha/sink_port_0,8301,1293301,35483.09433962264,1880604,53
ov__op__gpu,variadicsplit:Split_349.out0,1500,1825699,36524.43396226415,1935795,53
ov__op__gpu,result:fgr/sink_port_0,8100,1635599,40826.3962264151,2163799,53
Plugin,set_tensor,199,436400,2943.515748031496,1495306,508
Plugin,get_tensor,99,15901,1702.2072727272728,468107,275
Plugin,get_tensors,99,8600,433.7055084745763,204709,472
ov__phases__gpu__inference,SyncInferenceGPU::wait,975600,4491701,3242473.6226415094,171851102,53
ov__phases__gpu__inference,SyncInferenceGPU::infer::onnx_Frontend_IR,5373300,850784999,22436960.24528302,1189158893,53
SnippetsTransform,Snippets::SetTopologicalOrder,100,7001,659.0152905198777,430996,654
SnippetsTransform,Snippets::EnumerateNodes,1610001,1610001,1610001.0,1610001,1
SnippetsTransform,Snippets::GetSnippetsNodeType,100,16700,670.7660550458716,438681,654
SnippetsTransform,Snippets::is_supported_op,199,33900,1352.729411764706,574910,425
SnippetsTransform,Snippets::validate_and_infer_types,5300,402899,16032.439759036144,2661385,166
SnippetsTransform,Snippets::wrap_node_as_subgraph,17700,2402599,109162.2,4912299,45
SnippetsTransform,Snippets::CreateSubgraph_callback,28899,5213801,159396.3125,12751705,80
SnippetsTransform,Snippets::GetSnippetsSubgraphType,99,2201,241.88372093023256,10401,43
SnippetsTransform,Snippets::op::TransformConvertToConvertTruncation,3100,47000,9500.272727272728,104503,11
SnippetsTransform,Snippets::op::Validate,700,20800,1984.4313725490197,101206,51
SnippetsTransform,Snippets::CommonOptimizations,16600,3405100,96539.2156862745,4923500,51
SnippetsTransform,Snippets::Canonicalization,1000,3899,1531.2745098039215,78095,51
SnippetsTransform,Snippets::AnalyzeBroadcastableInputs,100,10900,5298.019607843137,270199,51
SnippetsTransform,Snippets::AlignElementTypes,200,11201,609.6666666666666,31093,51
SnippetsTransform,ov::intel_cpu::pass::BrgemmToBrgemmCPU,2999,35999,4982.411764705882,254103,51
SnippetsTransform,Snippets::op::PropagatePrecision,3800,25800,7503.980392156863,382703,51
SnippetsTransform,Snippets::op::data_flow_transformations,107900,17561300,601325.4117647059,30667596,51
SnippetsTransform,Snippets::op::control_flow_transformations_::convert_body_to_linear_ir,10900,834601,37858.92156862745,1930805,51
SnippetsTransform,Snippets::OptimizeDomain,1500,11800,2790.176470588235,142299,51
SnippetsTransform,Snippets::MarkLoops,5000,60400,11582.372549019608,590701,51
SnippetsTransform,Snippets::BrgemmBlocking,200,2000,339.3137254901961,17305,51
SnippetsTransform,Snippets::ParallelizeGatedMlpNLoops,199,2400,315.7450980392157,16103,51
SnippetsTransform,Snippets::ReduceMaxDecompositionLowered,199,1799,378.27450980392155,19292,51
SnippetsTransform,Snippets::FuseLoops,1500,30200,4154.9607843137255,211903,51
SnippetsTransform,Snippets::SplitLoops,300,10500,854.9019607843137,43600,51
SnippetsTransform,Snippets::MoveResultOutOfLoop,500,9401,776.6862745098039,39611,51
SnippetsTransform,Snippets::InsertBrgemmCopyBuffers,199,2299,325.5098039215686,16601,51
SnippetsTransform,Snippets::InsertBuffers,1299,20200,2825.5098039215686,144101,51
SnippetsTransform,Snippets::InsertLoadStore,15000,102200,33035.333333333336,1684802,51
SnippetsTransform,Snippets::MoveScalarToConsumer,299,3101,535.3333333333334,27302,51
SnippetsTransform,Snippets::InsertBroadcastMove,900,21201,2131.372549019608,108700,51
SnippetsTransform,Snippets::LoadMoveBroadcastToBroadcastLoad,299,28100,1052.8823529411766,53697,51
SnippetsTransform,Snippets::ExtractLoopInvariants,1000,102999,4119.588235294118,210099,51
SnippetsTransform,Snippets::ValidateShapes,299,9300,754.8627450980392,38498,51
SnippetsTransform,Snippets::ValidateUnifiedLoops,2400,25200,4758.901960784314,242704,51
SnippetsTransform,Snippets::InitLoops,1300,18000,2456.823529411765,125298,51
SnippetsTransform,Snippets::AdjustBrgemmCopyBLoopPorts,200,4101,556.9019607843137,28402,51
SnippetsTransform,Snippets::SetDynamicWAToOuterMostLoop,99,1001,149.80555555555554,5393,36
SnippetsTransform,Snippets::InsertLoops,8400,78900,17568.62745098039,896000,51
SnippetsTransform,Snippets::FuseLoadStoreConvert,299,981800,39341.098039215685,2006396,51
SnippetsTransform,Snippets::ComputeBufferAllocationSize,99,800,122.5,4900,40
SnippetsTransform,Snippets::MarkInvariantShapePath,2199,19299,4058.823529411765,207000,51
SnippetsTransform,Snippets::SetBufferRegGroup,1700,19301,3160.921568627451,161207,51
SnippetsTransform,Snippets::DefineBufferClusters,2500,14500,3619.6470588235293,184602,51
SnippetsTransform,Snippets::SolveBufferMemory,99,1400,245.01960784313727,12496,51
SnippetsTransform,Snippets::NormalizeBufferRegisterGroups,99,2200,159.63829787234042,7503,47
SnippetsTransform,Snippets::PropagateBufferOffset,99,4700,269.8666666666667,8096,30
SnippetsTransform,Snippets::AllocateBuffers,9500,5053000,112776.41176470589,5751597,51
SnippetsTransform,Snippets::CleanRepeatedDataPointerShifts,1000,34799,2623.549019607843,133801,51
SnippetsTransform,Snippets::ValidateBuffers,299,3001,447.19607843137254,22807,51
SnippetsTransform,Snippets::Validate,2500,26100,4701.941176470588,239799,51
SnippetsTransform,Snippets::op::control_flow_transformations_::control_flow_transformations,79100,29420600,712676.3333333334,36346493,51
SnippetsTransform,Snippets::op::control_flow_transformations_::init_shape_infer_linear_ir,29499,2476800,169447.11764705883,8641803,51
SnippetsTransform,Snippets::InsertSpecificIterations,4399,36400,8309.803921568628,423800,51
SnippetsTransform,Snippets::InitLiveRanges,7399,87700,17241.274509803923,879305,51
SnippetsTransform,Snippets::AssignRegisters::LinearScanOptimized,699,9700,1698.0392156862745,173200,102
SnippetsTransform,Snippets::AssignRegisters,12000,743000,36009.76470588235,1836498,51
SnippetsTransform,Snippets::InsertRegSpills,399,3400,631.2745098039215,32195,51
SnippetsTransform,Snippets::InitRegisters,23900,3438000,108182.37254901961,5517301,51
SnippetsTransform,Snippets::NormalizeLoopIDs,1699,12799,3097.921568627451,157994,51
SnippetsTransform,Snippets::ValidateExpandedLoops,1999,13400,2990.1960784313724,152500,51
SnippetsTransform,Snippets::CleanupLoopOffsets,601,7200,1319.7058823529412,67305,51
SnippetsTransform,Snippets::OptimizeLoopSingleEvaluation,499,5100,749.1764705882352,38208,51
SnippetsTransform,Snippets::op::control_flow_transformations_::pre_generation_pipeline,36900,9063300,238117.76470588235,12144006,51
SnippetsTransform,Snippets::op::control_flow_transformations,158100,42551600,1175098.137254902,59930005,51
SnippetsTransform,Snippets::Generator_::InitEmitters,9600,881199,44260.0,1549100,35
SnippetsTransform,Snippets::Generator_::EmitCode,31000,935200,84431.5142857143,2955103,35
SnippetsTransform,Snippets::Generator_::EmitData,1600,885100,28154.342857142856,985402,35
SnippetsTransform,Snippets::Generator_::GetSnippet,67299,566200,102951.34285714285,3603297,35
SnippetsTransform,Snippets::Generator::generate,116901,3636201,280737.28571428574,9825805,35
SnippetsTransform,Snippets::op::generate,154000,4529700,379408.45714285714,13279296,35
SnippetsTransform,Snippets::op::MulAddToFMA_callback,4800,30300,10463.454545454546,115098,11
SnippetsTransform,Snippets::op::ConvertConstantsToScalars,3300,34200,9486.40909090909,208701,22
SIMPLE_internal_op,snippets_Result_validate_and_infer_types,99,5000,389.89586776859505,235887,605
SIMPLE_internal_op,Subgraph,5600,43380901,333878.9942528736,116189890,348
SIMPLE_internal_op,snippet_Result_clone_with_new_inputs,1300,24799,3147.921875,604401,192
SIMPLE_internal_op,snippets_Result_has_evaluate,99,2800,372.3333333333333,6702,18
SIMPLE_internal_op,ConvertTruncation_clone_with_new_inputs,901,464700,16118.0,531894,33
SIMPLE_internal_op,LoadConvert_validate_and_infer_types,99,6900,666.8,10002,15
SIMPLE_internal_op,Store_clone_with_new_inputs,1000,11699,1609.5731707317073,131985,82
SIMPLE_internal_op,LoadConvert_clone_with_new_inputs,1100,11100,2540.2,25402,10
SIMPLE_internal_op,FusedMulAdd,1400,11400,2790.5454545454545,61392,22
SIMPLE_internal_op,Load,799,28700,1741.0654761904761,292499,168
SIMPLE_internal_op,BroadcastLoad,1000,7899,3200.0,12800,4
SIMPLE_internal_op,StoreConvert_validate_and_infer_types,99,5000,527.5555555555555,9496,18
SIMPLE_internal_op,StoreConvert_clone_with_new_inputs,1099,34199,4599.833333333333,55198,12
FACTORY_intel_cpu,REG$NodesFactory$77$CumSum,653001,653001,653001.0,653001,1
FACTORY_intel_cpu,REG$NodesFactory$6$Convolution,2701,2701,2701.0,2701,1
FACTORY_intel_cpu,REG$NodesFactory$38$BinaryConvolution,5700,5700,5700.0,5700,1
FACTORY_intel_cpu,REG$NodesFactory$29$SpaceToBatch,4800,4800,4800.0,4800,1
FACTORY_intel_cpu,REG$NodesFactory$8$Lrn,2800,2800,2800.0,2800,1
FACTORY_intel_cpu,REG$NodesFactory$25$BatchToSpace,1799,1799,1799.0,1799,1
FACTORY_intel_cpu,REG$NodesFactory$26$DepthToSpace,1600,1600,1600.0,1600,1
FACTORY_intel_cpu,REG$NodesFactory$30$SpaceToDepth,1599,1599,1599.0,1599,1
FACTORY_intel_cpu,REG$NodesFactory$31$SparseFillEmptyRows,10000,10000,10000.0,10000,1
FACTORY_intel_cpu,REG$NodesFactory$1$If,1600,1600,1600.0,1600,1
FACTORY_intel_cpu,REG$NodesFactory$53$Broadcast,1900,1900,1900.0,1900,1
FACTORY_intel_cpu,REG$NodesFactory$88$ExperimentalDetectronTopKROIs,2400,2400,2400.0,2400,1
FACTORY_intel_cpu,REG$NodesFactory$2$Reorder,2101,2101,2101.0,2101,1
FACTORY_intel_cpu,REG$NodesFactory$97$MatrixNms,2200,2200,2200.0,2200,1
FACTORY_intel_cpu,REG$NodesFactory$10$AdaptivePooling,1900,1900,1900.0,1900,1
FACTORY_intel_cpu,REG$NodesFactory$9$Pooling,1601,1601,1601.0,1601,1
FACTORY_intel_cpu,REG$NodesFactory$15$Eltwise,2101,2101,2101.0,2101,1
FACTORY_intel_cpu,REG$NodesFactory$12$SoftMax,1800,1800,1800.0,1800,1
FACTORY_intel_cpu,REG$NodesFactory$57$EmbeddingBagPacked,1499,1499,1499.0,1499,1
FACTORY_intel_cpu,REG$NodesFactory$54$EmbeddingBagPacked,3600,3600,3600.0,3600,1
FACTORY_intel_cpu,REG$NodesFactory$3$Input,3000,3000,3000.0,3000,1
FACTORY_intel_cpu,REG$NodesFactory$4$Input,2499,2499,2499.0,2499,1
FACTORY_intel_cpu,REG$NodesFactory$34$MemoryInput,2199,2199,2199.0,2199,1
FACTORY_intel_cpu,REG$NodesFactory$33$MemoryOutput,1700,1700,1700.0,1700,1
FACTORY_intel_cpu,REG$NodesFactory$20$Tile,1700,1700,1700.0,1700,1
FACTORY_intel_cpu,REG$NodesFactory$82$GatherTree,3200,3200,3200.0,3200,1
FACTORY_intel_cpu,REG$NodesFactory$11$FullyConnected,2800,2800,2800.0,2800,1
FACTORY_intel_cpu,REG$NodesFactory$75$CTCGreedyDecoder,2199,2199,2199.0,2199,1
FACTORY_intel_cpu,REG$NodesFactory$28$Transpose,1700,1700,1700.0,1700,1
FACTORY_intel_cpu,REG$NodesFactory$86$ReorgYolo,2000,2000,2000.0,2000,1
FACTORY_intel_cpu,REG$NodesFactory$56$EmbeddingSegmentsSum,1799,1799,1799.0,1799,1
FACTORY_intel_cpu,REG$NodesFactory$18$ShapeOf,2301,2301,2301.0,2301,1
FACTORY_intel_cpu,REG$NodesFactory$91$ExperimentalDetectronGenerateProposalsSingleImage,2200,2200,2200.0,2200,1
FACTORY_intel_cpu,REG$NodesFactory$93$GenerateProposals,1600,1600,1600.0,1600,1
FACTORY_intel_cpu,REG$NodesFactory$87$ReverseSequence,2599,2599,2599.0,2599,1
FACTORY_intel_cpu,REG$NodesFactory$90$ExperimentalDetectronPriorGridGenerator,7799,7799,7799.0,7799,1
FACTORY_intel_cpu,REG$NodesFactory$61$GatherND,2500,2500,2500.0,2500,1
FACTORY_intel_cpu,REG$NodesFactory$80$LogSoftmax,2200,2200,2200.0,2200,1
FACTORY_intel_cpu,REG$NodesFactory$24$PSROIPooling,1900,1900,1900.0,1900,1
FACTORY_intel_cpu,REG$NodesFactory$35$RNN,2000,2000,2000.0,2000,1
FACTORY_intel_cpu,REG$NodesFactory$36$RNN,1600,1600,1600.0,1600,1
FACTORY_intel_cpu,REG$NodesFactory$73$CTCLoss,1900,1900,1900.0,1900,1
FACTORY_intel_cpu,REG$NodesFactory$13$Split,2101,2101,2101.0,2101,1
FACTORY_intel_cpu,REG$NodesFactory$78$DetectionOutput,2500,2500,2500.0,2500,1
FACTORY_intel_cpu,REG$NodesFactory$60$GatherElements,2701,2701,2701.0,2701,1
FACTORY_intel_cpu,REG$NodesFactory$76$CTCGreedyDecoderSeqLen,2101,2101,2101.0,2101,1
FACTORY_intel_cpu,REG$NodesFactory$74$Bucketize,1600,1600,1600.0,1600,1
FACTORY_intel_cpu,REG$NodesFactory$89$ExperimentalDetectronROIFeatureExtractor,2300,2300,2300.0,2300,1
FACTORY_intel_cpu,REG$NodesFactory$72$Math,2300,2300,2300.0,2300,1
FACTORY_intel_cpu,REG$NodesFactory$98$MultiClassNms,4800,4800,4800.0,4800,1
FACTORY_intel_cpu,REG$NodesFactory$41$Convert,4101,4101,4101.0,4101,1
FACTORY_intel_cpu,REG$NodesFactory$43$Col2Im,2400,2400,2400.0,2400,1
FACTORY_intel_cpu,REG$NodesFactory$42$ColorConvert,2200,2200,2200.0,2200,1
FACTORY_intel_cpu,REG$NodesFactory$58$EmbeddingBagOffset,2900,2900,2900.0,2900,1
FACTORY_intel_cpu,REG$NodesFactory$55$EmbeddingBagOffset,6000,6000,6000.0,6000,1
FACTORY_intel_cpu,REG$NodesFactory$65$Roll,2700,2700,2700.0,2700,1
FACTORY_intel_cpu,REG$NodesFactory$27$Pad,2499,2499,2499.0,2499,1
FACTORY_intel_cpu,REG$NodesFactory$17$Reshape,1800,1800,1800.0,1800,1
FACTORY_intel_cpu,REG$NodesFactory$44$MVN,2000,2000,2000.0,2000,1
FACTORY_intel_cpu,REG$NodesFactory$16$MatMul,2200,2200,2200.0,2200,1
FACTORY_intel_cpu,REG$NodesFactory$99$Multinomial,2400,2400,2400.0,2400,1
FACTORY_intel_cpu,REG$NodesFactory$46$ScatterUpdate,1900,1900,1900.0,1900,1
FACTORY_intel_cpu,REG$NodesFactory$47$ScatterUpdate,2799,2799,2799.0,2799,1
FACTORY_intel_cpu,REG$NodesFactory$48$ScatterUpdate,2200,2200,2200.0,2200,1
FACTORY_intel_cpu,REG$NodesFactory$49$StringTensorPack,9100,9100,9100.0,9100,1
FACTORY_intel_cpu,REG$NodesFactory$50$StringTensorUnpack,1800,1800,1800.0,1800,1
FACTORY_intel_cpu,REG$NodesFactory$67$ShuffleChannels,2300,2300,2300.0,2300,1
FACTORY_intel_cpu,REG$NodesFactory$40$TensorIterator,2100,2100,2100.0,2100,1
FACTORY_intel_cpu,REG$NodesFactory$14$Concat,2400,2400,2400.0,2400,1
FACTORY_intel_cpu,REG$NodesFactory$63$OneHot,1900,1900,1900.0,1900,1
FACTORY_intel_cpu,REG$NodesFactory$79$ExperimentalDetectronDetectionOutput,2199,2199,2199.0,2199,1
FACTORY_intel_cpu,REG$NodesFactory$7$Deconvolution,2799,2799,2799.0,2799,1
FACTORY_intel_cpu,REG$NodesFactory$39$DeformableConvolution,1800,1800,1800.0,1800,1
FACTORY_intel_cpu,REG$NodesFactory$84$Range,1900,1900,1900.0,1900,1
FACTORY_intel_cpu,REG$NodesFactory$32$StridedSlice,2301,2301,2301.0,2301,1
FACTORY_intel_cpu,REG$NodesFactory$83$GRN,2101,2101,2101.0,2101,1
FACTORY_intel_cpu,REG$NodesFactory$19$NonZero,2700,2700,2700.0,2700,1
FACTORY_intel_cpu,REG$NodesFactory$45$NormalizeL2,2601,2601,2601.0,2601,1
FACTORY_intel_cpu,REG$NodesFactory$102$PriorBox,1900,1900,1900.0,1900,1
FACTORY_intel_cpu,REG$NodesFactory$103$PriorBoxClustered,2800,2800,2800.0,2800,1
FACTORY_intel_cpu,REG$NodesFactory$5$Eye,2000,2000,2000.0,2000,1
FACTORY_intel_cpu,REG$NodesFactory$106$Unique,2599,2599,2599.0,2599,1
FACTORY_intel_cpu,REG$NodesFactory$107$Ngram,2600,2600,2600.0,2600,1
FACTORY_intel_cpu,REG$NodesFactory$110$RoPE,2300,2300,2300.0,2300,1
FACTORY_intel_cpu,REG$NodesFactory$111$CausalMaskPreprocess,1600,1600,1600.0,1600,1
FACTORY_intel_cpu,REG$NodesFactory$94$Identity,1600,1600,1600.0,1600,1
FACTORY_intel_cpu,REG$NodesFactory$51$Interpolate,2000,2000,2000.0,2000,1
FACTORY_intel_cpu,REG$NodesFactory$95$Inverse,2001,2001,2001.0,2001,1
FACTORY_intel_cpu,REG$NodesFactory$105$RandomUniform,1799,1799,1799.0,1799,1
FACTORY_intel_cpu,REG$NodesFactory$52$Reduce,3400,3400,3400.0,3400,1
FACTORY_intel_cpu,REG$NodesFactory$59$Gather,2600,2600,2600.0,2600,1
FACTORY_intel_cpu,REG$NodesFactory$96$NonMaxSuppression,2000,2000,2000.0,2000,1
FACTORY_intel_cpu,REG$NodesFactory$23$ROIPooling,2900,2900,2900.0,2900,1
FACTORY_intel_cpu,REG$NodesFactory$21$ROIAlign,1500,1500,1500.0,1500,1
FACTORY_intel_cpu,REG$NodesFactory$22$ROIAlignRotated,1699,1699,1699.0,1699,1
FACTORY_intel_cpu,REG$NodesFactory$81$TopK,1801,1801,1801.0,1801,1
FACTORY_intel_cpu,REG$NodesFactory$85$Proposal,2101,2101,2101.0,2101,1
FACTORY_intel_cpu,REG$NodesFactory$64$RegionYolo,3300,3300,3300.0,3300,1
FACTORY_intel_cpu,REG$NodesFactory$68$DFT,2600,2600,2600.0,2600,1
FACTORY_intel_cpu,REG$NodesFactory$69$RDFT,3901,3901,3901.0,3901,1
FACTORY_intel_cpu,REG$NodesFactory$70$STFT,2600,2600,2600.0,2600,1
FACTORY_intel_cpu,REG$NodesFactory$71$ISTFT,5001,5001,5001.0,5001,1
FACTORY_intel_cpu,REG$NodesFactory$92$ExtractImagePatches,2700,2700,2700.0,2700,1
FACTORY_intel_cpu,REG$NodesFactory$100$Subgraph,2300,2300,2300.0,2300,1
FACTORY_intel_cpu,REG$NodesFactory$101$Composite,2299,2299,2299.0,2299,1
FACTORY_intel_cpu,REG$NodesFactory$108$ScaledDotProductAttention,2101,2101,2101.0,2101,1
FACTORY_intel_cpu,REG$NodesFactory$115$SearchSorted,1601,1601,1601.0,1601,1
FACTORY_intel_cpu,REG$NodesFactory$116$SegmentMax,2400,2400,2400.0,2400,1
FACTORY_intel_cpu,REG$NodesFactory$117$LoRA,2000,2000,2000.0,2000,1
FACTORY_intel_cpu,REG$NodesFactory$118$GatherMatmul,1700,1700,1700.0,1700,1
FACTORY_intel_cpu,REG$NodesFactory$37$FakeQuantize,2400,2400,2400.0,2400,1
FACTORY_intel_cpu,REG$NodesFactory$62$GridSample,1900,1900,1900.0,1900,1
FACTORY_intel_cpu,REG$NodesFactory$104$Interaction,11701,11701,11701.0,11701,1
FACTORY_intel_cpu,REG$NodesFactory$112$LLMMLP,2100,2100,2100.0,2100,1
FACTORY_intel_cpu,REG$NodesFactory$113$QKVProjection,1799,1799,1799.0,1799,1
FACTORY_intel_cpu,REG$NodesFactory$109$PagedAttention,1700,1700,1700.0,1700,1
FACTORY_intel_cpu,REG$NodesFactory$114$RMSNorm,2200,2200,2200.0,2200,1
FACTORY_intel_cpu,CREATE$NodesFactory$100,67201,9936800,385037.3333333333,19636904,51
FACTORY_intel_cpu,CREATE$NodesFactory$3,2799,261410600,1062440.8740458016,278359509,262
FACTORY_intel_cpu,CREATE$NodesFactory$51,5199,4927099,710800.0,4975600,7
FACTORY_intel_cpu,CREATE$NodesFactory$6,3599,6404000,85512.92941176471,7268599,85
FACTORY_intel_cpu,CREATE$NodesFactory$15,2699,5710900,52385.234375,6705310,128
FACTORY_intel_cpu,CREATE$NodesFactory$72,4600,6162601,229250.2857142857,6419008,28
FACTORY_intel_cpu,CREATE$NodesFactory$52,7099,5429599,505445.36363636365,5559899,11
FACTORY_intel_cpu,CREATE$NodesFactory$13,4899,7204700,808044.3333333334,7272399,9
FACTORY_intel_cpu,CREATE$NodesFactory$14,3400,5998199,321089.5789473684,6100702,19
FACTORY_intel_cpu,CREATE$NodesFactory$9,6200,6314100,2116200.0,6348600,3
tbb,tbb_parallel_for,700,7085900,85654.96510759789,10440398042,121889
ov__intel_cpu__lt,Graph::Replicate_ov::Model,484713200,484713200,484713200.0,484713200,1
ov__intel_cpu__lt,Graph::SortTopologically,103900,298500,171486.0,1200402,7
ov__intel_cpu__lt,Graph::InitNodes,15300,15300,15300.0,15300,1
ov__intel_cpu__lt,ApplyCommonGraphOptimizations_FuseConvolutionAndZeroPoints,2574300,2574300,2574300.0,2574300,1
ov__intel_cpu__lt,ApplyCommonGraphOptimizations_FuseConvMatmulFCDeconvAndDQScales,625499,625499,625499.0,625499,1
ov__intel_cpu__lt,ApplyCommonGraphOptimizations_FuseConvolutionAndBias,5684799,5684799,5684799.0,5684799,1
ov__intel_cpu__lt,ApplyCommonGraphOptimizations_FuseMultiplyAndAdd,921500,921500,921500.0,921500,1
ov__intel_cpu__lt,ApplyCommonGraphOptimizations_MergeConvertAndEltwise,1592900,1592900,1592900.0,1592900,1
ov__intel_cpu__lt,ApplyCommonGraphOptimizations_FuseFCAndConvertOnWeights,655200,655200,655200.0,655200,1
ov__intel_cpu__lt,ApplyCommonGraphOptimizations_FuseFCAndTransposeOnWeights,660101,660101,660101.0,660101,1
ov__intel_cpu__lt,ApplyCommonGraphOptimizations_FuseDeconvolutionAndSimpleOperation,680600,680600,680600.0,680600,1
ov__intel_cpu__lt,ApplyCommonGraphOptimizations_FuseClampAndFakeQuantize,659399,659399,659399.0,659399,1
ov__intel_cpu__lt,ApplyCommonGraphOptimizations_FusePerformedAsScaleShiftAndFakeQuantize,1126001,1126001,1126001.0,1126001,1
ov__intel_cpu__lt,ApplyCommonGraphOptimizations_FuseConvolutionAndSimpleOperationThroughMaxPool,1574500,1574500,1574500.0,1574500,1
ov__intel_cpu__lt,ApplyCommonGraphOptimizations_FuseConvolutionAndSimpleOperation,1597401,1843300,1720350.5,3440701,2
ov__intel_cpu__lt,ApplyCommonGraphOptimizations_RemoveDroppedEdges,70900,1015601,677633.6666666666,2032901,3
ov__intel_cpu__lt,ApplyCommonGraphOptimizations_FusePoolingAndFakeQuantize,18500,18500,18500.0,18500,1
ov__intel_cpu__lt,ApplyCommonGraphOptimizations_FuseConvolutionAndDWConvolution,2516899,2516899,2516899.0,2516899,1
ov__intel_cpu__lt,ApplyCommonGraphOptimizations_FuseConvolutionSumAndConvolutionSumActivation,284101,284101,284101.0,284101,1
ov__intel_cpu__lt,ApplyCommonGraphOptimizations_FuseFullyConnectedAndSimpleOperation,1167300,1167300,1167300.0,1167300,1
ov__intel_cpu__lt,ApplyCommonGraphOptimizations_FuseMatMulAndSimpleOperation,922700,922700,922700.0,922700,1
ov__intel_cpu__lt,ApplyCommonGraphOptimizations_FuseMVNAndSimpleOperation,757300,757300,757300.0,757300,1
ov__intel_cpu__lt,ApplyCommonGraphOptimizations_FuseInterpolateAndSimpleOperation,1646200,1646200,1646200.0,1646200,1
ov__intel_cpu__lt,ApplyCommonGraphOptimizations_FuseNormalizeL2AndSimpleOperation,795200,795200,795200.0,795200,1
ov__intel_cpu__lt,ApplyCommonGraphOptimizations_FuseReduceAndSimpleOperation,1403600,1403600,1403600.0,1403600,1
ov__intel_cpu__lt,ApplyCommonGraphOptimizations_FuseGatherAndConvert,701300,701300,701300.0,701300,1
ov__intel_cpu__lt,ApplyCommonGraphOptimizations_FuseEltwiseAndSimple,661799,661799,661799.0,661799,1
ov__intel_cpu__lt,ApplyCommonGraphOptimizations_MergeEltwiseAndConvert,794800,794800,794800.0,794800,1
ov__intel_cpu__lt,ApplyCommonGraphOptimizations_reshapeRnnSeq,853901,853901,853901.0,853901,1
ov__intel_cpu__lt,ApplyCommonGraphOptimizations_RemoveSameConvert,657300,657300,657300.0,657300,1
ov__intel_cpu__lt,ApplyCommonGraphOptimizations_RemoveMemoryInputConvert,653100,653100,653100.0,653100,1
ov__intel_cpu__lt,ApplyCommonGraphOptimizations_RemoveConvertMemoryOutput,708500,708500,708500.0,708500,1
ov__intel_cpu__lt,ApplyCommonGraphOptimizations_MatchSdpaKvCache,910600,910600,910600.0,910600,1
ov__intel_cpu__lt,ApplyCommonGraphOptimizations_DropRedundantMemoryOutput,40799,40799,40799.0,40799,1
ov__intel_cpu__lt,InitDescriptors_Prepare,1501,1501,1501.0,1501,1
ov__intel_cpu__lt,Node::getSupportedDescriptors,99,900,184.09022556390977,24484,133
ov__intel_cpu__lt,Node::initSupportedPrimitiveDescriptors,699,34400,2203.5555555555557,376808,171
ov__intel_cpu__lt,Node::filterSupportedPrimitiveDescriptors,99,3401,203.0300751879699,27003,133
ov__intel_cpu__lt,Subgraph::getSupportedDescriptors,100,1300,217.75,8710,40
ov__intel_cpu__lt,Subgraph::initSupportedPrimitiveDescriptors,3200,36300,7737.078431372549,394591,51
ov__intel_cpu__lt,Subgraph::filterSupportedPrimitiveDescriptors,99,500,186.45945945945945,6899,37
ov__intel_cpu__lt,Input::getSupportedDescriptors,99,3700,203.15183246073298,38802,191
ov__intel_cpu__lt,Input::initSupportedPrimitiveDescriptors,599,17400,1163.3091603053435,304787,262
ov__intel_cpu__lt,Input::filterSupportedPrimitiveDescriptors,99,1900,193.23529411764707,42705,221
ov__intel_cpu__lt,Interpolate::getSupportedDescriptors,199,3100,957.0,6699,7
ov__intel_cpu__lt,Interpolate::initSupportedPrimitiveDescriptors,6400,34000,12257.0,85799,7
ov__intel_cpu__lt,Interpolate::filterSupportedPrimitiveDescriptors,199,301,216.5,1299,6
ov__intel_cpu__lt,Reduce::getSupportedDescriptors,199,1200,454.8181818181818,5003,11
ov__intel_cpu__lt,Reduce::initSupportedPrimitiveDescriptors,5000,18299,7399.636363636364,81396,11
ov__intel_cpu__lt,Reduce::filterSupportedPrimitiveDescriptors,99,201,155.77777777777777,1402,9
ov__intel_cpu__lt,Concatenation::getSupportedDescriptors,100,2799,584.1578947368421,11099,19
ov__intel_cpu__lt,Concatenation::initSupportedPrimitiveDescriptors,4600,49600,10484.263157894737,199201,19
ov__intel_cpu__lt,Concatenation::filterSupportedPrimitiveDescriptors,99,500,199.72222222222223,3595,18
ov__intel_cpu__lt,Convolution::getSupportedDescriptors,99,1300,175.231884057971,12091,69
ov__intel_cpu__lt,Convolution::initSupportedPrimitiveDescriptors,9199,66200,18789.423529411764,1597101,85
ov__intel_cpu__lt,Math::getSupportedDescriptors,99,401,195.35,3907,20
ov__intel_cpu__lt,Math::initSupportedPrimitiveDescriptors,2499,23500,4753.571428571428,133100,28
ov__intel_cpu__lt,Math::filterSupportedPrimitiveDescriptors,99,300,165.15,3303,20
ov__intel_cpu__lt,Convolution::filterSupportedPrimitiveDescriptors,99,1200,183.7741935483871,11394,62
ov__intel_cpu__lt,Split::getSupportedDescriptors,100,401,255.44444444444446,2299,9
ov__intel_cpu__lt,Split::initSupportedPrimitiveDescriptors,10400,63100,32011.222222222223,288101,9
ov__intel_cpu__lt,Split::filterSupportedPrimitiveDescriptors,100,301,211.44444444444446,1903,9
ov__intel_cpu__lt,Pooling::getSupportedDescriptors,74700,27738300,9299466.333333334,27898399,3
ov__intel_cpu__lt,Pooling::initSupportedPrimitiveDescriptors,13300,52801,27234.0,81702,3
ov__intel_cpu__lt,Pooling::filterSupportedPrimitiveDescriptors,100,599,366.0,1098,3
ov__intel_cpu__lt,Node::selectOptimalPrimitiveDescriptor,99,2000,764.2982456140351,130695,171
ov__intel_cpu__lt,Subgraph::selectOptimalPrimitiveDescriptor,1100,15300,3174.5098039215686,161900,51
ov__intel_cpu__lt,Input::selectOptimalPrimitiveDescriptor,99,800,319.87786259541986,83808,262
ov__intel_cpu__lt,Interpolate::selectOptimalPrimitiveDescriptor,1500,4501,2672.1428571428573,18705,7
ov__intel_cpu__lt,Reduce::selectOptimalPrimitiveDescriptor,1401,3500,2372.6363636363635,26099,11
ov__intel_cpu__lt,Concatenation::selectOptimalPrimitiveDescriptor,799,12199,2231.3684210526317,42396,19
ov__intel_cpu__lt,Convolution::selectOptimalPrimitiveDescriptor,100,38001,897.7176470588236,76306,85
ov__intel_cpu__lt,Math::selectOptimalPrimitiveDescriptor,1200,4199,1871.5357142857142,52403,28
ov__intel_cpu__lt,Split::selectOptimalPrimitiveDescriptor,1700,16499,4877.666666666667,43899,9
ov__intel_cpu__lt,Pooling::selectOptimalPrimitiveDescriptor,1300,4100,2333.3333333333335,7000,3
ov__intel_cpu__lt,Node::initOptimalPrimitiveDescriptor,600,10899,1798.7836257309941,307592,171
ov__intel_cpu__lt,Subgraph::initOptimalPrimitiveDescriptor,1500,6300,3096.1372549019607,157903,51
ov__intel_cpu__lt,Input::initOptimalPrimitiveDescriptor,599,6300,1244.2709923664122,325999,262
ov__intel_cpu__lt,Interpolate::initOptimalPrimitiveDescriptor,2900,4800,3614.0,25298,7
ov__intel_cpu__lt,Reduce::initOptimalPrimitiveDescriptor,2499,3600,2845.181818181818,31297,11
ov__intel_cpu__lt,Concatenation::initOptimalPrimitiveDescriptor,600,16800,3958.0,75202,19
ov__intel_cpu__lt,Convolution::initOptimalPrimitiveDescriptor,1900,14999,3578.7764705882355,304196,85
ov__intel_cpu__lt,Math::initOptimalPrimitiveDescriptor,2600,4401,3328.75,93205,28
ov__intel_cpu__lt,Split::initOptimalPrimitiveDescriptor,4199,7100,5033.444444444444,45301,9
ov__intel_cpu__lt,Pooling::initOptimalPrimitiveDescriptor,19001,73801,37334.0,112002,3
ov__intel_cpu__lt,Graph::ResolveEdgeConflicts,1288100,1288100,1288100.0,1288100,1
ov__intel_cpu__lt,Graph::ResolveComplexInplaceConflicts,152300,209999,181149.5,362299,2
ov__intel_cpu__lt,GraphOptimizer::ApplyImplSpecificGraphOptimizations,939300,939300,939300.0,939300,1
ov__intel_cpu__lt,Graph::ProcessDynNodes,3800,3800,3800.0,3800,1
ov__intel_cpu__lt,Graph::ExtractExecutableNodesAndSyncPoints,358600,358600,358600.0,358600,1
ov__intel_cpu__lt,Node::createPrimitive,200,144371400,603841.3076923077,149148803,247
ov__intel_cpu__lt,Subgraph::createPrimitive,344400,67463400,2174002.0588235296,110874105,51
ov__intel_cpu__lt,Input::createPrimitive,199,9700,765.2480916030535,200495,262
ov__intel_cpu__lt,Interpolate::createPrimitive,10100,957600,207257.0,1450799,7
ov__intel_cpu__lt,Reduce::createPrimitive,81900,346400,156136.45454545456,1717501,11
ov__intel_cpu__lt,Concatenation::createPrimitive,799,2900,1484.157894736842,28199,19
ov__intel_cpu__lt,Convolution::createPrimitive,44300,117338299,2142410.5411764705,182104896,85
ov__intel_cpu__lt,Math::createPrimitive,1000,5800,1753.5714285714287,49100,28
ov__intel_cpu__lt,Split::createPrimitive,4300,23599,7711.111111111111,69400,9
ov__intel_cpu__lt,Pooling::createPrimitive,97101,1960600,736333.6666666666,2209001,3
ov__intel_cpu__lt,Graph::CreatePrimitivesAndExecConstants,448104100,448104100,448104100.0,448104100,1
SIMPLE_intel_cpu,FuseConvolutionAndZeroPoints_ConvNode,400,416501,5651.952941176471,480416,85
SIMPLE_intel_cpu,FuseConvolutionMatMulDeconvAndBias_ChildNode,12500,249400,30955.0125,2476401,80
SIMPLE_intel_cpu,FuseConvolutionMatMulDeconvAndBias_ParentNode,199,933999,38995.180722891564,3236600,83
SIMPLE_intel_cpu,MergeConvertAndEltwise,99,5700,183.45045045045046,101815,555
SIMPLE_intel_cpu,FuseConvolutionAndSimpleOperationThroughMaxPool_ParentNode,100,4600,381.55555555555554,20604,54
SIMPLE_intel_cpu,FuseConvolutionAndSimpleOperation_ParentNode,99,73201,2608.782608695652,300010,115
SIMPLE_intel_cpu,FuseConvolutionAndDWConvolution_ChildConv,400,4300,2350.0,4700,2
SIMPLE_intel_cpu,FuseConvolutionAndDWConvolution_ParentConv,500,842600,56873.46666666667,853102,15
SIMPLE_intel_cpu,FuseInterpolateAndSimpleOperation_ParentNode,800,13700,3066.8333333333335,18401,6
SIMPLE_intel_cpu,FuseReduceAndSimpleOperation_ParentNode,299,11601,1445.5454545454545,15901,11
SIMPLE_intel_cpu,MergeTransposeAndReorder_ParentNode,99,6600,322.61971830985914,22906,71
FACTORY_DNNL,"REG$CPUEngine$struct dnnl::impl::cpu::x64::jit_uni_pooling_fwd_t<30577,1>::pd_t$jit_uni_pooling_fwd_t_avx512_core_fp16_f16",432900,432900,432900.0,432900,1
FACTORY_DNNL,"REG$CPUEngine$struct dnnl::impl::cpu::x64::jit_uni_pooling_fwd_t<30577,9>::pd_t$jit_uni_pooling_fwd_t_avx512_core_fp16_f8_e5m2",1000,1000,1000.0,1000,1
FACTORY_DNNL,"REG$CPUEngine$struct dnnl::impl::cpu::x64::jit_uni_pooling_fwd_t<30577,10>::pd_t$jit_uni_pooling_fwd_t_avx512_core_fp16_f8_e4m3",1100,1100,1100.0,1100,1
FACTORY_DNNL,"REG$CPUEngine$struct dnnl::impl::cpu::x64::jit_uni_pooling_fwd_t<880,2>::pd_t$jit_uni_pooling_fwd_t_avx512_core_bf16",901,901,901.0,901,1
FACTORY_DNNL,"REG$CPUEngine$struct dnnl::impl::cpu::x64::jit_uni_pooling_fwd_t<880,3>::pd_t$jit_uni_pooling_fwd_t_avx512_core_f32",1000,1000,1000.0,1000,1
FACTORY_DNNL,"REG$CPUEngine$struct dnnl::impl::cpu::x64::jit_uni_pooling_fwd_t<3632,2>::pd_t$jit_uni_pooling_fwd_t_avx2_vnni_2_bf16",1000,1000,1000.0,1000,1
FACTORY_DNNL,"REG$CPUEngine$struct dnnl::impl::cpu::x64::jit_uni_pooling_fwd_t<3632,1>::pd_t$jit_uni_pooling_fwd_t_avx2_vnni_2_f16",1300,1300,1300.0,1300,1
FACTORY_DNNL,"REG$CPUEngine$struct dnnl::impl::cpu::x64::jit_uni_pooling_fwd_t<560,3>::pd_t$jit_uni_pooling_fwd_t_avx2_f32",800,800,800.0,800,1
FACTORY_DNNL,"REG$CPUEngine$struct dnnl::impl::cpu::x64::jit_uni_pooling_fwd_t<48,3>::pd_t$jit_uni_pooling_fwd_t_avx_f32",1000,1000,1000.0,1000,1
FACTORY_DNNL,"REG$CPUEngine$struct dnnl::impl::cpu::x64::jit_uni_pooling_fwd_t<16,3>::pd_t$jit_uni_pooling_fwd_t_sse41_f32",2600,2600,2600.0,2600,1
FACTORY_DNNL,REG$CPUEngine$struct dnnl::impl::cpu::nchw_pooling_fwd_t<2>::pd_t$nchw_pooling_fwd_t_bf16,1099,1099,1099.0,1099,1
FACTORY_DNNL,REG$CPUEngine$struct dnnl::impl::cpu::nchw_pooling_fwd_t<3>::pd_t$nchw_pooling_fwd_t_f32,1000,1000,1000.0,1000,1
FACTORY_DNNL,REG$CPUEngine$struct dnnl::impl::cpu::nchw_pooling_fwd_t<1>::pd_t$nchw_pooling_fwd_t_f16,1099,1099,1099.0,1099,1
FACTORY_DNNL,REG$CPUEngine$struct dnnl::impl::cpu::nchw_pooling_fwd_t<9>::pd_t$nchw_pooling_fwd_t_f8_e5m2,900,900,900.0,900,1
FACTORY_DNNL,REG$CPUEngine$struct dnnl::impl::cpu::nchw_pooling_fwd_t<10>::pd_t$nchw_pooling_fwd_t_f8_e4m3,900,900,900.0,900,1
FACTORY_DNNL,REG$CPUEngine$struct dnnl::impl::cpu::nhwc_pooling_fwd_t<2>::pd_t$nhwc_pooling_fwd_t_bf16,800,800,800.0,800,1
FACTORY_DNNL,REG$CPUEngine$struct dnnl::impl::cpu::nhwc_pooling_fwd_t<3>::pd_t$nhwc_pooling_fwd_t_f32,1000,1000,1000.0,1000,1
FACTORY_DNNL,REG$CPUEngine$struct dnnl::impl::cpu::nhwc_pooling_fwd_t<1>::pd_t$nhwc_pooling_fwd_t_f16,1100,1100,1100.0,1100,1
FACTORY_DNNL,REG$CPUEngine$struct dnnl::impl::cpu::nhwc_pooling_fwd_t<9>::pd_t$nhwc_pooling_fwd_t_f8_e5m2,1000,1000,1000.0,1000,1
FACTORY_DNNL,REG$CPUEngine$struct dnnl::impl::cpu::nhwc_pooling_fwd_t<10>::pd_t$nhwc_pooling_fwd_t_f8_e4m3,1101,1101,1101.0,1101,1
FACTORY_DNNL,"REG$CPUEngine$struct dnnl::impl::cpu::ref_pooling_fwd_t<3,3,3>::pd_t$ref_pooling_fwd_t_f32_f32_f32",1400,1400,1400.0,1400,1
FACTORY_DNNL,"REG$CPUEngine$struct dnnl::impl::cpu::ref_pooling_fwd_t<2,2,3>::pd_t$ref_pooling_fwd_t_bf16_bf16_f32",1099,1099,1099.0,1099,1
FACTORY_DNNL,"REG$CPUEngine$struct dnnl::impl::cpu::ref_pooling_fwd_t<1,1,3>::pd_t$ref_pooling_fwd_t_f16_f16_f32",800,800,800.0,800,1
FACTORY_DNNL,"REG$CPUEngine$struct dnnl::impl::cpu::ref_pooling_fwd_t<9,9,3>::pd_t$ref_pooling_fwd_t_f8_e5m2_f8_e5m2_f32",1500,1500,1500.0,1500,1
FACTORY_DNNL,"REG$CPUEngine$struct dnnl::impl::cpu::ref_pooling_fwd_t<10,10,3>::pd_t$ref_pooling_fwd_t_f8_e4m3_f8_e4m3_f32",1000,1000,1000.0,1000,1
FACTORY_DNNL,REG$CPUEngine$struct dnnl::impl::cpu::x64::jit_uni_i8i8_pooling_fwd_t<880>::pd_t$jit_uni_i8i8_pooling_fwd_t_avx512_core,1600,1600,1600.0,1600,1
FACTORY_DNNL,REG$CPUEngine$struct dnnl::impl::cpu::x64::jit_uni_i8i8_pooling_fwd_t<560>::pd_t$jit_uni_i8i8_pooling_fwd_t_avx2,1299,1299,1299.0,1299,1
FACTORY_DNNL,REG$CPUEngine$struct dnnl::impl::cpu::x64::jit_uni_i8i8_pooling_fwd_t<16>::pd_t$jit_uni_i8i8_pooling_fwd_t_sse41,1300,1300,1300.0,1300,1
FACTORY_DNNL,"REG$CPUEngine$struct dnnl::impl::cpu::ref_pooling_fwd_t<4,4,4>::pd_t$ref_pooling_fwd_t_s32_s32_s32",2000,2000,2000.0,2000,1
FACTORY_DNNL,"REG$CPUEngine$struct dnnl::impl::cpu::ref_pooling_fwd_t<5,5,4>::pd_t$ref_pooling_fwd_t_s8_s8_s32",1400,1400,1400.0,1400,1
FACTORY_DNNL,"REG$CPUEngine$struct dnnl::impl::cpu::ref_pooling_fwd_t<5,3,3>::pd_t$ref_pooling_fwd_t_s8_f32_f32",1099,1099,1099.0,1099,1
FACTORY_DNNL,"REG$CPUEngine$struct dnnl::impl::cpu::ref_pooling_fwd_t<6,6,4>::pd_t$ref_pooling_fwd_t_u8_u8_s32",900,900,900.0,900,1
FACTORY_DNNL,"REG$CPUEngine$struct dnnl::impl::cpu::ref_pooling_fwd_t<6,3,3>::pd_t$ref_pooling_fwd_t_u8_f32_f32",1000,1000,1000.0,1000,1
FACTORY_DNNL,"REG$CPUEngine$struct dnnl::impl::cpu::simple_reorder_t<3,1,14,1,1,struct dnnl::impl::cpu::spec::reference>::pd_t$simple_reorder_t_f32_any_f4_e2m1_any_fmt_order::any_spec::reference",4700,4700,4700.0,4700,1
FACTORY_DNNL,"REG$CPUEngine$struct dnnl::impl::cpu::simple_reorder_t<14,1,3,1,1,struct dnnl::impl::cpu::spec::reference>::pd_t$simple_reorder_t_f4_e2m1_any_f32_any_fmt_order::any_spec::reference",1100,1100,1100.0,1100,1
FACTORY_DNNL,"REG$CPUEngine$struct dnnl::impl::cpu::simple_reorder_t<14,1,14,722,1,void>::pd_t$simple_reorder_t_f4_e2m1_any_f4_e2m1_OI8i8o2i_fmt_order_keep",1000,1000,1000.0,1000,1
FACTORY_DNNL,"REG$CPUEngine$struct dnnl::impl::cpu::simple_reorder_t<14,1,14,243,1,void>::pd_t$simple_reorder_t_f4_e2m1_any_f4_e2m1_OI8i16o2i_fmt_order_keep",900,900,900.0,900,1
FACTORY_DNNL,"REG$CPUEngine$struct dnnl::impl::cpu::simple_reorder_t<14,1,14,718,1,void>::pd_t$simple_reorder_t_f4_e2m1_any_f4_e2m1_OI8i24o2i_fmt_order_keep",1200,1200,1200.0,1200,1
FACTORY_DNNL,"REG$CPUEngine$struct dnnl::impl::cpu::simple_reorder_t<14,1,14,244,1,void>::pd_t$simple_reorder_t_f4_e2m1_any_f4_e2m1_OI8i32o2i_fmt_order_keep",1199,1199,1199.0,1199,1
FACTORY_DNNL,"REG$CPUEngine$struct dnnl::impl::cpu::simple_reorder_t<14,1,14,245,1,void>::pd_t$simple_reorder_t_f4_e2m1_any_f4_e2m1_OI8i64o2i_fmt_order_keep",1299,1299,1299.0,1299,1
FACTORY_DNNL,"REG$CPUEngine$struct dnnl::impl::cpu::simple_reorder_t<14,1,14,348,1,void>::pd_t$simple_reorder_t_f4_e2m1_any_f4_e2m1_OI16i16o2i_fmt_order_keep",1000,1000,1000.0,1000,1
FACTORY_DNNL,"REG$CPUEngine$struct dnnl::impl::cpu::simple_reorder_t<14,1,14,349,1,void>::pd_t$simple_reorder_t_f4_e2m1_any_f4_e2m1_OI16i32o2i_fmt_order_keep",1000,1000,1000.0,1000,1
FACTORY_DNNL,"REG$CPUEngine$struct dnnl::impl::cpu::simple_reorder_t<14,1,14,350,1,void>::pd_t$simple_reorder_t_f4_e2m1_any_f4_e2m1_OI16i48o2i_fmt_order_keep",1701,1701,1701.0,1701,1
FACTORY_DNNL,"REG$CPUEngine$struct dnnl::impl::cpu::simple_reorder_t<14,1,14,351,1,void>::pd_t$simple_reorder_t_f4_e2m1_any_f4_e2m1_OI16i64o2i_fmt_order_keep",1600,1600,1600.0,1600,1
FACTORY_DNNL,"REG$CPUEngine$struct dnnl::impl::cpu::simple_reorder_t<3,1,15,1,1,struct dnnl::impl::cpu::spec::reference>::pd_t$simple_reorder_t_f32_any_f4_e3m0_any_fmt_order::any_spec::reference",900,900,900.0,900,1
FACTORY_DNNL,"REG$CPUEngine$struct dnnl::impl::cpu::simple_reorder_t<15,1,3,1,1,struct dnnl::impl::cpu::spec::reference>::pd_t$simple_reorder_t_f4_e3m0_any_f32_any_fmt_order::any_spec::reference",1000,1000,1000.0,1000,1
FACTORY_DNNL,"REG$CPUEngine$struct dnnl::impl::cpu::simple_reorder_t<3,1,13,1,1,struct dnnl::impl::cpu::spec::reference>::pd_t$simple_reorder_t_f32_any_e8m0_any_fmt_order::any_spec::reference",1000,1000,1000.0,1000,1
FACTORY_DNNL,REG$CPUEngine$struct dnnl::impl::cpu::x64::jit_uni_reorder_direct_copy_t::pd_t$x64::jit_uni_reorder_direct_copy_t,99,1400,208.25,2499,12
FACTORY_DNNL,REG$CPUEngine$struct dnnl::impl::cpu::x64::jit_blk_reorder_t::pd_t$x64::jit_blk_reorder_t,100,900,366.6666666666667,1100,3
FACTORY_DNNL,REG$CPUEngine$struct dnnl::impl::cpu::x64::jit_uni_reorder_t::pd_t$x64::jit_uni_reorder_t,100,1099,433.0,1299,3
FACTORY_DNNL,"REG$CPUEngine$struct dnnl::impl::cpu::simple_reorder_t<3,1,9,1,1,struct dnnl::impl::cpu::spec::reference>::pd_t$simple_reorder_t_f32_any_f8_e5m2_any_fmt_order::any_spec::reference",1200,1200,1200.0,1200,1
FACTORY_DNNL,"REG$CPUEngine$struct dnnl::impl::cpu::simple_reorder_t<3,1,10,1,1,struct dnnl::impl::cpu::spec::reference>::pd_t$simple_reorder_t_f32_any_f8_e4m3_any_fmt_order::any_spec::reference",1499,1499,1499.0,1499,1
FACTORY_DNNL,"REG$CPUEngine$struct dnnl::impl::cpu::rnn_weights_reorder_t<3,2>::pd_t$rnn_weights_reorder_t_f32_bf16",1000,1000,1000.0,1000,1
FACTORY_DNNL,REG$CPUEngine$struct dnnl::impl::cpu::x64::jit_blk_reorder_t::pd_t$x64_jit_blk_reorder_t,99,1300,299.1666666666667,1795,6
FACTORY_DNNL,REG$CPUEngine$struct dnnl::impl::cpu::x64::jit_uni_reorder_t::pd_t$x64_jit_uni_reorder_t,99,900,175.0,2100,12
FACTORY_DNNL,"REG$CPUEngine$struct dnnl::impl::cpu::simple_reorder_t<3,1,2,1,1,struct dnnl::impl::cpu::spec::reference>::pd_t$simple_reorder_t_f32_any_bf16_any_fmt_order_any_spec_reference",1300,1300,1300.0,1300,1
FACTORY_DNNL,"REG$CPUEngine$struct dnnl::impl::cpu::simple_reorder_t<3,1,1,1,1,struct dnnl::impl::cpu::spec::reference>::pd_t$simple_reorder_t_f32_any_f16_any_fmt_order::any_spec::reference",2500,2500,2500.0,2500,1
FACTORY_DNNL,REG$CPUEngine$struct dnnl::impl::cpu::x64::brgemm_matmul_copy_reorder_t::pd_t$x64_brgemm_matmul_copy_reorder_t,99,999,211.33333333333334,1902,9
FACTORY_DNNL,REG$CPUEngine$struct dnnl::impl::cpu::x64::jit_uni_reorder_direct_copy_t::pd_t$x64_jit_uni_reorder_direct_copy_t,100,1099,433.3333333333333,1300,3
FACTORY_DNNL,"REG$CPUEngine$struct dnnl::impl::cpu::simple_reorder_t<3,1,3,1,1,struct dnnl::impl::cpu::spec::reference>::pd_t$simple_reorder_t_f32_any_f32_any_fmt_order_any_spec::reference",1499,1499,1499.0,1499,1
FACTORY_DNNL,"REG$CPUEngine$struct dnnl::impl::cpu::simple_reorder_t<3,1,3,1,1,struct dnnl::impl::cpu::spec::reference>::pd_t$simple_reorder_t_f32_any_f32_any_fmt_order_any_spec_reference",101,900,500.5,1001,2
FACTORY_DNNL,"REG$CPUEngine$struct dnnl::impl::cpu::rnn_weights_reorder_t<3,3>::pd_t$rnn_weights_reorder_t_f32_f32",1101,1101,1101.0,1101,1
FACTORY_DNNL,"REG$CPUEngine$struct dnnl::impl::cpu::simple_reorder_t<3,1,4,1,1,struct dnnl::impl::cpu::spec::reference>::pd_t$simple_reorder_t_f32_any_s32_any_fmt_order_any_spec_reference",901,901,901.0,901,1
FACTORY_DNNL,"REG$CPUEngine$struct dnnl::impl::cpu::rnn_data_reorder_t<3,5>::pd_t$rnn_data_reorder_t_f32_s8",1200,1200,1200.0,1200,1
FACTORY_DNNL,REG$CPUEngine$struct dnnl::impl::cpu::rnn_weights_reorder_s8_t<3>::pd_t$rnn_weights_reorder_s8_t_f32,1500,1500,1500.0,1500,1
FACTORY_DNNL,"REG$CPUEngine$struct dnnl::impl::cpu::rnn_brgemm_weights_reorder_s8_t<3,5>::pd_t$rnn_brgemm_weights_reorder_s8_t_f32_s8",1500,1500,1500.0,1500,1
FACTORY_DNNL,"REG$CPUEngine$struct dnnl::impl::cpu::simple_reorder_t<3,1,5,1,1,struct dnnl::impl::cpu::spec::reference>::pd_t$simple_reorder_t_f32_any_s8_any_fmt_order_any_spec_reference",1500,1500,1500.0,1500,1
FACTORY_DNNL,"REG$CPUEngine$struct dnnl::impl::cpu::simple_sparse_reorder_v0_t<3,3,5,347,1,struct dnnl::impl::cpu::sparse_spec::reference>::pd_t$simple_sparse_reorder_v0_t_f32_format_tag::oi_s8_OI16i64o4i_sparse_inputs_order::keep_sparse_spec::reference",1900,1900,1900.0,1900,1
FACTORY_DNNL,"REG$CPUEngine$struct dnnl::impl::cpu::simple_sparse_reorder_v0_t<3,14,5,347,1,struct dnnl::impl::cpu::sparse_spec::reference>::pd_t$simple_sparse_reorder_v0_t_f32_format_tag::io_s8_OI16i64o4i_sparse_inputs_order::keep_sparse_spec::reference",1900,1900,1900.0,1900,1
FACTORY_DNNL,"REG$CPUEngine$struct dnnl::impl::cpu::simple_sparse_reorder_t<3,enum dnnl_format_tag_t,1,5,enum dnnl_format_tag_t,1,void>::pd_t$simple_sparse_reorder_t_f32_impl::format_tag_t_any_s8_impl::format_tag_t_any",1999,1999,1999.0,1999,1
FACTORY_DNNL,"REG$CPUEngine$struct dnnl::impl::cpu::rnn_data_reorder_t<3,6>::pd_t$rnn_data_reorder_t_f32_u8",1100,1100,1100.0,1100,1
FACTORY_DNNL,"REG$CPUEngine$struct dnnl::impl::cpu::simple_reorder_t<3,1,6,1,1,struct dnnl::impl::cpu::spec::reference>::pd_t$simple_reorder_t_f32_any_u8_any_fmt_order_any_spec_reference",1300,1300,1300.0,1300,1
FACTORY_DNNL,"REG$CPUEngine$struct dnnl::impl::cpu::simple_reorder_t<9,1,9,1,1,struct dnnl::impl::cpu::spec::reference>::pd_t$simple_reorder_t_f8_e5m2_any_f8_e5m2_any_fmt_order::any_spec::reference",2500,2500,2500.0,2500,1
FACTORY_DNNL,"REG$CPUEngine$struct dnnl::impl::cpu::simple_reorder_t<9,1,1,1,1,struct dnnl::impl::cpu::spec::reference>::pd_t$simple_reorder_t_f8_e5m2_any_f16_any_fmt_order::any_spec::reference",1300,1300,1300.0,1300,1
FACTORY_DNNL,"REG$CPUEngine$struct dnnl::impl::cpu::simple_reorder_t<9,1,2,1,1,struct dnnl::impl::cpu::spec::reference>::pd_t$simple_reorder_t_f8_e5m2_any_bf16_any_fmt_order::any_spec::reference",1701,1701,1701.0,1701,1
FACTORY_DNNL,"REG$CPUEngine$struct dnnl::impl::cpu::simple_reorder_t<9,1,3,1,1,struct dnnl::impl::cpu::spec::reference>::pd_t$simple_reorder_t_f8_e5m2_any_f32_any_fmt_order::any_spec::reference",1001,1001,1001.0,1001,1
FACTORY_DNNL,"REG$CPUEngine$struct dnnl::impl::cpu::simple_reorder_t<10,1,10,1,1,struct dnnl::impl::cpu::spec::reference>::pd_t$simple_reorder_t_f8_e4m3_any_f8_e4m3_any_fmt_order::any_spec::reference",1300,1300,1300.0,1300,1
FACTORY_DNNL,"REG$CPUEngine$struct dnnl::impl::cpu::simple_reorder_t<10,1,1,1,1,struct dnnl::impl::cpu::spec::reference>::pd_t$simple_reorder_t_f8_e4m3_any_f16_any_fmt_order::any_spec::reference",1099,1099,1099.0,1099,1
FACTORY_DNNL,"REG$CPUEngine$struct dnnl::impl::cpu::simple_reorder_t<10,1,2,1,1,struct dnnl::impl::cpu::spec::reference>::pd_t$simple_reorder_t_f8_e4m3_any_bf16_any_fmt_order::any_spec::reference",1200,1200,1200.0,1200,1
FACTORY_DNNL,"REG$CPUEngine$struct dnnl::impl::cpu::simple_reorder_t<10,1,3,1,1,struct dnnl::impl::cpu::spec::reference>::pd_t$simple_reorder_t_f8_e4m3_any_f32_any_fmt_order::any_spec::reference",1100,1100,1100.0,1100,1
FACTORY_DNNL,"REG$CPUEngine$struct dnnl::impl::cpu::simple_reorder_t<13,1,13,1,1,struct dnnl::impl::cpu::spec::reference>::pd_t$simple_reorder_t_e8m0_any_e8m0_any_fmt_order::any_spec::reference",900,900,900.0,900,1
FACTORY_DNNL,"REG$CPUEngine$struct dnnl::impl::cpu::simple_reorder_t<3,5,17,22,1,void>::pd_t$simple_reorder_t_f32_nchw_bin_nhwc_fmt_order_keep",1300,1300,1300.0,1300,1
FACTORY_DNNL,"REG$CPUEngine$struct dnnl::impl::cpu::simple_reorder_t<3,5,17,22,0,void>::pd_t$simple_reorder_t_f32_nchw_bin_nhwc_fmt_order_reverse",1400,1400,1400.0,1400,1
FACTORY_DNNL,"REG$CPUEngine$struct dnnl::impl::cpu::simple_reorder_t<3,22,17,22,1,void>::pd_t$simple_reorder_t_f32_nhwc_bin_nhwc_fmt_order_keep",1700,1700,1700.0,1700,1
FACTORY_DNNL,"REG$CPUEngine$struct dnnl::impl::cpu::simple_reorder_t<3,22,17,22,0,void>::pd_t$simple_reorder_t_f32_nhwc_bin_nhwc_fmt_order_reverse",1100,1100,1100.0,1100,1
FACTORY_DNNL,"REG$CPUEngine$struct dnnl::impl::cpu::rnn_weights_reorder_t<2,2>::pd_t$rnn_weights_reorder_t_bf16_bf16",1300,1300,1300.0,1300,1
FACTORY_DNNL,"REG$CPUEngine$struct dnnl::impl::cpu::simple_reorder_t<2,1,2,1,1,struct dnnl::impl::cpu::spec::reference>::pd_t$simple_reorder_t_bf16_any_bf16_any_fmt_order_any_spec_reference",1701,1701,1701.0,1701,1
FACTORY_DNNL,"REG$CPUEngine$struct dnnl::impl::cpu::simple_reorder_t<2,1,3,1,1,struct dnnl::impl::cpu::spec::reference>::pd_t$simple_reorder_t_bf16_any_f32_any_fmt_order_any_spec_reference",3399,3399,3399.0,3399,1
FACTORY_DNNL,"REG$CPUEngine$struct dnnl::impl::cpu::simple_reorder_t<2,1,5,1,1,struct dnnl::impl::cpu::spec::reference>::pd_t$simple_reorder_t_bf16_any_s8_any_fmt_order_any_spec_reference",1100,1100,1100.0,1100,1
FACTORY_DNNL,"REG$CPUEngine$struct dnnl::impl::cpu::simple_reorder_t<2,1,6,1,1,struct dnnl::impl::cpu::spec::reference>::pd_t$simple_reorder_t_bf16_any_u8_any_fmt_order_any_spec_reference",1601,1601,1601.0,1601,1
FACTORY_DNNL,"REG$CPUEngine$struct dnnl::impl::cpu::simple_reorder_t<2,1,9,1,1,struct dnnl::impl::cpu::spec::reference>::pd_t$simple_reorder_t_bf16_any_f8_e5m2_any_fmt_order_any_spec_reference",900,900,900.0,900,1
FACTORY_DNNL,"REG$CPUEngine$struct dnnl::impl::cpu::simple_reorder_t<2,1,10,1,1,struct dnnl::impl::cpu::spec::reference>::pd_t$simple_reorder_t_bf16_any_f8_e4m3_any_fmt_order_any_spec_reference",1500,1500,1500.0,1500,1
FACTORY_DNNL,"REG$CPUEngine$struct dnnl::impl::cpu::simple_reorder_t<1,1,9,1,1,struct dnnl::impl::cpu::spec::reference>::pd_t$simple_reorder_t_f16_any_f8_e5m2_any_fmt_order_any_spec_reference",1201,1201,1201.0,1201,1
FACTORY_DNNL,"REG$CPUEngine$struct dnnl::impl::cpu::simple_reorder_t<1,1,10,1,1,struct dnnl::impl::cpu::spec::reference>::pd_t$simple_reorder_t_f16_any_f8_e4m3_any_fmt_order_any_spec_reference",1299,1299,1299.0,1299,1
FACTORY_DNNL,"REG$CPUEngine$struct dnnl::impl::cpu::simple_reorder_t<1,1,1,1,1,struct dnnl::impl::cpu::spec::reference>::pd_t$simple_reorder_t_f16_any_f16_any_fmt_order_any_spec_reference",1500,1500,1500.0,1500,1
FACTORY_DNNL,"REG$CPUEngine$struct dnnl::impl::cpu::simple_reorder_t<1,1,3,1,1,struct dnnl::impl::cpu::spec::reference>::pd_t$simple_reorder_t_f16_any_f32_any_fmt_order_any_spec_reference",10099,10099,10099.0,10099,1
FACTORY_DNNL,"REG$CPUEngine$struct dnnl::impl::cpu::simple_reorder_t<1,1,5,1,1,struct dnnl::impl::cpu::spec::reference>::pd_t$simple_reorder_t_f16_any_s8_any_fmt_order_any_spec_reference",55000,55000,55000.0,55000,1
FACTORY_DNNL,"REG$CPUEngine$struct dnnl::impl::cpu::simple_reorder_t<1,1,6,1,1,struct dnnl::impl::cpu::spec::reference>::pd_t$simple_reorder_t_f16_any_u8_any_fmt_order_any_spec_reference",1900,1900,1900.0,1900,1
FACTORY_DNNL,"REG$CPUEngine$struct dnnl::impl::cpu::simple_reorder_t<4,1,3,1,1,struct dnnl::impl::cpu::spec::reference>::pd_t$simple_reorder_t_s32_any_f32_any_fmt_order_any_spec_reference",2000,2000,2000.0,2000,1
FACTORY_DNNL,"REG$CPUEngine$struct dnnl::impl::cpu::simple_reorder_t<4,1,4,1,1,struct dnnl::impl::cpu::spec::reference>::pd_t$simple_reorder_t_s32_any_s32_any_fmt_order_any_spec_reference",1299,1299,1299.0,1299,1
FACTORY_DNNL,"REG$CPUEngine$struct dnnl::impl::cpu::simple_reorder_t<4,1,5,1,1,struct dnnl::impl::cpu::spec::reference>::pd_t$simple_reorder_t_s32_any_s8_any_fmt_order_any_spec_reference",1099,1099,1099.0,1099,1
FACTORY_DNNL,"REG$CPUEngine$struct dnnl::impl::cpu::simple_reorder_t<4,1,6,1,1,struct dnnl::impl::cpu::spec::reference>::pd_t$simple_reorder_t_s32_any_u8_any_fmt_order_any_spec_reference",1000,1000,1000.0,1000,1
FACTORY_DNNL,REG$CPUEngine$struct dnnl::impl::cpu::rnn_weights_reorder_s8_t<5>::pd_t$rnn_weights_reorder_s8_t_s8,1100,1100,1100.0,1100,1
FACTORY_DNNL,"REG$CPUEngine$struct dnnl::impl::cpu::rnn_brgemm_weights_reorder_s8_t<5,5>::pd_t$rnn_brgemm_weights_reorder_s8_t_s8_s8",1199,1199,1199.0,1199,1
FACTORY_DNNL,"REG$CPUEngine$struct dnnl::impl::cpu::simple_reorder_t<5,1,3,1,1,struct dnnl::impl::cpu::spec::reference>::pd_t$simple_reorder_t_s8_any_f32_any_fmt_order_any_spec_reference",1200,1200,1200.0,1200,1
FACTORY_DNNL,"REG$CPUEngine$struct dnnl::impl::cpu::simple_reorder_t<5,1,4,1,1,struct dnnl::impl::cpu::spec::reference>::pd_t$simple_reorder_t_s8_any_s32_any_fmt_order_any_spec_reference",900,900,900.0,900,1
FACTORY_DNNL,"REG$CPUEngine$struct dnnl::impl::cpu::simple_reorder_t<5,1,2,1,1,struct dnnl::impl::cpu::spec::reference>::pd_t$simple_reorder_t_s8_any_bf16_any_fmt_order_any_spec_reference",1099,1099,1099.0,1099,1
FACTORY_DNNL,"REG$CPUEngine$struct dnnl::impl::cpu::simple_reorder_t<5,1,1,1,1,struct dnnl::impl::cpu::spec::reference>::pd_t$simple_reorder_t_s8_any_f16_any_fmt_order_any_spec_reference",1700,1700,1700.0,1700,1
FACTORY_DNNL,"REG$CPUEngine$struct dnnl::impl::cpu::simple_reorder_t<5,1,5,1,1,struct dnnl::impl::cpu::spec::reference>::pd_t$simple_reorder_t_s8_any_s8_any_fmt_order_any_spec_reference",2299,2299,2299.0,2299,1
FACTORY_DNNL,"REG$CPUEngine$struct dnnl::impl::cpu::simple_reorder_t<5,1,6,1,1,struct dnnl::impl::cpu::spec::reference>::pd_t$simple_reorder_t_s8_any_u8_any_fmt_order_any_spec_reference",1900,1900,1900.0,1900,1
FACTORY_DNNL,"REG$CPUEngine$struct dnnl::impl::cpu::simple_sparse_reorder_v0_t<5,3,5,347,1,struct dnnl::impl::cpu::sparse_spec::reference>::pd_t$simple_sparse_reorder_v0_t_s8_format_tag::oi_s8_OI16i64o4i_sparse_inputs_order::keep_sparse_spec::reference",1600,1600,1600.0,1600,1
FACTORY_DNNL,"REG$CPUEngine$struct dnnl::impl::cpu::simple_sparse_reorder_v0_t<5,14,5,347,1,struct dnnl::impl::cpu::sparse_spec::reference>::pd_t$simple_sparse_reorder_v0_t_s8_format_tag::io_s8_OI16i64o4i_sparse_inputs_order::keep_sparse_spec::reference",1199,1199,1199.0,1199,1
FACTORY_DNNL,"REG$CPUEngine$struct dnnl::impl::cpu::simple_sparse_reorder_t<5,enum dnnl_format_tag_t,1,5,enum dnnl_format_tag_t,1,void>::pd_t$simple_sparse_reorder_t_s8_impl::format_tag_t_any_s8_impl::format_tag_t_any",1000,1000,1000.0,1000,1
FACTORY_DNNL,"REG$CPUEngine$struct dnnl::impl::cpu::simple_reorder_t<6,1,3,1,1,struct dnnl::impl::cpu::spec::reference>::pd_t$simple_reorder_t_u8_any_f32_any_fmt_order_any_spec_reference",1099,1099,1099.0,1099,1
FACTORY_DNNL,"REG$CPUEngine$struct dnnl::impl::cpu::simple_reorder_t<6,1,4,1,1,struct dnnl::impl::cpu::spec::reference>::pd_t$simple_reorder_t_u8_any_s32_any_fmt_order_any_spec_reference",901,901,901.0,901,1
FACTORY_DNNL,"REG$CPUEngine$struct dnnl::impl::cpu::simple_reorder_t<6,1,2,1,1,struct dnnl::impl::cpu::spec::reference>::pd_t$simple_reorder_t_u8_any_bf16_any_fmt_order_any_spec_reference",900,900,900.0,900,1
FACTORY_DNNL,"REG$CPUEngine$struct dnnl::impl::cpu::simple_reorder_t<6,1,6,1,1,struct dnnl::impl::cpu::spec::reference>::pd_t$simple_reorder_t_u8_any_u8_any_fmt_order_any_spec_reference",1000,1000,1000.0,1000,1
FACTORY_DNNL,"REG$CPUEngine$struct dnnl::impl::cpu::simple_reorder_t<6,1,5,1,1,struct dnnl::impl::cpu::spec::reference>::pd_t$simple_reorder_t_u8_any_s8_any_fmt_order_any_spec_reference",1500,1500,1500.0,1500,1
FACTORY_DNNL,"REG$CPUEngine$struct dnnl::impl::cpu::simple_reorder_t<3,1,11,1,1,struct dnnl::impl::cpu::spec::reference>::pd_t$simple_reorder_t_f32_any_s4_any_fmt_order::any_spec::reference",1199,1199,1199.0,1199,1
FACTORY_DNNL,"REG$CPUEngine$struct dnnl::impl::cpu::simple_reorder_t<11,1,11,722,1,void>::pd_t$simple_reorder_t_s4_any_s4_OI8i8o2i_fmt_order_keep",1500,1500,1500.0,1500,1
FACTORY_DNNL,"REG$CPUEngine$struct dnnl::impl::cpu::simple_reorder_t<11,1,11,243,1,void>::pd_t$simple_reorder_t_s4_any_s4_OI8i16o2i_fmt_order_keep",1100,1100,1100.0,1100,1
FACTORY_DNNL,"REG$CPUEngine$struct dnnl::impl::cpu::simple_reorder_t<11,1,11,718,1,void>::pd_t$simple_reorder_t_s4_any_s4_OI8i24o2i_fmt_order_keep",899,899,899.0,899,1
FACTORY_DNNL,"REG$CPUEngine$struct dnnl::impl::cpu::simple_reorder_t<11,1,11,244,1,void>::pd_t$simple_reorder_t_s4_any_s4_OI8i32o2i_fmt_order_keep",3800,3800,3800.0,3800,1
FACTORY_DNNL,"REG$CPUEngine$struct dnnl::impl::cpu::simple_reorder_t<11,1,11,245,1,void>::pd_t$simple_reorder_t_s4_any_s4_OI8i64o2i_fmt_order_keep",2000,2000,2000.0,2000,1
FACTORY_DNNL,"REG$CPUEngine$struct dnnl::impl::cpu::simple_reorder_t<11,1,11,348,1,void>::pd_t$simple_reorder_t_s4_any_s4_OI16i16o2i_fmt_order_keep",1000,1000,1000.0,1000,1
FACTORY_DNNL,"REG$CPUEngine$struct dnnl::impl::cpu::simple_reorder_t<11,1,11,349,1,void>::pd_t$simple_reorder_t_s4_any_s4_OI16i32o2i_fmt_order_keep",2099,2099,2099.0,2099,1
FACTORY_DNNL,"REG$CPUEngine$struct dnnl::impl::cpu::simple_reorder_t<11,1,11,350,1,void>::pd_t$simple_reorder_t_s4_any_s4_OI16i48o2i_fmt_order_keep",1000,1000,1000.0,1000,1
FACTORY_DNNL,"REG$CPUEngine$struct dnnl::impl::cpu::simple_reorder_t<11,1,11,351,1,void>::pd_t$simple_reorder_t_s4_any_s4_OI16i64o2i_fmt_order_keep",1300,1300,1300.0,1300,1
FACTORY_DNNL,"REG$CPUEngine$struct dnnl::impl::cpu::simple_reorder_t<11,1,11,528,1,void>::pd_t$simple_reorder_t_s4_any_s4_aBC8c8b2c_fmt_order_keep",1300,1300,1300.0,1300,1
FACTORY_DNNL,"REG$CPUEngine$struct dnnl::impl::cpu::simple_reorder_t<11,1,11,529,1,void>::pd_t$simple_reorder_t_s4_any_s4_aBC8c16b2c_fmt_order_keep",1301,1301,1301.0,1301,1
FACTORY_DNNL,"REG$CPUEngine$struct dnnl::impl::cpu::simple_reorder_t<11,1,11,530,1,void>::pd_t$simple_reorder_t_s4_any_s4_aBC8c24b2c_fmt_order_keep",3599,3599,3599.0,3599,1
FACTORY_DNNL,"REG$CPUEngine$struct dnnl::impl::cpu::simple_reorder_t<11,1,11,531,1,void>::pd_t$simple_reorder_t_s4_any_s4_aBC8c32b2c_fmt_order_keep",1800,1800,1800.0,1800,1
FACTORY_DNNL,"REG$CPUEngine$struct dnnl::impl::cpu::simple_reorder_t<11,1,11,532,1,void>::pd_t$simple_reorder_t_s4_any_s4_aBC8c64b2c_fmt_order_keep",1099,1099,1099.0,1099,1
FACTORY_DNNL,"REG$CPUEngine$struct dnnl::impl::cpu::simple_reorder_t<11,1,11,533,1,void>::pd_t$simple_reorder_t_s4_any_s4_aBC16c16b2c_fmt_order_keep",1499,1499,1499.0,1499,1
FACTORY_DNNL,"REG$CPUEngine$struct dnnl::impl::cpu::simple_reorder_t<11,1,11,534,1,void>::pd_t$simple_reorder_t_s4_any_s4_aBC16c32b2c_fmt_order_keep",1300,1300,1300.0,1300,1
FACTORY_DNNL,"REG$CPUEngine$struct dnnl::impl::cpu::simple_reorder_t<11,1,11,535,1,void>::pd_t$simple_reorder_t_s4_any_s4_aBC16c48b2c_fmt_order_keep",1200,1200,1200.0,1200,1
FACTORY_DNNL,"REG$CPUEngine$struct dnnl::impl::cpu::simple_reorder_t<11,1,11,536,1,void>::pd_t$simple_reorder_t_s4_any_s4_aBC16c64b2c_fmt_order_keep",1599,1599,1599.0,1599,1
FACTORY_DNNL,"REG$CPUEngine$struct dnnl::impl::cpu::simple_reorder_t<11,1,11,537,1,void>::pd_t$simple_reorder_t_s4_any_s4_aBC16c16b4c_fmt_order_keep",1200,1200,1200.0,1200,1
FACTORY_DNNL,"REG$CPUEngine$struct dnnl::impl::cpu::simple_reorder_t<11,1,11,538,1,void>::pd_t$simple_reorder_t_s4_any_s4_aBC16c32b4c_fmt_order_keep",1700,1700,1700.0,1700,1
FACTORY_DNNL,"REG$CPUEngine$struct dnnl::impl::cpu::simple_reorder_t<11,1,11,539,1,void>::pd_t$simple_reorder_t_s4_any_s4_aBC16c48b4c_fmt_order_keep",1199,1199,1199.0,1199,1
FACTORY_DNNL,"REG$CPUEngine$struct dnnl::impl::cpu::simple_reorder_t<11,1,11,540,1,void>::pd_t$simple_reorder_t_s4_any_s4_aBC16c64b4c_fmt_order_keep",1100,1100,1100.0,1100,1
FACTORY_DNNL,"REG$CPUEngine$struct dnnl::impl::cpu::simple_reorder_t<11,1,6,1,1,struct dnnl::impl::cpu::spec::reference>::pd_t$simple_reorder_t_s4_any_u8_any_fmt_order_keep_spec::reference",1400,1400,1400.0,1400,1
FACTORY_DNNL,"REG$CPUEngine$struct dnnl::impl::cpu::simple_reorder_t<11,1,3,1,1,struct dnnl::impl::cpu::spec::reference>::pd_t$simple_reorder_t_s4_any_f32_any_fmt_order_keep_spec::reference",2601,2601,2601.0,2601,1
FACTORY_DNNL,"REG$CPUEngine$struct dnnl::impl::cpu::simple_reorder_t<11,1,3,1,1,struct dnnl::impl::cpu::spec::reference>::pd_t$simple_reorder_t_s4_any_f32_any_fmt_order::any_spec::reference",1000,1000,1000.0,1000,1
FACTORY_DNNL,"REG$CPUEngine$struct dnnl::impl::cpu::simple_reorder_t<11,1,2,1,1,struct dnnl::impl::cpu::spec::reference>::pd_t$simple_reorder_t_s4_any_bf16_any_fmt_order::any_spec::reference",1700,1700,1700.0,1700,1
FACTORY_DNNL,"REG$CPUEngine$struct dnnl::impl::cpu::simple_reorder_t<11,1,1,1,1,struct dnnl::impl::cpu::spec::reference>::pd_t$simple_reorder_t_s4_any_f16_any_fmt_order::any_spec::reference",1299,1299,1299.0,1299,1
FACTORY_DNNL,"REG$CPUEngine$struct dnnl::impl::cpu::simple_reorder_t<3,1,12,1,1,struct dnnl::impl::cpu::spec::reference>::pd_t$simple_reorder_t_f32_any_u4_any_fmt_order::any_spec::reference",2601,2601,2601.0,2601,1
FACTORY_DNNL,"REG$CPUEngine$struct dnnl::impl::cpu::simple_reorder_t<12,1,12,722,1,void>::pd_t$simple_reorder_t_u4_any_u4_OI8i8o2i_fmt_order_keep",1700,1700,1700.0,1700,1
FACTORY_DNNL,"REG$CPUEngine$struct dnnl::impl::cpu::simple_reorder_t<12,1,12,243,1,void>::pd_t$simple_reorder_t_u4_any_u4_OI8i16o2i_fmt_order_keep",1199,1199,1199.0,1199,1
FACTORY_DNNL,"REG$CPUEngine$struct dnnl::impl::cpu::simple_reorder_t<12,1,12,718,1,void>::pd_t$simple_reorder_t_u4_any_u4_OI8i24o2i_fmt_order_keep",1199,1199,1199.0,1199,1
FACTORY_DNNL,"REG$CPUEngine$struct dnnl::impl::cpu::simple_reorder_t<12,1,12,244,1,void>::pd_t$simple_reorder_t_u4_any_u4_OI8i32o2i_fmt_order_keep",900,900,900.0,900,1
FACTORY_DNNL,"REG$CPUEngine$struct dnnl::impl::cpu::simple_reorder_t<12,1,12,245,1,void>::pd_t$simple_reorder_t_u4_any_u4_OI8i64o2i_fmt_order_keep",1100,1100,1100.0,1100,1
FACTORY_DNNL,"REG$CPUEngine$struct dnnl::impl::cpu::simple_reorder_t<12,1,12,348,1,void>::pd_t$simple_reorder_t_u4_any_u4_OI16i16o2i_fmt_order_keep",1200,1200,1200.0,1200,1
FACTORY_DNNL,"REG$CPUEngine$struct dnnl::impl::cpu::simple_reorder_t<12,1,12,349,1,void>::pd_t$simple_reorder_t_u4_any_u4_OI16i32o2i_fmt_order_keep",1100,1100,1100.0,1100,1
FACTORY_DNNL,"REG$CPUEngine$struct dnnl::impl::cpu::simple_reorder_t<12,1,12,350,1,void>::pd_t$simple_reorder_t_u4_any_u4_OI16i48o2i_fmt_order_keep",900,900,900.0,900,1
FACTORY_DNNL,"REG$CPUEngine$struct dnnl::impl::cpu::simple_reorder_t<12,1,12,351,1,void>::pd_t$simple_reorder_t_u4_any_u4_OI16i64o2i_fmt_order_keep",1100,1100,1100.0,1100,1
FACTORY_DNNL,"REG$CPUEngine$struct dnnl::impl::cpu::simple_reorder_t<12,1,12,249,1,void>::pd_t$simple_reorder_t_u4_any_u4_OI16i16o4i_fmt_order_keep",900,900,900.0,900,1
FACTORY_DNNL,"REG$CPUEngine$struct dnnl::impl::cpu::simple_reorder_t<12,1,12,345,1,void>::pd_t$simple_reorder_t_u4_any_u4_OI16i32o4i_fmt_order_keep",1000,1000,1000.0,1000,1
FACTORY_DNNL,"REG$CPUEngine$struct dnnl::impl::cpu::simple_reorder_t<12,1,12,346,1,void>::pd_t$simple_reorder_t_u4_any_u4_OI16i48o4i_fmt_order_keep",999,999,999.0,999,1
FACTORY_DNNL,"REG$CPUEngine$struct dnnl::impl::cpu::simple_reorder_t<12,1,12,347,1,void>::pd_t$simple_reorder_t_u4_any_u4_OI16i64o4i_fmt_order_keep",1501,1501,1501.0,1501,1
FACTORY_DNNL,"REG$CPUEngine$struct dnnl::impl::cpu::simple_reorder_t<12,1,12,528,1,void>::pd_t$simple_reorder_t_u4_any_u4_aBC8c8b2c_fmt_order_keep",1401,1401,1401.0,1401,1
FACTORY_DNNL,"REG$CPUEngine$struct dnnl::impl::cpu::simple_reorder_t<12,1,12,529,1,void>::pd_t$simple_reorder_t_u4_any_u4_aBC8c16b2c_fmt_order_keep",1601,1601,1601.0,1601,1
FACTORY_DNNL,"REG$CPUEngine$struct dnnl::impl::cpu::simple_reorder_t<12,1,12,530,1,void>::pd_t$simple_reorder_t_u4_any_u4_aBC8c24b2c_fmt_order_keep",1401,1401,1401.0,1401,1
FACTORY_DNNL,"REG$CPUEngine$struct dnnl::impl::cpu::simple_reorder_t<12,1,12,531,1,void>::pd_t$simple_reorder_t_u4_any_u4_aBC8c32b2c_fmt_order_keep",1299,1299,1299.0,1299,1
FACTORY_DNNL,"REG$CPUEngine$struct dnnl::impl::cpu::simple_reorder_t<12,1,12,532,1,void>::pd_t$simple_reorder_t_u4_any_u4_aBC8c64b2c_fmt_order_keep",1300,1300,1300.0,1300,1
FACTORY_DNNL,"REG$CPUEngine$struct dnnl::impl::cpu::simple_reorder_t<12,1,12,533,1,void>::pd_t$simple_reorder_t_u4_any_u4_aBC16c16b2c_fmt_order_keep",1800,1800,1800.0,1800,1
FACTORY_DNNL,"REG$CPUEngine$struct dnnl::impl::cpu::simple_reorder_t<12,1,12,534,1,void>::pd_t$simple_reorder_t_u4_any_u4_aBC16c32b2c_fmt_order_keep",3499,3499,3499.0,3499,1
FACTORY_DNNL,"REG$CPUEngine$struct dnnl::impl::cpu::simple_reorder_t<12,1,12,535,1,void>::pd_t$simple_reorder_t_u4_any_u4_aBC16c48b2c_fmt_order_keep",2000,2000,2000.0,2000,1
FACTORY_DNNL,"REG$CPUEngine$struct dnnl::impl::cpu::simple_reorder_t<12,1,12,536,1,void>::pd_t$simple_reorder_t_u4_any_u4_aBC16c64b2c_fmt_order_keep",1800,1800,1800.0,1800,1
FACTORY_DNNL,"REG$CPUEngine$struct dnnl::impl::cpu::simple_reorder_t<12,1,12,537,1,void>::pd_t$simple_reorder_t_u4_any_u4_aBC16c16b4c_fmt_order_keep",1000,1000,1000.0,1000,1
FACTORY_DNNL,"REG$CPUEngine$struct dnnl::impl::cpu::simple_reorder_t<12,1,12,538,1,void>::pd_t$simple_reorder_t_u4_any_u4_aBC16c32b4c_fmt_order_keep",1201,1201,1201.0,1201,1
FACTORY_DNNL,"REG$CPUEngine$struct dnnl::impl::cpu::simple_reorder_t<12,1,12,539,1,void>::pd_t$simple_reorder_t_u4_any_u4_aBC16c48b4c_fmt_order_keep",3101,3101,3101.0,3101,1
FACTORY_DNNL,"REG$CPUEngine$struct dnnl::impl::cpu::simple_reorder_t<12,1,12,540,1,void>::pd_t$simple_reorder_t_u4_any_u4_aBC16c64b4c_fmt_order_keep",15000,15000,15000.0,15000,1
FACTORY_DNNL,"REG$CPUEngine$struct dnnl::impl::cpu::simple_reorder_t<12,1,6,1,1,struct dnnl::impl::cpu::spec::reference>::pd_t$simple_reorder_t_u4_any_u8_any_fmt_order_keep_spec::reference",1600,1600,1600.0,1600,1
FACTORY_DNNL,"REG$CPUEngine$struct dnnl::impl::cpu::simple_reorder_t<12,1,3,1,1,struct dnnl::impl::cpu::spec::reference>::pd_t$simple_reorder_t_u4_any_f32_any_fmt_order_keep_spec::reference",1800,1800,1800.0,1800,1
FACTORY_DNNL,"REG$CPUEngine$struct dnnl::impl::cpu::simple_reorder_t<12,1,3,1,1,struct dnnl::impl::cpu::spec::reference>::pd_t$simple_reorder_t_u4_any_f32_any_fmt_order::any_spec::reference",1199,1199,1199.0,1199,1
FACTORY_DNNL,"REG$CPUEngine$struct dnnl::impl::cpu::simple_reorder_t<12,1,2,1,1,struct dnnl::impl::cpu::spec::reference>::pd_t$simple_reorder_t_u4_any_bf16_any_fmt_order::any_spec::reference",1300,1300,1300.0,1300,1
FACTORY_DNNL,"REG$CPUEngine$struct dnnl::impl::cpu::simple_reorder_t<12,1,1,1,1,struct dnnl::impl::cpu::spec::reference>::pd_t$simple_reorder_t_u4_any_f16_any_fmt_order::any_spec::reference",1300,1300,1300.0,1300,1
FACTORY_DNNL,"REG$CPUEngine$struct dnnl::impl::cpu::simple_reorder_t<18,1,18,348,1,void>::pd_t$simple_reorder_t_u2_any_u2_OI16i16o2i_fmt_order_keep",1201,1201,1201.0,1201,1
FACTORY_DNNL,"REG$CPUEngine$struct dnnl::impl::cpu::simple_reorder_t<18,1,18,349,1,void>::pd_t$simple_reorder_t_u2_any_u2_OI16i32o2i_fmt_order_keep",1299,1299,1299.0,1299,1
FACTORY_DNNL,"REG$CPUEngine$struct dnnl::impl::cpu::simple_reorder_t<18,1,18,350,1,void>::pd_t$simple_reorder_t_u2_any_u2_OI16i48o2i_fmt_order_keep",1300,1300,1300.0,1300,1
FACTORY_DNNL,"REG$CPUEngine$struct dnnl::impl::cpu::simple_reorder_t<18,1,18,351,1,void>::pd_t$simple_reorder_t_u2_any_u2_OI16i64o2i_fmt_order_keep",1600,1600,1600.0,1600,1
FACTORY_DNNL,"REG$CPUEngine$struct dnnl::impl::cpu::simple_reorder_t<18,1,18,710,1,void>::pd_t$simple_reorder_t_u2_any_u2_OI4i8o4i_fmt_order_keep",1500,1500,1500.0,1500,1
FACTORY_DNNL,"REG$CPUEngine$struct dnnl::impl::cpu::simple_reorder_t<18,1,18,246,1,void>::pd_t$simple_reorder_t_u2_any_u2_OI4i16o4i_fmt_order_keep",1501,1501,1501.0,1501,1
FACTORY_DNNL,"REG$CPUEngine$struct dnnl::impl::cpu::simple_reorder_t<18,1,18,711,1,void>::pd_t$simple_reorder_t_u2_any_u2_OI4i24o4i_fmt_order_keep",1400,1400,1400.0,1400,1
FACTORY_DNNL,"REG$CPUEngine$struct dnnl::impl::cpu::simple_reorder_t<18,1,18,247,1,void>::pd_t$simple_reorder_t_u2_any_u2_OI4i32o4i_fmt_order_keep",1400,1400,1400.0,1400,1
FACTORY_DNNL,"REG$CPUEngine$struct dnnl::impl::cpu::simple_reorder_t<18,1,18,249,1,void>::pd_t$simple_reorder_t_u2_any_u2_OI16i16o4i_fmt_order_keep",1700,1700,1700.0,1700,1
FACTORY_DNNL,"REG$CPUEngine$struct dnnl::impl::cpu::simple_reorder_t<18,1,18,345,1,void>::pd_t$simple_reorder_t_u2_any_u2_OI16i32o4i_fmt_order_keep",1100,1100,1100.0,1100,1
FACTORY_DNNL,"REG$CPUEngine$struct dnnl::impl::cpu::simple_reorder_t<18,1,18,346,1,void>::pd_t$simple_reorder_t_u2_any_u2_OI16i48o4i_fmt_order_keep",1000,1000,1000.0,1000,1
FACTORY_DNNL,"REG$CPUEngine$struct dnnl::impl::cpu::simple_reorder_t<18,1,18,347,1,void>::pd_t$simple_reorder_t_u2_any_u2_OI16i64o4i_fmt_order_keep",1300,1300,1300.0,1300,1
FACTORY_DNNL,"REG$CPUEngine$struct dnnl::impl::cpu::simple_reorder_t<17,1,17,1,1,struct dnnl::impl::cpu::spec::direct_copy>::pd_t$simple_reorder_t_bin_any_bin_any_fmt_order_any_spec_direct_copy",1300,1300,1300.0,1300,1
FACTORY_DNNL,"REG$CPUEngine$struct dnnl::impl::cpu::simple_reorder_t<17,1,17,1,1,struct dnnl::impl::cpu::spec::direct_copy_except_dim_0>::pd_t$simple_reorder_t_bin_any_bin_any_fmt_order_any_spec_direct_copy_except_dim_0",10500,10500,10500.0,10500,1
FACTORY_DNNL,"REG$CPUEngine$struct dnnl::impl::cpu::simple_reorder_t<17,1,17,101,1,void>::pd_t$simple_reorder_t_bin_any_bin_OIhw8o32i_fmt_order_keep",1101,1101,1101.0,1101,1
FACTORY_DNNL,"REG$CPUEngine$struct dnnl::impl::cpu::simple_reorder_t<17,1,17,554,1,void>::pd_t$simple_reorder_t_bin_any_bin_OIhw16o32i_fmt_order_keep",2701,2701,2701.0,2701,1
FACTORY_DNNL,"REG$CPUEngine$struct dnnl::impl::cpu::simple_reorder_t<6,1,6,103,1,void>::pd_t$simple_reorder_t_u8_any_u8_nChw8c_fmt_order_keep",1299,1299,1299.0,1299,1
FACTORY_DNNL,"REG$CPUEngine$struct dnnl::impl::cpu::simple_reorder_t<6,1,6,103,0,void>::pd_t$simple_reorder_t_u8_any_u8_nChw8c_fmt_order_reverse",1200,1200,1200.0,1200,1
FACTORY_DNNL,"REG$CPUEngine$struct dnnl::impl::cpu::simple_reorder_t<16,1,16,722,1,void>::pd_t$simple_reorder_t_nf4_any_nf4_OI8i8o2i_fmt_order_keep",1000,1000,1000.0,1000,1
FACTORY_DNNL,"REG$CPUEngine$struct dnnl::impl::cpu::simple_reorder_t<16,1,16,243,1,void>::pd_t$simple_reorder_t_nf4_any_nf4_OI8i16o2i_fmt_order_keep",1100,1100,1100.0,1100,1
FACTORY_DNNL,"REG$CPUEngine$struct dnnl::impl::cpu::simple_reorder_t<16,1,16,718,1,void>::pd_t$simple_reorder_t_nf4_any_nf4_OI8i24o2i_fmt_order_keep",799,799,799.0,799,1
FACTORY_DNNL,"REG$CPUEngine$struct dnnl::impl::cpu::simple_reorder_t<16,1,16,244,1,void>::pd_t$simple_reorder_t_nf4_any_nf4_OI8i32o2i_fmt_order_keep",1500,1500,1500.0,1500,1
FACTORY_DNNL,"REG$CPUEngine$struct dnnl::impl::cpu::simple_reorder_t<16,1,16,245,1,void>::pd_t$simple_reorder_t_nf4_any_nf4_OI8i64o2i_fmt_order_keep",1299,1299,1299.0,1299,1
FACTORY_DNNL,"REG$CPUEngine$struct dnnl::impl::cpu::simple_reorder_t<16,1,16,348,1,void>::pd_t$simple_reorder_t_nf4_any_nf4_OI16i16o2i_fmt_order_keep",1100,1100,1100.0,1100,1
FACTORY_DNNL,"REG$CPUEngine$struct dnnl::impl::cpu::simple_reorder_t<16,1,16,349,1,void>::pd_t$simple_reorder_t_nf4_any_nf4_OI16i32o2i_fmt_order_keep",1499,1499,1499.0,1499,1
FACTORY_DNNL,"REG$CPUEngine$struct dnnl::impl::cpu::simple_reorder_t<16,1,16,350,1,void>::pd_t$simple_reorder_t_nf4_any_nf4_OI16i48o2i_fmt_order_keep",1100,1100,1100.0,1100,1
FACTORY_DNNL,"REG$CPUEngine$struct dnnl::impl::cpu::simple_reorder_t<16,1,16,351,1,void>::pd_t$simple_reorder_t_nf4_any_nf4_OI16i64o2i_fmt_order_keep",1699,1699,1699.0,1699,1
FACTORY_DNNL,"REG$CPUEngine$struct dnnl::impl::cpu::simple_reorder_t<16,1,3,1,1,struct dnnl::impl::cpu::spec::reference>::pd_t$simple_reorder_t_nf4_any_f32_any_fmt_order_keep_spec::reference",2000,2000,2000.0,2000,1
FACTORY_DNNL,CREATE$CPUEngine$struct dnnl::impl::cpu::x64::jit_uni_reorder_t::pd_t,59100,257600,81545.87301587302,5137390,63
FACTORY_DNNL,REG$CPUEngine$struct dnnl::impl::cpu::x64::brdgmm_dw_convolution_fwd_t::pd_t$brdgmm_dw_convolution_fwd_t,99,1901,238.3846153846154,3099,13
FACTORY_DNNL,REG$CPUEngine$struct dnnl::impl::cpu::x64::ip_convolution_fwd_t::pd_t$ip_convolution_fwd_t,100,1001,213.125,1705,8
FACTORY_DNNL,REG$CPUEngine$struct dnnl::impl::cpu::x64::brgemm_1x1_convolution_fwd_t<524274>::pd_t$brgemm_1x1_convolution_fwd_t_avx10_2_512_amx_2,100,1199,194.1764705882353,3301,17
FACTORY_DNNL,REG$CPUEngine$struct dnnl::impl::cpu::x64::brgemm_convolution_fwd_t<524274>::pd_t$brgemm_convolution_fwd_t_avx10_2_512_amx_2,99,1299,194.73684210526315,3700,19
FACTORY_DNNL,REG$CPUEngine$struct dnnl::impl::cpu::x64::brgemm_1x1_convolution_fwd_t<129009>::pd_t$brgemm_1x1_convolution_fwd_t_avx512_core_amx,99,1100,243.28571428571428,1703,7
FACTORY_DNNL,REG$CPUEngine$struct dnnl::impl::cpu::x64::brgemm_convolution_fwd_t<129009>::pd_t$brgemm_convolution_fwd_t_avx512_core_amx,99,1400,317.0,1902,6
FACTORY_DNNL,REG$CPUEngine$struct dnnl::impl::cpu::x64::_jit_uni_planar_convolution_fwd_t<880>::pd_t$jit_avx512_common_planar_convolution_fwd_t,1200,1200,1200.0,1200,1
FACTORY_DNNL,REG$CPUEngine$struct dnnl::impl::cpu::x64::brgemm_1x1_convolution_fwd_t<880>::pd_t$brgemm_1x1_convolution_fwd_t_avx512_core,99,2200,362.375,2899,8
FACTORY_DNNL,REG$CPUEngine$struct dnnl::impl::cpu::x64::brgemm_convolution_fwd_t<880>::pd_t$brgemm_convolution_fwd_t_avx512_core,99,1900,280.3,2803,10
FACTORY_DNNL,"REG$CPUEngine$struct dnnl::impl::cpu::x64::jit_uni_dw_convolution_fwd_t<880,3,3>::pd_t$jit_avx512_common_dw_convolution_fwd_t",1999,1999,1999.0,1999,1
FACTORY_DNNL,"REG$CPUEngine$struct dnnl::impl::cpu::x64::jit_uni_fork_dw_convolution_fwd_t<880,3,3>::pd_t$jit_avx512_common_fork_dw_convolution_fwd_t",1501,1501,1501.0,1501,1
FACTORY_DNNL,"REG$CPUEngine$struct dnnl::impl::cpu::x64::jit_avx512_common_1x1_convolution_fwd_t<3,3,3>::pd_t$jit_avx512_common_1x1_convolution_fwd_f32_t",1399,1399,1399.0,1399,1
FACTORY_DNNL,"REG$CPUEngine$struct dnnl::impl::cpu::x64::jit_avx512_common_convolution_fwd_t<3,3,3>::pd_t$jit_avx512_common_convolution_fwd_t_f32",1000,1000,1000.0,1000,1
FACTORY_DNNL,REG$CPUEngine$struct dnnl::impl::cpu::x64::_jit_uni_planar_convolution_fwd_t<560>::pd_t$jit_avx2_planar_convolution_fwd_t,1399,1399,1399.0,1399,1
FACTORY_DNNL,"REG$CPUEngine$struct dnnl::impl::cpu::x64::jit_uni_dw_convolution_fwd_t<560,3,3>::pd_t$jit_avx2_dw_convolution_fwd_t",900,900,900.0,900,1
FACTORY_DNNL,REG$CPUEngine$struct dnnl::impl::cpu::x64::brgemm_1x1_convolution_fwd_t<560>::pd_t$brgemm_1x1_convolution_fwd_t_avx2,100,1000,550.0,1100,2
FACTORY_DNNL,REG$CPUEngine$struct dnnl::impl::cpu::x64::brgemm_convolution_fwd_t<560>::pd_t$brgemm_convolution_fwd_t_avx2,100,1101,600.5,1201,2
FACTORY_DNNL,"REG$CPUEngine$struct dnnl::impl::cpu::x64::jit_uni_fork_dw_convolution_fwd_t<560,3,3>::pd_t$jit_avx2_fork_dw_convolution_fwd_t",16200,16200,16200.0,16200,1
FACTORY_DNNL,REG$CPUEngine$struct dnnl::impl::cpu::x64::jit_avx2_1x1_convolution_with_dw_conv_fwd_t::pd_t$jit_avx2_1x1_convolution_with_dw_conv_fwd_t,8900,8900,8900.0,8900,1
FACTORY_DNNL,REG$CPUEngine$struct dnnl::impl::cpu::x64::jit_avx2_1x1_convolution_fwd_t::pd_t$jit_avx2_1x1_convolution_fwd_t,1101,1101,1101.0,1101,1
FACTORY_DNNL,"REG$CPUEngine$struct dnnl::impl::cpu::x64::jit_uni_dw_convolution_fwd_t<16,3,3>::pd_t$jit_sse41_dw_convolution_fwd_t",1499,1499,1499.0,1499,1
FACTORY_DNNL,"REG$CPUEngine$struct dnnl::impl::cpu::x64::jit_uni_fork_dw_convolution_fwd_t<16,3,3>::pd_t$jit_sse41_fork_dw_convolution_fwd_t",1000,1000,1000.0,1000,1
FACTORY_DNNL,REG$CPUEngine$struct dnnl::impl::cpu::x64::jit_sse41_1x1_convolution_fwd_t::pd_t$jit_sse41_1x1_convolution_fwd_t,1101,1101,1101.0,1101,1
FACTORY_DNNL,REG$CPUEngine$struct dnnl::impl::cpu::x64::jit_avx2_convolution_fwd_t::pd_t$jit_avx2_convolution_fwd_t,1100,1100,1100.0,1100,1
FACTORY_DNNL,REG$CPUEngine$struct dnnl::impl::cpu::x64::jit_sse41_convolution_fwd_t::pd_t$jit_sse41_convolution_fwd_t,900,900,900.0,900,1
FACTORY_DNNL,REG$CPUEngine$struct dnnl::impl::cpu::gemm_convolution_fwd_t::pd_t$gemm_convolution_fwd_t,1101,1101,1101.0,1101,1
FACTORY_DNNL,REG$CPUEngine$struct dnnl::impl::cpu::ref_convolution_fwd_t::pd_t$ref_convolution_fwd_t,99,1700,263.45454545454544,5796,22
FACTORY_DNNL,REG$CPUEngine$struct dnnl::impl::cpu::ref_fused_convolution_fwd_t::pd_t$ref_fused_convolution_fwd_t,99,1400,359.8,1799,5
FACTORY_DNNL,REG$CPUEngine$struct dnnl::impl::cpu::x64::jit_avx512_core_amx_1x1_convolution_fwd_t::pd_t$jit_avx512_core_amx_1x1_convolution_fwd_t,99,2500,367.0,3303,9
FACTORY_DNNL,REG$CPUEngine$struct dnnl::impl::cpu::x64::jit_avx512_core_amx_convolution_fwd_t::pd_t$jit_avx512_core_amx_convolution_fwd_t,99,1199,209.7,2097,10
FACTORY_DNNL,REG$CPUEngine$struct dnnl::impl::cpu::x64::brgemm_1x1_convolution_fwd_t<13168>::pd_t$brgemm_1x1_convolution_fwd_t_avx512_core_bf16,1499,1499,1499.0,1499,1
FACTORY_DNNL,REG$CPUEngine$struct dnnl::impl::cpu::x64::brgemm_convolution_fwd_t<13168>::pd_t$brgemm_convolution_fwd_t_avx512_core_bf16,99,1100,599.5,1199,2
FACTORY_DNNL,"REG$CPUEngine$struct dnnl::impl::cpu::x64::jit_uni_dw_convolution_fwd_t<880,2,3>::pd_t$jit_uni_dw_convolution_fwd_t_avx512_core_bf16_f32",1000,1000,1000.0,1000,1
FACTORY_DNNL,"REG$CPUEngine$struct dnnl::impl::cpu::x64::jit_uni_fork_dw_convolution_fwd_t<880,2,3>::pd_t$jit_uni_fork_dw_convolution_fwd_t_avx512_core_bf16_f32",1100,1100,1100.0,1100,1
FACTORY_DNNL,REG$CPUEngine$struct dnnl::impl::cpu::x64::jit_avx512_core_bf16_1x1_convolution_fwd_t<3>::pd_t$jit_avx512_core_bf16_1x1_convolution_fwd_t_f32,1200,1200,1200.0,1200,1
FACTORY_DNNL,REG$CPUEngine$struct dnnl::impl::cpu::x64::jit_avx512_core_bf16_convolution_fwd_t::pd_t$jit_avx512_core_bf16_convolution_fwd_t,100,1000,550.0,1100,2
FACTORY_DNNL,REG$CPUEngine$struct dnnl::impl::cpu::x64::gemm_bf16_convolution_fwd_t<3>::pd_t$gemm_bf16_convolution_fwd_t_f32,1100,1100,1100.0,1100,1
FACTORY_DNNL,REG$CPUEngine$struct dnnl::impl::cpu::x64::brgemm_1x1_convolution_fwd_t<3632>::pd_t$brgemm_1x1_convolution_fwd_t_avx2_vnni_2,99,2100,275.0833333333333,3301,12
FACTORY_DNNL,REG$CPUEngine$struct dnnl::impl::cpu::x64::brgemm_convolution_fwd_t<3632>::pd_t$brgemm_convolution_fwd_t_avx2_vnni_2,100,5100,600.5,6005,10
FACTORY_DNNL,"REG$CPUEngine$struct dnnl::impl::cpu::x64::jit_uni_dw_convolution_fwd_t<880,2,2>::pd_t$jit_uni_dw_convolution_fwd_t_avx512_core_bf16_bf16",1599,1599,1599.0,1599,1
FACTORY_DNNL,"REG$CPUEngine$struct dnnl::impl::cpu::x64::jit_uni_fork_dw_convolution_fwd_t<880,2,2>::pd_t$jit_uni_fork_dw_convolution_fwd_t_avx512_core_bf16_bf16",2200,2200,2200.0,2200,1
FACTORY_DNNL,REG$CPUEngine$struct dnnl::impl::cpu::x64::jit_avx512_core_bf16_1x1_convolution_fwd_t<2>::pd_t$jit_avx512_core_bf16_1x1_convolution_fwd_t_bf16,1600,1600,1600.0,1600,1
FACTORY_DNNL,REG$CPUEngine$struct dnnl::impl::cpu::x64::gemm_bf16_convolution_fwd_t<2>::pd_t$gemm_bf16_convolution_fwd_t_bf16,700,700,700.0,700,1
FACTORY_DNNL,"REG$CPUEngine$struct dnnl::impl::cpu::x64::jit_uni_dw_convolution_fwd_t<30577,1,3>::pd_t$jit_uni_dw_convolution_fwd_t_avx512_core_fp16_f16_f32",1899,1899,1899.0,1899,1
FACTORY_DNNL,REG$CPUEngine$struct dnnl::impl::cpu::x64::brgemm_1x1_convolution_fwd_t<260081>::pd_t$brgemm_1x1_convolution_fwd_t_avx512_core_amx_fp16,100,1000,550.0,1100,2
FACTORY_DNNL,REG$CPUEngine$struct dnnl::impl::cpu::x64::brgemm_convolution_fwd_t<260081>::pd_t$brgemm_convolution_fwd_t_avx512_core_amx_fp16,99,1300,699.5,1399,2
FACTORY_DNNL,REG$CPUEngine$struct dnnl::impl::cpu::x64::brgemm_1x1_convolution_fwd_t<32626>::pd_t$brgemm_1x1_convolution_fwd_t_avx10_2_512,100,1400,220.06666666666666,3301,15
FACTORY_DNNL,REG$CPUEngine$struct dnnl::impl::cpu::x64::brgemm_convolution_fwd_t<32626>::pd_t$brgemm_convolution_fwd_t_avx10_2_512,99,3999,324.9,6498,20
FACTORY_DNNL,REG$CPUEngine$struct dnnl::impl::cpu::x64::brgemm_1x1_convolution_fwd_t<30577>::pd_t$brgemm_1x1_convolution_fwd_t_avx512_core_fp16,100,1799,949.5,1899,2
FACTORY_DNNL,REG$CPUEngine$struct dnnl::impl::cpu::x64::brgemm_convolution_fwd_t<30577>::pd_t$brgemm_convolution_fwd_t_avx512_core_fp16,100,1300,700.0,1400,2
FACTORY_DNNL,"REG$CPUEngine$struct dnnl::impl::cpu::x64::jit_uni_dw_convolution_fwd_t<30577,1,1>::pd_t$jit_uni_dw_convolution_fwd_t_avx512_core_fp16_f16_f16",800,800,800.0,800,1
FACTORY_DNNL,REG$CPUEngine$struct dnnl::impl::cpu::x64::brgemm_1x1_convolution_fwd_t<260081>::pd_t$brgemm_1x1_convolution_fwd_t_avx10_1_512_amx_fp16,99,1200,207.0,2898,14
FACTORY_DNNL,REG$CPUEngine$struct dnnl::impl::cpu::x64::brgemm_convolution_fwd_t<260081>::pd_t$brgemm_convolution_fwd_t_avx10_1_512_amx_fp16,99,2400,280.06666666666666,4201,15
FACTORY_DNNL,REG$CPUEngine$struct dnnl::impl::cpu::x64::ip_convolution_bwd_data_t::pd_t$ip_convolution_bwd_data_t,100,1100,350.25,1401,4
FACTORY_DNNL,REG$CPUEngine$struct dnnl::impl::cpu::x64::brgemm_convolution_bwd_t<524274>::pd_t$brgemm_convolution_bwd_t_avx10_2_512_amx_2,99,1799,249.58333333333334,2995,12
FACTORY_DNNL,REG$CPUEngine$struct dnnl::impl::cpu::x64::brgemm_convolution_bwd_t<129009>::pd_t$brgemm_convolution_bwd_t_avx512_core_amx,99,1800,666.3333333333334,1999,3
FACTORY_DNNL,REG$CPUEngine$struct dnnl::impl::cpu::x64::brgemm_convolution_bwd_strided_t<524274>::pd_t$brgemm_convolution_bwd_strided_t_avx10_2_512_amx_2,99,1599,225.08333333333334,2701,12
FACTORY_DNNL,REG$CPUEngine$struct dnnl::impl::cpu::x64::brgemm_convolution_bwd_t<880>::pd_t$brgemm_convolution_bwd_t_avx512_core,100,1400,750.0,1500,2
FACTORY_DNNL,REG$CPUEngine$struct dnnl::impl::cpu::x64::brgemm_convolution_bwd_strided_t<880>::pd_t$brgemm_convolution_bwd_strided_t_avx512_core,99,11500,1728.2857142857142,12098,7
FACTORY_DNNL,"REG$CPUEngine$struct dnnl::impl::cpu::x64::jit_uni_dw_convolution_bwd_data_t<880,3,3>::pd_t$jit_avx512_common_dw_convolution_bwd_data_t",1400,1400,1400.0,1400,1
FACTORY_DNNL,"REG$CPUEngine$struct dnnl::impl::cpu::x64::jit_uni_fork_dw_convolution_bwd_data_t<880,3,3>::pd_t$jit_avx512_common_fork_dw_convolution_bwd_data_t",2201,2201,2201.0,2201,1
FACTORY_DNNL,"REG$CPUEngine$struct dnnl::impl::cpu::x64::jit_avx512_common_1x1_convolution_bwd_data_t<3,3,3>::pd_t$jit_avx512_common_1x1_convolution_bwd_data_f32_t",2200,2200,2200.0,2200,1
FACTORY_DNNL,"REG$CPUEngine$struct dnnl::impl::cpu::x64::jit_avx512_common_convolution_bwd_data_t<3,3,3>::pd_t$jit_avx512_common_convolution_bwd_data_t_f32",1000,1000,1000.0,1000,1
FACTORY_DNNL,REG$CPUEngine$struct dnnl::impl::cpu::x64::brgemm_convolution_bwd_t<560>::pd_t$brgemm_convolution_bwd_t_avx2,99,900,366.6666666666667,1100,3
FACTORY_DNNL,REG$CPUEngine$struct dnnl::impl::cpu::x64::brgemm_convolution_bwd_strided_t<560>::pd_t$brgemm_convolution_bwd_strided_t_avx2,1301,1301,1301.0,1301,1
FACTORY_DNNL,"REG$CPUEngine$struct dnnl::impl::cpu::x64::jit_uni_dw_convolution_bwd_data_t<560,3,3>::pd_t$jit_avx2_dw_convolution_bwd_data_t",3601,3601,3601.0,3601,1
FACTORY_DNNL,"REG$CPUEngine$struct dnnl::impl::cpu::x64::jit_uni_fork_dw_convolution_bwd_data_t<560,3,3>::pd_t$jit_avx2_fork_dw_convolution_bwd_data_t",2300,2300,2300.0,2300,1
FACTORY_DNNL,REG$CPUEngine$struct dnnl::impl::cpu::x64::jit_avx2_1x1_convolution_bwd_data_t::pd_t$jit_avx2_1x1_convolution_bwd_data_t,1499,1499,1499.0,1499,1
FACTORY_DNNL,"REG$CPUEngine$struct dnnl::impl::cpu::x64::jit_uni_fork_dw_convolution_bwd_data_t<16,3,3>::pd_t$jit_sse41_fork_dw_convolution_bwd_data_t",1101,1101,1101.0,1101,1
FACTORY_DNNL,REG$CPUEngine$struct dnnl::impl::cpu::x64::jit_avx2_convolution_bwd_data_t::pd_t$jit_avx2_convolution_bwd_data_t,900,900,900.0,900,1
FACTORY_DNNL,REG$CPUEngine$struct dnnl::impl::cpu::gemm_convolution_bwd_data_t::pd_t$gemm_convolution_bwd_data_t,1201,1201,1201.0,1201,1
FACTORY_DNNL,REG$CPUEngine$struct dnnl::impl::cpu::ref_convolution_bwd_data_t::pd_t$ref_convolution_bwd_data_t,99,9400,710.8888888888889,12796,18
FACTORY_DNNL,REG$CPUEngine$struct dnnl::impl::cpu::x64::brgemm_convolution_bwd_strided_t<129009>::pd_t$brgemm_convolution_bwd_strided_t_avx512_core_amx,99,1399,245.36363636363637,2699,11
FACTORY_DNNL,REG$CPUEngine$struct dnnl::impl::cpu::x64::jit_avx512_core_amx_convolution_bwd_data_t::pd_t$jit_avx512_core_amx_convolution_bwd_data_t,99,1501,474.5,1898,4
FACTORY_DNNL,REG$CPUEngine$struct dnnl::impl::cpu::x64::brgemm_convolution_bwd_t<13168>::pd_t$brgemm_convolution_bwd_t_avx512_core_bf16,100,3000,1550.0,3100,2
FACTORY_DNNL,REG$CPUEngine$struct dnnl::impl::cpu::x64::brgemm_convolution_bwd_strided_t<13168>::pd_t$brgemm_convolution_bwd_strided_t_avx512_core_bf16,2800,2800,2800.0,2800,1
FACTORY_DNNL,"REG$CPUEngine$struct dnnl::impl::cpu::x64::jit_uni_dw_convolution_bwd_data_t<880,2,3>::pd_t$jit_uni_dw_convolution_bwd_data_t_avx512_core_bf16_f32",1500,1500,1500.0,1500,1
FACTORY_DNNL,"REG$CPUEngine$struct dnnl::impl::cpu::x64::jit_uni_fork_dw_convolution_bwd_data_t<880,2,3>::pd_t$jit_uni_fork_dw_convolution_bwd_data_t_avx512_core_bf16_f32",1000,1000,1000.0,1000,1
FACTORY_DNNL,REG$CPUEngine$struct dnnl::impl::cpu::x64::jit_avx512_core_bf16_1x1_convolution_bwd_data_t<3>::pd_t$jit_avx512_core_bf16_1x1_convolution_bwd_data_t_f32,900,900,900.0,900,1
FACTORY_DNNL,REG$CPUEngine$struct dnnl::impl::cpu::x64::jit_avx512_core_bf16_convolution_bwd_data_t::pd_t$jit_avx512_core_bf16_convolution_bwd_data_t,1101,1101,1101.0,1101,1
FACTORY_DNNL,REG$CPUEngine$struct dnnl::impl::cpu::x64::gemm_bf16_convolution_bwd_data_t<3>::pd_t$gemm_bf16_convolution_bwd_data_t_f32,1100,1100,1100.0,1100,1
FACTORY_DNNL,REG$CPUEngine$struct dnnl::impl::cpu::x64::brgemm_convolution_bwd_t<3632>::pd_t$brgemm_convolution_bwd_t_avx2_vnni_2,100,1199,532.6666666666666,1598,3
FACTORY_DNNL,REG$CPUEngine$struct dnnl::impl::cpu::x64::brgemm_convolution_bwd_strided_t<3632>::pd_t$brgemm_convolution_bwd_strided_t_avx2_vnni_2,99,2099,399.7142857142857,2798,7
FACTORY_DNNL,"REG$CPUEngine$struct dnnl::impl::cpu::x64::jit_uni_dw_convolution_bwd_data_t<880,2,2>::pd_t$jit_uni_dw_convolution_bwd_data_t_avx512_core_bf16_bf16",1799,1799,1799.0,1799,1
FACTORY_DNNL,"REG$CPUEngine$struct dnnl::impl::cpu::x64::jit_uni_fork_dw_convolution_bwd_data_t<880,2,2>::pd_t$jit_uni_fork_dw_convolution_bwd_data_t_avx512_core_bf16_bf16",2599,2599,2599.0,2599,1
FACTORY_DNNL,REG$CPUEngine$struct dnnl::impl::cpu::x64::jit_avx512_core_bf16_1x1_convolution_bwd_data_t<2>::pd_t$jit_avx512_core_bf16_1x1_convolution_bwd_data_t_bf16,1999,1999,1999.0,1999,1
FACTORY_DNNL,REG$CPUEngine$struct dnnl::impl::cpu::x64::gemm_bf16_convolution_bwd_data_t<2>::pd_t$gemm_bf16_convolution_bwd_data_t_bf16,2900,2900,2900.0,2900,1
FACTORY_DNNL,REG$CPUEngine$struct dnnl::impl::cpu::x64::brgemm_convolution_bwd_t<260081>::pd_t$brgemm_convolution_bwd_t_avx512_core_amx_fp16,1300,4899,3099.5,6199,2
FACTORY_DNNL,REG$CPUEngine$struct dnnl::impl::cpu::x64::brgemm_convolution_bwd_strided_t<260081>::pd_t$brgemm_convolution_bwd_strided_t_avx512_core_amx_fp16,100,1300,700.0,1400,2
FACTORY_DNNL,REG$CPUEngine$struct dnnl::impl::cpu::x64::brgemm_convolution_bwd_t<32626>::pd_t$brgemm_convolution_bwd_t_avx10_2_512,99,3300,366.8333333333333,4402,12
FACTORY_DNNL,REG$CPUEngine$struct dnnl::impl::cpu::x64::brgemm_convolution_bwd_strided_t<32626>::pd_t$brgemm_convolution_bwd_strided_t_avx10_2_512,99,1201,191.66666666666666,2300,12
FACTORY_DNNL,REG$CPUEngine$struct dnnl::impl::cpu::x64::brgemm_convolution_bwd_t<30577>::pd_t$brgemm_convolution_bwd_t_avx512_core_fp16,101,2099,1100.0,2200,2
FACTORY_DNNL,REG$CPUEngine$struct dnnl::impl::cpu::x64::brgemm_convolution_bwd_strided_t<30577>::pd_t$brgemm_convolution_bwd_strided_t_avx512_core_fp16,99,2000,1049.5,2099,2
FACTORY_DNNL,REG$CPUEngine$struct dnnl::impl::cpu::x64::brgemm_convolution_bwd_t<260081>::pd_t$brgemm_convolution_bwd_t_avx10_1_512_amx_fp16,99,1701,233.41666666666666,2801,12
FACTORY_DNNL,REG$CPUEngine$struct dnnl::impl::cpu::x64::brgemm_convolution_bwd_strided_t<260081>::pd_t$brgemm_convolution_bwd_strided_t_avx10_1_512_amx_fp16,100,3099,400.0,5200,13
FACTORY_DNNL,REG$CPUEngine$struct dnnl::impl::cpu::x64::brgemm_1x1_convolution_fwd_t<4976>::pd_t$brgemm_1x1_convolution_fwd_t_avx512_core_vnni,99,1099,210.77777777777777,1897,9
FACTORY_DNNL,REG$CPUEngine$struct dnnl::impl::cpu::x64::brgemm_convolution_fwd_t<4976>::pd_t$brgemm_convolution_fwd_t_avx512_core_vnni,99,1100,242.42857142857142,1697,7
FACTORY_DNNL,REG$CPUEngine$struct dnnl::impl::cpu::x64::jit_avx512_core_x8s8s32x_1x1_convolution_fwd_t::pd_t$jit_avx512_core_x8s8s32x_1x1_convolution_fwd_t,99,1400,244.55555555555554,2201,9
FACTORY_DNNL,REG$CPUEngine$struct dnnl::impl::cpu::x64::jit_avx512_core_x8s8s32x_convolution_fwd_t::pd_t$jit_avx512_core_x8s8s32x_convolution_fwd_t,99,1900,512.5,4100,8
FACTORY_DNNL,REG$CPUEngine$struct dnnl::impl::cpu::x64::brgemm_1x1_convolution_fwd_t<1584>::pd_t$brgemm_1x1_convolution_fwd_t_avx2_vnni,100,1100,266.8333333333333,1601,6
FACTORY_DNNL,REG$CPUEngine$struct dnnl::impl::cpu::x64::brgemm_convolution_fwd_t<1584>::pd_t$brgemm_convolution_fwd_t_avx2_vnni,99,1300,300.0,1800,6
FACTORY_DNNL,REG$CPUEngine$struct dnnl::impl::cpu::x64::jit_uni_x8s8s32x_1x1_convolution_fwd_t<560>::pd_t$jit_uni_x8s8s32x_1x1_convolution_fwd_t_avx2,99,899,366.3333333333333,1099,3
FACTORY_DNNL,REG$CPUEngine$struct dnnl::impl::cpu::x64::jit_uni_x8s8s32x_convolution_fwd_t<560>::pd_t$jit_uni_x8s8s32x_convolution_fwd_t_avx2,99,1000,249.66666666666666,1498,6
FACTORY_DNNL,REG$CPUEngine$struct dnnl::impl::cpu::x64::jit_uni_x8s8s32x_1x1_convolution_fwd_t<16>::pd_t$jit_uni_x8s8s32x_1x1_convolution_fwd_t_sse41,99,1300,340.0,1700,5
FACTORY_DNNL,REG$CPUEngine$struct dnnl::impl::cpu::x64::jit_uni_x8s8s32x_convolution_fwd_t<16>::pd_t$jit_uni_x8s8s32x_convolution_fwd_t_sse41,100,1000,267.0,1602,6
FACTORY_DNNL,REG$CPUEngine$struct dnnl::impl::cpu::gemm_x8s8s32x_convolution_fwd_t::pd_t$gemm_x8s8s32x_convolution_fwd_t,99,900,179.6,1796,10
FACTORY_DNNL,REG$CPUEngine$struct dnnl::impl::cpu::ref_convolution_int8_fwd_t::pd_t$ref_convolution_int8_fwd_t,99,900,188.66666666666666,1698,9
FACTORY_DNNL,REG$CPUEngine$struct dnnl::impl::cpu::x64::brgemm_convolution_bwd_strided_t<4976>::pd_t$brgemm_convolution_bwd_strided_t_avx512_core_vnni,99,1000,225.0,1800,8
FACTORY_DNNL,REG$CPUEngine$struct dnnl::impl::cpu::x64::brgemm_convolution_bwd_strided_t<1584>::pd_t$brgemm_convolution_bwd_strided_t_avx2_vnni,99,1400,285.57142857142856,1999,7
FACTORY_DNNL,REG$CPUEngine$struct dnnl::impl::cpu::gemm_x8s8s32x_convolution_bwd_data_t::pd_t$gemm_x8s8s32x_convolution_bwd_data_t,99,1000,228.57142857142858,1600,7
FACTORY_DNNL,REG$CPUEngine$struct dnnl::impl::cpu::ref_convolution_int8_bwd_data_t::pd_t$ref_convolution_int8_bwd_data_t,99,14000,2085.714285714286,14600,7
FACTORY_DNNL,CREATE$CPUEngine$struct dnnl::impl::cpu::x64::brgemm_convolution_fwd_t<560>::pd_t,118800,337100,224078.5,3137099,14
FACTORY_DNNL,CREATE$CPUEngine$struct dnnl::impl::cpu::x64::jit_blk_reorder_t::pd_t,57699,146200,76996.46428571429,2155901,28
FACTORY_DNNL,CREATE$CPUEngine$struct dnnl::impl::cpu::x64::brdgmm_dw_convolution_fwd_t::pd_t,375100,887299,586216.6666666666,7034600,12
FACTORY_DNNL,CREATE$CPUEngine$struct dnnl::impl::cpu::x64::brgemm_1x1_convolution_fwd_t<560>::pd_t,73999,539300,167113.77777777778,6016096,36
FACTORY_DNNL,"CREATE$CPUEngine$struct dnnl::impl::cpu::x64::jit_uni_dw_convolution_fwd_t<560,3,3>::pd_t",83501,173200,128350.5,256701,2
FACTORY_DNNL,"CREATE$CPUEngine$struct dnnl::impl::cpu::x64::jit_uni_pooling_fwd_t<560,3>::pd_t",70700,199700,120433.66666666667,361301,3
ov__intel_cpu,Graph::ResolveInplaceDirections,731400,731400,731400.0,731400,1
ov__intel_cpu,Graph::InitOptimalPrimitiveDescriptors,1551900,1551900,1551900.0,1551900,1
ov__intel_cpu,Plugin::compile_model,1330809300,1330809300,1330809300.0,1330809300,1
ov__intel_cpu,init_tensor,4300,48001,11036.272727272728,121399,11
ov__intel_cpu,set_tensor,3500,50000,10998.572093023256,2364693,215
dnnl__primitive__execute,reorder,99,7078400,809.2795092687695,766647474,947321
dnnl__primitive__execute,convolution,99,1489400,2836.5875487805606,3797192249,1338648
dnnl__primitive__execute,softmax,99,169100,471.02183035002923,17735856,37654
ov__op__cpu__details,Convert_26599,5100,1495799,72624.85434969854,843174559,11610
ov__op__cpu__exec,Subgraph::execute,5599,2664200,33713.78385772914,73934328,2193
ov__op__cpu__exec,Interpolate::execute,16900,1086500,121226.90697674418,36489299,301
ov__op__cpu__exec,Reduce::execute,21201,545499,64123.41437632135,30330375,473
ov__op__cpu__exec,Node::execute,16899,859100,58154.594797004334,147538207,2537
ov__op__cpu__exec,Convolution::execute,15400,1496500,126367.65499316006,461873779,3655
ov__op__cpu__exec,Math::execute,6800,473901,32400.330564784053,39009998,1204
ov__op__cpu__exec,Split::execute,10300,666800,50428.459948320415,19515814,387
ov__op__cpu__exec,Concatenation::execute,9900,701999,53374.15731874145,39016509,731
ov__op__cpu__exec,Pooling::execute,14300,176100,35616.25581395349,4594497,129
ov__phases__cpu__inference,SyncInferenceCPU::infer::Model5,17138500,28602600,19984848.69767442,859348494,43
